protein	id	evalue	score
GCA_003462485___contig_1_fragment_3_214	PF02901.15	9.599999999999995e-195	644.8
MP_QEQMy132961___contig_1_fragment_14_1416	PF13597.6	6.499999999999999e-182	602.0
MP_BCQMy206___contig_1_fragment_4_356	PF13597.6	6.499999999999999e-182	602.0
GCA_001047595___contig_7_fragment_1_58	PF13597.6	6.499999999999999e-182	602.0
GCA_025728615___contig_1_fragment_2_29	PF13597.6	6.499999999999999e-182	602.0
GCA_001047455___contig_3_fragment_3_346	PF13597.6	6.499999999999999e-182	602.0
MP_ONT81___contig_3_5	PF07564.11	5.9999999999999974e-173	557.3
MP_QEQMy132961___contig_1_fragment_4_445	PF00476.20	7.599999999999998e-157	518.0
GCA_025728675___contig_49_fragment_2_80	PF05833.11	1.8999999999999996e-150	497.4
GCA_014202715___contig_6_fragment_1_85	PF05833.11	1.8999999999999996e-150	497.4
MP_BCQMy206___contig_1_fragment_8_928	PF05833.11	1.8999999999999996e-150	497.4
GCA_003462485___contig_1_fragment_3_213	PF00521.20	4.699999999999999e-150	496.0
MP_QEQMy132961___contig_1_fragment_9_813	PF05833.11	4.699999999999998e-149	492.8
MP_BCQMy206___contig_1_fragment_15_1531	PF02867.15	1.0999999999999999e-139	462.1
GCA_025728695___contig_67_fragment_1_16	PF02867.15	1.0999999999999999e-139	462.1
GCA_025728595___contig_13_fragment_1_179	PF02867.15	1.0999999999999999e-139	462.1
MP_BCQMy206___contig_1_fragment_14_1470	PF10926.8	3.999999999999999e-135	446.6
MP_QEQMy132961___contig_1_fragment_11_1039	PF06418.14	2.3999999999999992e-132	436.0
GCA_001047595___contig_7_fragment_4_431	PF06418.14	2.3999999999999992e-132	436.0
GCA_001047455___contig_3_fragment_5_723	PF06418.14	2.3999999999999992e-132	436.0
MP_BCQMy206___contig_1_fragment_2_75	PF02595.15	3.399999999999999e-127	420.3
MP_BCQMy223___contig_2_fragment_2_99	PF17389.2	3.799999999999999e-125	413.5
GCA_001047555___contig_1_fragment_3_102	PF17389.2	9.199999999999999e-125	412.2
GCA_000270185___contig_2_fragment_2_62	PF17389.2	3.6999999999999995e-124	410.2
GCA_003462485___contig_1_fragment_3_224	PF06166.12	9.299999999999998e-122	401.9
MP_QEQMy132961___contig_1_fragment_15_1640	PF10022.9	4.9999999999999994e-120	396.6
GCA_001047595___contig_7_fragment_2_107	PF03668.15	7.599999999999999e-113	372.3
GCA_001047595___contig_7_fragment_2_108	PF01933.18	1.5999999999999996e-99	328.7
MP_QEQMy132961___contig_1_fragment_2_86	PF02595.15	7.199999999999999e-98	323.8
GCA_001047525___contig_3_fragment_2_115	PF02595.15	7.199999999999999e-98	323.8
GCA_025728595___contig_11_17	PF05133.14	1.7e-94	313.1
MP_BCQMy206___contig_1_fragment_14_1451	PF05133.14	9.999999999999998e-91	300.7
GCA_025728695___contig_67_fragment_1_17	PF00268.21	7.999999999999998e-90	296.9
MP_BCQMy206___contig_1_fragment_15_1532	PF00268.21	7.999999999999998e-90	296.9
GCA_025728595___contig_13_fragment_1_178	PF00268.21	7.999999999999998e-90	296.9
MP_QEQMy132961___contig_1_fragment_6_537	PF02384.16	1.4e-89	296.3
GCA_003462485___contig_1_fragment_3_223	PF06149.12	5.2999999999999994e-89	293.2
GCA_001047595___contig_7_fragment_2_111	PF00574.23	8.199999999999998e-88	288.9
GCA_025728615___contig_1_fragment_4_284	PF09989.9	8.499999999999997e-88	289.4
MP_BCQMy206___contig_1_fragment_5_470	PF12684.7	3.5999999999999996e-79	261.7
GCA_003462485___contig_1_fragment_2_140	PF01458.17	4.3999999999999996e-75	247.9
MP_BCQMy206___contig_1_fragment_14_1458	PF05272.11	1.6e-74	245.8
GCA_001047595___contig_7_fragment_4_434	PF06908.11	1.4999999999999997e-71	235.7
MP_QEQMy132961___contig_1_fragment_11_1036	PF06908.11	1.7999999999999997e-71	235.4
GCA_001047455___contig_3_fragment_5_726	PF06908.11	1.7999999999999997e-71	235.4
MP_QEQMy132961___contig_1_fragment_6_530	PF01458.17	5.8999999999999984e-71	234.5
GCA_003462485___contig_1_fragment_7_550	PF09371.10	8.199999999999998e-71	233.3
MP_BCQMy206___contig_1_fragment_14_1452	PF04466.13	2.0999999999999995e-69	228.9
GCA_000270185___contig_2_fragment_2_63	PF00933.21	2.8999999999999996e-68	226.4
MP_BCQMy223___contig_2_fragment_2_98	PF00933.21	2.999999999999999e-68	226.4
GCA_001047555___contig_1_fragment_3_103	PF00933.21	2.999999999999999e-68	226.4
MP_BCQMy223___contig_2_fragment_2_101	PF04616.14	1.4999999999999996e-66	220.4
GCA_025728595___contig_11_16	PF04466.13	1.5999999999999996e-66	219.5
GCA_003462485___contig_1_fragment_2_170	PF00375.18	3.2999999999999997e-65	216.4
MP_QEQMy132961___contig_1_fragment_4_439	PF02677.14	8.9e-65	213.9
GCA_001047595___contig_7_fragment_4_433	PF03838.14	9.499999999999999e-65	213.3
GCA_001047455___contig_3_fragment_5_725	PF03838.14	9.499999999999999e-65	213.3
MP_QEQMy132961___contig_1_fragment_11_1037	PF03838.14	9.499999999999999e-65	213.3
MP_BCQMy206___contig_1_fragment_15_1527	PF02421.18	1.1999999999999998e-64	212.4
GCA_025728695___contig_67_fragment_1_12	PF02421.18	1.1999999999999998e-64	212.4
GCA_025728595___contig_13_fragment_1_183	PF02421.18	1.1999999999999998e-64	212.4
GCA_003462485___contig_1_fragment_2_171	PF01580.18	1.2999999999999998e-64	213.7
GCA_025728615___contig_1_fragment_1_2	PF05382.13	7.299999999999999e-63	206.6
MP_BCQMy206___contig_1_fragment_3_329	PF05382.13	7.299999999999999e-63	206.6
MP_BCQMy206___contig_1_fragment_12_1192	PF05382.13	9.099999999999999e-63	206.3
MP_QEQMy132961___contig_1_fragment_7_592	PF05382.13	9.099999999999999e-63	206.3
GCA_025728615___contig_1_fragment_4_286	PF13561.6	1.9e-61	203.5
GCA_003462485___contig_1_fragment_1_70	PF02588.15	2e-61	202.8
MP_BCQMy206___contig_1_fragment_14_1468	PF10991.8	2.5e-61	202.5
GCA_003462485___contig_1_fragment_5_339	PF03306.13	3.8e-61	202.1
MP_BCQMy206___contig_1_fragment_5_449	PF08282.12	1.6e-60	200.9
GCA_001047455___contig_3_fragment_5_724	PF00912.22	2.1e-60	199.0
GCA_001047595___contig_7_fragment_4_432	PF00912.22	2.1e-60	199.0
MP_QEQMy132961___contig_1_fragment_11_1038	PF00912.22	2.1e-60	199.0
MP_BCQMy206___contig_1_fragment_3_311	PF03354.15	4.5999999999999997e-60	199.3
GCA_003462485___contig_1_fragment_3_212	PF00204.25	1.1000000000000002e-59	196.7
GCA_003462485___contig_1_fragment_5_341	PF00654.20	1.7999999999999998e-57	191.0
GCA_001047595___contig_7_fragment_2_115	PF04552.13	6.899999999999999e-57	187.5
GCA_025728615___contig_1_fragment_2_23	PF13177.6	2.5e-56	185.8
MP_BCQMy206___contig_1_fragment_4_350	PF13177.6	2.5e-56	185.8
GCA_001047595___contig_7_fragment_1_52	PF13177.6	3.4e-56	185.4
GCA_001047455___contig_3_fragment_3_340	PF13177.6	3.4e-56	185.4
MP_QEQMy132961___contig_1_fragment_14_1422	PF13177.6	3.4e-56	185.4
GCA_003462485___contig_1_fragment_4_273	PF00009.27	8e-55	181.2
MP_BCQMy206___contig_1_fragment_11_1142	PF03354.15	9.7e-55	181.7
MP_QEQMy132961___contig_1_fragment_14_1424	PF02223.17	6.2e-54	178.3
GCA_001047455___contig_3_fragment_3_338	PF02223.17	6.2e-54	178.3
GCA_025728615___contig_1_fragment_2_21	PF02223.17	6.2e-54	178.3
GCA_001047595___contig_7_fragment_1_50	PF02223.17	6.2e-54	178.3
MP_BCQMy206___contig_1_fragment_4_348	PF02223.17	6.2e-54	178.3
MP_BCQMy206___contig_1_fragment_2_78	PF13731.6	1.4000000000000002e-53	177.9
GCA_001047525___contig_3_fragment_2_119	PF13731.6	1.7e-53	177.6
MP_QEQMy132961___contig_1_fragment_2_90	PF13731.6	1.7e-53	177.6
GCA_003462485___contig_1_fragment_5_334	PF11907.8	7.9e-53	175.4
MP_BCQMy206___contig_1_fragment_3_313	PF04586.17	8.899999999999998e-53	174.7
GCA_003966875___contig_3_5	PF07564.11	1.1000000000000002e-51	168.8
MP_QEQMy132961___contig_1_fragment_14_1418	PF00817.20	3.5e-51	169.0
GCA_001047455___contig_3_fragment_3_344	PF00817.20	3.5e-51	169.0
GCA_001047595___contig_7_fragment_1_56	PF00817.20	3.5e-51	169.0
GCA_025728615___contig_1_fragment_2_27	PF00817.20	3.5e-51	169.0
MP_BCQMy206___contig_1_fragment_4_354	PF00817.20	3.5e-51	169.0
MP_BCQMy206___contig_1_fragment_5_482	PF03354.15	3.9999999999999994e-51	169.8
GCA_025728615___contig_1_fragment_2_28	PF13353.6	7.999999999999999e-51	167.8
MP_BCQMy206___contig_1_fragment_4_355	PF13353.6	7.999999999999999e-51	167.8
MP_QEQMy132961___contig_1_fragment_3_346	PF00544.19	2.0999999999999998e-50	167.1
GCA_001047595___contig_7_fragment_1_57	PF13353.6	2.6e-50	166.2
GCA_001047455___contig_3_fragment_3_345	PF13353.6	2.6e-50	166.2
MP_QEQMy132961___contig_1_fragment_14_1417	PF13353.6	2.6e-50	166.2
MP_QEQMy132961___contig_1_fragment_3_340	PF13561.6	8.699999999999999e-50	165.3
MP_BCQMy206___contig_1_fragment_11_1120	PF16775.5	1.2e-49	162.7
MP_BCQMy206___contig_1_fragment_11_1140	PF04586.17	1.9e-49	163.8
GCA_014202715___contig_6_fragment_1_87	PF07314.11	3.499999999999999e-49	163.1
GCA_025728675___contig_49_fragment_2_81	PF07314.11	3.6e-49	163.1
MP_QEQMy132961___contig_1_fragment_9_811	PF07314.11	3.8e-49	163.0
MP_BCQMy206___contig_1_fragment_8_929	PF07314.11	3.899999999999999e-49	163.0
MP_BCQMy206___contig_1_fragment_2_76	PF11797.8	1.8e-48	159.9
MP_QEQMy132961___contig_1_fragment_10_931	PF04586.17	3.7e-48	159.6
MP_QEQMy132961___contig_1_fragment_5_459	PF13604.6	5.3999999999999996e-48	159.1
GCA_025728675___contig_22_fragment_2_138	PF13604.6	5.3999999999999996e-48	159.1
MP_BCQMy206___contig_1_fragment_14_1439	PF10145.9	5.799999999999999e-48	159.2
MP_QEQMy132961___contig_1_fragment_10_953	PF16775.5	6e-48	157.3
MP_BCQMy206___contig_1_fragment_5_504	PF16775.5	6.1e-48	157.3
MP_QEQMy132961___contig_1_fragment_2_88	PF11797.8	6.4e-48	158.1
GCA_001047525___contig_3_fragment_2_117	PF11797.8	6.4e-48	158.1
MP_BCQMy206___contig_1_fragment_2_79	PF13731.6	8e-48	159.1
MP_QEQMy132961___contig_1_fragment_4_442	PF00122.20	8.1e-48	158.2
GCA_003462485___contig_1_fragment_2_175	PF11797.8	1.6e-47	156.9
GCA_025728695___contig_67_fragment_1_18	PF03816.14	1.9999999999999997e-47	157.0
GCA_025728595___contig_13_fragment_1_177	PF03816.14	1.9999999999999997e-47	157.0
MP_BCQMy206___contig_1_fragment_15_1533	PF03816.14	1.9999999999999997e-47	157.0
GCA_001047525___contig_3_fragment_2_120	PF13731.6	2.1999999999999997e-47	157.7
MP_QEQMy132961___contig_1_fragment_2_91	PF13731.6	2.1999999999999997e-47	157.7
GCA_003462485___contig_1_fragment_5_342	PF15983.5	3.3999999999999997e-47	156.1
GCA_025728675___contig_22_fragment_1_5	PF16775.5	3.8e-47	154.7
MP_QEQMy132961___contig_1_fragment_6_534	PF18766.1	1.8e-46	154.4
GCA_003966875___contig_3_6	PF07564.11	2e-46	151.9
GCA_003462485___contig_1_fragment_2_166	PF10117.9	2.3999999999999997e-46	154.2
MP_QEQMy132961___contig_1_fragment_10_911	PF05565.11	2.5e-46	153.5
MP_BCQMy206___contig_1_fragment_11_1141	PF04860.12	4.6e-46	153.3
MP_QEQMy132961___contig_1_fragment_10_930	PF04860.12	4.9e-46	153.2
MP_BCQMy206___contig_1_fragment_5_483	PF04860.12	7.499999999999999e-46	152.6
MP_BCQMy206___contig_1_fragment_5_495	PF06605.11	1.4e-45	151.7
GCA_000270185___contig_2_fragment_2_51	PF05866.11	5e-45	148.9
MP_BCQMy223___contig_2_fragment_2_107	PF05866.11	7.299999999999999e-45	148.4
MP_QEQMy132961___contig_1_fragment_11_1040	PF07553.11	8.399999999999999e-45	146.7
GCA_001047455___contig_3_fragment_5_722	PF07553.11	8.399999999999999e-45	146.7
GCA_001047595___contig_7_fragment_4_430	PF07553.11	8.399999999999999e-45	146.7
GCA_003462485___contig_1_fragment_2_164	PF00501.28	1.6999999999999998e-44	147.9
GCA_001047555___contig_1_fragment_3_91	PF05866.11	1.8000000000000002e-44	147.1
MP_BCQMy206___contig_1_fragment_5_452	PF07553.11	3.6000000000000004e-44	144.7
GCA_025728695___contig_77_fragment_1_20	PF16173.5	4e-44	146.0
MP_BCQMy206___contig_1_fragment_1_63	PF16173.5	4e-44	146.0
MP_ONT81___contig_3_1	PF02486.19	1.4999999999999998e-43	144.7
GCA_003966875___contig_3_1	PF02486.19	1.4999999999999998e-43	144.8
GCA_025728615___contig_1_fragment_4_290	PF00239.21	1.6e-43	144.2
MP_QEQMy132961___contig_1_fragment_14_1423	PF06153.11	2.2e-43	142.8
MP_BCQMy206___contig_1_fragment_4_349	PF06153.11	2.2e-43	142.8
GCA_025728615___contig_1_fragment_2_22	PF06153.11	2.2e-43	142.8
GCA_001047595___contig_7_fragment_1_51	PF06153.11	2.2e-43	142.8
GCA_001047455___contig_3_fragment_3_339	PF06153.11	2.2e-43	142.8
GCA_025728675___contig_21_2	PF06605.11	2.2e-43	144.5
MP_BCQMy206___contig_1_fragment_11_1129	PF06605.11	2.2e-43	144.5
MP_QEQMy132961___contig_1_fragment_10_944	PF06605.11	2.2e-43	144.5
MP_QEQMy132961___contig_1_fragment_4_436	PF00689.21	4.4999999999999995e-43	142.9
GCA_000270185___contig_2_fragment_2_58	PF04616.14	7.9e-43	142.6
MP_BCQMy206___contig_1_fragment_11_1154	PF05565.11	1.1999999999999999e-42	141.6
GCA_001047555___contig_1_fragment_3_98	PF04616.14	2.3e-42	141.1
GCA_003462485___contig_1_fragment_2_173	PF13731.6	3.2e-42	140.8
GCA_003462485___contig_1_fragment_7_548	PF06619.11	5.4000000000000006e-42	138.9
GCA_025728675___contig_22_fragment_2_137	PF00300.22	1.1999999999999999e-41	138.4
GCA_003462485___contig_1_fragment_7_543	PF11728.8	1.4e-41	138.1
MP_BCQMy206___contig_1_fragment_14_1430	PF01183.20	1.7999999999999998e-41	138.1
MP_QEQMy132961___contig_1_fragment_5_458	PF00300.22	2.9e-41	137.2
GCA_003462485___contig_1_fragment_3_211	PF07690.16	3.6999999999999997e-41	137.0
MP_ONT81___contig_3_7	PF00239.21	2e-40	134.2
GCA_003966875___contig_3_9	PF00239.21	2e-40	134.2
MP_BCQMy206___contig_1_fragment_3_301	PF13479.6	2.2e-40	134.4
MP_BCQMy206___contig_1_fragment_3_314	PF05065.13	2.2e-40	134.6
GCA_003462485___contig_1_fragment_2_178	PF06030.12	2.2999999999999996e-40	133.3
MP_ONT81___contig_3_13	PF13614.6	5.7e-40	132.9
GCA_003966875___contig_3_15	PF13614.6	5.7e-40	132.9
GCA_003462485___contig_1_fragment_7_545	PF02557.17	6.7e-40	131.8
GCA_003462485___contig_1_fragment_4_272	PF13527.7	1e-39	131.4
GCA_025728615___contig_1_fragment_4_285	PF07702.13	1.6999999999999996e-39	130.8
MP_BCQMy206___contig_1_fragment_5_469	PF03837.14	2.2999999999999998e-39	130.8
GCA_001047595___contig_7_fragment_2_109	PF14527.6	2.8999999999999996e-39	128.9
MP_BCQMy206___contig_1_fragment_12_1214	PF01042.21	4.2e-39	129.2
GCA_025728675___contig_22_fragment_4_223	PF01042.21	4.2e-39	129.2
MP_QEQMy132961___contig_1_fragment_4_437	PF01595.20	5.9e-39	129.4
MP_QEQMy132961___contig_1_fragment_7_567	PF01042.21	7.2e-39	128.4
GCA_025728675___contig_22_fragment_4_236	PF12363.8	8.6e-39	128.3
MP_BCQMy206___contig_1_fragment_12_1203	PF12363.8	8.6e-39	128.3
MP_QEQMy132961___contig_1_fragment_7_579	PF12363.8	8.6e-39	128.3
GCA_025728675___contig_22_fragment_2_134	PF13641.6	1e-38	129.3
MP_QEQMy132961___contig_1_fragment_10_929	PF03354.15	1.9e-38	128.0
GCA_025728675___contig_22_fragment_4_241	PF10651.9	7.2e-38	125.5
MP_BCQMy206___contig_1_fragment_12_1198	PF10651.9	7.2e-38	125.5
MP_QEQMy132961___contig_1_fragment_5_455	PF13641.6	9.5e-38	126.2
GCA_025728695___contig_67_fragment_1_15	PF07972.11	1.1e-37	124.7
GCA_014202715___contig_6_fragment_1_89	PF06265.11	1.1e-37	123.8
MP_QEQMy132961___contig_1_fragment_9_809	PF06265.11	1.1e-37	123.8
MP_BCQMy206___contig_1_fragment_15_1530	PF07972.11	1.1e-37	124.7
GCA_025728675___contig_49_fragment_2_83	PF06265.11	1.1e-37	123.8
MP_QEQMy132961___contig_1_fragment_10_913	PF16784.5	1.1e-37	125.4
GCA_025728595___contig_13_fragment_1_180	PF07972.11	1.1e-37	124.7
MP_BCQMy206___contig_1_fragment_8_931	PF06265.11	1.1e-37	123.8
GCA_003462485___contig_1_fragment_1_72	PF01743.20	1.4999999999999998e-37	124.8
GCA_003462485___contig_1_fragment_1_66	PF00216.21	3.3999999999999998e-37	122.5
MP_QEQMy132961___contig_1_fragment_7_585	PF10651.9	7.2e-37	122.2
MP_BCQMy206___contig_1_fragment_11_1171	PF03374.14	7.9e-37	121.8
MP_BCQMy206___contig_1_fragment_5_484	PF04586.17	1e-36	122.4
GCA_025728595___contig_11_27	PF12363.8	1.1e-36	121.5
MP_BCQMy206___contig_1_fragment_11_1149	PF00436.25	1.3999999999999999e-36	120.5
MP_BCQMy206___contig_1_fragment_5_458	PF03374.14	3.1e-36	119.9
MP_BCQMy206___contig_1_fragment_14_1453	PF03592.16	3.3e-36	120.7
MP_BCQMy206___contig_1_fragment_11_1152	PF16784.5	3.3e-36	120.6
MP_BCQMy206___contig_1_fragment_5_455	PF03374.14	5.099999999999999e-36	119.2
MP_BCQMy206___contig_1_fragment_5_462	PF03374.14	5.3e-36	119.1
MP_QEQMy132961___contig_1_fragment_10_916	PF00436.25	6.2e-36	118.5
MP_BCQMy206___contig_1_fragment_5_474	PF00436.25	1e-35	117.8
MP_QEQMy132961___contig_1_fragment_10_917	PF05866.11	1.2999999999999998e-35	118.6
MP_BCQMy206___contig_1_fragment_5_471	PF16784.5	1.5e-35	118.5
GCA_025728675___contig_21_5	PF10651.9	1.7999999999999998e-35	117.7
MP_QEQMy132961___contig_1_fragment_10_947	PF10651.9	2.5e-35	117.2
MP_BCQMy206___contig_1_fragment_11_1126	PF10651.9	2.5e-35	117.2
GCA_025728595___contig_11_20	PF05065.13	3.9e-35	117.3
MP_BCQMy206___contig_1_fragment_5_498	PF10651.9	6.1e-35	116.0
MP_BCQMy206___contig_1_fragment_3_324	PF10651.9	6.6e-35	115.9
MP_QEQMy132961___contig_1_fragment_5_460	PF06177.11	1.1000000000000002e-34	115.6
GCA_003462485___contig_1_fragment_1_69	PF08864.10	1.4999999999999998e-34	114.1
GCA_025728675___contig_22_fragment_2_140	PF06177.11	1.8e-34	115.0
MP_BCQMy206___contig_1_fragment_11_1153	PF04404.12	2.5e-34	114.2
GCA_025728615___contig_1_fragment_4_288	PF01205.19	3.5000000000000003e-34	113.2
GCA_003462485___contig_1_fragment_3_215	PF04055.21	4e-34	114.3
MP_QEQMy132961___contig_1_fragment_15_1642	PF13377.6	1.3e-33	112.5
GCA_001047525___contig_3_fragment_3_425	PF13377.6	1.3e-33	112.5
GCA_001047455___contig_3_fragment_1_119	PF13377.6	1.3e-33	112.5
MP_BCQMy206___contig_1_fragment_5_472	PF09681.10	1.6e-33	111.1
MP_QEQMy132961___contig_1_fragment_10_888	PF00005.27	3.2e-33	111.0
MP_BCQMy206___contig_1_fragment_3_288	PF07553.11	4.9e-33	109.1
GCA_025728675___contig_22_fragment_4_240	PF18013.1	5.1e-33	110.0
MP_BCQMy206___contig_1_fragment_12_1199	PF18013.1	5.1e-33	110.0
GCA_014202715___contig_6_fragment_1_90	PF01035.20	6.3e-33	108.7
GCA_025728675___contig_49_fragment_2_84	PF01035.20	6.3e-33	108.7
MP_BCQMy206___contig_1_fragment_8_932	PF01035.20	6.3e-33	108.7
MP_QEQMy132961___contig_1_fragment_9_808	PF01035.20	6.3e-33	108.7
MP_QEQMy132961___contig_1_fragment_14_1420	PF06156.13	8.699999999999999e-33	108.9
GCA_001047455___contig_3_fragment_3_342	PF06156.13	8.699999999999999e-33	108.9
GCA_001047595___contig_7_fragment_1_54	PF06156.13	8.699999999999999e-33	108.9
GCA_025728615___contig_1_fragment_2_25	PF06156.13	8.699999999999999e-33	108.9
MP_BCQMy206___contig_1_fragment_4_352	PF06156.13	8.699999999999999e-33	108.9
MP_BCQMy206___contig_1_fragment_3_323	PF18013.1	9.999999999999999e-33	109.0
GCA_025728595___contig_11_21	PF02368.18	1.1999999999999999e-32	107.6
MP_BCQMy206___contig_1_fragment_12_1215	PF00005.27	1.3e-32	109.0
MP_QEQMy132961___contig_1_fragment_10_912	PF04404.12	1.3e-32	108.7
GCA_025728675___contig_22_fragment_4_222	PF00005.27	1.3e-32	109.0
MP_BCQMy206___contig_1_fragment_2_82	PF00005.27	1.6e-32	108.8
MP_QEQMy132961___contig_1_fragment_7_566	PF00005.27	1.8e-32	108.6
GCA_001047525___contig_3_fragment_2_126	PF00005.27	1.8999999999999998e-32	108.5
MP_QEQMy132961___contig_1_fragment_2_97	PF00005.27	1.8999999999999998e-32	108.5
GCA_025728615___contig_1_fragment_2_24	PF04468.12	6.2e-32	105.7
MP_BCQMy206___contig_1_fragment_4_351	PF04468.12	6.2e-32	105.7
GCA_001047455___contig_3_fragment_3_341	PF04468.12	6.3e-32	105.6
GCA_001047595___contig_7_fragment_1_53	PF04468.12	6.3e-32	105.6
MP_QEQMy132961___contig_1_fragment_14_1421	PF04468.12	6.3e-32	105.6
MP_QEQMy132961___contig_1_fragment_10_889	PF00589.22	7e-32	106.4
MP_QEQMy132961___contig_1_fragment_3_342	PF03013.14	7.2e-32	106.0
GCA_025728675___contig_22_fragment_1_4	PF16938.5	1.1e-31	104.7
MP_BCQMy206___contig_1_fragment_5_450	PF00589.22	1.4e-31	105.5
MP_BCQMy206___contig_1_fragment_14_1481	PF00589.22	1.5e-31	105.3
MP_BCQMy206___contig_1_fragment_12_1193	PF16938.5	1.7999999999999998e-31	104.1
MP_QEQMy132961___contig_1_fragment_7_591	PF16938.5	1.7999999999999998e-31	104.1
MP_QEQMy132961___contig_1_fragment_10_898	PF02498.17	2.1e-31	104.4
GCA_003462485___contig_1_fragment_5_340	PF00210.24	2.2e-31	104.6
MP_BCQMy206___contig_1_fragment_3_287	PF00589.22	2.3e-31	104.7
GCA_003462485___contig_1_fragment_2_141	PF00589.22	2.6e-31	104.6
MP_BCQMy206___contig_1_fragment_3_328	PF16938.5	3.5e-31	103.1
MP_QEQMy132961___contig_1_fragment_10_943	PF05709.11	3.7e-31	104.3
MP_BCQMy206___contig_1_fragment_11_1130	PF05709.11	3.7e-31	104.3
MP_BCQMy206___contig_1_fragment_5_503	PF16938.5	5.1e-31	102.6
MP_BCQMy206___contig_1_fragment_2_80	PF18483.1	5.399999999999999e-31	104.0
GCA_003462485___contig_1_fragment_2_174	PF13731.6	7.999999999999999e-31	103.6
MP_BCQMy206___contig_1_fragment_11_1121	PF16938.5	9.799999999999999e-31	101.7
MP_QEQMy132961___contig_1_fragment_10_952	PF16938.5	9.799999999999999e-31	101.7
GCA_003462485___contig_1_fragment_4_269	PF05738.13	1.1000000000000001e-30	101.9
MP_BCQMy206___contig_1_fragment_11_1115	PF00589.22	2.2000000000000002e-30	101.5
GCA_003462485___contig_1_fragment_3_210	PF07099.11	2.7000000000000006e-30	101.4
GCA_003462485___contig_1_fragment_3_218	PF01368.20	8.299999999999999e-30	98.9
GCA_025728675___contig_22_fragment_2_135	PF03170.13	1.1e-29	99.1
MP_BCQMy206___contig_1_fragment_5_494	PF05709.11	1.3e-29	99.3
GCA_025728695___contig_67_fragment_1_13	PF04023.14	1.7000000000000001e-29	97.8
MP_BCQMy206___contig_1_fragment_15_1528	PF04023.14	1.7000000000000001e-29	97.8
GCA_025728595___contig_13_fragment_1_182	PF04023.14	1.7000000000000001e-29	97.8
MP_BCQMy206___contig_1_fragment_3_312	PF04860.12	1.9e-29	98.7
GCA_025728595___contig_11_8	PF07083.11	2.2e-29	98.6
MP_QEQMy132961___contig_1_fragment_5_456	PF03170.13	2.7e-29	97.8
MP_QEQMy132961___contig_1_fragment_6_529	PF01592.16	4.9000000000000004e-29	97.0
MP_QEQMy132961___contig_1_fragment_10_893	PF09669.10	4.9000000000000004e-29	96.6
GCA_025728675___contig_49_fragment_2_78	PF00486.28	8.8e-29	95.3
GCA_014202715___contig_6_fragment_1_83	PF00486.28	8.8e-29	95.3
MP_QEQMy132961___contig_1_fragment_9_815	PF00486.28	8.899999999999999e-29	95.3
MP_BCQMy206___contig_1_fragment_8_926	PF00486.28	8.899999999999999e-29	95.3
GCA_001047595___contig_7_fragment_2_110	PF13462.6	9.5e-29	96.5
GCA_014202715___contig_6_fragment_1_82	PF02518.26	1.8000000000000002e-28	95.2
GCA_025728675___contig_49_fragment_2_77	PF02518.26	1.8000000000000002e-28	95.2
MP_BCQMy206___contig_1_fragment_8_925	PF02518.26	1.8000000000000002e-28	95.2
MP_QEQMy132961___contig_1_fragment_9_816	PF02518.26	1.8000000000000002e-28	95.2
GCA_003462485___contig_1_fragment_1_68	PF14559.6	3.6000000000000003e-28	93.8
GCA_001047595___contig_7_fragment_1_55	PF00590.20	5.6e-28	94.2
GCA_001047455___contig_3_fragment_3_343	PF00590.20	5.6e-28	94.2
MP_QEQMy132961___contig_1_fragment_14_1419	PF00590.20	5.6e-28	94.2
MP_BCQMy206___contig_1_fragment_4_353	PF00590.20	5.6e-28	94.2
GCA_025728615___contig_1_fragment_2_26	PF00590.20	5.6e-28	94.2
GCA_003462485___contig_1_fragment_2_139	PF01592.16	1.2999999999999999e-27	92.4
GCA_025728615___contig_1_fragment_1_8	PF01812.20	1.7e-27	92.3
GCA_003462485___contig_1_fragment_7_546	PF01832.20	6.4e-27	89.8
GCA_003966875___contig_3_12	PF03318.13	6.8e-27	90.5
MP_ONT81___contig_3_10	PF03318.13	6.8e-27	90.5
GCA_025728615___contig_1_fragment_4_287	PF11195.8	7.000000000000001e-26	86.2
MP_BCQMy206___contig_1_fragment_4_347	PF13662.6	2.1999999999999997e-25	84.8
GCA_025728615___contig_1_fragment_2_20	PF13662.6	2.1999999999999997e-25	84.8
GCA_025728675___contig_49_fragment_2_82	PF13344.6	3.8000000000000003e-25	83.8
MP_BCQMy206___contig_1_fragment_8_930	PF13344.6	3.8000000000000003e-25	83.8
GCA_014202715___contig_6_fragment_1_88	PF13344.6	4e-25	83.8
MP_QEQMy132961___contig_1_fragment_9_810	PF13344.6	4e-25	83.8
MP_BCQMy206___contig_1_fragment_5_485	PF05065.13	9.6e-25	83.3
GCA_000270185___contig_2_fragment_2_60	PF13419.6	1.2e-24	83.3
GCA_001047555___contig_1_fragment_3_100	PF13419.6	1.2e-24	83.3
MP_BCQMy223___contig_2_fragment_2_100	PF13419.6	1.2e-24	83.3
GCA_001047595___contig_7_fragment_1_49	PF13662.6	1.3e-24	82.4
GCA_001047455___contig_3_fragment_3_337	PF13662.6	1.3e-24	82.4
MP_BCQMy206___contig_1_fragment_14_1431	PF04531.13	1.7e-24	82.0
MP_QEQMy132961___contig_1_fragment_10_932	PF05065.13	2.2e-24	82.1
MP_QEQMy132961___contig_1_fragment_10_914	PF09681.10	2.5e-24	81.4
GCA_025728615___contig_1_fragment_1_1	PF16938.5	9.199999999999999e-24	79.4
MP_QEQMy132961___contig_1_fragment_2_93	PF18483.1	1.4000000000000002e-23	79.8
GCA_001047525___contig_3_fragment_2_122	PF18483.1	1.4000000000000002e-23	79.8
MP_BCQMy206___contig_1_fragment_5_490	PF04630.12	1.6999999999999997e-23	78.8
GCA_003462485___contig_1_fragment_1_76	PF05738.13	1.8e-23	78.8
MP_BCQMy206___contig_1_fragment_11_1139	PF05065.13	2.6e-23	78.5
MP_BCQMy206___contig_1_fragment_14_1456	PF00176.23	4.0999999999999997e-23	77.5
GCA_025728595___contig_11_19	PF14265.6	5.700000000000001e-23	77.4
MP_BCQMy206___contig_1_fragment_14_1437	PF06605.11	5.799999999999999e-23	77.4
MP_BCQMy206___contig_1_fragment_14_1465	PF00476.20	2.8999999999999997e-22	75.1
GCA_025728615___contig_1_fragment_4_295	PF02498.17	3.2e-22	75.0
GCA_003462485___contig_1_fragment_2_163	PF13250.6	3.7000000000000005e-22	73.9
GCA_001047595___contig_7_fragment_2_113	PF02627.20	4.299999999999999e-22	73.9
MP_BCQMy206___contig_1_fragment_11_1134	PF04630.12	7.6e-22	73.5
MP_BCQMy206___contig_1_fragment_5_502	PF10779.9	2.8999999999999996e-21	71.4
GCA_001047595___contig_7_fragment_2_116	PF01757.22	5.799999999999999e-21	70.7
MP_BCQMy206___contig_1_fragment_3_327	PF10779.9	6.999999999999999e-21	70.1
MP_BCQMy206___contig_1_fragment_11_1146	PF06114.13	7.1e-21	70.3
MP_BCQMy206___contig_1_fragment_5_481	PF05119.12	9.5e-21	70.0
GCA_025728675___contig_22_fragment_4_235	PF06199.11	1.1000000000000001e-20	70.0
MP_BCQMy206___contig_1_fragment_12_1204	PF06199.11	1.1000000000000001e-20	70.0
GCA_001047555___contig_1_fragment_3_105	PF12833.7	1.2e-20	69.4
MP_QEQMy132961___contig_1_fragment_10_937	PF04630.12	1.3000000000000001e-20	69.5
MP_BCQMy206___contig_1_fragment_14_1433	PF09693.10	1.7e-20	68.7
GCA_025728675___contig_22_fragment_1_3	PF10779.9	1.8000000000000002e-20	68.8
MP_BCQMy206___contig_1_fragment_11_1143	PF05119.12	1.9e-20	69.0
GCA_025728595___contig_11_26	PF06199.11	2.2000000000000002e-20	69.0
MP_QEQMy132961___contig_1_fragment_7_578	PF06199.11	2.3e-20	69.0
MP_QEQMy132961___contig_1_fragment_7_582	PF05709.11	2.4e-20	68.9
GCA_003966875___contig_3_8	PF16935.5	3.7e-20	67.6
MP_QEQMy132961___contig_1_fragment_11_1035	PF05103.13	4.2000000000000004e-20	68.1
GCA_001047555___contig_1_fragment_3_107	PF03551.14	4.8999999999999996e-20	67.2
MP_BCQMy223___contig_2_fragment_2_95	PF03551.14	4.8999999999999996e-20	67.2
GCA_000270185___contig_2_fragment_2_66	PF03551.14	4.8999999999999996e-20	67.2
GCA_003462485___contig_1_fragment_1_71	PF03819.17	6.1e-20	67.1
MP_BCQMy206___contig_1_fragment_14_1436	PF18667.1	6.3e-20	67.1
GCA_003462485___contig_1_fragment_4_264	PF02452.17	6.499999999999999e-20	67.5
MP_QEQMy132961___contig_1_fragment_10_927	PF05119.12	8.000000000000001e-20	67.0
GCA_000270185___contig_2_fragment_2_64	PF12833.7	1.1000000000000002e-19	66.3
MP_BCQMy223___contig_2_fragment_2_97	PF12833.7	1.1000000000000002e-19	66.3
MP_BCQMy206___contig_1_fragment_12_1200	PF05709.11	1.2999999999999998e-19	66.5
GCA_025728675___contig_22_fragment_4_239	PF05709.11	1.2999999999999998e-19	66.5
GCA_025728595___contig_11_30	PF05709.11	1.6000000000000002e-19	66.2
MP_BCQMy206___contig_1_fragment_14_1443	PF06199.11	2.8e-19	65.5
GCA_025728675___contig_22_fragment_1_10	PF14683.6	3.3999999999999997e-19	65.2
MP_QEQMy132961___contig_1_fragment_7_583	PF18013.1	3.8e-19	65.0
MP_BCQMy206___contig_1_fragment_5_501	PF09693.10	4.6e-19	64.1
GCA_025728595___contig_11_15	PF03592.16	5.4e-19	64.9
GCA_025728675___contig_22_fragment_1_2	PF09693.10	5.7000000000000005e-19	63.8
MP_QEQMy132961___contig_1_fragment_3_343	PF01432.20	6.1e-19	64.4
GCA_001047555___contig_1_fragment_3_99	PF04616.14	6.5e-19	64.2
GCA_000270185___contig_2_fragment_2_59	PF04616.14	6.5e-19	64.2
MP_QEQMy132961___contig_1_fragment_6_539	PF01420.19	7.9e-19	64.4
GCA_003462485___contig_1_fragment_5_336	PF08349.11	1.1000000000000001e-18	63.6
GCA_025728675___contig_21_1	PF05709.11	3.9e-18	61.6
MP_BCQMy206___contig_1_fragment_3_321	PF10145.9	1.9e-17	59.7
MP_QEQMy132961___contig_1_fragment_10_950	PF09693.10	2.2e-17	58.7
MP_BCQMy206___contig_1_fragment_11_1123	PF09693.10	2.2e-17	58.7
GCA_003462485___contig_1_fragment_4_274	PF12676.7	2.6e-17	59.2
GCA_025728595___contig_11_18	PF04233.14	3.4999999999999996e-17	59.0
GCA_003462485___contig_1_fragment_3_219	PF08820.10	6.6e-17	57.2
MP_ONT81___contig_3_12	PF17363.2	7.3e-17	57.3
GCA_001047525___contig_3_fragment_2_116	PF02595.15	7.5e-17	57.2
MP_QEQMy132961___contig_1_fragment_2_87	PF02595.15	7.5e-17	57.2
GCA_003966875___contig_3_14	PF17363.2	7.700000000000001e-17	57.2
MP_QEQMy132961___contig_1_fragment_3_347	PF04892.12	7.9e-17	58.0
GCA_003462485___contig_1_fragment_4_275	PF01381.22	2e-16	55.7
MP_QEQMy132961___contig_1_fragment_4_443	PF05043.13	2.4e-16	56.0
GCA_003462485___contig_1_fragment_4_271	PF05656.14	2.7e-16	55.8
GCA_025728695___contig_77_fragment_1_17	PF01381.22	2.9e-16	55.2
MP_BCQMy206___contig_1_fragment_1_60	PF01381.22	2.9e-16	55.2
GCA_003462485___contig_1_fragment_2_165	PF07728.14	6.6e-16	54.4
GCA_025728615___contig_1_fragment_4_283	PF00440.23	1.2e-15	53.0
GCA_000270185___contig_2_fragment_2_67	PF08006.11	1.3e-15	53.3
GCA_001047555___contig_1_fragment_3_108	PF08006.11	1.3e-15	53.3
MP_BCQMy206___contig_1_fragment_15_1529	PF00462.24	1.4e-15	53.1
GCA_025728595___contig_13_fragment_1_181	PF00462.24	1.4e-15	53.1
MP_BCQMy206___contig_1_fragment_12_1208	PF13229.6	1.4e-15	53.4
GCA_025728675___contig_22_fragment_4_230	PF13229.6	1.4e-15	53.4
GCA_025728695___contig_67_fragment_1_14	PF00462.24	1.4e-15	53.1
MP_BCQMy206___contig_1_fragment_5_447	PF00583.25	2.1e-15	52.8
GCA_001047525___contig_3_fragment_2_123	PF07523.12	2.5e-15	52.4
MP_QEQMy132961___contig_1_fragment_2_94	PF07523.12	2.5e-15	52.4
MP_BCQMy223___contig_2_fragment_2_94	PF08006.11	3.7e-15	51.8
GCA_003462485___contig_1_fragment_2_177	PF06458.12	4.2e-15	52.4
GCA_003462485___contig_1_fragment_2_142	PF01381.22	6.999999999999999e-15	50.8
MP_BCQMy206___contig_1_fragment_3_298	PF00176.23	9.000000000000001e-15	50.0
MP_QEQMy132961___contig_1_fragment_10_957	PF10097.9	1.2e-14	49.9
MP_BCQMy206___contig_1_fragment_11_1175	PF01381.22	1.3999999999999999e-14	49.8
GCA_025728695___contig_131_3	PF14213.6	1.5e-14	49.3
GCA_025728695___contig_77_fragment_1_18	PF00132.24	1.5999999999999998e-14	48.9
MP_BCQMy206___contig_1_fragment_1_61	PF00132.24	1.5999999999999998e-14	48.9
GCA_001047525___contig_3_fragment_2_127	PF07242.11	3.3000000000000005e-14	48.9
MP_QEQMy132961___contig_1_fragment_2_98	PF07242.11	3.3000000000000005e-14	48.9
GCA_003462485___contig_1_fragment_2_168	PF13730.6	3.6000000000000004e-14	48.4
GCA_003462485___contig_1_fragment_3_216	PF03413.19	3.9e-14	48.9
GCA_025728695___contig_77_fragment_1_16	PF07853.11	6.8e-14	47.2
MP_BCQMy206___contig_1_fragment_1_59	PF07853.11	6.8e-14	47.2
MP_QEQMy132961___contig_1_fragment_10_902	PF08346.12	8.100000000000001e-14	47.9
GCA_003462485___contig_1_fragment_4_270	PF00735.18	9.099999999999999e-14	47.2
MP_QEQMy132961___contig_1_fragment_10_896	PF00717.23	1.4e-13	46.5
MP_BCQMy206___contig_1_fragment_14_1441	PF12363.8	1.7e-13	46.8
MP_BCQMy206___contig_1_fragment_11_1176	PF00717.23	1.7e-13	46.2
GCA_025728675___contig_49_fragment_2_85	PF10031.9	2.6e-13	45.7
MP_BCQMy206___contig_1_fragment_8_933	PF10031.9	2.6e-13	45.7
MP_QEQMy132961___contig_1_fragment_9_807	PF10031.9	2.6e-13	45.7
GCA_014202715___contig_6_fragment_1_91	PF10031.9	2.6e-13	45.7
GCA_025728615___contig_1_fragment_4_293	PF00717.23	3.7e-13	45.1
MP_BCQMy206___contig_1_fragment_5_453	PF12844.7	3.9e-13	45.1
MP_QEQMy132961___contig_1_fragment_7_574	PF13229.6	4.3000000000000004e-13	45.3
GCA_003462485___contig_1_fragment_3_220	PF00085.20	7.3e-13	44.3
MP_QEQMy132961___contig_1_fragment_4_440	PF01381.22	9.3e-13	44.0
GCA_003462485___contig_1_fragment_7_551	PF10263.9	1.2e-12	43.6
MP_BCQMy206___contig_1_fragment_2_83	PF07242.11	2e-12	43.1
MP_BCQMy206___contig_1_fragment_3_309	PF01844.23	2.4e-12	42.7
MP_QEQMy132961___contig_1_fragment_7_569	PF00717.23	2.5000000000000003e-12	42.5
MP_BCQMy206___contig_1_fragment_12_1212	PF00717.23	2.5000000000000003e-12	42.5
GCA_025728675___contig_22_fragment_4_225	PF00717.23	2.5000000000000003e-12	42.5
GCA_025728695___contig_67_fragment_1_9	PF13443.6	2.9e-12	42.8
MP_BCQMy206___contig_1_fragment_15_1524	PF13443.6	2.9e-12	42.8
GCA_025728595___contig_13_fragment_1_186	PF13443.6	2.9e-12	42.8
MP_BCQMy206___contig_1_fragment_5_486	PF05135.13	3.9e-12	42.5
MP_QEQMy132961___contig_1_fragment_3_348	PF01476.20	7.4e-12	41.1
MP_QEQMy132961___contig_1_fragment_6_536	PF12161.8	9.2e-12	41.6
MP_QEQMy132961___contig_1_fragment_10_890	PF01381.22	1.1e-11	40.5
MP_QEQMy132961___contig_1_fragment_10_933	PF05135.13	1.8e-11	40.3
MP_LCAL0054___contig_1_fragment_4_356	PF13597.6	6.499999999999999e-182	602.0
MP_ATCC35311___contig_1_fragment_16_1396	PF13597.6	6.499999999999999e-182	602.0
GCA_001047465___contig_9_fragment_3_344	PF13597.6	6.499999999999999e-182	602.0
GCA_000283975___contig_1_fragment_13_1292	PF13597.6	6.499999999999999e-182	602.0
MP_ONT63___contig_3_5	PF07564.11	5.9999999999999974e-173	557.3
MP_ATCC35311___contig_1_fragment_4_445	PF00476.20	7.699999999999998e-157	518.0
MP_LCAL0054___contig_1_fragment_9_980	PF05833.11	1.8999999999999996e-150	497.4
GCA_000283975___contig_1_fragment_8_755	PF05833.11	1.8999999999999996e-150	497.4
MP_ATCC35311___contig_1_fragment_11_865	PF05833.11	1.8999999999999996e-150	497.4
GCA_025728645___contig_46_fragment_1_19	PF05833.11	1.9999999999999992e-150	497.4
GCA_003462485___contig_15_fragment_1_34	PF02867.15	6.899999999999998e-145	479.4
GCA_025728635___contig_33_fragment_1_16	PF02867.15	1.1999999999999995e-139	462.1
MP_LCAL0054___contig_1_fragment_15_1523	PF02867.15	1.1999999999999995e-139	462.1
GCA_000283975___contig_1_fragment_14_1366	PF02867.15	1.1999999999999995e-139	462.1
MP_ATCC35311___contig_1_fragment_12_1021	PF06418.14	2.3999999999999992e-132	436.0
GCA_001047465___contig_9_fragment_6_722	PF06418.14	2.3999999999999992e-132	436.0
MP_LCAL0054___contig_1_fragment_2_75	PF02595.15	3.399999999999999e-127	420.3
GCA_000283975___contig_1_fragment_2_76	PF02595.15	3.399999999999999e-127	420.3
MP_QEQMy133751___contig_3_5	PF07564.11	7.999999999999997e-127	409.5
MP_ONT141___contig_3_5	PF07564.11	4.0999999999999984e-126	407.3
GCA_025728695___contig_95_9	PF17389.2	3.799999999999999e-125	413.5
GCA_025728675___contig_50_fragment_1_15	PF17389.2	3.799999999999999e-125	413.5
GCA_001047515___contig_4_fragment_1_34	PF17389.2	9.299999999999999e-125	412.2
GCA_001047405___contig_6_fragment_4_160	PF17389.2	9.299999999999999e-125	412.2
GCA_025728695___contig_120_2	PF02350.19	1.4e-119	394.9
MP_ATCC35311___contig_1_fragment_15_1345	PF03668.15	7.699999999999999e-113	372.3
MP_BCQMy206___contig_3_5	PF07564.11	1.4999999999999998e-112	363.8
MP_ATCC35311___contig_1_fragment_15_1344	PF01933.18	1.5999999999999996e-99	328.7
MP_ATCC35311___contig_1_fragment_2_83	PF02595.15	7.299999999999998e-98	323.8
MP_LCAL0054___contig_1_fragment_7_706	PF05133.14	1.7999999999999998e-94	313.1
MP_LCAL0054___contig_1_fragment_15_1524	PF00268.21	8.099999999999999e-90	296.9
GCA_025728635___contig_33_fragment_1_17	PF00268.21	8.099999999999999e-90	296.9
GCA_000283975___contig_1_fragment_14_1367	PF00268.21	8.099999999999999e-90	296.9
GCA_001047555___contig_9_fragment_2_132	PF02384.16	1.4e-89	296.3
GCA_001047465___contig_12_fragment_2_132	PF02384.16	1.4e-89	296.3
MP_ATCC35311___contig_1_fragment_15_1341	PF00574.23	8.299999999999999e-88	288.9
MP_LCAL0054___contig_1_fragment_7_673	PF09989.9	8.6e-88	289.4
MP_ATCC35311___contig_1_fragment_8_638	PF05133.14	5.099999999999998e-84	278.6
GCA_003462485___contig_15_fragment_1_35	PF00268.21	6.4e-84	277.6
MP_LCAL0054___contig_1_fragment_5_470	PF12684.7	3.5999999999999996e-79	261.7
MP_ATCC35311___contig_1_fragment_8_620	PF12684.7	3.2999999999999995e-75	248.7
MP_ATCC35311___contig_1_fragment_12_1018	PF06908.11	1.4999999999999997e-71	235.7
GCA_001047465___contig_9_fragment_6_725	PF06908.11	1.8999999999999996e-71	235.4
GCA_001047515___contig_4_fragment_1_35	PF00933.21	2.8999999999999996e-68	226.4
GCA_025728675___contig_50_fragment_1_14	PF00933.21	2.999999999999999e-68	226.4
GCA_025728695___contig_95_10	PF00933.21	2.999999999999999e-68	226.4
GCA_001047405___contig_6_fragment_4_161	PF00933.21	2.999999999999999e-68	226.4
GCA_001047445___contig_15_4	PF13731.6	6.1e-67	221.6
GCA_025728675___contig_50_fragment_1_17	PF04616.14	6.899999999999998e-67	221.6
MP_LCAL0054___contig_1_fragment_7_705	PF04466.13	9.799999999999999e-67	220.2
GCA_025728695___contig_95_7	PF04616.14	1.5999999999999996e-66	220.4
GCA_003462485___contig_15_fragment_1_8	PF00962.22	4.3999999999999996e-65	216.0
GCA_003462485___contig_15_fragment_1_43	PF07907.11	6.299999999999999e-65	214.9
MP_ATCC35311___contig_1_fragment_8_640	PF06152.11	7.199999999999999e-65	215.1
MP_ATCC35311___contig_1_fragment_4_439	PF02677.14	8.9e-65	213.9
MP_ATCC35311___contig_1_fragment_12_1019	PF03838.14	9.599999999999997e-65	213.3
GCA_001047465___contig_9_fragment_6_724	PF03838.14	9.599999999999997e-65	213.3
GCA_000283975___contig_1_fragment_14_1362	PF02421.18	1.1999999999999998e-64	212.4
GCA_025728635___contig_33_fragment_1_12	PF02421.18	1.1999999999999998e-64	212.4
MP_LCAL0054___contig_1_fragment_15_1519	PF02421.18	1.1999999999999998e-64	212.4
MP_LCAL0054___contig_1_fragment_3_329	PF05382.13	7.299999999999999e-63	206.6
GCA_001047465___contig_12_fragment_1_77	PF05382.13	9.199999999999999e-63	206.3
MP_LCAL0054___contig_1_fragment_13_1237	PF05382.13	9.199999999999999e-63	206.3
MP_ATCC35311___contig_1_fragment_7_591	PF05382.13	9.199999999999999e-63	206.3
GCA_001047555___contig_9_fragment_1_77	PF05382.13	9.199999999999999e-63	206.3
MP_LCAL0054___contig_1_fragment_7_675	PF13561.6	1.9e-61	203.5
MP_LCAL0054___contig_1_fragment_7_726	PF05382.13	2.6e-61	201.5
GCA_003462485___contig_15_fragment_1_23	PF02590.17	3.8e-61	201.5
MP_LCAL0054___contig_1_fragment_5_449	PF08282.12	1.6e-60	200.9
GCA_001047465___contig_9_fragment_6_723	PF00912.22	2.2e-60	199.0
MP_ATCC35311___contig_1_fragment_12_1020	PF00912.22	2.2e-60	199.1
MP_LCAL0054___contig_1_fragment_3_311	PF03354.15	4.7000000000000005e-60	199.3
GCA_003462485___contig_15_fragment_1_44	PF07907.11	6.8e-58	191.8
MP_ATCC35311___contig_1_fragment_15_1337	PF04552.13	6.999999999999999e-57	187.5
GCA_000283975___contig_1_fragment_13_1299	PF13177.6	2.5e-56	185.8
MP_LCAL0054___contig_1_fragment_4_350	PF13177.6	2.5e-56	185.8
GCA_001047465___contig_9_fragment_3_338	PF13177.6	3.5000000000000003e-56	185.4
MP_ATCC35311___contig_1_fragment_16_1402	PF13177.6	3.5000000000000003e-56	185.4
GCA_003462485___contig_15_fragment_1_18	PF02384.16	4.7e-55	182.9
GCA_003462485___contig_15_fragment_1_26	PF09648.10	8.3e-55	181.7
MP_LCAL0054___contig_1_fragment_12_1195	PF03354.15	9.9e-55	181.7
MP_ATCC35311___contig_1_fragment_8_656	PF06605.11	2.5e-54	180.5
GCA_000283975___contig_1_fragment_13_1301	PF02223.17	6.3e-54	178.3
GCA_001047465___contig_9_fragment_3_336	PF02223.17	6.3e-54	178.3
MP_ATCC35311___contig_1_fragment_16_1404	PF02223.17	6.3e-54	178.3
MP_LCAL0054___contig_1_fragment_4_348	PF02223.17	6.3e-54	178.3
MP_ATCC35311___contig_1_fragment_2_87	PF13731.6	1.4000000000000002e-53	177.9
GCA_000283975___contig_1_fragment_2_80	PF13731.6	1.4000000000000002e-53	177.9
MP_LCAL0054___contig_1_fragment_2_78	PF13731.6	1.4000000000000002e-53	177.9
GCA_003462485___contig_12_fragment_1_137	PF00999.21	3.6e-53	176.5
GCA_003462485___contig_15_fragment_1_37	PF09515.10	3.6e-53	176.1
MP_LCAL0054___contig_1_fragment_3_313	PF04586.17	9e-53	174.7
GCA_000283975___contig_1_fragment_5_547	PF16775.5	1.8999999999999998e-52	171.8
MP_LCAL0054___contig_1_fragment_4_354	PF00817.20	3.5e-51	169.0
MP_ATCC35311___contig_1_fragment_16_1398	PF00817.20	3.5e-51	169.0
GCA_000283975___contig_1_fragment_13_1294	PF00817.20	3.5e-51	169.0
GCA_001047465___contig_9_fragment_3_342	PF00817.20	3.5e-51	169.0
MP_LCAL0054___contig_1_fragment_5_482	PF03354.15	4.1000000000000003e-51	169.8
MP_LCAL0054___contig_1_fragment_4_355	PF13353.6	8.099999999999999e-51	167.8
GCA_000283975___contig_1_fragment_13_1293	PF13353.6	8.099999999999999e-51	167.8
MP_ATCC35311___contig_1_fragment_16_1397	PF13353.6	2.7e-50	166.2
GCA_001047465___contig_9_fragment_3_343	PF13353.6	2.7e-50	166.2
MP_ATCC35311___contig_1_fragment_3_339	PF13561.6	8.8e-50	165.3
MP_LCAL0054___contig_1_fragment_12_1173	PF16775.5	1.3e-49	162.7
MP_LCAL0054___contig_1_fragment_12_1193	PF04586.17	2e-49	163.8
MP_ATCC35311___contig_1_fragment_8_664	PF05382.13	2.1e-49	162.9
MP_ATCC35311___contig_1_fragment_3_345	PF00544.19	2.8999999999999996e-49	163.4
GCA_025728645___contig_46_fragment_1_18	PF07314.11	3.6e-49	163.1
MP_ATCC35311___contig_1_fragment_11_863	PF07314.11	3.899999999999999e-49	163.0
MP_LCAL0054___contig_1_fragment_9_981	PF07314.11	4e-49	163.0
GCA_000283975___contig_1_fragment_8_754	PF07314.11	4e-49	163.0
GCA_001047445___contig_15_7	PF13416.6	1.2999999999999998e-48	162.1
MP_LCAL0054___contig_1_fragment_2_76	PF11797.8	1.8e-48	159.9
GCA_001047445___contig_15_5	PF11797.8	2.8999999999999997e-48	159.2
GCA_000283975___contig_1_fragment_4_438	PF13604.6	5.3999999999999996e-48	159.1
MP_ATCC35311___contig_1_fragment_5_459	PF13604.6	5.3999999999999996e-48	159.1
MP_LCAL0054___contig_1_fragment_5_504	PF16775.5	6.2e-48	157.3
MP_ATCC35311___contig_1_fragment_2_85	PF11797.8	6.499999999999999e-48	158.1
GCA_000283975___contig_1_fragment_2_81	PF13731.6	8.1e-48	159.1
MP_LCAL0054___contig_1_fragment_2_79	PF13731.6	8.1e-48	159.1
MP_ATCC35311___contig_1_fragment_4_442	PF00122.20	8.1e-48	158.2
MP_LCAL0054___contig_1_fragment_15_1525	PF03816.14	1.9999999999999997e-47	157.0
GCA_025728635___contig_33_fragment_1_18	PF03816.14	1.9999999999999997e-47	157.0
GCA_000283975___contig_1_fragment_14_1368	PF03816.14	1.9999999999999997e-47	157.0
MP_ATCC35311___contig_1_fragment_2_88	PF13731.6	2.1999999999999997e-47	157.7
GCA_001047555___contig_9_fragment_2_135	PF18766.1	1.9e-46	154.4
GCA_001047465___contig_12_fragment_2_135	PF18766.1	1.9e-46	154.4
MP_LCAL0054___contig_1_fragment_12_1194	PF04860.12	4.6e-46	153.3
MP_LCAL0054___contig_1_fragment_5_483	PF04860.12	7.6e-46	152.6
MP_LCAL0054___contig_1_fragment_5_495	PF06605.11	1.4e-45	151.7
MP_ATCC35311___contig_1_fragment_8_609	PF00239.21	2.3999999999999996e-45	150.1
GCA_001047515___contig_4_fragment_1_23	PF05866.11	5e-45	148.9
GCA_025728675___contig_50_fragment_1_24	PF05866.11	7.4e-45	148.4
GCA_001047465___contig_9_fragment_6_721	PF07553.11	8.499999999999999e-45	146.7
MP_ATCC35311___contig_1_fragment_12_1022	PF07553.11	8.499999999999999e-45	146.7
MP_ATCC35311___contig_1_fragment_8_647	PF11114.8	1.8999999999999998e-44	146.3
GCA_001047405___contig_6_fragment_4_149	PF05866.11	1.8999999999999998e-44	147.1
MP_LCAL0054___contig_1_fragment_5_452	PF07553.11	3.7e-44	144.7
GCA_000283975___contig_1_fragment_1_64	PF16173.5	4e-44	146.0
MP_LCAL0054___contig_1_fragment_1_63	PF16173.5	4e-44	146.0
GCA_000283975___contig_1_fragment_2_77	PF06030.12	4.6e-44	145.2
GCA_003462485___contig_15_fragment_1_19	PF02384.16	6.7e-44	146.2
GCA_025728695___contig_120_6	PF00239.21	1.1999999999999999e-43	144.6
GCA_025728615___contig_14_5	PF02486.19	1.2999999999999998e-43	145.0
GCA_025728675___contig_9_17	PF02486.19	1.2999999999999998e-43	145.0
MP_ONT63___contig_3_1	PF02486.19	1.4999999999999998e-43	144.7
GCA_003462485___contig_15_fragment_1_2	PF02776.18	1.4999999999999998e-43	144.3
MP_BCQMy206___contig_3_1	PF02486.19	1.4999999999999998e-43	144.7
MP_ONT141___contig_3_1	PF02486.19	1.4999999999999998e-43	144.7
MP_LCAL0054___contig_1_fragment_7_679	PF00239.21	1.6e-43	144.2
MP_ATCC35311___contig_1_fragment_16_1403	PF06153.11	2.2e-43	142.8
MP_LCAL0054___contig_1_fragment_12_1182	PF06605.11	2.2e-43	144.5
GCA_001047465___contig_9_fragment_3_337	PF06153.11	2.2e-43	142.8
MP_LCAL0054___contig_1_fragment_4_349	PF06153.11	2.2e-43	142.8
MP_ATCC35311___contig_1_fragment_4_436	PF00689.21	4.6e-43	142.9
GCA_001047545___contig_4_7	PF02486.19	6.7e-43	142.6
MP_QEQMy133751___contig_3_1	PF02486.19	7.9e-43	142.4
MP_LCAL0054___contig_1_fragment_12_1207	PF05565.11	1.1999999999999999e-42	141.6
GCA_001047405___contig_6_fragment_4_156	PF04616.14	2.3e-42	141.1
GCA_000283975___contig_1_fragment_13_1300	PF06153.11	2.8999999999999996e-42	139.2
GCA_001047515___contig_4_fragment_1_30	PF04616.14	6.2e-42	139.7
GCA_000283975___contig_1_fragment_4_437	PF00300.22	1.1999999999999999e-41	138.4
MP_ATCC35311___contig_1_fragment_5_458	PF00300.22	2.9e-41	137.2
MP_ATCC35311___contig_1_fragment_8_652	PF06854.11	3.1e-41	137.1
GCA_025728615___contig_14_18	PF00239.21	2e-40	134.2
MP_QEQMy133751___contig_3_7	PF00239.21	2e-40	134.2
GCA_025728675___contig_9_4	PF00239.21	2e-40	134.2
MP_BCQMy206___contig_3_7	PF00239.21	2e-40	134.2
MP_ONT141___contig_3_7	PF00239.21	2e-40	134.2
MP_ONT63___contig_3_7	PF00239.21	2e-40	134.2
MP_LCAL0054___contig_1_fragment_3_314	PF05065.13	2.2e-40	134.6
MP_LCAL0054___contig_1_fragment_3_301	PF13479.6	2.2e-40	134.4
MP_ATCC35311___contig_1_fragment_4_437	PF01595.20	5e-40	132.9
MP_QEQMy133751___contig_3_13	PF13614.6	5.8e-40	132.9
GCA_025728615___contig_14_10	PF13614.6	5.8e-40	132.9
MP_BCQMy206___contig_3_13	PF13614.6	5.8e-40	132.9
MP_ONT141___contig_3_13	PF13614.6	5.8e-40	132.9
MP_ONT63___contig_3_13	PF13614.6	5.8e-40	132.9
GCA_025728675___contig_9_12	PF13614.6	5.8e-40	132.9
MP_LCAL0054___contig_1_fragment_7_674	PF07702.13	1.6999999999999996e-39	130.8
MP_LCAL0054___contig_1_fragment_5_469	PF03837.14	2.3999999999999995e-39	130.8
MP_ATCC35311___contig_1_fragment_15_1343	PF14527.6	2.9999999999999996e-39	128.9
GCA_000283975___contig_1_fragment_5_524	PF01042.21	4.3e-39	129.2
MP_LCAL0054___contig_1_fragment_13_1259	PF01042.21	4.3e-39	129.2
GCA_001047555___contig_9_fragment_1_102	PF01042.21	7.3e-39	128.4
MP_ATCC35311___contig_1_fragment_7_567	PF01042.21	7.3e-39	128.4
GCA_001047465___contig_12_fragment_1_102	PF01042.21	7.3e-39	128.4
MP_ATCC35311___contig_1_fragment_8_619	PF03837.14	8.099999999999999e-39	129.0
GCA_000283975___contig_1_fragment_5_535	PF12363.8	8.699999999999999e-39	128.3
GCA_001047465___contig_12_fragment_1_90	PF12363.8	8.699999999999999e-39	128.3
GCA_001047555___contig_9_fragment_1_90	PF12363.8	8.699999999999999e-39	128.3
MP_ATCC35311___contig_1_fragment_7_578	PF12363.8	8.699999999999999e-39	128.3
MP_LCAL0054___contig_1_fragment_13_1248	PF12363.8	8.699999999999999e-39	128.3
GCA_000283975___contig_1_fragment_4_434	PF13641.6	1.1e-38	129.3
MP_LCAL0054___contig_1_fragment_13_1243	PF10651.9	7.299999999999999e-38	125.5
GCA_000283975___contig_1_fragment_5_540	PF10651.9	7.299999999999999e-38	125.5
MP_ATCC35311___contig_1_fragment_5_455	PF13641.6	9.599999999999999e-38	126.2
MP_LCAL0054___contig_1_fragment_9_983	PF06265.11	1.1e-37	123.8
GCA_000283975___contig_1_fragment_8_752	PF06265.11	1.1e-37	123.8
GCA_025728645___contig_46_fragment_1_16	PF06265.11	1.1e-37	123.8
MP_ATCC35311___contig_1_fragment_11_861	PF06265.11	1.1e-37	123.8
MP_LCAL0054___contig_1_fragment_15_1522	PF07972.11	1.1e-37	124.7
GCA_025728635___contig_33_fragment_1_15	PF07972.11	1.1e-37	124.7
GCA_000283975___contig_1_fragment_14_1365	PF07972.11	1.1e-37	124.7
MP_LCAL0054___contig_1_fragment_7_721	PF10651.9	1.4e-37	124.5
MP_ATCC35311___contig_1_fragment_7_584	PF10651.9	1.4999999999999998e-37	124.4
MP_ATCC35311___contig_1_fragment_8_621	PF16784.5	1.9e-37	124.6
GCA_001047465___contig_12_fragment_1_84	PF10651.9	7.3e-37	122.2
GCA_001047555___contig_9_fragment_1_84	PF10651.9	7.3e-37	122.2
MP_LCAL0054___contig_1_fragment_5_484	PF04586.17	1e-36	122.4
MP_LCAL0054___contig_1_fragment_7_716	PF12363.8	1.1e-36	121.5
MP_LCAL0054___contig_1_fragment_12_1202	PF00436.25	1.4999999999999997e-36	120.5
MP_ATCC35311___contig_1_fragment_8_614	PF03374.14	2.1e-36	120.5
MP_LCAL0054___contig_1_fragment_5_458	PF03374.14	3.1e-36	119.9
MP_LCAL0054___contig_1_fragment_12_1205	PF16784.5	3.3e-36	120.6
MP_ATCC35311___contig_1_fragment_8_655	PF05709.11	3.5e-36	120.8
MP_LCAL0054___contig_1_fragment_5_455	PF03374.14	5.2e-36	119.2
MP_LCAL0054___contig_1_fragment_5_462	PF03374.14	5.3e-36	119.1
MP_ATCC35311___contig_1_fragment_8_658	PF10651.9	6.3e-36	119.2
MP_LCAL0054___contig_1_fragment_5_474	PF00436.25	1e-35	117.8
MP_LCAL0054___contig_1_fragment_5_471	PF16784.5	1.5e-35	118.5
MP_LCAL0054___contig_1_fragment_12_1179	PF10651.9	2.5e-35	117.2
MP_LCAL0054___contig_1_fragment_7_709	PF05065.13	4e-35	117.3
MP_ATCC35311___contig_1_fragment_8_626	PF05866.11	4.7e-35	116.7
MP_LCAL0054___contig_1_fragment_5_498	PF10651.9	6.1e-35	116.0
MP_LCAL0054___contig_1_fragment_3_324	PF10651.9	6.7e-35	115.9
GCA_003462485___contig_15_fragment_1_33	PF07972.11	1e-34	115.1
MP_ATCC35311___contig_1_fragment_5_460	PF06177.11	1.1000000000000002e-34	115.6
MP_LCAL0054___contig_1_fragment_12_1206	PF04404.12	2.5e-34	114.2
MP_LCAL0054___contig_1_fragment_7_677	PF01205.19	3.6e-34	113.2
GCA_001047465___contig_9_fragment_1_119	PF13377.6	1.3e-33	112.5
GCA_003462485___contig_15_fragment_1_27	PF07435.11	1.6e-33	112.2
MP_LCAL0054___contig_1_fragment_5_472	PF09681.10	1.6e-33	111.1
GCA_003462485___contig_12_fragment_1_129	PF00814.25	2.7e-33	111.7
GCA_025728615___contig_7_fragment_1_35	PF07553.11	4.9999999999999996e-33	109.1
MP_LCAL0054___contig_1_fragment_3_288	PF07553.11	4.9999999999999996e-33	109.1
MP_LCAL0054___contig_1_fragment_13_1244	PF18013.1	5.2e-33	110.0
GCA_000283975___contig_1_fragment_5_539	PF18013.1	5.2e-33	110.0
GCA_000283975___contig_1_fragment_8_751	PF01035.20	6.3e-33	108.7
GCA_025728645___contig_46_fragment_1_15	PF01035.20	6.3e-33	108.7
MP_ATCC35311___contig_1_fragment_11_860	PF01035.20	6.3e-33	108.7
MP_LCAL0054___contig_1_fragment_9_984	PF01035.20	6.3e-33	108.7
GCA_001047465___contig_9_fragment_3_340	PF06156.13	8.8e-33	108.9
MP_ATCC35311___contig_1_fragment_16_1400	PF06156.13	8.8e-33	108.9
MP_LCAL0054___contig_1_fragment_4_352	PF06156.13	8.8e-33	108.9
GCA_000283975___contig_1_fragment_13_1296	PF06156.13	8.8e-33	108.9
MP_LCAL0054___contig_1_fragment_7_720	PF18013.1	9.2e-33	109.2
MP_LCAL0054___contig_1_fragment_3_323	PF18013.1	9.999999999999999e-33	109.0
MP_ATCC35311___contig_1_fragment_8_663	PF16938.5	1.1999999999999999e-32	107.8
MP_LCAL0054___contig_1_fragment_7_710	PF02368.18	1.1999999999999999e-32	107.6
MP_LCAL0054___contig_1_fragment_13_1260	PF00005.27	1.4e-32	109.0
GCA_000283975___contig_1_fragment_5_523	PF00005.27	1.4e-32	109.0
GCA_000283975___contig_1_fragment_2_84	PF00005.27	1.6e-32	108.8
MP_LCAL0054___contig_1_fragment_2_82	PF00005.27	1.6e-32	108.8
GCA_001047465___contig_12_fragment_1_103	PF00005.27	1.8e-32	108.6
GCA_001047555___contig_9_fragment_1_103	PF00005.27	1.8e-32	108.6
MP_ATCC35311___contig_1_fragment_7_566	PF00005.27	1.8e-32	108.6
MP_ATCC35311___contig_1_fragment_2_94	PF00005.27	1.8999999999999998e-32	108.5
GCA_003462485___contig_15_fragment_1_9	PF00912.22	1.9999999999999998e-32	107.9
MP_LCAL0054___contig_1_fragment_4_351	PF04468.12	6.2e-32	105.7
MP_ATCC35311___contig_1_fragment_16_1401	PF04468.12	6.3e-32	105.6
GCA_001047465___contig_9_fragment_3_339	PF04468.12	6.3e-32	105.6
MP_ATCC35311___contig_1_fragment_3_341	PF03013.14	7.2e-32	106.0
GCA_003462485___contig_15_fragment_1_29	PF00072.24	1.1e-31	105.2
MP_LCAL0054___contig_1_fragment_5_450	PF00589.22	1.4e-31	105.5
GCA_001047555___contig_9_fragment_1_78	PF16938.5	1.7999999999999998e-31	104.1
GCA_000283975___contig_1_fragment_5_545	PF16938.5	1.7999999999999998e-31	104.1
MP_ATCC35311___contig_1_fragment_7_590	PF16938.5	1.7999999999999998e-31	104.1
GCA_001047465___contig_12_fragment_1_78	PF16938.5	1.7999999999999998e-31	104.1
MP_LCAL0054___contig_1_fragment_13_1238	PF16938.5	1.7999999999999998e-31	104.1
MP_LCAL0054___contig_1_fragment_3_287	PF00589.22	2.4e-31	104.7
GCA_025728615___contig_7_fragment_1_34	PF00589.22	2.4e-31	104.7
MP_LCAL0054___contig_1_fragment_3_328	PF16938.5	3.5e-31	103.1
MP_LCAL0054___contig_1_fragment_7_725	PF16938.5	3.5e-31	103.1
MP_LCAL0054___contig_1_fragment_12_1183	PF05709.11	3.7e-31	104.3
MP_LCAL0054___contig_1_fragment_5_503	PF16938.5	5.2e-31	102.6
GCA_000283975___contig_1_fragment_2_82	PF18483.1	5.399999999999999e-31	104.0
MP_LCAL0054___contig_1_fragment_2_80	PF18483.1	5.399999999999999e-31	104.0
MP_LCAL0054___contig_1_fragment_12_1174	PF16938.5	9.9e-31	101.7
GCA_003462485___contig_15_fragment_1_24	PF13365.6	1.5e-30	103.0
MP_ATCC35311___contig_1_fragment_8_634	PF03592.16	1.7e-30	102.2
MP_LCAL0054___contig_1_fragment_12_1168	PF00589.22	2.3e-30	101.5
MP_LCAL0054___contig_1_fragment_5_494	PF05709.11	1.3e-29	99.3
MP_LCAL0054___contig_1_fragment_7_696	PF07083.11	1.4999999999999998e-29	99.1
GCA_025728635___contig_33_fragment_1_13	PF04023.14	1.7000000000000001e-29	97.8
GCA_000283975___contig_1_fragment_14_1363	PF04023.14	1.7000000000000001e-29	97.8
MP_LCAL0054___contig_1_fragment_15_1520	PF04023.14	1.7000000000000001e-29	97.8
GCA_000283975___contig_1_fragment_4_435	PF03170.13	1.8000000000000002e-29	98.5
MP_LCAL0054___contig_1_fragment_3_312	PF04860.12	1.9e-29	98.7
MP_ATCC35311___contig_1_fragment_5_456	PF03170.13	2.7e-29	97.8
GCA_025728695___contig_120_3	PF01521.20	2.9999999999999997e-29	97.4
GCA_003462485___contig_15_fragment_1_16	PF18766.1	3.9e-29	97.8
GCA_025728645___contig_46_fragment_1_21	PF00486.28	8.899999999999999e-29	95.3
MP_LCAL0054___contig_1_fragment_9_978	PF00486.28	9.000000000000001e-29	95.3
MP_ATCC35311___contig_1_fragment_11_867	PF00486.28	9.000000000000001e-29	95.3
GCA_000283975___contig_1_fragment_8_757	PF00486.28	9.000000000000001e-29	95.3
GCA_003462485___contig_15_fragment_1_28	PF02518.26	1.6000000000000001e-28	95.4
GCA_000283975___contig_1_fragment_8_758	PF02518.26	1.8000000000000002e-28	95.2
MP_ATCC35311___contig_1_fragment_11_868	PF02518.26	1.8000000000000002e-28	95.2
MP_LCAL0054___contig_1_fragment_9_977	PF02518.26	1.8000000000000002e-28	95.2
GCA_025728645___contig_46_fragment_1_22	PF02518.26	1.8000000000000002e-28	95.2
MP_ATCC35311___contig_1_fragment_15_1342	PF13462.6	2.6000000000000004e-28	95.1
MP_ATCC35311___contig_1_fragment_8_665	PF13274.6	4.7000000000000005e-28	94.3
GCA_001047465___contig_9_fragment_3_341	PF00590.20	5.6e-28	94.2
GCA_000283975___contig_1_fragment_13_1295	PF00590.20	5.6e-28	94.2
MP_LCAL0054___contig_1_fragment_4_353	PF00590.20	5.6e-28	94.2
MP_ATCC35311___contig_1_fragment_16_1399	PF00590.20	5.6e-28	94.2
MP_QEQMy133751___contig_3_10	PF03318.13	2.0999999999999998e-27	92.2
GCA_000283975___contig_1_fragment_14_1369	PF00535.26	2.3999999999999997e-27	91.7
GCA_025728675___contig_9_8	PF03318.13	6.899999999999999e-27	90.5
MP_ONT141___contig_3_10	PF03318.13	6.899999999999999e-27	90.5
MP_BCQMy206___contig_3_10	PF03318.13	6.899999999999999e-27	90.5
GCA_025728615___contig_14_14	PF03318.13	6.899999999999999e-27	90.5
MP_ONT63___contig_3_10	PF03318.13	6.899999999999999e-27	90.5
MP_LCAL0054___contig_1_fragment_7_684	PF03374.14	5.3e-26	87.0
MP_LCAL0054___contig_1_fragment_7_676	PF11195.8	7.099999999999999e-26	86.2
MP_LCAL0054___contig_1_fragment_7_686	PF10711.9	1e-25	86.0
MP_LCAL0054___contig_1_fragment_4_347	PF13662.6	2.1999999999999997e-25	84.8
MP_LCAL0054___contig_1_fragment_9_982	PF13344.6	3.9e-25	83.8
GCA_025728645___contig_46_fragment_1_17	PF13344.6	3.9e-25	83.8
GCA_000283975___contig_1_fragment_8_753	PF13344.6	3.9e-25	83.8
MP_ATCC35311___contig_1_fragment_11_862	PF13344.6	4e-25	83.8
GCA_000283975___contig_1_fragment_2_78	PF11797.8	4.3e-25	84.2
MP_LCAL0054___contig_1_fragment_5_485	PF05065.13	9.7e-25	83.3
GCA_025728695___contig_95_8	PF13419.6	1.2e-24	83.3
GCA_001047405___contig_6_fragment_4_158	PF13419.6	1.2e-24	83.3
GCA_025728675___contig_50_fragment_1_16	PF13419.6	1.2e-24	83.3
GCA_001047515___contig_4_fragment_1_32	PF13419.6	1.2e-24	83.3
GCA_001047465___contig_9_fragment_3_335	PF13662.6	1.3e-24	82.4
GCA_025728615___contig_14_1	PF07564.11	1.6e-24	81.8
GCA_000283975___contig_1_fragment_5_546	PF05382.13	3.7e-24	81.1
GCA_025728675___contig_9_21	PF07564.11	4.700000000000001e-24	80.2
MP_ATCC35311___contig_1_fragment_8_648	PF12691.7	7.599999999999999e-24	80.4
GCA_003462485___contig_12_fragment_1_139	PF06199.11	8.9e-24	80.0
MP_ATCC35311___contig_1_fragment_2_90	PF18483.1	1.4000000000000002e-23	79.8
MP_LCAL0054___contig_1_fragment_5_490	PF04630.12	1.8e-23	78.8
MP_LCAL0054___contig_1_fragment_12_1192	PF05065.13	2.7e-23	78.5
MP_LCAL0054___contig_1_fragment_7_708	PF14265.6	6.3e-23	77.3
MP_ATCC35311___contig_1_fragment_15_1339	PF02627.20	4.299999999999999e-22	73.9
GCA_003462485___contig_15_fragment_1_25	PF12706.7	6.5e-22	73.9
MP_LCAL0054___contig_1_fragment_12_1187	PF04630.12	7.699999999999999e-22	73.5
MP_ATCC35311___contig_1_fragment_8_662	PF10779.9	1.2e-21	72.6
MP_LCAL0054___contig_1_fragment_5_502	PF10779.9	2.8999999999999996e-21	71.4
GCA_025728695___contig_95_1	PF05866.11	5.3e-21	71.3
MP_ATCC35311___contig_1_fragment_15_1336	PF01757.22	5.8999999999999995e-21	70.7
GCA_000283975___contig_1_fragment_4_439	PF06177.11	6.6e-21	71.0
MP_LCAL0054___contig_1_fragment_3_327	PF10779.9	7.1e-21	70.1
MP_LCAL0054___contig_1_fragment_7_724	PF10779.9	7.1e-21	70.1
MP_LCAL0054___contig_1_fragment_12_1199	PF06114.13	7.2e-21	70.3
MP_LCAL0054___contig_1_fragment_5_481	PF05119.12	9.6e-21	70.0
MP_ATCC35311___contig_1_fragment_7_577	PF06199.11	1.0000000000000001e-20	70.1
GCA_000283975___contig_1_fragment_5_534	PF06199.11	1.1000000000000001e-20	70.0
MP_LCAL0054___contig_1_fragment_13_1249	PF06199.11	1.1000000000000001e-20	70.0
GCA_001047405___contig_6_fragment_4_163	PF12833.7	1.2e-20	69.4
GCA_001047465___contig_12_fragment_1_87	PF05709.11	1.3000000000000001e-20	69.7
GCA_000283975___contig_1_fragment_13_1297	PF04468.12	1.7e-20	69.0
MP_LCAL0054___contig_1_fragment_12_1196	PF05119.12	2.0000000000000002e-20	69.0
MP_LCAL0054___contig_1_fragment_7_715	PF06199.11	2.3e-20	69.0
GCA_001047555___contig_9_fragment_1_91	PF06199.11	2.3e-20	69.0
GCA_001047465___contig_12_fragment_1_91	PF06199.11	2.3e-20	69.0
GCA_025728675___contig_9_9	PF16935.5	2.4e-20	68.2
MP_ATCC35311___contig_1_fragment_7_581	PF05709.11	2.4e-20	68.9
GCA_001047555___contig_9_fragment_1_87	PF05709.11	2.4e-20	68.9
GCA_025728615___contig_14_13	PF16935.5	2.4e-20	68.2
GCA_025728675___contig_9_3	PF16935.5	3.7e-20	67.6
MP_ATCC35311___contig_1_fragment_8_635	PF04466.13	4.1e-20	68.0
MP_ATCC35311___contig_1_fragment_12_1017	PF05103.13	4.2000000000000004e-20	68.1
GCA_025728675___contig_50_fragment_1_11	PF03551.14	5e-20	67.2
GCA_001047515___contig_4_fragment_1_38	PF03551.14	5e-20	67.2
GCA_003462485___contig_15_fragment_1_17	PF01420.19	1e-19	67.3
GCA_001047515___contig_4_fragment_1_36	PF12833.7	1.1000000000000002e-19	66.3
GCA_025728695___contig_95_11	PF12833.7	1.1000000000000002e-19	66.3
GCA_025728675___contig_50_fragment_1_13	PF12833.7	1.1000000000000002e-19	66.3
MP_LCAL0054___contig_1_fragment_13_1245	PF05709.11	1.2999999999999998e-19	66.5
GCA_000283975___contig_1_fragment_5_538	PF05709.11	1.2999999999999998e-19	66.5
GCA_025728615___contig_14_16	PF16935.5	1.6000000000000002e-19	65.6
GCA_025728675___contig_9_6	PF16935.5	1.6000000000000002e-19	65.6
MP_LCAL0054___contig_1_fragment_7_719	PF05709.11	2.3999999999999997e-19	65.6
GCA_003462485___contig_12_fragment_1_138	PF13022.6	2.7e-19	65.4
MP_ATCC35311___contig_1_fragment_7_582	PF18013.1	3.9e-19	65.0
GCA_001047555___contig_9_fragment_1_86	PF18013.1	3.9e-19	65.0
GCA_001047465___contig_12_fragment_1_86	PF18013.1	3.9e-19	65.0
MP_LCAL0054___contig_1_fragment_5_501	PF09693.10	4.6e-19	64.1
MP_LCAL0054___contig_1_fragment_7_704	PF03592.16	5.4e-19	64.9
MP_ATCC35311___contig_1_fragment_8_624	PF00436.25	5.8e-19	64.0
MP_ATCC35311___contig_1_fragment_3_342	PF01432.20	6.1e-19	64.4
GCA_001047405___contig_6_fragment_4_157	PF04616.14	6.5e-19	64.2
GCA_001047515___contig_4_fragment_1_31	PF04616.14	6.5e-19	64.2
GCA_003462485___contig_15_fragment_1_40	PF04203.13	6.6e-19	63.8
GCA_001047555___contig_9_fragment_2_130	PF01420.19	7.9e-19	64.4
GCA_001047465___contig_12_fragment_2_130	PF01420.19	7.9e-19	64.4
MP_ATCC35311___contig_1_fragment_8_612	PF01381.22	1.6e-18	62.4
MP_ATCC35311___contig_1_fragment_8_661	PF09693.10	1.8e-18	62.2
GCA_003462485___contig_15_fragment_1_3	PF14262.6	4.2e-18	61.5
GCA_003462485___contig_12_fragment_1_127	PF00583.25	8.500000000000001e-18	60.6
MP_ATCC35311___contig_1_fragment_8_637	PF17288.2	1.2e-17	60.6
MP_LCAL0054___contig_1_fragment_3_321	PF10145.9	1.9e-17	59.7
MP_LCAL0054___contig_1_fragment_12_1176	PF09693.10	2.2e-17	58.7
MP_LCAL0054___contig_1_fragment_7_707	PF04233.14	3.6e-17	59.0
MP_BCQMy206___contig_3_12	PF17363.2	7.4e-17	57.3
MP_ONT141___contig_3_12	PF17363.2	7.4e-17	57.3
MP_QEQMy133751___contig_3_12	PF17363.2	7.4e-17	57.3
MP_ONT63___contig_3_12	PF17363.2	7.4e-17	57.3
GCA_001047545___contig_4_1	PF13614.6	7.5e-17	57.7
MP_ATCC35311___contig_1_fragment_2_84	PF02595.15	7.6e-17	57.2
GCA_025728675___contig_9_11	PF17363.2	7.8e-17	57.2
GCA_025728615___contig_14_11	PF17363.2	7.8e-17	57.2
MP_ATCC35311___contig_1_fragment_15_1335	PF13602.6	7.9e-17	58.5
MP_ATCC35311___contig_1_fragment_3_346	PF04892.12	7.9e-17	58.0
GCA_003462485___contig_12_fragment_1_128	PF13673.7	2.2000000000000002e-16	55.8
MP_ATCC35311___contig_1_fragment_4_443	PF05043.13	2.4e-16	56.0
GCA_000283975___contig_1_fragment_1_60	PF01381.22	2.9e-16	55.2
MP_LCAL0054___contig_1_fragment_1_60	PF01381.22	2.9e-16	55.2
GCA_003462485___contig_12_fragment_1_135	PF01182.20	5.5e-16	55.0
MP_LCAL0054___contig_1_fragment_7_672	PF00440.23	1.2e-15	53.0
GCA_001047515___contig_4_fragment_1_39	PF08006.11	1.3e-15	53.3
MP_LCAL0054___contig_1_fragment_13_1253	PF13229.6	1.4e-15	53.4
GCA_000283975___contig_1_fragment_5_530	PF13229.6	1.4e-15	53.4
MP_ATCC35311___contig_1_fragment_7_573	PF13229.6	1.4e-15	53.4
GCA_000283975___contig_1_fragment_14_1364	PF00462.24	1.5e-15	53.1
GCA_025728635___contig_33_fragment_1_14	PF00462.24	1.5e-15	53.1
MP_LCAL0054___contig_1_fragment_15_1521	PF00462.24	1.5e-15	53.1
GCA_003462485___contig_15_fragment_1_32	PF00462.24	1.5e-15	53.1
MP_LCAL0054___contig_1_fragment_5_447	PF00583.25	2.2e-15	52.8
MP_ATCC35311___contig_1_fragment_2_91	PF07523.12	2.3e-15	52.6
GCA_025728675___contig_50_fragment_1_10	PF08006.11	3.8e-15	51.8
GCA_025728615___contig_14_19	PF16935.5	5.7e-15	51.0
GCA_003462485___contig_12_fragment_1_133	PF02517.16	7.1e-15	51.1
MP_ATCC35311___contig_1_fragment_8_646	PF10665.9	8.5e-15	50.8
MP_LCAL0054___contig_1_fragment_3_298	PF00176.23	9.1e-15	50.0
GCA_003462485___contig_12_fragment_1_131	PF02566.19	1.3e-14	50.4
MP_LCAL0054___contig_1_fragment_12_1220	PF01381.22	1.3999999999999999e-14	49.8
MP_LCAL0054___contig_1_fragment_7_727	PF14213.6	1.5e-14	49.3
GCA_000283975___contig_1_fragment_1_61	PF00132.24	1.7e-14	48.9
MP_LCAL0054___contig_1_fragment_1_61	PF00132.24	1.7e-14	48.9
MP_ATCC35311___contig_1_fragment_8_641	PF06810.11	3.9e-14	48.6
GCA_001047445___contig_15_1	PF13515.6	5.5999999999999995e-14	48.2
MP_LCAL0054___contig_1_fragment_1_59	PF07853.11	6.8e-14	47.2
GCA_000283975___contig_1_fragment_1_59	PF07853.11	6.8e-14	47.2
MP_LCAL0054___contig_1_fragment_12_1221	PF00717.23	1.8000000000000002e-13	46.2
MP_ATCC35311___contig_1_fragment_2_95	PF07242.11	2e-13	46.4
GCA_003462485___contig_15_fragment_1_13	PF00078.27	2.4e-13	46.0
MP_ATCC35311___contig_1_fragment_11_859	PF10031.9	2.7e-13	45.7
GCA_000283975___contig_1_fragment_8_750	PF10031.9	2.7e-13	45.7
GCA_025728645___contig_46_fragment_1_14	PF10031.9	2.7e-13	45.7
MP_LCAL0054___contig_1_fragment_9_985	PF10031.9	2.7e-13	45.7
MP_LCAL0054___contig_1_fragment_7_682	PF00717.23	3.7e-13	45.1
GCA_001047465___contig_12_fragment_1_95	PF13229.6	3.9e-13	45.4
MP_LCAL0054___contig_1_fragment_5_453	PF12844.7	3.9e-13	45.1
GCA_001047555___contig_9_fragment_1_95	PF13229.6	4.4e-13	45.3
MP_ATCC35311___contig_1_fragment_4_440	PF01381.22	9.4e-13	44.0
MP_ATCC35311___contig_1_fragment_8_608	PF07508.13	1.6e-12	43.6
GCA_000283975___contig_1_fragment_2_85	PF07242.11	2e-12	43.1
MP_LCAL0054___contig_1_fragment_2_83	PF07242.11	2e-12	43.1
MP_LCAL0054___contig_1_fragment_3_309	PF01844.23	2.5000000000000003e-12	42.7
GCA_000283975___contig_1_fragment_5_526	PF00717.23	2.6000000000000002e-12	42.5
GCA_001047555___contig_9_fragment_1_100	PF00717.23	2.6000000000000002e-12	42.5
MP_ATCC35311___contig_1_fragment_7_569	PF00717.23	2.6000000000000002e-12	42.5
MP_LCAL0054___contig_1_fragment_13_1257	PF00717.23	2.6000000000000002e-12	42.5
GCA_001047465___contig_12_fragment_1_100	PF00717.23	2.6000000000000002e-12	42.5
MP_LCAL0054___contig_1_fragment_15_1516	PF13443.6	2.9e-12	42.8
GCA_025728635___contig_33_fragment_1_9	PF13443.6	2.9e-12	42.8
GCA_000283975___contig_1_fragment_14_1359	PF13443.6	2.9e-12	42.8
MP_LCAL0054___contig_1_fragment_5_486	PF05135.13	3.9e-12	42.5
MP_ATCC35311___contig_1_fragment_8_639	PF06152.11	6.4e-12	40.9
MP_ATCC35311___contig_1_fragment_3_347	PF01476.20	7.5e-12	41.1
GCA_001047465___contig_12_fragment_2_133	PF12161.8	9.300000000000001e-12	41.6
GCA_001047555___contig_9_fragment_2_133	PF12161.8	9.300000000000001e-12	41.6
GCA_003462485___contig_15_fragment_1_1	PF13751.6	1.1999999999999999e-11	40.8
MP_ATCC35311___contig_1_fragment_3_340	PF09954.9	1.2999999999999999e-11	40.3
GCA_003462485___contig_15_fragment_1_42	PF01381.22	1.2999999999999999e-11	40.3
MP_BCQMy225___contig_1_fragment_4_356	PF13597.6	8.799999999999997e-182	602.0
MP_BCQMy204___contig_1_fragment_4_356	PF13597.6	8.799999999999997e-182	602.0
GCA_000747585___contig_1_fragment_5_619	PF13597.6	8.899999999999998e-182	602.0
GCA_000747585___contig_1_fragment_14_1593	PF00476.20	9.999999999999997e-157	518.0
MP_BCQMy204___contig_1_fragment_8_929	PF05833.11	2.599999999999999e-150	497.4
GCA_001047445___contig_9_fragment_5_440	PF05833.11	2.599999999999999e-150	497.4
MP_BCQMy225___contig_1_fragment_8_929	PF05833.11	2.599999999999999e-150	497.4
GCA_000747585___contig_1_fragment_9_1222	PF05833.11	6.299999999999998e-149	492.8
GCA_001047525___contig_5_fragment_2_153	PF05833.11	6.3999999999999974e-149	492.8
GCA_001047435___contig_4_fragment_2_154	PF05833.11	6.3999999999999974e-149	492.8
MP_BCQMy204___contig_1_fragment_15_1532	PF02867.15	1.4999999999999996e-139	462.1
MP_BCQMy225___contig_1_fragment_15_1529	PF02867.15	1.4999999999999996e-139	462.1
MP_BCQMy204___contig_1_fragment_14_1471	PF10926.8	5.399999999999999e-135	446.6
GCA_001047445___contig_9_fragment_4_285	PF06418.14	3.1999999999999996e-132	436.0
GCA_000747585___contig_1_fragment_7_997	PF06418.14	3.299999999999999e-132	436.0
MP_BCQMy204___contig_1_fragment_2_75	PF02595.15	4.599999999999999e-127	420.3
MP_BCQMy225___contig_1_fragment_2_75	PF02595.15	4.599999999999999e-127	420.3
MP_BCQMy204___contig_2_fragment_2_100	PF17389.2	5.099999999999999e-125	413.5
MP_ONT63___contig_2_fragment_2_95	PF17389.2	5.099999999999999e-125	413.5
GCA_001047445___contig_9_fragment_1_8	PF01515.19	1.0999999999999999e-116	385.8
GCA_000747585___contig_1_fragment_2_84	PF02595.15	9.699999999999996e-98	323.8
MP_BCQMy225___contig_1_fragment_14_1454	PF05133.14	1.1e-90	301.0
MP_BCQMy204___contig_1_fragment_14_1452	PF05133.14	1.3999999999999995e-90	300.7
MP_BCQMy204___contig_1_fragment_15_1533	PF00268.21	1.0999999999999997e-89	296.9
MP_BCQMy225___contig_1_fragment_15_1530	PF00268.21	1.0999999999999997e-89	296.9
GCA_000747585___contig_1_fragment_12_1501	PF02384.16	1.8999999999999997e-89	296.3
GCA_001047515___contig_15_fragment_3_106	PF05133.14	4.299999999999999e-84	279.3
GCA_025728595___contig_14_9	PF12684.7	4.799999999999999e-79	261.7
MP_BCQMy225___contig_1_fragment_5_470	PF12684.7	4.799999999999999e-79	261.7
MP_BCQMy204___contig_1_fragment_5_470	PF12684.7	4.799999999999999e-79	261.7
GCA_025728645___contig_1_fragment_4_381	PF12684.7	4.799999999999999e-79	261.7
GCA_003462485___contig_5_3	PF00579.25	7.699999999999998e-79	261.3
GCA_003462485___contig_5_8	PF00291.25	3.1999999999999996e-77	256.1
GCA_001047515___contig_15_fragment_3_88	PF12684.7	4.499999999999999e-75	248.7
MP_BCQMy204___contig_1_fragment_14_1459	PF05272.11	2.1999999999999997e-74	245.8
GCA_001047445___contig_9_fragment_4_288	PF06908.11	1.9999999999999994e-71	235.7
GCA_000747585___contig_1_fragment_7_1000	PF06908.11	2.4999999999999996e-71	235.4
MP_BCQMy225___contig_1_fragment_14_1455	PF04466.13	2.1999999999999995e-69	229.3
MP_BCQMy204___contig_1_fragment_14_1453	PF04466.13	2.8999999999999993e-69	228.9
MP_ONT63___contig_2_fragment_2_94	PF00933.21	3.9999999999999994e-68	226.4
MP_BCQMy204___contig_2_fragment_2_99	PF00933.21	3.9999999999999994e-68	226.4
MP_BCQMy204___contig_2_fragment_2_102	PF04616.14	2.0999999999999998e-66	220.4
MP_ONT63___contig_2_fragment_2_97	PF04616.14	2.0999999999999998e-66	220.4
GCA_003462485___contig_5_2	PF00574.23	4.099999999999999e-66	218.6
GCA_000747585___contig_1_fragment_14_1599	PF02677.14	1.1999999999999998e-64	213.9
GCA_000747585___contig_1_fragment_7_999	PF03838.14	1.2999999999999998e-64	213.3
GCA_001047445___contig_9_fragment_4_287	PF03838.14	1.2999999999999998e-64	213.3
GCA_001047515___contig_15_fragment_3_108	PF06152.11	1.6e-64	214.4
MP_BCQMy204___contig_1_fragment_15_1528	PF02421.18	1.6e-64	212.4
MP_BCQMy225___contig_1_fragment_15_1525	PF02421.18	1.6e-64	212.4
MP_BCQMy225___contig_1_fragment_14_1468	PF13479.6	3.7999999999999996e-63	209.1
MP_BCQMy225___contig_1_fragment_3_329	PF05382.13	9.799999999999998e-63	206.6
MP_BCQMy204___contig_1_fragment_3_329	PF05382.13	9.799999999999998e-63	206.6
GCA_001047515___contig_15_fragment_2_59	PF05382.13	1.2e-62	206.3
MP_BCQMy204___contig_1_fragment_12_1193	PF05382.13	1.2e-62	206.3
GCA_000747585___contig_1_fragment_11_1446	PF05382.13	1.2e-62	206.3
MP_BCQMy225___contig_1_fragment_12_1195	PF05382.13	1.2e-62	206.3
MP_BCQMy204___contig_1_fragment_14_1469	PF10991.8	3.4e-61	202.5
MP_BCQMy204___contig_1_fragment_5_449	PF08282.12	2.1e-60	200.9
MP_BCQMy225___contig_1_fragment_5_449	PF08282.12	2.1e-60	200.9
GCA_001047445___contig_9_fragment_4_286	PF00912.22	2.9e-60	199.0
GCA_000747585___contig_1_fragment_7_998	PF00912.22	2.9e-60	199.0
MP_BCQMy225___contig_1_fragment_3_311	PF03354.15	6.300000000000001e-60	199.3
MP_BCQMy204___contig_1_fragment_3_311	PF03354.15	6.300000000000001e-60	199.3
MP_BCQMy225___contig_1_fragment_4_350	PF13177.6	3.4e-56	185.8
MP_BCQMy204___contig_1_fragment_4_350	PF13177.6	3.4e-56	185.8
GCA_000747585___contig_1_fragment_5_613	PF13177.6	4.7e-56	185.4
GCA_025728595___contig_19_5	PF03354.15	1.2999999999999999e-54	181.7
GCA_025728615___contig_9_28	PF03354.15	1.2999999999999999e-54	181.7
MP_BCQMy204___contig_1_fragment_11_1143	PF03354.15	1.2999999999999999e-54	181.7
MP_BCQMy225___contig_1_fragment_11_1145	PF03354.15	1.2999999999999999e-54	181.7
GCA_001047515___contig_15_fragment_3_125	PF06605.11	3.4e-54	180.5
GCA_000747585___contig_1_fragment_5_611	PF02223.17	8.400000000000001e-54	178.3
MP_BCQMy204___contig_1_fragment_4_348	PF02223.17	8.400000000000001e-54	178.3
MP_BCQMy225___contig_1_fragment_4_348	PF02223.17	8.400000000000001e-54	178.3
MP_BCQMy225___contig_1_fragment_2_78	PF13731.6	1.9000000000000001e-53	177.9
MP_BCQMy204___contig_1_fragment_2_78	PF13731.6	1.9000000000000001e-53	177.9
GCA_000747585___contig_1_fragment_2_88	PF13731.6	2.3999999999999996e-53	177.6
GCA_001047445___contig_9_fragment_1_1	PF05382.13	1.1e-52	174.1
MP_BCQMy204___contig_1_fragment_3_313	PF04586.17	1.1999999999999999e-52	174.7
MP_BCQMy225___contig_1_fragment_3_313	PF04586.17	1.1999999999999999e-52	174.7
GCA_000747585___contig_1_fragment_5_617	PF00817.20	4.7e-51	169.0
MP_BCQMy225___contig_1_fragment_4_354	PF00817.20	4.7e-51	169.0
MP_BCQMy204___contig_1_fragment_4_354	PF00817.20	4.7e-51	169.0
MP_BCQMy225___contig_1_fragment_5_482	PF03354.15	5.5e-51	169.8
MP_BCQMy204___contig_1_fragment_5_482	PF03354.15	5.5e-51	169.8
GCA_025728645___contig_1_fragment_4_370	PF03354.15	5.5e-51	169.8
MP_BCQMy225___contig_1_fragment_4_355	PF13353.6	1.1e-50	167.8
MP_BCQMy204___contig_1_fragment_4_355	PF13353.6	1.1e-50	167.8
GCA_000747585___contig_1_fragment_15_1692	PF00544.19	2.8999999999999996e-50	167.1
GCA_000747585___contig_1_fragment_5_618	PF13353.6	3.6e-50	166.2
GCA_000747585___contig_1_fragment_15_1698	PF13561.6	1.2e-49	165.3
MP_BCQMy225___contig_1_fragment_11_1123	PF16775.5	1.7e-49	162.7
MP_BCQMy204___contig_1_fragment_11_1121	PF16775.5	1.7e-49	162.7
GCA_025728595___contig_19_3	PF04586.17	2.6e-49	163.8
GCA_025728615___contig_9_30	PF04586.17	2.6e-49	163.8
MP_BCQMy204___contig_1_fragment_11_1141	PF04586.17	2.6e-49	163.8
MP_BCQMy225___contig_1_fragment_11_1143	PF04586.17	2.6e-49	163.8
GCA_001047525___contig_5_fragment_2_155	PF07314.11	4.6999999999999995e-49	163.1
GCA_001047445___contig_9_fragment_5_442	PF07314.11	4.6999999999999995e-49	163.1
GCA_001047435___contig_4_fragment_2_156	PF07314.11	4.6999999999999995e-49	163.1
GCA_000747585___contig_1_fragment_9_1224	PF07314.11	5.2e-49	163.0
MP_BCQMy204___contig_1_fragment_8_930	PF07314.11	5.3e-49	163.0
MP_BCQMy225___contig_1_fragment_8_930	PF07314.11	5.3e-49	163.0
MP_BCQMy204___contig_1_fragment_2_76	PF11797.8	2.5e-48	159.9
MP_BCQMy225___contig_1_fragment_2_76	PF11797.8	2.5e-48	159.9
GCA_001047515___contig_15_fragment_3_133	PF05382.13	3.7999999999999994e-48	159.3
GCA_001047435___contig_4_fragment_1_39	PF04586.17	5e-48	159.6
GCA_001047525___contig_5_fragment_1_39	PF04586.17	5e-48	159.6
GCA_000747585___contig_1_fragment_8_1105	PF04586.17	5e-48	159.6
MP_BCQMy225___contig_1_fragment_14_1442	PF10145.9	7.799999999999999e-48	159.2
MP_BCQMy204___contig_1_fragment_14_1440	PF10145.9	7.799999999999999e-48	159.2
GCA_001047435___contig_4_fragment_1_17	PF16775.5	8.1e-48	157.3
GCA_001047525___contig_5_fragment_1_17	PF16775.5	8.1e-48	157.3
GCA_000747585___contig_1_fragment_8_1083	PF16775.5	8.1e-48	157.3
MP_BCQMy225___contig_1_fragment_5_504	PF16775.5	8.3e-48	157.3
GCA_025728645___contig_1_fragment_4_348	PF16775.5	8.3e-48	157.3
MP_BCQMy204___contig_1_fragment_5_504	PF16775.5	8.3e-48	157.3
GCA_000747585___contig_1_fragment_2_86	PF11797.8	8.699999999999998e-48	158.1
MP_BCQMy225___contig_1_fragment_2_79	PF13731.6	1.0999999999999999e-47	159.1
MP_BCQMy204___contig_1_fragment_2_79	PF13731.6	1.0999999999999999e-47	159.1
GCA_000747585___contig_1_fragment_14_1596	PF00122.20	1.0999999999999999e-47	158.2
MP_BCQMy204___contig_1_fragment_15_1534	PF03816.14	2.7e-47	157.0
MP_BCQMy225___contig_1_fragment_15_1531	PF03816.14	2.7e-47	157.0
GCA_000747585___contig_1_fragment_2_89	PF13731.6	2.9999999999999997e-47	157.7
GCA_001047515___contig_15_fragment_1_1	PF18766.1	2.5e-46	154.4
GCA_000747585___contig_1_fragment_12_1504	PF18766.1	2.5e-46	154.4
GCA_001047525___contig_5_fragment_1_58	PF05565.11	3.3e-46	153.5
GCA_000747585___contig_1_fragment_8_1125	PF05565.11	3.3e-46	153.5
GCA_001047435___contig_4_fragment_1_58	PF05565.11	3.3e-46	153.5
GCA_025728595___contig_19_4	PF04860.12	5.999999999999999e-46	153.3
MP_BCQMy204___contig_1_fragment_11_1142	PF04860.12	6.1999999999999994e-46	153.3
GCA_025728615___contig_9_29	PF04860.12	6.1999999999999994e-46	153.3
MP_BCQMy225___contig_1_fragment_11_1144	PF04860.12	6.1999999999999994e-46	153.3
GCA_001047435___contig_4_fragment_1_40	PF04860.12	6.6e-46	153.2
GCA_001047525___contig_5_fragment_1_40	PF04860.12	6.6e-46	153.2
GCA_000747585___contig_1_fragment_8_1106	PF04860.12	6.6e-46	153.2
MP_BCQMy204___contig_1_fragment_5_483	PF04860.12	1e-45	152.6
MP_BCQMy225___contig_1_fragment_5_483	PF04860.12	1e-45	152.6
GCA_025728645___contig_1_fragment_4_369	PF04860.12	1e-45	152.6
MP_BCQMy204___contig_1_fragment_5_495	PF06605.11	1.9e-45	151.7
MP_BCQMy225___contig_1_fragment_5_495	PF06605.11	1.9e-45	151.7
GCA_025728645___contig_1_fragment_4_357	PF06605.11	1.9e-45	151.7
GCA_003462485___contig_5_5	PF05389.12	2.0999999999999996e-45	151.4
GCA_001047515___contig_15_fragment_1_14	PF08282.12	3.0999999999999995e-45	151.2
GCA_001047515___contig_15_fragment_3_77	PF00239.21	3.2e-45	150.1
MP_BCQMy204___contig_2_fragment_2_108	PF05866.11	1e-44	148.4
MP_ONT63___contig_2_fragment_2_103	PF05866.11	1e-44	148.4
GCA_001047445___contig_9_fragment_4_284	PF07553.11	1.0999999999999999e-44	146.7
GCA_000747585___contig_1_fragment_7_996	PF07553.11	1.0999999999999999e-44	146.7
GCA_001047515___contig_15_fragment_3_90	PF09681.10	1.8000000000000002e-44	146.8
GCA_001047515___contig_15_fragment_1_4	PF02384.16	2e-44	148.4
GCA_001047515___contig_15_fragment_3_115	PF11114.8	2.5e-44	146.3
GCA_025728615___contig_9_41	PF06605.11	4e-44	147.4
MP_BCQMy225___contig_1_fragment_5_452	PF07553.11	4.899999999999999e-44	144.7
MP_BCQMy204___contig_1_fragment_5_452	PF07553.11	4.899999999999999e-44	144.7
MP_BCQMy204___contig_1_fragment_1_63	PF16173.5	5.4e-44	146.0
MP_BCQMy225___contig_1_fragment_1_63	PF16173.5	5.4e-44	146.0
GCA_025728645___contig_10_5	PF02486.19	1.6999999999999998e-43	145.0
GCA_001047525___contig_5_fragment_1_26	PF06605.11	2.9999999999999996e-43	144.5
MP_BCQMy225___contig_1_fragment_4_349	PF06153.11	2.9999999999999996e-43	142.8
MP_BCQMy204___contig_1_fragment_4_349	PF06153.11	2.9999999999999996e-43	142.8
MP_BCQMy225___contig_1_fragment_11_1132	PF06605.11	2.9999999999999996e-43	144.5
GCA_001047435___contig_4_fragment_1_26	PF06605.11	2.9999999999999996e-43	144.5
GCA_000747585___contig_1_fragment_5_612	PF06153.11	2.9999999999999996e-43	142.8
GCA_000747585___contig_1_fragment_8_1092	PF06605.11	2.9999999999999996e-43	144.5
MP_BCQMy204___contig_1_fragment_11_1130	PF06605.11	2.9999999999999996e-43	144.5
GCA_001047525___contig_5_fragment_1_41	PF03354.15	5.9e-43	143.3
GCA_001047435___contig_4_fragment_1_41	PF03354.15	5.9e-43	143.3
GCA_025728615___contig_9_15	PF05565.11	9.100000000000001e-43	142.4
MP_BCQMy204___contig_1_fragment_11_1155	PF05565.11	1.6e-42	141.6
MP_BCQMy225___contig_1_fragment_11_1157	PF05565.11	1.6e-42	141.6
MP_BCQMy225___contig_1_fragment_14_1433	PF01183.20	7.099999999999998e-42	139.9
MP_BCQMy204___contig_1_fragment_14_1431	PF01183.20	2.5e-41	138.1
GCA_025728645___contig_10_18	PF00239.21	2.7e-40	134.2
MP_BCQMy204___contig_1_fragment_3_301	PF13479.6	2.9e-40	134.4
MP_BCQMy225___contig_1_fragment_3_301	PF13479.6	2.9e-40	134.4
MP_BCQMy225___contig_1_fragment_3_314	PF05065.13	2.9999999999999994e-40	134.6
MP_BCQMy204___contig_1_fragment_3_314	PF05065.13	2.9999999999999994e-40	134.6
GCA_025728645___contig_10_10	PF13614.6	7.8e-40	132.9
MP_BCQMy225___contig_1_fragment_5_469	PF03837.14	3.2e-39	130.8
MP_BCQMy204___contig_1_fragment_5_469	PF03837.14	3.2e-39	130.8
GCA_025728645___contig_1_fragment_4_382	PF03837.14	3.2e-39	130.8
GCA_025728595___contig_14_10	PF03837.14	3.2e-39	130.8
MP_BCQMy204___contig_1_fragment_12_1215	PF01042.21	5.7000000000000003e-39	129.2
MP_BCQMy225___contig_1_fragment_12_1217	PF01042.21	5.7000000000000003e-39	129.2
GCA_001047515___contig_15_fragment_2_34	PF01042.21	9.8e-39	128.4
GCA_000747585___contig_1_fragment_11_1471	PF01042.21	9.8e-39	128.4
GCA_001047515___contig_15_fragment_3_87	PF03837.14	1e-38	129.1
MP_BCQMy225___contig_1_fragment_12_1206	PF12363.8	1.1999999999999998e-38	128.3
MP_BCQMy204___contig_1_fragment_12_1204	PF12363.8	1.1999999999999998e-38	128.3
GCA_001047515___contig_15_fragment_2_46	PF12363.8	1.1999999999999998e-38	128.3
GCA_000747585___contig_1_fragment_11_1459	PF12363.8	1.1999999999999998e-38	128.3
GCA_000747585___contig_1_fragment_8_1107	PF03354.15	2.6e-38	128.0
MP_BCQMy204___contig_1_fragment_12_1199	PF10651.9	9.8e-38	125.5
MP_BCQMy225___contig_1_fragment_12_1201	PF10651.9	9.8e-38	125.5
GCA_001047445___contig_9_fragment_5_444	PF06265.11	1.4999999999999998e-37	123.8
GCA_000747585___contig_1_fragment_8_1123	PF16784.5	1.4999999999999998e-37	125.4
GCA_001047435___contig_4_fragment_1_56	PF16784.5	1.4999999999999998e-37	125.4
GCA_000747585___contig_1_fragment_9_1226	PF06265.11	1.4999999999999998e-37	123.8
GCA_001047525___contig_5_fragment_1_56	PF16784.5	1.4999999999999998e-37	125.4
GCA_001047525___contig_5_fragment_2_157	PF06265.11	1.4999999999999998e-37	123.8
MP_BCQMy204___contig_1_fragment_8_932	PF06265.11	1.4999999999999998e-37	123.8
MP_BCQMy225___contig_1_fragment_15_1528	PF07972.11	1.4999999999999998e-37	124.7
GCA_001047435___contig_4_fragment_2_158	PF06265.11	1.4999999999999998e-37	123.8
MP_BCQMy204___contig_1_fragment_15_1531	PF07972.11	1.4999999999999998e-37	124.7
MP_BCQMy225___contig_1_fragment_8_932	PF06265.11	1.4999999999999998e-37	123.8
GCA_001047515___contig_15_fragment_2_52	PF10651.9	2e-37	124.4
GCA_001047515___contig_15_fragment_3_89	PF16784.5	2.6000000000000002e-37	124.6
GCA_000747585___contig_1_fragment_11_1453	PF10651.9	9.7e-37	122.2
MP_BCQMy204___contig_1_fragment_11_1172	PF03374.14	1.1e-36	121.8
MP_BCQMy225___contig_1_fragment_11_1174	PF03374.14	1.1e-36	121.8
GCA_025728645___contig_1_fragment_4_368	PF04586.17	1.3999999999999999e-36	122.4
MP_BCQMy204___contig_1_fragment_5_484	PF04586.17	1.3999999999999999e-36	122.4
MP_BCQMy225___contig_1_fragment_5_484	PF04586.17	1.3999999999999999e-36	122.4
GCA_025728675___contig_13_3	PF03374.14	1.3999999999999999e-36	121.4
MP_BCQMy225___contig_1_fragment_11_1152	PF00436.25	2e-36	120.5
MP_BCQMy204___contig_1_fragment_11_1150	PF00436.25	2e-36	120.5
GCA_025728615___contig_9_20	PF00436.25	2e-36	120.5
GCA_001047515___contig_15_fragment_3_82	PF03374.14	2.7999999999999998e-36	120.5
MP_BCQMy225___contig_1_fragment_14_1456	PF03592.16	3.7e-36	121.0
MP_BCQMy225___contig_1_fragment_5_458	PF03374.14	4.2e-36	119.9
MP_BCQMy204___contig_1_fragment_5_458	PF03374.14	4.2e-36	119.9
MP_BCQMy204___contig_1_fragment_11_1153	PF16784.5	4.4e-36	120.6
MP_BCQMy225___contig_1_fragment_11_1155	PF16784.5	4.4e-36	120.6
GCA_025728615___contig_9_17	PF16784.5	4.4e-36	120.6
MP_BCQMy204___contig_1_fragment_14_1454	PF03592.16	4.4e-36	120.7
GCA_001047515___contig_15_fragment_3_124	PF05709.11	4.7e-36	120.8
MP_BCQMy204___contig_1_fragment_5_455	PF03374.14	6.9e-36	119.2
MP_BCQMy225___contig_1_fragment_5_455	PF03374.14	6.9e-36	119.2
MP_BCQMy204___contig_1_fragment_5_462	PF03374.14	7.099999999999998e-36	119.1
MP_BCQMy225___contig_1_fragment_5_462	PF03374.14	7.099999999999998e-36	119.1
GCA_000747585___contig_1_fragment_8_1120	PF00436.25	8.4e-36	118.5
GCA_001047435___contig_4_fragment_1_53	PF00436.25	8.4e-36	118.5
GCA_001047525___contig_5_fragment_1_53	PF00436.25	8.4e-36	118.5
GCA_001047515___contig_15_fragment_3_127	PF10651.9	8.499999999999999e-36	119.2
MP_BCQMy225___contig_1_fragment_5_474	PF00436.25	1.4e-35	117.8
MP_BCQMy204___contig_1_fragment_5_474	PF00436.25	1.4e-35	117.8
GCA_025728645___contig_1_fragment_4_377	PF00436.25	1.4e-35	117.8
GCA_025728595___contig_14_5	PF00436.25	1.4e-35	117.8
GCA_000747585___contig_1_fragment_8_1119	PF05866.11	1.6999999999999999e-35	118.6
GCA_001047435___contig_4_fragment_1_52	PF05866.11	1.6999999999999999e-35	118.6
GCA_001047525___contig_5_fragment_1_52	PF05866.11	1.6999999999999999e-35	118.6
GCA_025728595___contig_14_8	PF16784.5	2e-35	118.5
GCA_025728645___contig_1_fragment_4_380	PF16784.5	2e-35	118.5
MP_BCQMy204___contig_1_fragment_5_471	PF16784.5	2e-35	118.5
MP_BCQMy225___contig_1_fragment_5_471	PF16784.5	2e-35	118.5
GCA_000747585___contig_1_fragment_8_1089	PF10651.9	3.3999999999999997e-35	117.2
GCA_001047525___contig_5_fragment_1_23	PF10651.9	3.3999999999999997e-35	117.2
MP_BCQMy204___contig_1_fragment_11_1127	PF10651.9	3.3999999999999997e-35	117.2
MP_BCQMy225___contig_1_fragment_11_1129	PF10651.9	3.3999999999999997e-35	117.2
GCA_001047435___contig_4_fragment_1_23	PF10651.9	3.3999999999999997e-35	117.2
GCA_001047515___contig_15_fragment_3_94	PF05866.11	6.299999999999999e-35	116.7
GCA_000747585___contig_1_fragment_14_1592	PF06831.14	7.4e-35	115.2
GCA_025728645___contig_1_fragment_4_354	PF10651.9	8.2e-35	116.0
MP_BCQMy204___contig_1_fragment_5_498	PF10651.9	8.2e-35	116.0
MP_BCQMy225___contig_1_fragment_5_498	PF10651.9	8.2e-35	116.0
MP_BCQMy204___contig_1_fragment_3_324	PF10651.9	8.9e-35	115.9
MP_BCQMy225___contig_1_fragment_3_324	PF10651.9	8.9e-35	115.9
MP_BCQMy225___contig_1_fragment_11_1156	PF04404.12	3.4e-34	114.2
MP_BCQMy204___contig_1_fragment_11_1154	PF04404.12	3.4e-34	114.2
MP_BCQMy225___contig_1_fragment_14_1461	PF13481.6	5.3e-34	113.8
GCA_000747585___contig_1_fragment_3_396	PF13377.6	1.7999999999999998e-33	112.5
GCA_025728615___contig_9_16	PF04404.12	1.9e-33	111.8
GCA_025728645___contig_1_fragment_4_379	PF09681.10	2.2e-33	111.1
MP_BCQMy204___contig_1_fragment_5_472	PF09681.10	2.2e-33	111.1
GCA_025728595___contig_14_7	PF09681.10	2.2e-33	111.1
MP_BCQMy225___contig_1_fragment_5_472	PF09681.10	2.2e-33	111.1
GCA_000747585___contig_1_fragment_8_1147	PF00005.27	4.4e-33	111.0
GCA_001047435___contig_4_fragment_1_81	PF00005.27	4.4e-33	111.0
GCA_001047525___contig_5_fragment_1_81	PF00005.27	4.4e-33	111.0
MP_BCQMy225___contig_1_fragment_3_288	PF07553.11	6.7e-33	109.1
MP_BCQMy204___contig_1_fragment_3_288	PF07553.11	6.7e-33	109.1
MP_BCQMy204___contig_1_fragment_12_1200	PF18013.1	6.899999999999999e-33	110.0
MP_BCQMy225___contig_1_fragment_12_1202	PF18013.1	6.899999999999999e-33	110.0
GCA_000747585___contig_1_fragment_9_1227	PF01035.20	8.5e-33	108.7
MP_BCQMy204___contig_1_fragment_8_933	PF01035.20	8.5e-33	108.7
MP_BCQMy225___contig_1_fragment_8_933	PF01035.20	8.5e-33	108.7
GCA_001047435___contig_4_fragment_2_159	PF01035.20	8.5e-33	108.7
GCA_001047445___contig_9_fragment_5_445	PF01035.20	8.5e-33	108.7
GCA_001047525___contig_5_fragment_2_158	PF01035.20	1.1999999999999999e-32	108.2
MP_BCQMy225___contig_1_fragment_4_352	PF06156.13	1.1999999999999999e-32	108.9
MP_BCQMy204___contig_1_fragment_4_352	PF06156.13	1.1999999999999999e-32	108.9
GCA_000747585___contig_1_fragment_5_615	PF06156.13	1.1999999999999999e-32	108.9
MP_BCQMy225___contig_1_fragment_3_323	PF18013.1	1.4e-32	109.0
MP_BCQMy204___contig_1_fragment_3_323	PF18013.1	1.4e-32	109.0
GCA_001047515___contig_15_fragment_3_132	PF16938.5	1.6e-32	107.8
GCA_001047435___contig_4_fragment_1_57	PF04404.12	1.7e-32	108.7
GCA_000747585___contig_1_fragment_8_1124	PF04404.12	1.7e-32	108.7
GCA_001047525___contig_5_fragment_1_57	PF04404.12	1.7e-32	108.7
MP_BCQMy225___contig_1_fragment_12_1218	PF00005.27	1.8e-32	109.0
MP_BCQMy204___contig_1_fragment_12_1216	PF00005.27	1.8e-32	109.0
MP_BCQMy225___contig_1_fragment_2_82	PF00005.27	2.1e-32	108.8
MP_BCQMy204___contig_1_fragment_2_82	PF00005.27	2.1e-32	108.8
GCA_001047515___contig_15_fragment_2_33	PF00005.27	2.3999999999999999e-32	108.6
GCA_000747585___contig_1_fragment_11_1472	PF00005.27	2.3999999999999999e-32	108.6
GCA_000747585___contig_1_fragment_2_95	PF00005.27	2.6e-32	108.5
MP_BCQMy204___contig_1_fragment_4_351	PF04468.12	8.4e-32	105.7
MP_BCQMy225___contig_1_fragment_4_351	PF04468.12	8.4e-32	105.7
GCA_000747585___contig_1_fragment_5_614	PF04468.12	8.499999999999999e-32	105.6
GCA_001047525___contig_5_fragment_1_80	PF00589.22	9.5e-32	106.4
GCA_000747585___contig_1_fragment_8_1146	PF00589.22	9.5e-32	106.4
GCA_001047435___contig_4_fragment_1_80	PF00589.22	9.5e-32	106.4
GCA_000747585___contig_1_fragment_15_1696	PF03013.14	9.699999999999999e-32	106.0
MP_BCQMy204___contig_1_fragment_5_450	PF00589.22	1.7999999999999998e-31	105.5
MP_BCQMy225___contig_1_fragment_5_450	PF00589.22	1.7999999999999998e-31	105.5
MP_BCQMy225___contig_1_fragment_14_1479	PF00589.22	1.7999999999999998e-31	105.6
MP_BCQMy204___contig_1_fragment_14_1482	PF00589.22	2.1e-31	105.3
GCA_000747585___contig_1_fragment_11_1447	PF16938.5	2.4e-31	104.1
GCA_001047515___contig_15_fragment_2_58	PF16938.5	2.4e-31	104.1
MP_BCQMy204___contig_1_fragment_12_1194	PF16938.5	2.4e-31	104.1
MP_BCQMy225___contig_1_fragment_12_1196	PF16938.5	2.4e-31	104.1
GCA_000747585___contig_1_fragment_8_1137	PF02498.17	2.8e-31	104.4
GCA_001047435___contig_4_fragment_1_71	PF02498.17	3e-31	104.3
GCA_001047525___contig_5_fragment_1_71	PF02498.17	3e-31	104.3
MP_BCQMy204___contig_1_fragment_3_287	PF00589.22	3.1999999999999997e-31	104.7
MP_BCQMy225___contig_1_fragment_3_287	PF00589.22	3.1999999999999997e-31	104.7
MP_BCQMy225___contig_1_fragment_14_1464	PF04851.15	3.8999999999999997e-31	104.6
MP_BCQMy225___contig_1_fragment_3_328	PF16938.5	4.7e-31	103.1
MP_BCQMy204___contig_1_fragment_3_328	PF16938.5	4.7e-31	103.1
MP_BCQMy225___contig_1_fragment_11_1133	PF05709.11	5e-31	104.3
MP_BCQMy204___contig_1_fragment_11_1131	PF05709.11	5e-31	104.3
GCA_001047525___contig_5_fragment_1_27	PF05709.11	5e-31	104.3
GCA_001047435___contig_4_fragment_1_27	PF05709.11	5e-31	104.3
GCA_000747585___contig_1_fragment_8_1093	PF05709.11	5e-31	104.3
MP_BCQMy225___contig_1_fragment_5_503	PF16938.5	6.8999999999999995e-31	102.6
MP_BCQMy204___contig_1_fragment_5_503	PF16938.5	6.8999999999999995e-31	102.6
MP_BCQMy225___contig_1_fragment_2_80	PF18483.1	7.299999999999999e-31	104.0
MP_BCQMy204___contig_1_fragment_2_80	PF18483.1	7.299999999999999e-31	104.0
GCA_001047435___contig_4_fragment_1_18	PF16938.5	1.3e-30	101.7
GCA_001047525___contig_5_fragment_1_18	PF16938.5	1.3e-30	101.7
MP_BCQMy204___contig_1_fragment_11_1122	PF16938.5	1.3e-30	101.7
MP_BCQMy225___contig_1_fragment_11_1124	PF16938.5	1.3e-30	101.7
GCA_000747585___contig_1_fragment_8_1084	PF16938.5	1.3e-30	101.7
MP_BCQMy204___contig_1_fragment_11_1116	PF00589.22	3e-30	101.5
MP_BCQMy225___contig_1_fragment_11_1118	PF00589.22	3e-30	101.5
GCA_025728615___contig_9_44	PF10651.9	4.8e-30	100.5
GCA_001047515___contig_15_fragment_3_102	PF03592.16	1.2e-29	99.8
GCA_001047515___contig_15_fragment_1_7	PF01420.19	1.4999999999999998e-29	99.7
GCA_025728645___contig_1_fragment_4_358	PF05709.11	1.7000000000000001e-29	99.3
MP_BCQMy225___contig_1_fragment_5_494	PF05709.11	1.7000000000000001e-29	99.3
MP_BCQMy204___contig_1_fragment_5_494	PF05709.11	1.7000000000000001e-29	99.3
GCA_001047515___contig_15_fragment_3_121	PF06854.11	2.0000000000000002e-29	99.1
MP_BCQMy225___contig_1_fragment_15_1526	PF04023.14	2.3e-29	97.8
MP_BCQMy204___contig_1_fragment_15_1529	PF04023.14	2.3e-29	97.8
MP_BCQMy225___contig_1_fragment_3_312	PF04860.12	2.6e-29	98.7
MP_BCQMy204___contig_1_fragment_3_312	PF04860.12	2.6e-29	98.7
GCA_001047525___contig_5_fragment_1_76	PF09669.10	5.9e-29	96.8
GCA_001047435___contig_4_fragment_1_76	PF09669.10	5.9e-29	96.8
GCA_000747585___contig_1_fragment_8_1142	PF09669.10	6.7e-29	96.6
GCA_001047445___contig_9_fragment_5_438	PF00486.28	1.1999999999999999e-28	95.3
MP_BCQMy204___contig_1_fragment_8_927	PF00486.28	1.1999999999999999e-28	95.3
MP_BCQMy225___contig_1_fragment_8_927	PF00486.28	1.1999999999999999e-28	95.3
MP_BCQMy204___contig_1_fragment_8_926	PF02518.26	2.3999999999999998e-28	95.2
MP_BCQMy225___contig_1_fragment_8_926	PF02518.26	2.3999999999999998e-28	95.2
GCA_001047445___contig_9_fragment_5_437	PF02518.26	2.3999999999999998e-28	95.2
GCA_000747585___contig_1_fragment_9_1219	PF02518.26	2.3999999999999998e-28	95.2
GCA_001047445___contig_9_fragment_1_2	PF13274.6	4e-28	94.9
GCA_001047515___contig_15_fragment_3_134	PF13274.6	6.300000000000001e-28	94.3
GCA_000747585___contig_1_fragment_5_616	PF00590.20	7.6e-28	94.2
MP_BCQMy225___contig_1_fragment_4_353	PF00590.20	7.6e-28	94.2
MP_BCQMy204___contig_1_fragment_4_353	PF00590.20	7.6e-28	94.2
GCA_025728645___contig_10_14	PF03318.13	9.3e-27	90.5
GCA_000747585___contig_1_fragment_9_1220	PF00072.24	3.6000000000000007e-26	87.9
GCA_025728615___contig_9_40	PF05709.11	4e-26	88.2
GCA_001047515___contig_15_fragment_1_10	PF13419.6	1.0999999999999999e-25	87.0
MP_BCQMy225___contig_1_fragment_14_1459	PF05866.11	1.3e-25	86.7
GCA_025728645___contig_1_fragment_4_340	PF03167.19	2.9e-25	85.3
MP_BCQMy225___contig_1_fragment_4_347	PF13662.6	3e-25	84.8
MP_BCQMy204___contig_1_fragment_4_347	PF13662.6	3e-25	84.8
GCA_001047525___contig_5_fragment_2_156	PF13344.6	5.1e-25	83.9
MP_BCQMy204___contig_1_fragment_8_931	PF13344.6	5.2e-25	83.8
MP_BCQMy225___contig_1_fragment_8_931	PF13344.6	5.2e-25	83.8
GCA_001047435___contig_4_fragment_2_157	PF13344.6	5.4e-25	83.8
GCA_001047445___contig_9_fragment_5_443	PF13344.6	5.4e-25	83.8
GCA_000747585___contig_1_fragment_9_1225	PF13344.6	5.4e-25	83.8
GCA_003462485___contig_5_4	PF03960.15	1.3e-24	82.3
MP_BCQMy204___contig_1_fragment_5_485	PF05065.13	1.3e-24	83.3
GCA_025728645___contig_1_fragment_4_367	PF05065.13	1.3e-24	83.3
MP_BCQMy225___contig_1_fragment_5_485	PF05065.13	1.3e-24	83.3
MP_ONT63___contig_2_fragment_2_96	PF13419.6	1.6e-24	83.3
MP_BCQMy204___contig_2_fragment_2_101	PF13419.6	1.6e-24	83.3
GCA_000747585___contig_1_fragment_5_610	PF13662.6	1.7e-24	82.4
GCA_025728645___contig_10_1	PF07564.11	1.8999999999999998e-24	81.9
MP_BCQMy204___contig_1_fragment_14_1432	PF04531.13	2.2999999999999997e-24	82.0
MP_BCQMy225___contig_1_fragment_14_1434	PF04531.13	2.2999999999999997e-24	82.0
GCA_000747585___contig_1_fragment_8_1104	PF05065.13	2.9999999999999996e-24	82.1
GCA_001047435___contig_4_fragment_1_38	PF05065.13	2.9999999999999996e-24	82.1
GCA_001047525___contig_5_fragment_1_38	PF05065.13	2.9999999999999996e-24	82.1
GCA_001047445___contig_9_fragment_1_7	PF03167.19	3.3e-24	82.0
GCA_001047525___contig_5_fragment_1_55	PF09681.10	4.0999999999999994e-24	81.2
GCA_000747585___contig_1_fragment_8_1122	PF09681.10	4.0999999999999994e-24	81.2
GCA_001047435___contig_4_fragment_1_55	PF09681.10	4.0999999999999994e-24	81.2
GCA_001047515___contig_15_fragment_3_116	PF12691.7	1.4000000000000002e-23	80.0
GCA_000747585___contig_1_fragment_2_91	PF18483.1	1.9e-23	79.8
GCA_003462485___contig_5_10	PF05598.11	2.1e-23	78.5
MP_BCQMy204___contig_1_fragment_5_490	PF04630.12	2.3999999999999997e-23	78.8
MP_BCQMy225___contig_1_fragment_5_490	PF04630.12	2.3999999999999997e-23	78.8
GCA_025728645___contig_1_fragment_4_362	PF04630.12	2.3999999999999997e-23	78.8
MP_BCQMy225___contig_1_fragment_14_1440	PF06605.11	2.8999999999999996e-23	78.9
MP_BCQMy204___contig_1_fragment_11_1140	PF05065.13	3.6e-23	78.5
MP_BCQMy225___contig_1_fragment_11_1142	PF05065.13	3.7e-23	78.5
GCA_025728595___contig_19_2	PF05065.13	3.7e-23	78.5
GCA_025728615___contig_9_31	PF05065.13	3.7e-23	78.5
MP_BCQMy204___contig_1_fragment_14_1457	PF00176.23	5.600000000000001e-23	77.5
MP_BCQMy204___contig_1_fragment_14_1438	PF06605.11	7.899999999999999e-23	77.4
GCA_025728645___contig_1_fragment_4_349	PF16938.5	1.9999999999999999e-22	75.5
GCA_025728615___contig_9_36	PF04630.12	3.4e-22	75.0
MP_BCQMy204___contig_1_fragment_14_1466	PF00476.20	3.9e-22	75.1
MP_BCQMy225___contig_1_fragment_11_1137	PF04630.12	1.0000000000000001e-21	73.5
MP_BCQMy204___contig_1_fragment_11_1135	PF04630.12	1.0000000000000001e-21	73.5
GCA_001047515___contig_15_fragment_3_131	PF10779.9	1.5999999999999999e-21	72.6
MP_BCQMy204___contig_1_fragment_5_502	PF10779.9	3.9e-21	71.4
MP_BCQMy225___contig_1_fragment_5_502	PF10779.9	3.9e-21	71.4
GCA_025728645___contig_1_fragment_4_350	PF10779.9	3.9e-21	71.4
MP_BCQMy225___contig_1_fragment_3_327	PF10779.9	9.5e-21	70.1
MP_BCQMy204___contig_1_fragment_3_327	PF10779.9	9.5e-21	70.1
MP_BCQMy204___contig_1_fragment_11_1147	PF06114.13	9.6e-21	70.3
GCA_025728615___contig_9_23	PF06114.13	9.6e-21	70.3
MP_BCQMy225___contig_1_fragment_11_1149	PF06114.13	9.6e-21	70.3
GCA_025728615___contig_9_27	PF05119.12	1.3000000000000001e-20	70.0
MP_BCQMy204___contig_1_fragment_5_481	PF05119.12	1.3000000000000001e-20	70.0
MP_BCQMy225___contig_1_fragment_5_481	PF05119.12	1.3000000000000001e-20	70.0
GCA_001047515___contig_15_fragment_2_45	PF06199.11	1.3000000000000001e-20	70.1
GCA_025728645___contig_1_fragment_4_371	PF05119.12	1.3000000000000001e-20	70.0
MP_BCQMy225___contig_1_fragment_12_1207	PF06199.11	1.4999999999999998e-20	70.0
MP_BCQMy204___contig_1_fragment_12_1205	PF06199.11	1.4999999999999998e-20	70.0
GCA_001047525___contig_5_fragment_1_33	PF04630.12	1.7e-20	69.5
GCA_000747585___contig_1_fragment_8_1099	PF04630.12	1.7e-20	69.5
GCA_001047435___contig_4_fragment_1_33	PF04630.12	1.7e-20	69.5
MP_BCQMy225___contig_1_fragment_14_1436	PF09693.10	2.3e-20	68.7
MP_BCQMy204___contig_1_fragment_14_1434	PF09693.10	2.3e-20	68.7
MP_BCQMy225___contig_1_fragment_11_1146	PF05119.12	2.6000000000000002e-20	69.0
GCA_025728595___contig_19_6	PF05119.12	2.6000000000000002e-20	69.0
MP_BCQMy204___contig_1_fragment_11_1144	PF05119.12	2.6000000000000002e-20	69.0
GCA_000747585___contig_1_fragment_11_1460	PF06199.11	3.1e-20	69.0
GCA_000747585___contig_1_fragment_11_1456	PF05709.11	3.2000000000000003e-20	68.9
GCA_001047515___contig_15_fragment_2_49	PF05709.11	3.2000000000000003e-20	68.9
GCA_025728645___contig_10_13	PF16935.5	3.3e-20	68.2
GCA_001047515___contig_15_fragment_1_5	PF02384.16	3.6000000000000003e-20	68.7
GCA_001047515___contig_15_fragment_3_103	PF04466.13	5.4e-20	68.0
MP_ONT63___contig_2_fragment_2_91	PF03551.14	6.7e-20	67.2
MP_BCQMy204___contig_2_fragment_2_96	PF03551.14	6.7e-20	67.2
MP_BCQMy225___contig_1_fragment_14_1439	PF18667.1	8.499999999999999e-20	67.1
MP_BCQMy204___contig_1_fragment_14_1437	PF18667.1	8.499999999999999e-20	67.1
GCA_001047435___contig_4_fragment_1_43	PF05119.12	1.1000000000000002e-19	67.0
GCA_000747585___contig_1_fragment_8_1109	PF05119.12	1.1000000000000002e-19	67.0
GCA_001047525___contig_5_fragment_1_43	PF05119.12	1.1000000000000002e-19	67.0
MP_ONT63___contig_2_fragment_2_93	PF12833.7	1.5e-19	66.3
MP_BCQMy204___contig_2_fragment_2_98	PF12833.7	1.5e-19	66.3
MP_BCQMy204___contig_1_fragment_12_1201	PF05709.11	1.8e-19	66.5
MP_BCQMy225___contig_1_fragment_12_1203	PF05709.11	1.8e-19	66.5
GCA_025728645___contig_10_16	PF16935.5	2.2000000000000003e-19	65.6
MP_BCQMy225___contig_1_fragment_14_1446	PF06199.11	3.7e-19	65.5
MP_BCQMy204___contig_1_fragment_14_1444	PF06199.11	3.7e-19	65.5
GCA_000747585___contig_1_fragment_11_1455	PF18013.1	5.199999999999999e-19	65.0
GCA_001047515___contig_15_fragment_2_50	PF18013.1	5.199999999999999e-19	65.0
MP_BCQMy225___contig_1_fragment_5_501	PF09693.10	6.2e-19	64.1
GCA_025728645___contig_1_fragment_4_351	PF09693.10	6.2e-19	64.1
MP_BCQMy204___contig_1_fragment_5_501	PF09693.10	6.2e-19	64.1
GCA_001047515___contig_15_fragment_3_92	PF00436.25	7.8e-19	64.0
GCA_000747585___contig_1_fragment_15_1695	PF01432.20	8.200000000000001e-19	64.4
GCA_000747585___contig_1_fragment_12_1499	PF01420.19	1.1000000000000001e-18	64.4
GCA_025728645___contig_1_fragment_4_341	PF07927.12	1.3999999999999999e-18	63.0
GCA_001047515___contig_15_fragment_3_80	PF01381.22	2.3e-18	62.3
GCA_001047515___contig_15_fragment_3_130	PF09693.10	2.4e-18	62.2
GCA_003462485___contig_5_6	PF04138.14	8.599999999999999e-18	61.0
GCA_001047515___contig_15_fragment_3_105	PF17288.2	1.6e-17	60.6
MP_BCQMy204___contig_1_fragment_3_321	PF10145.9	2.5e-17	59.7
MP_BCQMy225___contig_1_fragment_3_321	PF10145.9	2.5e-17	59.7
GCA_000747585___contig_1_fragment_8_1086	PF09693.10	3e-17	58.7
GCA_001047435___contig_4_fragment_1_20	PF09693.10	3e-17	58.7
GCA_001047525___contig_5_fragment_1_20	PF09693.10	3e-17	58.7
MP_BCQMy204___contig_1_fragment_11_1124	PF09693.10	3e-17	58.7
MP_BCQMy225___contig_1_fragment_11_1126	PF09693.10	3e-17	58.7
GCA_025728645___contig_10_11	PF17363.2	1e-16	57.2
GCA_000747585___contig_1_fragment_2_85	PF02595.15	1e-16	57.2
GCA_000747585___contig_1_fragment_15_1691	PF04892.12	1.1000000000000001e-16	58.0
GCA_025728645___contig_10_19	PF16935.5	2.2000000000000002e-16	56.0
GCA_000747585___contig_1_fragment_14_1595	PF05043.13	3.3e-16	56.0
MP_BCQMy225___contig_1_fragment_1_60	PF01381.22	3.9e-16	55.2
MP_BCQMy204___contig_1_fragment_1_60	PF01381.22	3.9e-16	55.2
GCA_025728595___contig_43_1	PF04630.12	6.3e-16	54.6
MP_BCQMy204___contig_1_fragment_12_1209	PF13229.6	1.9e-15	53.4
GCA_001047515___contig_15_fragment_2_41	PF13229.6	1.9e-15	53.4
MP_BCQMy225___contig_1_fragment_12_1211	PF13229.6	1.9e-15	53.4
MP_BCQMy225___contig_1_fragment_15_1527	PF00462.24	1.9999999999999998e-15	53.1
MP_BCQMy204___contig_1_fragment_15_1530	PF00462.24	1.9999999999999998e-15	53.1
MP_BCQMy204___contig_1_fragment_5_447	PF00583.25	2.9e-15	52.8
MP_BCQMy225___contig_1_fragment_5_447	PF00583.25	2.9e-15	52.8
GCA_000747585___contig_1_fragment_2_92	PF07523.12	3.4e-15	52.4
MP_ONT63___contig_2_fragment_2_90	PF08006.11	5.1e-15	51.8
MP_BCQMy204___contig_2_fragment_2_95	PF08006.11	5.1e-15	51.8
GCA_001047515___contig_15_fragment_3_114	PF10665.9	1.1e-14	50.8
GCA_001047515___contig_15_fragment_1_15	PF06486.11	1.1e-14	51.2
MP_BCQMy225___contig_1_fragment_3_298	PF00176.23	1.2e-14	50.0
MP_BCQMy204___contig_1_fragment_3_298	PF00176.23	1.2e-14	50.0
GCA_000747585___contig_1_fragment_8_1079	PF10097.9	1.5999999999999998e-14	49.9
GCA_001047435___contig_4_fragment_1_13	PF10097.9	1.5999999999999998e-14	49.9
GCA_001047525___contig_5_fragment_1_13	PF10097.9	1.5999999999999998e-14	49.9
MP_BCQMy204___contig_1_fragment_11_1176	PF01381.22	1.9e-14	49.8
MP_BCQMy225___contig_1_fragment_11_1178	PF01381.22	1.9e-14	49.8
GCA_025728635___contig_27_3	PF14213.6	2.1000000000000002e-14	49.3
MP_BCQMy204___contig_1_fragment_1_61	PF00132.24	2.2e-14	48.9
MP_BCQMy225___contig_1_fragment_1_61	PF00132.24	2.2e-14	48.9
GCA_000747585___contig_1_fragment_2_96	PF07242.11	4.5000000000000004e-14	48.9
GCA_001047515___contig_15_fragment_3_109	PF06810.11	7e-14	48.2
MP_BCQMy204___contig_1_fragment_1_59	PF07853.11	9.2e-14	47.2
MP_BCQMy225___contig_1_fragment_1_59	PF07853.11	9.2e-14	47.2
GCA_001047435___contig_4_fragment_1_66	PF08346.12	1.1e-13	47.9
GCA_001047525___contig_5_fragment_1_66	PF08346.12	1.1e-13	47.9
GCA_000747585___contig_1_fragment_8_1133	PF08346.12	1.1e-13	47.9
GCA_000747585___contig_1_fragment_8_1139	PF00717.23	1.9e-13	46.5
GCA_001047435___contig_4_fragment_1_73	PF00717.23	2e-13	46.4
GCA_001047525___contig_5_fragment_1_73	PF00717.23	2e-13	46.4
MP_BCQMy204___contig_1_fragment_14_1442	PF12363.8	2.3e-13	46.8
MP_BCQMy225___contig_1_fragment_14_1444	PF12363.8	2.3e-13	46.8
MP_BCQMy204___contig_1_fragment_11_1177	PF00717.23	2.4e-13	46.2
MP_BCQMy225___contig_1_fragment_11_1179	PF00717.23	2.4e-13	46.2
GCA_001047435___contig_4_fragment_2_160	PF10031.9	3.6000000000000003e-13	45.7
MP_BCQMy225___contig_1_fragment_8_934	PF10031.9	3.6000000000000003e-13	45.7
GCA_001047445___contig_9_fragment_5_446	PF10031.9	3.6000000000000003e-13	45.7
GCA_000747585___contig_1_fragment_9_1228	PF10031.9	3.6000000000000003e-13	45.7
MP_BCQMy204___contig_1_fragment_8_934	PF10031.9	3.6000000000000003e-13	45.7
GCA_001047525___contig_5_fragment_2_159	PF10031.9	3.6000000000000003e-13	45.7
MP_BCQMy204___contig_1_fragment_5_453	PF12844.7	5.2e-13	45.1
MP_BCQMy225___contig_1_fragment_5_453	PF12844.7	5.2e-13	45.1
GCA_000747585___contig_1_fragment_11_1464	PF13229.6	5.9e-13	45.3
GCA_000747585___contig_1_fragment_14_1598	PF01381.22	1.3000000000000001e-12	44.0
GCA_001047515___contig_15_fragment_3_76	PF07508.13	2.2e-12	43.6
MP_BCQMy204___contig_1_fragment_2_83	PF07242.11	2.7000000000000002e-12	43.1
MP_BCQMy225___contig_1_fragment_2_83	PF07242.11	2.7000000000000002e-12	43.1
MP_BCQMy225___contig_1_fragment_3_309	PF01844.23	3.3e-12	42.7
MP_BCQMy204___contig_1_fragment_3_309	PF01844.23	3.3e-12	42.7
MP_BCQMy204___contig_1_fragment_12_1213	PF00717.23	3.5e-12	42.5
MP_BCQMy225___contig_1_fragment_12_1215	PF00717.23	3.5e-12	42.5
GCA_000747585___contig_1_fragment_11_1469	PF00717.23	3.5e-12	42.5
GCA_001047515___contig_15_fragment_2_36	PF00717.23	3.5e-12	42.5
MP_BCQMy225___contig_1_fragment_15_1522	PF13443.6	3.9e-12	42.8
MP_BCQMy204___contig_1_fragment_15_1525	PF13443.6	3.9e-12	42.8
MP_BCQMy225___contig_1_fragment_14_1469	PF13175.6	4e-12	42.8
MP_BCQMy225___contig_1_fragment_5_486	PF05135.13	5.3e-12	42.5
GCA_025728645___contig_1_fragment_4_366	PF05135.13	5.3e-12	42.5
MP_BCQMy204___contig_1_fragment_5_486	PF05135.13	5.3e-12	42.5
GCA_001047515___contig_15_fragment_3_107	PF06152.11	8.6e-12	40.9
GCA_000747585___contig_1_fragment_15_1690	PF01476.20	1.0000000000000001e-11	41.1
GCA_001047515___contig_15_fragment_1_3	PF12161.8	1.2999999999999999e-11	41.6
GCA_000747585___contig_1_fragment_12_1502	PF12161.8	1.2999999999999999e-11	41.6
GCA_000747585___contig_1_fragment_8_1145	PF01381.22	1.5e-11	40.5
GCA_001047435___contig_4_fragment_1_79	PF01381.22	1.7e-11	40.4
GCA_001047525___contig_5_fragment_1_79	PF01381.22	1.7e-11	40.4
GCA_001047515___contig_15_fragment_3_81	PF01381.22	1.8e-11	40.3
GCA_000747585___contig_1_fragment_15_1697	PF09954.9	1.8e-11	40.3
GCA_000747585___contig_1_fragment_8_1103	PF05135.13	2.5e-11	40.3
GCA_001047435___contig_4_fragment_1_37	PF05135.13	2.8999999999999997e-11	40.1
GCA_001047525___contig_5_fragment_1_37	PF05135.13	2.8999999999999997e-11	40.1
GCA_003966875___contig_1_fragment_12_1238	PF13597.6	5.199999999999998e-182	602.0
GCA_025728645___contig_35_fragment_2_100	PF13597.6	5.199999999999998e-182	602.0
GCA_001047525___contig_8_fragment_2_17	PF00476.20	6.099999999999998e-157	518.0
GCA_001047545___contig_10_fragment_4_225	PF00476.20	6.099999999999998e-157	518.0
GCA_001047595___contig_10_fragment_6_285	PF00476.20	6.099999999999998e-157	518.0
GCA_014202715___contig_2_fragment_2_170	PF00476.20	6.099999999999998e-157	518.0
GCA_003966875___contig_1_fragment_7_728	PF05833.11	1.4999999999999995e-150	497.4
GCA_001047545___contig_7_fragment_2_153	PF05833.11	3.7999999999999996e-149	492.8
GCA_025728645___contig_21_fragment_1_179	PF02867.15	9.199999999999997e-140	462.1
GCA_003966875___contig_1_fragment_13_1310	PF02867.15	9.199999999999997e-140	462.1
GCA_001047515___contig_11_fragment_4_434	PF06418.14	1.8999999999999992e-132	436.0
MP_BCQMy224___contig_3_5	PF07564.11	7.699999999999998e-128	412.5
GCA_025728635___contig_39_fragment_2_103	PF02595.15	2.699999999999999e-127	420.3
GCA_003966875___contig_1_fragment_2_75	PF02595.15	2.699999999999999e-127	420.3
MP_BC9___contig_2_fragment_2_100	PF17389.2	2.999999999999999e-125	413.5
GCA_025728695___contig_56_fragment_1_5	PF02595.15	4.5999999999999993e-125	412.9
GCA_009731445___contig_2_fragment_3_102	PF17389.2	2.2999999999999993e-124	410.6
GCA_001047515___contig_11_fragment_1_106	PF03668.15	6.099999999999997e-113	372.3
MP_AB35___contig_3_6	PF07564.11	1.1999999999999997e-107	347.8
GCA_001047515___contig_11_fragment_1_107	PF01933.18	1.2999999999999996e-99	328.7
GCA_025728645___contig_21_fragment_1_178	PF00268.21	6.499999999999999e-90	296.9
GCA_003966875___contig_1_fragment_13_1311	PF00268.21	6.499999999999999e-90	296.9
GCA_001047545___contig_10_fragment_2_132	PF02384.16	1.0999999999999997e-89	296.3
GCA_001047435___contig_7_fragment_2_132	PF02384.16	1.0999999999999997e-89	296.3
GCA_001047515___contig_11_fragment_1_110	PF00574.23	6.599999999999999e-88	288.9
GCA_001047595___contig_10_fragment_2_87	PF05133.14	2.6e-84	279.3
GCA_014202715___contig_2_fragment_6_366	PF05133.14	4.0999999999999996e-84	278.6
GCA_014202715___contig_2_fragment_6_348	PF12684.7	2.7e-75	248.7
GCA_001047595___contig_10_fragment_2_106	PF12684.7	2.7e-75	248.7
GCA_001047515___contig_11_fragment_4_437	PF06908.11	1.1999999999999997e-71	235.7
GCA_014202715___contig_2_fragment_4_256	PF01458.17	4.699999999999999e-71	234.5
MP_BC9___contig_2_fragment_2_99	PF00933.21	2.3999999999999995e-68	226.4
GCA_009731445___contig_2_fragment_3_101	PF00933.21	2.3999999999999995e-68	226.4
MP_BC9___contig_2_fragment_2_102	PF04616.14	1.1999999999999999e-66	220.4
GCA_001047595___contig_10_fragment_2_85	PF06152.11	5.799999999999999e-65	215.1
GCA_014202715___contig_2_fragment_6_368	PF06152.11	5.799999999999999e-65	215.1
GCA_014202715___contig_2_fragment_2_164	PF02677.14	7.099999999999999e-65	213.9
GCA_001047545___contig_10_fragment_4_231	PF02677.14	7.099999999999999e-65	213.9
GCA_001047525___contig_8_fragment_2_23	PF02677.14	7.099999999999999e-65	213.9
GCA_001047595___contig_10_fragment_6_291	PF02677.14	7.099999999999999e-65	213.9
GCA_001047515___contig_11_fragment_4_436	PF03838.14	7.599999999999999e-65	213.3
GCA_003966875___contig_1_fragment_13_1306	PF02421.18	9.799999999999998e-65	212.4
GCA_025728645___contig_21_fragment_1_183	PF02421.18	9.799999999999998e-65	212.4
GCA_025728645___contig_35_fragment_3_127	PF05382.13	5.8e-63	206.6
GCA_001047595___contig_10_fragment_3_135	PF05382.13	7.299999999999999e-63	206.3
GCA_001047545___contig_10_fragment_1_76	PF05382.13	7.299999999999999e-63	206.3
GCA_001047435___contig_7_fragment_1_77	PF05382.13	7.299999999999999e-63	206.3
GCA_003966875___contig_1_fragment_4_526	PF05382.13	7.299999999999999e-63	206.3
GCA_014202715___contig_2_fragment_5_318	PF05382.13	7.299999999999999e-63	206.3
GCA_025728645___contig_35_fragment_1_7	PF08282.12	1.3000000000000002e-60	200.9
GCA_001047515___contig_11_fragment_4_435	PF00912.22	1.6999999999999998e-60	199.0
GCA_001047515___contig_11_fragment_1_114	PF04552.13	6.3e-57	187.3
GCA_003966875___contig_1_fragment_12_1244	PF13177.6	2e-56	185.8
GCA_025728645___contig_35_fragment_2_106	PF13177.6	2e-56	185.8
GCA_014202715___contig_2_fragment_6_383	PF06605.11	1.9999999999999998e-54	180.5
GCA_001047595___contig_10_fragment_2_69	PF06605.11	1.9999999999999998e-54	180.5
GCA_003966875___contig_1_fragment_12_1246	PF02223.17	5e-54	178.3
GCA_025728645___contig_35_fragment_2_108	PF02223.17	5e-54	178.3
GCA_025728695___contig_56_fragment_1_8	PF13731.6	1.0999999999999999e-53	177.9
GCA_025728635___contig_39_fragment_2_106	PF13731.6	1.0999999999999999e-53	177.9
GCA_003966875___contig_1_fragment_2_79	PF13731.6	1.0999999999999999e-53	177.9
GCA_025728645___contig_35_fragment_2_102	PF00817.20	2.8e-51	169.0
GCA_003966875___contig_1_fragment_12_1240	PF00817.20	2.8e-51	169.0
GCA_025728645___contig_35_fragment_2_101	PF13353.6	6.499999999999999e-51	167.8
GCA_003966875___contig_1_fragment_12_1239	PF13353.6	6.499999999999999e-51	167.8
GCA_001047545___contig_10_fragment_5_324	PF00544.19	1.7e-50	167.1
GCA_001047525___contig_8_fragment_3_116	PF00544.19	1.7e-50	167.1
GCA_001047525___contig_8_fragment_3_122	PF13561.6	7.5e-50	165.2
GCA_001047545___contig_10_fragment_5_330	PF13561.6	7.5e-50	165.2
GCA_014202715___contig_2_fragment_1_64	PF13561.6	7.5e-50	165.2
GCA_025728675___contig_11_10	PF04586.17	1.6e-49	163.8
GCA_014202715___contig_2_fragment_6_391	PF05382.13	1.7e-49	162.9
GCA_001047595___contig_10_fragment_2_61	PF05382.13	1.7e-49	162.9
GCA_014202715___contig_2_fragment_1_70	PF00544.19	2.3e-49	163.4
GCA_001047545___contig_7_fragment_2_155	PF07314.11	2.8000000000000004e-49	163.1
GCA_003966875___contig_1_fragment_7_727	PF07314.11	3.2e-49	163.0
GCA_025728695___contig_56_fragment_1_6	PF11797.8	1.5e-48	159.9
GCA_025728635___contig_39_fragment_2_104	PF11797.8	1.5e-48	159.9
GCA_001047545___contig_7_fragment_1_39	PF04586.17	3e-48	159.6
GCA_001047525___contig_8_fragment_1_4	PF13604.6	4.2999999999999994e-48	159.1
GCA_001047545___contig_10_fragment_3_212	PF13604.6	4.2999999999999994e-48	159.1
GCA_001047595___contig_10_fragment_5_271	PF13604.6	4.2999999999999994e-48	159.1
GCA_014202715___contig_2_fragment_3_184	PF13604.6	4.2999999999999994e-48	159.1
GCA_001047545___contig_7_fragment_1_17	PF16775.5	4.8e-48	157.3
GCA_025728635___contig_39_fragment_2_107	PF13731.6	6.4e-48	159.1
GCA_003966875___contig_1_fragment_2_80	PF13731.6	6.4e-48	159.1
GCA_025728695___contig_56_fragment_1_9	PF13731.6	6.4e-48	159.1
GCA_001047545___contig_10_fragment_4_228	PF00122.20	6.499999999999999e-48	158.2
GCA_001047595___contig_10_fragment_6_288	PF00122.20	6.499999999999999e-48	158.2
GCA_014202715___contig_2_fragment_2_167	PF00122.20	6.499999999999999e-48	158.2
GCA_001047525___contig_8_fragment_2_20	PF00122.20	6.499999999999999e-48	158.2
GCA_025728645___contig_21_fragment_1_177	PF03816.14	1.6e-47	157.0
GCA_003966875___contig_1_fragment_13_1312	PF03816.14	1.6e-47	157.0
GCA_001047595___contig_10_fragment_4_193	PF18766.1	7.800000000000001e-47	155.3
GCA_001047435___contig_7_fragment_2_135	PF18766.1	1.4999999999999997e-46	154.4
GCA_001047545___contig_10_fragment_2_135	PF18766.1	1.4999999999999997e-46	154.4
GCA_014202715___contig_2_fragment_4_260	PF18766.1	1.4999999999999997e-46	154.4
GCA_001047545___contig_7_fragment_1_58	PF05565.11	2e-46	153.5
GCA_025728675___contig_11_11	PF04860.12	3.7000000000000006e-46	153.3
GCA_001047545___contig_7_fragment_1_40	PF04860.12	3.8999999999999995e-46	153.2
GCA_014202715___contig_2_fragment_4_273	PF08282.12	4.299999999999999e-46	153.2
GCA_001047545___contig_10_fragment_2_123	PF08282.12	4.299999999999999e-46	153.2
GCA_001047595___contig_10_fragment_4_179	PF08282.12	5.1e-46	153.0
GCA_001047595___contig_10_fragment_2_117	PF00239.21	1.9e-45	150.1
GCA_014202715___contig_2_fragment_6_337	PF00239.21	1.9e-45	150.1
GCA_001047595___contig_10_fragment_2_104	PF09681.10	2.8e-45	148.7
MP_BC9___contig_2_fragment_2_108	PF05866.11	5.9e-45	148.4
GCA_001047515___contig_11_fragment_4_433	PF07553.11	6.8e-45	146.7
GCA_014202715___contig_2_fragment_4_263	PF02384.16	1.1999999999999998e-44	148.4
GCA_001047595___contig_10_fragment_4_189	PF02384.16	1.1999999999999998e-44	148.4
GCA_025728675___contig_26_5	PF16775.5	1.3999999999999998e-44	146.2
GCA_001047595___contig_10_fragment_2_78	PF11114.8	1.4999999999999999e-44	146.3
GCA_009731445___contig_2_fragment_3_113	PF05866.11	1.4999999999999999e-44	147.1
GCA_014202715___contig_2_fragment_6_375	PF11114.8	1.4999999999999999e-44	146.3
GCA_025728645___contig_35_fragment_1_4	PF07553.11	2.9e-44	144.7
GCA_025728635___contig_39_fragment_1_91	PF16173.5	3.2e-44	146.0
GCA_003966875___contig_1_fragment_1_63	PF16173.5	3.2e-44	146.0
GCA_003966875___contig_1_fragment_2_76	PF06030.12	3.7e-44	145.2
MP_BCQMy224___contig_3_1	PF02486.19	1.1999999999999999e-43	144.7
MP_AB35___contig_3_1	PF02486.19	1.1999999999999999e-43	144.7
GCA_025728645___contig_35_fragment_2_107	PF06153.11	1.8e-43	142.8
GCA_001047545___contig_7_fragment_1_26	PF06605.11	1.8e-43	144.5
GCA_001047545___contig_7_fragment_1_41	PF03354.15	3.5e-43	143.3
GCA_014202715___contig_2_fragment_2_161	PF00689.21	3.6e-43	142.9
GCA_009731445___contig_2_fragment_3_106	PF04616.14	1.8e-42	141.1
GCA_003966875___contig_1_fragment_12_1245	PF06153.11	2.3e-42	139.2
GCA_001047525___contig_8_fragment_1_5	PF00300.22	2.2999999999999996e-41	137.2
GCA_001047595___contig_10_fragment_5_272	PF00300.22	2.2999999999999996e-41	137.2
GCA_001047545___contig_10_fragment_3_213	PF00300.22	2.2999999999999996e-41	137.2
GCA_014202715___contig_2_fragment_3_183	PF00300.22	2.2999999999999996e-41	137.2
GCA_001047595___contig_10_fragment_2_73	PF06854.11	2.3999999999999997e-41	137.1
GCA_014202715___contig_2_fragment_6_379	PF06854.11	2.3999999999999997e-41	137.1
MP_BCQMy224___contig_3_7	PF00239.21	1.6e-40	134.2
MP_AB35___contig_3_8	PF00239.21	1.6e-40	134.2
MP_AB35___contig_3_14	PF13614.6	4.599999999999999e-40	132.9
MP_BCQMy224___contig_3_13	PF13614.6	4.599999999999999e-40	132.9
GCA_001047515___contig_11_fragment_1_108	PF14527.6	2.5e-39	128.9
GCA_003966875___contig_1_fragment_4_504	PF01042.21	3.399999999999999e-39	129.2
GCA_014202715___contig_2_fragment_2_162	PF01595.20	5.5e-39	129.2
GCA_001047545___contig_10_fragment_1_102	PF01042.21	5.799999999999999e-39	128.4
GCA_014202715___contig_2_fragment_5_293	PF01042.21	5.799999999999999e-39	128.4
GCA_001047435___contig_7_fragment_1_102	PF01042.21	5.799999999999999e-39	128.4
GCA_001047595___contig_10_fragment_3_159	PF01042.21	5.799999999999999e-39	128.4
GCA_014202715___contig_2_fragment_6_347	PF03837.14	6.2e-39	129.1
GCA_001047595___contig_10_fragment_2_107	PF03837.14	6.2e-39	129.1
GCA_014202715___contig_2_fragment_5_305	PF12363.8	6.899999999999999e-39	128.3
GCA_001047435___contig_7_fragment_1_90	PF12363.8	6.899999999999999e-39	128.3
GCA_001047595___contig_10_fragment_3_148	PF12363.8	6.899999999999999e-39	128.3
GCA_003966875___contig_1_fragment_4_515	PF12363.8	6.899999999999999e-39	128.3
GCA_001047545___contig_10_fragment_1_89	PF12363.8	6.899999999999999e-39	128.3
GCA_003966875___contig_1_fragment_4_520	PF10651.9	5.799999999999999e-38	125.5
GCA_001047595___contig_10_fragment_5_275	PF13641.6	7.499999999999999e-38	126.2
GCA_001047545___contig_10_fragment_3_216	PF13641.6	7.499999999999999e-38	126.2
GCA_014202715___contig_2_fragment_3_180	PF13641.6	7.499999999999999e-38	126.2
GCA_001047525___contig_8_fragment_1_8	PF13641.6	7.499999999999999e-38	126.2
GCA_001047545___contig_7_fragment_1_56	PF16784.5	8.9e-38	125.4
GCA_003966875___contig_1_fragment_7_725	PF06265.11	9e-38	123.8
GCA_001047545___contig_7_fragment_2_157	PF06265.11	9e-38	123.8
GCA_025728645___contig_21_fragment_1_180	PF07972.11	9e-38	124.7
GCA_003966875___contig_1_fragment_13_1309	PF07972.11	9e-38	124.7
GCA_014202715___contig_2_fragment_5_311	PF10651.9	1.2e-37	124.4
GCA_001047595___contig_10_fragment_3_142	PF10651.9	1.2e-37	124.4
GCA_014202715___contig_2_fragment_6_349	PF16784.5	1.4999999999999998e-37	124.6
GCA_001047595___contig_10_fragment_2_105	PF16784.5	1.4999999999999998e-37	124.6
GCA_001047545___contig_10_fragment_1_83	PF10651.9	5.799999999999999e-37	122.2
GCA_001047435___contig_7_fragment_1_84	PF10651.9	5.799999999999999e-37	122.2
GCA_014202715___contig_2_fragment_6_342	PF03374.14	1.6e-36	120.5
GCA_001047595___contig_10_fragment_2_112	PF03374.14	1.6e-36	120.5
GCA_014202715___contig_2_fragment_6_382	PF05709.11	2.7999999999999998e-36	120.8
GCA_001047595___contig_10_fragment_2_70	PF05709.11	2.7999999999999998e-36	120.8
GCA_001047545___contig_7_fragment_1_53	PF00436.25	5e-36	118.5
GCA_014202715___contig_2_fragment_6_385	PF10651.9	5e-36	119.2
GCA_001047595___contig_10_fragment_2_67	PF10651.9	5e-36	119.2
GCA_001047545___contig_7_fragment_1_52	PF05866.11	1e-35	118.6
GCA_001047545___contig_7_fragment_1_23	PF10651.9	2e-35	117.2
GCA_001047595___contig_10_fragment_2_99	PF05866.11	3.7e-35	116.7
GCA_014202715___contig_2_fragment_6_354	PF05866.11	3.7e-35	116.7
GCA_001047545___contig_10_fragment_4_224	PF06831.14	4.4e-35	115.2
GCA_001047525___contig_8_fragment_2_16	PF06831.14	4.4e-35	115.2
GCA_001047595___contig_10_fragment_6_284	PF06831.14	4.4e-35	115.2
GCA_001047525___contig_8_fragment_1_2	PF06177.11	1.4999999999999998e-34	115.0
GCA_001047595___contig_10_fragment_5_269	PF06177.11	1.4999999999999998e-34	115.0
GCA_014202715___contig_2_fragment_3_186	PF06177.11	1.4999999999999998e-34	115.0
GCA_001047545___contig_10_fragment_3_210	PF06177.11	1.4999999999999998e-34	115.0
GCA_001047545___contig_7_fragment_1_81	PF00005.27	2.6e-33	111.0
GCA_025728645___contig_35_fragment_1_1	PF03374.14	3.3e-33	109.8
GCA_025728675___contig_23_6	PF07553.11	4e-33	109.1
GCA_003966875___contig_1_fragment_4_519	PF18013.1	4.099999999999999e-33	110.0
GCA_001047545___contig_7_fragment_2_158	PF01035.20	4.9999999999999996e-33	108.7
GCA_003966875___contig_1_fragment_7_724	PF01035.20	4.9999999999999996e-33	108.7
GCA_003966875___contig_1_fragment_12_1242	PF06156.13	7e-33	108.9
GCA_025728645___contig_35_fragment_2_104	PF06156.13	7e-33	108.9
GCA_001047595___contig_10_fragment_2_62	PF16938.5	9.499999999999999e-33	107.8
GCA_014202715___contig_2_fragment_6_390	PF16938.5	9.499999999999999e-33	107.8
GCA_001047545___contig_7_fragment_1_57	PF04404.12	9.999999999999999e-33	108.7
GCA_003966875___contig_1_fragment_4_503	PF00005.27	1.1e-32	109.0
GCA_003966875___contig_1_fragment_2_83	PF00005.27	1.3e-32	108.8
GCA_025728695___contig_56_fragment_1_13	PF00005.27	1.3e-32	108.8
GCA_025728635___contig_39_fragment_2_110	PF00005.27	1.3e-32	108.8
GCA_014202715___contig_2_fragment_5_292	PF00005.27	1.4e-32	108.6
GCA_001047545___contig_10_fragment_1_103	PF00005.27	1.4e-32	108.6
GCA_001047435___contig_7_fragment_1_103	PF00005.27	1.4e-32	108.6
GCA_001047595___contig_10_fragment_3_160	PF00005.27	1.4e-32	108.6
GCA_001047525___contig_8_fragment_1_1	PF02776.18	1.5e-32	108.1
GCA_003966875___contig_1_fragment_12_1243	PF04468.12	4.999999999999999e-32	105.7
GCA_025728645___contig_35_fragment_2_105	PF04468.12	4.999999999999999e-32	105.7
GCA_001047545___contig_7_fragment_1_80	PF00589.22	5.7e-32	106.4
GCA_001047525___contig_8_fragment_3_120	PF03013.14	5.8e-32	106.0
GCA_001047545___contig_10_fragment_5_328	PF03013.14	5.8e-32	106.0
GCA_014202715___contig_2_fragment_1_66	PF03013.14	5.8e-32	106.0
GCA_025728645___contig_35_fragment_1_6	PF00589.22	1.1e-31	105.5
GCA_014202715___contig_2_fragment_5_317	PF16938.5	1.4e-31	104.1
GCA_003966875___contig_1_fragment_4_525	PF16938.5	1.4e-31	104.1
GCA_001047595___contig_10_fragment_3_136	PF16938.5	1.4e-31	104.1
GCA_001047545___contig_10_fragment_1_77	PF16938.5	1.4e-31	104.1
GCA_001047435___contig_7_fragment_1_78	PF16938.5	1.4e-31	104.1
GCA_001047545___contig_7_fragment_1_71	PF02498.17	1.7999999999999998e-31	104.3
GCA_025728645___contig_35_fragment_3_128	PF16938.5	2.8e-31	103.1
GCA_001047545___contig_7_fragment_1_27	PF05709.11	2.8999999999999996e-31	104.3
GCA_025728635___contig_39_fragment_2_108	PF18483.1	4.3e-31	104.0
GCA_025728695___contig_56_fragment_1_10	PF18483.1	4.3e-31	104.0
GCA_003966875___contig_1_fragment_2_81	PF18483.1	4.3e-31	104.0
GCA_001047545___contig_7_fragment_1_18	PF16938.5	7.9e-31	101.7
GCA_025728675___contig_26_4	PF16938.5	7.9e-31	101.7
GCA_014202715___contig_2_fragment_6_362	PF03592.16	1.3e-30	102.2
GCA_001047595___contig_10_fragment_2_91	PF03592.16	1.3e-30	102.2
GCA_014202715___contig_2_fragment_4_266	PF01420.19	8.7e-30	99.7
GCA_001047595___contig_10_fragment_4_186	PF01420.19	8.7e-30	99.7
GCA_014202715___contig_2_fragment_4_255	PF01592.16	1.3e-29	98.5
GCA_025728645___contig_21_fragment_1_182	PF04023.14	1.4e-29	97.8
GCA_003966875___contig_1_fragment_13_1307	PF04023.14	1.4e-29	97.8
GCA_001047545___contig_10_fragment_3_215	PF03170.13	1.9e-29	98.0
GCA_001047525___contig_8_fragment_1_7	PF03170.13	1.9e-29	98.0
GCA_014202715___contig_2_fragment_3_181	PF03170.13	2.1e-29	97.8
GCA_001047595___contig_10_fragment_5_274	PF03170.13	2.4e-29	97.7
GCA_001047545___contig_7_fragment_1_76	PF09669.10	3.5e-29	96.8
GCA_003966875___contig_1_fragment_7_730	PF00486.28	7.200000000000001e-29	95.3
GCA_001047515___contig_11_fragment_1_109	PF13462.6	8.000000000000001e-29	96.5
GCA_003966875___contig_1_fragment_7_731	PF02518.26	1.4999999999999998e-28	95.2
GCA_001047595___contig_10_fragment_2_60	PF13274.6	3.8e-28	94.3
GCA_014202715___contig_2_fragment_6_392	PF13274.6	3.8e-28	94.3
GCA_025728645___contig_35_fragment_2_103	PF00590.20	4.5e-28	94.2
GCA_003966875___contig_1_fragment_12_1241	PF00590.20	4.5e-28	94.2
MP_AB35___contig_3_11	PF03318.13	5.4999999999999995e-27	90.5
MP_BCQMy224___contig_3_10	PF03318.13	5.4999999999999995e-27	90.5
GCA_014202715___contig_2_fragment_4_269	PF13419.6	6.8e-26	87.0
GCA_001047595___contig_10_fragment_4_183	PF13419.6	6.8e-26	87.0
GCA_001047545___contig_10_fragment_2_127	PF13419.6	6.8e-26	87.0
GCA_001047545___contig_7_fragment_2_156	PF13344.6	3e-25	83.9
GCA_003966875___contig_1_fragment_7_726	PF13344.6	3.1e-25	83.8
GCA_003966875___contig_1_fragment_2_77	PF11797.8	3.4000000000000005e-25	84.2
MP_BC9___contig_2_fragment_2_101	PF13419.6	9.300000000000001e-25	83.3
GCA_009731445___contig_2_fragment_3_104	PF13419.6	9.300000000000001e-25	83.3
GCA_001047545___contig_7_fragment_1_38	PF05065.13	1.8e-24	82.1
GCA_001047545___contig_7_fragment_1_55	PF09681.10	2.4e-24	81.2
GCA_014202715___contig_2_fragment_6_376	PF12691.7	8.199999999999999e-24	80.0
GCA_001047595___contig_10_fragment_2_77	PF12691.7	8.199999999999999e-24	80.0
GCA_025728675___contig_11_9	PF05065.13	2.2000000000000002e-23	78.5
GCA_001047515___contig_11_fragment_1_112	PF02627.20	3.4e-22	73.9
GCA_025728675___contig_11_4	PF04630.12	6.1000000000000005e-22	73.5
GCA_001047595___contig_10_fragment_2_63	PF10779.9	9.699999999999999e-22	72.6
GCA_014202715___contig_2_fragment_6_389	PF10779.9	9.699999999999999e-22	72.6
GCA_001047515___contig_11_fragment_1_115	PF01757.22	4.6999999999999995e-21	70.7
GCA_025728645___contig_35_fragment_3_129	PF10779.9	5.7e-21	70.1
GCA_014202715___contig_2_fragment_5_304	PF06199.11	8.000000000000001e-21	70.1
GCA_001047595___contig_10_fragment_3_149	PF06199.11	8.000000000000001e-21	70.1
GCA_003966875___contig_1_fragment_4_514	PF06199.11	8.6e-21	70.0
GCA_009731445___contig_2_fragment_3_99	PF12833.7	9.8e-21	69.4
GCA_001047545___contig_7_fragment_1_33	PF04630.12	1.0000000000000001e-20	69.5
GCA_001047545___contig_10_fragment_1_90	PF06199.11	1.8000000000000002e-20	69.0
GCA_001047435___contig_7_fragment_1_91	PF06199.11	1.8000000000000002e-20	69.0
GCA_001047435___contig_7_fragment_1_87	PF05709.11	1.9e-20	68.9
GCA_001047545___contig_10_fragment_1_86	PF05709.11	1.9e-20	68.9
GCA_001047595___contig_10_fragment_3_145	PF05709.11	1.9e-20	68.9
GCA_014202715___contig_2_fragment_5_308	PF05709.11	1.9e-20	68.9
GCA_001047595___contig_10_fragment_4_188	PF02384.16	2.2000000000000002e-20	68.7
GCA_014202715___contig_2_fragment_4_264	PF02384.16	2.2000000000000002e-20	68.7
GCA_014202715___contig_2_fragment_6_363	PF04466.13	3.2000000000000003e-20	68.0
GCA_001047595___contig_10_fragment_2_90	PF04466.13	3.2000000000000003e-20	68.0
MP_BC9___contig_2_fragment_2_96	PF03551.14	4.0000000000000004e-20	67.2
GCA_009731445___contig_2_fragment_3_97	PF03551.14	4.0000000000000004e-20	67.2
GCA_001047545___contig_7_fragment_1_43	PF05119.12	6.400000000000001e-20	67.0
MP_BC9___contig_2_fragment_2_98	PF12833.7	9.1e-20	66.3
GCA_001047595___contig_10_fragment_2_101	PF00436.25	1e-19	66.1
GCA_003966875___contig_1_fragment_4_518	PF05709.11	1.1000000000000002e-19	66.5
GCA_001047545___contig_10_fragment_1_85	PF18013.1	3.1e-19	65.0
GCA_001047595___contig_10_fragment_3_144	PF18013.1	3.1e-19	65.0
GCA_014202715___contig_2_fragment_5_309	PF18013.1	3.1e-19	65.0
GCA_001047435___contig_7_fragment_1_86	PF18013.1	3.1e-19	65.0
GCA_014202715___contig_2_fragment_6_352	PF00436.25	4.6e-19	64.0
GCA_001047525___contig_8_fragment_3_119	PF01432.20	4.9e-19	64.4
GCA_014202715___contig_2_fragment_1_67	PF01432.20	4.9e-19	64.4
GCA_001047545___contig_10_fragment_5_327	PF01432.20	4.9e-19	64.4
GCA_009731445___contig_2_fragment_3_105	PF04616.14	5.199999999999999e-19	64.2
GCA_001047545___contig_10_fragment_2_130	PF01420.19	6.3e-19	64.4
GCA_001047435___contig_7_fragment_2_130	PF01420.19	6.3e-19	64.4
GCA_001047595___contig_10_fragment_2_114	PF01381.22	1.3000000000000002e-18	62.4
GCA_014202715___contig_2_fragment_6_340	PF01381.22	1.3000000000000002e-18	62.4
GCA_001047595___contig_10_fragment_2_64	PF09693.10	1.3999999999999999e-18	62.2
GCA_014202715___contig_2_fragment_6_388	PF09693.10	1.3999999999999999e-18	62.2
GCA_014202715___contig_2_fragment_6_365	PF17288.2	9.4e-18	60.6
GCA_001047595___contig_10_fragment_2_88	PF17288.2	9.4e-18	60.6
GCA_025728675___contig_26_2	PF09693.10	1.8e-17	58.7
GCA_001047545___contig_7_fragment_1_20	PF09693.10	1.8e-17	58.7
MP_AB35___contig_3_13	PF17363.2	5.9e-17	57.3
MP_BCQMy224___contig_3_12	PF17363.2	5.9e-17	57.3
GCA_014202715___contig_2_fragment_1_71	PF04892.12	6.3e-17	58.0
GCA_001047545___contig_10_fragment_5_323	PF04892.12	6.3e-17	58.0
GCA_001047525___contig_8_fragment_3_115	PF04892.12	6.3e-17	58.0
GCA_001047595___contig_10_fragment_6_287	PF05043.13	1.8999999999999998e-16	56.0
GCA_001047545___contig_10_fragment_4_227	PF05043.13	1.8999999999999998e-16	56.0
GCA_001047525___contig_8_fragment_2_19	PF05043.13	1.8999999999999998e-16	56.0
GCA_014202715___contig_2_fragment_2_168	PF05043.13	1.8999999999999998e-16	56.0
GCA_025728635___contig_39_fragment_1_88	PF01381.22	2.3e-16	55.2
GCA_003966875___contig_1_fragment_1_60	PF01381.22	2.3e-16	55.2
GCA_009731445___contig_2_fragment_3_96	PF08006.11	9.999999999999999e-16	53.3
GCA_014202715___contig_2_fragment_5_300	PF13229.6	1.1e-15	53.4
GCA_003966875___contig_1_fragment_4_510	PF13229.6	1.1e-15	53.4
GCA_001047595___contig_10_fragment_3_153	PF13229.6	1.1e-15	53.4
GCA_025728645___contig_21_fragment_1_181	PF00462.24	1.2e-15	53.1
GCA_003966875___contig_1_fragment_13_1308	PF00462.24	1.2e-15	53.1
GCA_025728645___contig_35_fragment_1_9	PF00583.25	1.7e-15	52.8
MP_BC9___contig_2_fragment_2_95	PF08006.11	3e-15	51.8
GCA_014202715___contig_2_fragment_4_274	PF06486.11	6.7e-15	51.2
GCA_001047595___contig_10_fragment_4_178	PF06486.11	6.7e-15	51.2
GCA_001047545___contig_10_fragment_2_122	PF06486.11	6.7e-15	51.2
GCA_014202715___contig_2_fragment_6_374	PF10665.9	6.8e-15	50.8
GCA_001047595___contig_10_fragment_2_79	PF10665.9	6.8e-15	50.8
GCA_001047545___contig_7_fragment_1_13	PF10097.9	9.4e-15	49.9
GCA_025728635___contig_39_fragment_1_89	PF00132.24	1.3e-14	48.9
GCA_003966875___contig_1_fragment_1_61	PF00132.24	1.3e-14	48.9
GCA_014202715___contig_2_fragment_6_369	PF06810.11	4.2000000000000004e-14	48.2
GCA_001047595___contig_10_fragment_2_84	PF06810.11	4.2000000000000004e-14	48.2
GCA_025728635___contig_39_fragment_1_87	PF07853.11	5.400000000000001e-14	47.2
GCA_003966875___contig_1_fragment_1_59	PF07853.11	5.400000000000001e-14	47.2
GCA_001047545___contig_7_fragment_1_66	PF08346.12	6.5e-14	47.9
GCA_001047545___contig_7_fragment_1_73	PF00717.23	1.2e-13	46.4
GCA_003966875___contig_1_fragment_7_723	PF10031.9	2.1e-13	45.7
GCA_001047545___contig_7_fragment_2_159	PF10031.9	2.1e-13	45.7
GCA_001047435___contig_7_fragment_1_95	PF13229.6	3.1e-13	45.4
GCA_025728645___contig_35_fragment_1_3	PF12844.7	3.1e-13	45.1
GCA_001047545___contig_10_fragment_1_94	PF13229.6	3.4999999999999997e-13	45.3
MP_AB35___contig_3_5	PF07564.11	3.9e-13	44.9
GCA_001047525___contig_8_fragment_2_22	PF01381.22	7.8e-13	43.9
GCA_014202715___contig_2_fragment_2_165	PF01381.22	7.8e-13	43.9
GCA_001047545___contig_10_fragment_4_230	PF01381.22	7.8e-13	43.9
GCA_001047595___contig_10_fragment_6_290	PF01381.22	7.8e-13	43.9
GCA_001047595___contig_10_fragment_2_118	PF07508.13	1.3000000000000001e-12	43.6
GCA_014202715___contig_2_fragment_6_336	PF07508.13	1.3000000000000001e-12	43.6
GCA_025728635___contig_39_fragment_2_111	PF07242.11	1.6e-12	43.1
GCA_025728695___contig_56_fragment_1_14	PF07242.11	1.6e-12	43.1
GCA_003966875___contig_1_fragment_2_84	PF07242.11	1.6e-12	43.1
GCA_014202715___contig_2_fragment_5_295	PF00717.23	2e-12	42.5
GCA_001047595___contig_10_fragment_3_157	PF00717.23	2e-12	42.5
GCA_001047435___contig_7_fragment_1_100	PF00717.23	2e-12	42.5
GCA_001047545___contig_10_fragment_1_100	PF00717.23	2e-12	42.5
GCA_003966875___contig_1_fragment_4_506	PF00717.23	2e-12	42.5
GCA_025728645___contig_21_fragment_1_186	PF13443.6	2.3e-12	42.8
GCA_003966875___contig_1_fragment_13_1303	PF13443.6	2.3e-12	42.8
GCA_001047595___contig_10_fragment_2_86	PF06152.11	5.1e-12	40.9
GCA_014202715___contig_2_fragment_6_367	PF06152.11	5.1e-12	40.9
GCA_001047545___contig_10_fragment_5_322	PF01476.20	5.9999999999999995e-12	41.1
GCA_014202715___contig_2_fragment_1_72	PF01476.20	5.9999999999999995e-12	41.1
GCA_001047525___contig_8_fragment_3_114	PF01476.20	5.9999999999999995e-12	41.1
GCA_001047435___contig_7_fragment_2_133	PF12161.8	7.4e-12	41.6
GCA_001047545___contig_10_fragment_2_133	PF12161.8	7.4e-12	41.6
GCA_014202715___contig_2_fragment_4_262	PF12161.8	7.4e-12	41.6
GCA_025728695___contig_56_fragment_1_1	PF17966.1	8.2e-12	41.3
GCA_001047545___contig_7_fragment_1_79	PF01381.22	1.0000000000000001e-11	40.4
GCA_001047525___contig_8_fragment_3_121	PF09954.9	1.1e-11	40.3
GCA_014202715___contig_2_fragment_1_65	PF09954.9	1.1e-11	40.3
GCA_014202715___contig_2_fragment_6_341	PF01381.22	1.1e-11	40.3
GCA_001047595___contig_10_fragment_2_113	PF01381.22	1.1e-11	40.3
GCA_001047545___contig_10_fragment_5_329	PF09954.9	1.1e-11	40.3
GCA_001047545___contig_7_fragment_1_37	PF05135.13	1.7e-11	40.1
MP_BCQMy205___contig_1_fragment_4_356	PF13597.6	5.799999999999998e-182	602.0
GCA_009731445___contig_1_fragment_3_331	PF13597.6	5.799999999999998e-182	602.0
MP_ONT231___contig_3_5	PF07564.11	5.2999999999999975e-173	557.3
GCA_001047435___contig_8_fragment_2_17	PF00476.20	6.799999999999998e-157	518.0
GCA_001047455___contig_5_fragment_4_225	PF00476.20	6.799999999999998e-157	518.0
GCA_009731445___contig_1_fragment_12_1302	PF00476.20	6.799999999999998e-157	518.0
MP_BCQMy205___contig_1_fragment_8_927	PF05833.11	1.6999999999999995e-150	497.4
GCA_009731445___contig_1_fragment_7_934	PF05833.11	4.1999999999999985e-149	492.8
MP_BCQMy205___contig_1_fragment_15_1530	PF02867.15	9.999999999999998e-140	462.1
GCA_025728615___contig_22_fragment_1_180	PF02867.15	9.999999999999998e-140	462.1
MP_BCQMy205___contig_1_fragment_14_1469	PF10926.8	3.599999999999999e-135	446.6
GCA_009731445___contig_1_fragment_5_708	PF06418.14	2.1999999999999996e-132	436.0
MP_LCAL0054___contig_3_5	PF07564.11	8.499999999999998e-128	412.5
MP_BCQMy205___contig_1_fragment_2_75	PF02595.15	2.9999999999999993e-127	420.3
MP_ONT143___contig_3_5	PF07564.11	3.599999999999999e-126	407.3
MP_BCQMy205___contig_2_fragment_2_100	PF17389.2	3.399999999999999e-125	413.5
GCA_025728615___contig_49_fragment_2_72	PF17389.2	3.399999999999999e-125	413.5
MP_LCAL0064___contig_2_fragment_2_99	PF17389.2	3.399999999999999e-125	413.5
MP_AB35___contig_2_fragment_2_103	PF17389.2	3.399999999999999e-125	413.5
GCA_001047395___contig_9_fragment_1_16	PF17389.2	8.299999999999998e-125	412.2
GCA_009731445___contig_1_fragment_2_84	PF02595.15	6.399999999999999e-98	323.8
MP_BCQMy205___contig_1_fragment_14_1450	PF05133.14	9.199999999999999e-91	300.7
MP_BCQMy205___contig_1_fragment_15_1531	PF00268.21	7.2000000000000005e-90	296.9
GCA_025728615___contig_22_fragment_1_179	PF00268.21	7.2000000000000005e-90	296.9
GCA_001047455___contig_5_fragment_2_132	PF02384.16	1.2999999999999998e-89	296.3
GCA_009731445___contig_1_fragment_10_1211	PF02384.16	1.2999999999999998e-89	296.3
MP_BCQMy205___contig_1_fragment_5_470	PF12684.7	3.199999999999999e-79	261.7
GCA_025728635___contig_1_fragment_4_382	PF12684.7	3.199999999999999e-79	261.7
MP_BCQMy205___contig_1_fragment_14_1457	PF05272.11	1.4999999999999996e-74	245.8
GCA_009731445___contig_1_fragment_5_711	PF06908.11	1.5999999999999997e-71	235.4
MP_BCQMy205___contig_1_fragment_14_1451	PF04466.13	1.9e-69	228.9
GCA_025728615___contig_49_fragment_2_73	PF00933.21	2.6e-68	226.4
MP_AB35___contig_2_fragment_2_102	PF00933.21	2.6e-68	226.4
MP_BCQMy205___contig_2_fragment_2_99	PF00933.21	2.6e-68	226.4
MP_LCAL0064___contig_2_fragment_2_98	PF00933.21	2.6e-68	226.4
GCA_001047395___contig_9_fragment_1_15	PF00933.21	2.6999999999999997e-68	226.4
GCA_025728615___contig_49_fragment_2_70	PF04616.14	1.3999999999999995e-66	220.4
MP_BCQMy205___contig_2_fragment_2_102	PF04616.14	1.3999999999999995e-66	220.4
MP_AB35___contig_2_fragment_2_105	PF04616.14	1.3999999999999995e-66	220.4
MP_LCAL0064___contig_2_fragment_2_101	PF04616.14	1.3999999999999995e-66	220.4
GCA_001047395___contig_9_fragment_3_80	PF15979.5	4.599999999999999e-65	215.9
GCA_009731445___contig_1_fragment_12_1308	PF02677.14	7.9e-65	213.9
GCA_001047435___contig_8_fragment_2_23	PF02677.14	7.9e-65	213.9
GCA_001047455___contig_5_fragment_4_231	PF02677.14	7.9e-65	213.9
GCA_009731445___contig_1_fragment_5_710	PF03838.14	8.499999999999999e-65	213.3
GCA_025728615___contig_22_fragment_1_184	PF02421.18	1.1e-64	212.4
MP_BCQMy205___contig_1_fragment_15_1526	PF02421.18	1.1e-64	212.4
MP_BCQMy205___contig_1_fragment_3_329	PF05382.13	6.499999999999999e-63	206.6
MP_BCQMy205___contig_1_fragment_12_1191	PF05382.13	8.099999999999998e-63	206.3
GCA_009731445___contig_1_fragment_9_1156	PF05382.13	8.099999999999998e-63	206.3
GCA_001047455___contig_5_fragment_1_76	PF05382.13	8.099999999999998e-63	206.3
MP_BCQMy205___contig_1_fragment_14_1467	PF10991.8	2.3e-61	202.5
MP_BCQMy205___contig_1_fragment_5_449	PF08282.12	1.3999999999999998e-60	200.9
GCA_009731445___contig_1_fragment_5_709	PF00912.22	1.9e-60	199.0
MP_BCQMy205___contig_1_fragment_3_311	PF03354.15	4.1e-60	199.3
GCA_025728645___contig_9_15	PF03354.15	4.1e-60	199.3
MP_BCQMy205___contig_1_fragment_4_350	PF13177.6	2.2e-56	185.8
GCA_009731445___contig_1_fragment_3_325	PF13177.6	3.1e-56	185.4
MP_BCQMy205___contig_1_fragment_11_1141	PF03354.15	8.700000000000001e-55	181.7
GCA_009731445___contig_1_fragment_3_323	PF02223.17	5.599999999999999e-54	178.3
MP_BCQMy205___contig_1_fragment_4_348	PF02223.17	5.599999999999999e-54	178.3
MP_BCQMy205___contig_1_fragment_2_78	PF13731.6	1.3e-53	177.9
GCA_009731445___contig_1_fragment_2_88	PF13731.6	1.5999999999999998e-53	177.6
MP_BCQMy205___contig_1_fragment_3_313	PF04586.17	8e-53	174.7
GCA_025728645___contig_9_17	PF04586.17	9.499999999999999e-53	174.4
GCA_009731445___contig_1_fragment_3_329	PF00817.20	3.1e-51	169.0
MP_BCQMy205___contig_1_fragment_4_354	PF00817.20	3.1e-51	169.0
GCA_025728635___contig_1_fragment_4_371	PF03354.15	3.6e-51	169.8
MP_BCQMy205___contig_1_fragment_5_482	PF03354.15	3.6e-51	169.8
MP_BCQMy205___contig_1_fragment_4_355	PF13353.6	7.2e-51	167.8
GCA_001047455___contig_5_fragment_5_324	PF00544.19	1.8999999999999997e-50	167.1
GCA_001047435___contig_8_fragment_3_117	PF00544.19	1.8999999999999997e-50	167.1
GCA_009731445___contig_1_fragment_13_1401	PF00544.19	1.8999999999999997e-50	167.1
GCA_009731445___contig_1_fragment_3_330	PF13353.6	2.3e-50	166.2
GCA_009731445___contig_1_fragment_13_1407	PF13561.6	7.799999999999999e-50	165.3
GCA_001047455___contig_5_fragment_5_330	PF13561.6	8.3000000000000005e-50	165.2
GCA_001047435___contig_8_fragment_3_123	PF13561.6	8.3000000000000005e-50	165.2
MP_BCQMy205___contig_1_fragment_11_1119	PF16775.5	1.1e-49	162.7
MP_BCQMy205___contig_1_fragment_11_1139	PF04586.17	1.7e-49	163.8
GCA_009731445___contig_1_fragment_7_936	PF07314.11	3.4e-49	163.0
MP_BCQMy205___contig_1_fragment_8_928	PF07314.11	3.499999999999999e-49	163.0
MP_BCQMy205___contig_1_fragment_2_76	PF11797.8	1.6e-48	159.9
GCA_009731445___contig_1_fragment_6_817	PF04586.17	3.2999999999999994e-48	159.6
GCA_001047455___contig_5_fragment_3_212	PF13604.6	4.8e-48	159.1
GCA_001047435___contig_8_fragment_1_4	PF13604.6	4.8e-48	159.1
MP_BCQMy205___contig_1_fragment_14_1438	PF10145.9	5.199999999999999e-48	159.2
GCA_009731445___contig_1_fragment_6_794	PF16775.5	5.299999999999999e-48	157.3
GCA_025728635___contig_1_fragment_4_349	PF16775.5	5.499999999999999e-48	157.3
MP_BCQMy205___contig_1_fragment_5_504	PF16775.5	5.499999999999999e-48	157.3
GCA_009731445___contig_1_fragment_2_86	PF11797.8	5.799999999999999e-48	158.1
MP_BCQMy205___contig_1_fragment_2_79	PF13731.6	7.2e-48	159.1
GCA_001047435___contig_8_fragment_2_20	PF00122.20	7.2e-48	158.2
GCA_009731445___contig_1_fragment_12_1305	PF00122.20	7.2e-48	158.2
GCA_001047455___contig_5_fragment_4_228	PF00122.20	7.2e-48	158.2
MP_BCQMy205___contig_1_fragment_15_1532	PF03816.14	1.8e-47	157.0
GCA_025728615___contig_22_fragment_1_178	PF03816.14	1.8e-47	157.0
GCA_009731445___contig_1_fragment_2_89	PF13731.6	1.9999999999999997e-47	157.7
GCA_001047455___contig_5_fragment_2_135	PF18766.1	1.7e-46	154.4
GCA_009731445___contig_1_fragment_10_1214	PF18766.1	1.7e-46	154.4
GCA_009731445___contig_1_fragment_6_837	PF05565.11	2.2e-46	153.5
MP_BCQMy205___contig_1_fragment_11_1140	PF04860.12	4.099999999999999e-46	153.3
GCA_009731445___contig_1_fragment_6_818	PF04860.12	4.4e-46	153.2
GCA_001047455___contig_5_fragment_2_123	PF08282.12	4.7999999999999995e-46	153.2
GCA_025728635___contig_1_fragment_4_370	PF04860.12	6.7e-46	152.6
MP_BCQMy205___contig_1_fragment_5_483	PF04860.12	6.7e-46	152.6
MP_BCQMy205___contig_1_fragment_5_495	PF06605.11	1.1999999999999998e-45	151.7
GCA_025728635___contig_1_fragment_4_358	PF06605.11	1.1999999999999998e-45	151.7
MP_AB35___contig_2_fragment_2_111	PF05866.11	6.6e-45	148.4
GCA_025728615___contig_49_fragment_2_64	PF05866.11	6.6e-45	148.4
MP_BCQMy205___contig_2_fragment_2_108	PF05866.11	6.6e-45	148.4
MP_LCAL0064___contig_2_fragment_2_107	PF05866.11	6.6e-45	148.4
GCA_009731445___contig_1_fragment_5_707	PF07553.11	7.499999999999999e-45	146.7
GCA_001047395___contig_9_fragment_1_27	PF05866.11	1.6e-44	147.1
MP_BCQMy205___contig_1_fragment_5_452	PF07553.11	3.2e-44	144.7
MP_BCQMy205___contig_1_fragment_1_63	PF16173.5	3.6000000000000004e-44	146.0
MP_ONT231___contig_3_1	PF02486.19	1.2999999999999998e-43	144.7
MP_LCAL0054___contig_3_1	PF02486.19	1.2999999999999998e-43	144.7
MP_ONT143___contig_3_1	PF02486.19	1.2999999999999998e-43	144.7
MP_BCQMy205___contig_1_fragment_11_1128	PF06605.11	2e-43	144.5
GCA_009731445___contig_1_fragment_3_324	PF06153.11	2e-43	142.8
GCA_009731445___contig_1_fragment_6_804	PF06605.11	2e-43	144.5
MP_BCQMy205___contig_1_fragment_4_349	PF06153.11	2e-43	142.8
MP_BCQMy205___contig_1_fragment_11_1153	PF05565.11	1e-42	141.6
GCA_001047395___contig_9_fragment_1_20	PF04616.14	2e-42	141.1
MP_BCQMy205___contig_1_fragment_14_1429	PF01183.20	1.6e-41	138.1
GCA_001047455___contig_5_fragment_3_213	PF00300.22	2.6e-41	137.2
GCA_001047435___contig_8_fragment_1_5	PF00300.22	2.6e-41	137.2
MP_LCAL0054___contig_3_7	PF00239.21	1.7999999999999998e-40	134.2
MP_ONT143___contig_3_7	PF00239.21	1.7999999999999998e-40	134.2
MP_ONT231___contig_3_7	PF00239.21	1.7999999999999998e-40	134.2
GCA_025728645___contig_9_6	PF13479.6	1.8999999999999995e-40	134.4
MP_BCQMy205___contig_1_fragment_3_301	PF13479.6	1.8999999999999995e-40	134.4
GCA_025728645___contig_9_18	PF05065.13	2e-40	134.6
MP_BCQMy205___contig_1_fragment_3_314	PF05065.13	2e-40	134.6
MP_LCAL0054___contig_3_13	PF13614.6	5.099999999999999e-40	132.9
MP_ONT231___contig_3_13	PF13614.6	5.099999999999999e-40	132.9
MP_ONT143___contig_3_14	PF13614.6	5.099999999999999e-40	132.9
MP_BCQMy205___contig_1_fragment_5_469	PF03837.14	2.1e-39	130.8
GCA_025728635___contig_1_fragment_4_383	PF03837.14	2.1e-39	130.8
MP_BCQMy205___contig_1_fragment_12_1213	PF01042.21	3.8e-39	129.2
GCA_001047455___contig_5_fragment_1_102	PF01042.21	6.4e-39	128.4
GCA_009731445___contig_1_fragment_9_1181	PF01042.21	6.4e-39	128.4
GCA_001047455___contig_5_fragment_1_89	PF12363.8	7.7e-39	128.3
GCA_009731445___contig_1_fragment_9_1169	PF12363.8	7.7e-39	128.3
MP_BCQMy205___contig_1_fragment_12_1202	PF12363.8	7.7e-39	128.3
GCA_009731445___contig_1_fragment_6_819	PF03354.15	1.6999999999999998e-38	128.0
MP_BCQMy205___contig_1_fragment_12_1197	PF10651.9	6.500000000000001e-38	125.5
GCA_001047455___contig_5_fragment_3_216	PF13641.6	8.3e-38	126.2
GCA_009731445___contig_1_fragment_6_835	PF16784.5	9.899999999999999e-38	125.4
MP_BCQMy205___contig_1_fragment_15_1529	PF07972.11	1e-37	124.7
GCA_025728615___contig_22_fragment_1_181	PF07972.11	1e-37	124.7
GCA_009731445___contig_1_fragment_7_938	PF06265.11	1e-37	123.8
MP_BCQMy205___contig_1_fragment_8_930	PF06265.11	1e-37	123.8
GCA_001047435___contig_8_fragment_1_8	PF13641.6	1.6e-37	125.3
GCA_009731445___contig_1_fragment_9_1163	PF10651.9	6.4e-37	122.2
MP_BCQMy205___contig_1_fragment_11_1170	PF03374.14	7.099999999999999e-37	121.8
GCA_025728635___contig_1_fragment_4_369	PF04586.17	9e-37	122.4
MP_BCQMy205___contig_1_fragment_5_484	PF04586.17	9e-37	122.4
MP_BCQMy205___contig_1_fragment_11_1148	PF00436.25	1.3e-36	120.5
MP_BCQMy205___contig_1_fragment_5_458	PF03374.14	2.7999999999999998e-36	119.9
MP_BCQMy205___contig_1_fragment_11_1151	PF16784.5	2.8999999999999998e-36	120.6
MP_BCQMy205___contig_1_fragment_14_1452	PF03592.16	2.8999999999999998e-36	120.7
MP_BCQMy205___contig_1_fragment_5_455	PF03374.14	4.599999999999999e-36	119.2
MP_BCQMy205___contig_1_fragment_5_462	PF03374.14	4.7e-36	119.1
GCA_009731445___contig_1_fragment_6_832	PF00436.25	5.5e-36	118.5
GCA_025728635___contig_1_fragment_4_378	PF00436.25	9.1e-36	117.8
MP_BCQMy205___contig_1_fragment_5_474	PF00436.25	9.1e-36	117.8
GCA_009731445___contig_1_fragment_6_831	PF05866.11	1.1e-35	118.6
MP_BCQMy205___contig_1_fragment_5_471	PF16784.5	1.2999999999999998e-35	118.5
GCA_025728635___contig_1_fragment_4_381	PF16784.5	1.2999999999999998e-35	118.5
MP_BCQMy205___contig_1_fragment_11_1125	PF10651.9	2.2e-35	117.2
GCA_001047455___contig_5_fragment_4_224	PF06831.14	4.899999999999999e-35	115.2
GCA_009731445___contig_1_fragment_12_1301	PF06831.14	4.899999999999999e-35	115.2
GCA_001047435___contig_8_fragment_2_16	PF06831.14	4.899999999999999e-35	115.2
GCA_025728635___contig_1_fragment_4_355	PF10651.9	5.4e-35	116.0
MP_BCQMy205___contig_1_fragment_5_498	PF10651.9	5.4e-35	116.0
MP_BCQMy205___contig_1_fragment_3_324	PF10651.9	5.9e-35	115.9
GCA_001047455___contig_5_fragment_3_210	PF06177.11	1.6e-34	115.0
GCA_001047435___contig_8_fragment_1_2	PF06177.11	1.6e-34	115.0
MP_BCQMy205___contig_1_fragment_11_1152	PF04404.12	2.2000000000000003e-34	114.2
GCA_001047395___contig_9_fragment_3_77	PF13614.6	3.7000000000000003e-34	113.9
GCA_009731445___contig_1_fragment_14_1637	PF13377.6	1.1999999999999998e-33	112.5
MP_BCQMy205___contig_1_fragment_5_472	PF09681.10	1.4000000000000001e-33	111.1
GCA_025728635___contig_1_fragment_4_380	PF09681.10	1.4000000000000001e-33	111.1
GCA_001047395___contig_9_fragment_3_81	PF13347.6	2.8999999999999997e-33	110.7
GCA_009731445___contig_1_fragment_6_859	PF00005.27	2.8999999999999997e-33	111.0
MP_BCQMy205___contig_1_fragment_3_288	PF07553.11	4.4e-33	109.1
MP_BCQMy205___contig_1_fragment_12_1198	PF18013.1	4.6e-33	110.0
MP_BCQMy205___contig_1_fragment_8_931	PF01035.20	5.6000000000000005e-33	108.7
GCA_009731445___contig_1_fragment_7_939	PF01035.20	5.6000000000000005e-33	108.7
MP_BCQMy205___contig_1_fragment_4_352	PF06156.13	7.8e-33	108.9
GCA_009731445___contig_1_fragment_3_327	PF06156.13	7.8e-33	108.9
MP_BCQMy205___contig_1_fragment_3_323	PF18013.1	9.3e-33	109.0
GCA_009731445___contig_1_fragment_6_836	PF04404.12	1.1e-32	108.7
MP_BCQMy205___contig_1_fragment_12_1214	PF00005.27	1.1999999999999999e-32	109.0
MP_BCQMy205___contig_1_fragment_2_82	PF00005.27	1.4e-32	108.8
GCA_009731445___contig_1_fragment_9_1182	PF00005.27	1.6e-32	108.6
GCA_001047455___contig_5_fragment_1_103	PF00005.27	1.6e-32	108.6
GCA_001047435___contig_8_fragment_1_1	PF02776.18	1.7e-32	108.1
GCA_009731445___contig_1_fragment_2_95	PF00005.27	1.7e-32	108.5
MP_BCQMy205___contig_1_fragment_4_351	PF04468.12	5.5e-32	105.7
GCA_009731445___contig_1_fragment_3_326	PF04468.12	5.6e-32	105.6
GCA_009731445___contig_1_fragment_6_858	PF00589.22	6.3e-32	106.4
GCA_001047455___contig_5_fragment_5_328	PF03013.14	6.4e-32	106.0
GCA_001047435___contig_8_fragment_3_121	PF03013.14	6.4e-32	106.0
GCA_009731445___contig_1_fragment_13_1405	PF03013.14	6.4e-32	106.0
MP_BCQMy205___contig_1_fragment_5_450	PF00589.22	1.2e-31	105.5
MP_BCQMy205___contig_1_fragment_14_1480	PF00589.22	1.4e-31	105.3
GCA_001047455___contig_5_fragment_1_77	PF16938.5	1.5999999999999999e-31	104.1
GCA_009731445___contig_1_fragment_9_1157	PF16938.5	1.5999999999999999e-31	104.1
MP_BCQMy205___contig_1_fragment_12_1192	PF16938.5	1.5999999999999999e-31	104.1
GCA_009731445___contig_1_fragment_6_849	PF02498.17	1.9e-31	104.4
MP_BCQMy205___contig_1_fragment_3_287	PF00589.22	2.1e-31	104.7
MP_BCQMy205___contig_1_fragment_3_328	PF16938.5	3.1e-31	103.1
GCA_009731445___contig_1_fragment_6_805	PF05709.11	3.3e-31	104.3
MP_BCQMy205___contig_1_fragment_11_1129	PF05709.11	3.3e-31	104.3
MP_BCQMy205___contig_1_fragment_5_503	PF16938.5	4.6e-31	102.6
MP_BCQMy205___contig_1_fragment_2_80	PF18483.1	4.8e-31	104.0
GCA_009731445___contig_1_fragment_6_795	PF16938.5	8.8e-31	101.7
MP_BCQMy205___contig_1_fragment_11_1120	PF16938.5	8.8e-31	101.7
MP_BCQMy205___contig_1_fragment_11_1114	PF00589.22	2e-30	101.5
GCA_025728695___contig_128_2	PF00589.22	3.5e-30	100.7
MP_BCQMy205___contig_1_fragment_5_494	PF05709.11	1.1e-29	99.3
GCA_025728635___contig_1_fragment_4_359	PF05709.11	1.1e-29	99.3
GCA_025728615___contig_22_fragment_1_183	PF04023.14	1.4999999999999998e-29	97.8
MP_BCQMy205___contig_1_fragment_15_1527	PF04023.14	1.4999999999999998e-29	97.8
GCA_025728645___contig_9_16	PF04860.12	1.7000000000000001e-29	98.7
MP_BCQMy205___contig_1_fragment_3_312	PF04860.12	1.7000000000000001e-29	98.7
GCA_001047455___contig_5_fragment_3_215	PF03170.13	2.1e-29	98.0
GCA_001047435___contig_8_fragment_1_7	PF03170.13	2.1e-29	98.0
GCA_009731445___contig_1_fragment_6_854	PF09669.10	4.4e-29	96.6
MP_BCQMy205___contig_1_fragment_8_925	PF00486.28	8.000000000000001e-29	95.3
GCA_009731445___contig_1_fragment_7_932	PF00486.28	8.000000000000001e-29	95.3
MP_BCQMy205___contig_1_fragment_8_924	PF02518.26	1.6000000000000001e-28	95.2
GCA_009731445___contig_1_fragment_7_931	PF02518.26	1.6000000000000001e-28	95.2
GCA_009731445___contig_1_fragment_3_328	PF00590.20	5e-28	94.2
MP_BCQMy205___contig_1_fragment_4_353	PF00590.20	5e-28	94.2
MP_ONT231___contig_3_10	PF03318.13	6.100000000000001e-27	90.5
MP_LCAL0054___contig_3_10	PF03318.13	6.100000000000001e-27	90.5
MP_ONT143___contig_3_10	PF03318.13	6e-26	87.3
GCA_001047455___contig_5_fragment_2_127	PF13419.6	7.599999999999999e-26	87.0
GCA_025728635___contig_1_fragment_4_341	PF03167.19	1.9000000000000001e-25	85.3
MP_BCQMy205___contig_1_fragment_4_347	PF13662.6	2e-25	84.8
MP_BCQMy205___contig_1_fragment_8_929	PF13344.6	3.4000000000000005e-25	83.8
GCA_009731445___contig_1_fragment_7_937	PF13344.6	3.4999999999999997e-25	83.8
MP_BCQMy205___contig_1_fragment_5_485	PF05065.13	8.6e-25	83.3
GCA_025728635___contig_1_fragment_4_368	PF05065.13	8.6e-25	83.3
MP_LCAL0064___contig_2_fragment_2_100	PF13419.6	1.0000000000000001e-24	83.3
MP_BCQMy205___contig_2_fragment_2_101	PF13419.6	1.0000000000000001e-24	83.3
MP_AB35___contig_2_fragment_2_104	PF13419.6	1.0000000000000001e-24	83.3
GCA_025728615___contig_49_fragment_2_71	PF13419.6	1.0000000000000001e-24	83.3
GCA_001047395___contig_9_fragment_1_18	PF13419.6	1.0000000000000001e-24	83.3
GCA_009731445___contig_1_fragment_3_322	PF13662.6	1.1e-24	82.4
MP_BCQMy205___contig_1_fragment_14_1430	PF04531.13	1.4999999999999998e-24	82.0
GCA_009731445___contig_1_fragment_6_816	PF05065.13	2.0000000000000002e-24	82.1
GCA_009731445___contig_1_fragment_6_834	PF09681.10	2.7e-24	81.2
GCA_009731445___contig_1_fragment_2_91	PF18483.1	1.1999999999999998e-23	79.8
GCA_025728595___contig_25_4	PF04630.12	1.6000000000000002e-23	78.8
GCA_025728635___contig_1_fragment_4_363	PF04630.12	1.6000000000000002e-23	78.8
MP_BCQMy205___contig_1_fragment_5_490	PF04630.12	1.6000000000000002e-23	78.8
MP_BCQMy205___contig_1_fragment_11_1138	PF05065.13	2.2999999999999998e-23	78.5
MP_BCQMy205___contig_1_fragment_14_1455	PF00176.23	3.7e-23	77.5
MP_BCQMy205___contig_1_fragment_14_1436	PF06605.11	5.2e-23	77.4
GCA_025728635___contig_1_fragment_4_350	PF16938.5	1.3e-22	75.5
MP_BCQMy205___contig_1_fragment_14_1464	PF00476.20	2.6e-22	75.1
GCA_025728675___contig_18_5	PF04630.12	4.6e-22	74.0
MP_BCQMy205___contig_1_fragment_11_1133	PF04630.12	6.8e-22	73.5
MP_BCQMy205___contig_1_fragment_5_502	PF10779.9	2.6e-21	71.4
GCA_025728635___contig_1_fragment_4_351	PF10779.9	2.6e-21	71.4
MP_BCQMy205___contig_1_fragment_3_327	PF10779.9	6.3e-21	70.1
MP_BCQMy205___contig_1_fragment_11_1145	PF06114.13	6.3999999999999996e-21	70.3
MP_BCQMy205___contig_1_fragment_5_481	PF05119.12	8.5e-21	70.0
GCA_025728635___contig_1_fragment_4_372	PF05119.12	8.6e-21	70.0
MP_BCQMy205___contig_1_fragment_12_1203	PF06199.11	9.6e-21	70.0
GCA_009731445___contig_1_fragment_6_811	PF04630.12	1.1000000000000001e-20	69.5
GCA_001047395___contig_9_fragment_1_13	PF12833.7	1.1000000000000001e-20	69.4
MP_BCQMy205___contig_1_fragment_14_1432	PF09693.10	1.4999999999999998e-20	68.7
MP_BCQMy205___contig_1_fragment_11_1142	PF05119.12	1.7e-20	69.0
GCA_009731445___contig_1_fragment_9_1170	PF06199.11	2.0000000000000002e-20	69.0
GCA_001047455___contig_5_fragment_1_90	PF06199.11	2.0000000000000002e-20	69.0
GCA_001047455___contig_5_fragment_1_86	PF05709.11	2.1000000000000002e-20	68.9
GCA_009731445___contig_1_fragment_9_1166	PF05709.11	2.1000000000000002e-20	68.9
GCA_025728615___contig_49_fragment_2_76	PF03551.14	4.4000000000000004e-20	67.2
MP_AB35___contig_2_fragment_2_99	PF03551.14	4.4000000000000004e-20	67.2
MP_LCAL0064___contig_2_fragment_2_95	PF03551.14	4.4000000000000004e-20	67.2
MP_BCQMy205___contig_2_fragment_2_96	PF03551.14	4.4000000000000004e-20	67.2
GCA_001047395___contig_9_fragment_1_11	PF03551.14	4.4000000000000004e-20	67.2
MP_BCQMy205___contig_1_fragment_14_1435	PF18667.1	5.599999999999999e-20	67.1
GCA_009731445___contig_1_fragment_6_821	PF05119.12	7.200000000000001e-20	67.0
MP_AB35___contig_2_fragment_2_101	PF12833.7	1e-19	66.3
MP_LCAL0064___contig_2_fragment_2_97	PF12833.7	1e-19	66.3
MP_BCQMy205___contig_2_fragment_2_98	PF12833.7	1e-19	66.3
GCA_025728615___contig_49_fragment_2_74	PF12833.7	1e-19	66.3
MP_BCQMy205___contig_1_fragment_12_1199	PF05709.11	1.1999999999999999e-19	66.5
MP_BCQMy205___contig_1_fragment_14_1442	PF06199.11	2.5e-19	65.5
GCA_001047455___contig_5_fragment_1_85	PF18013.1	3.3999999999999997e-19	65.0
GCA_009731445___contig_1_fragment_9_1165	PF18013.1	3.3999999999999997e-19	65.0
GCA_025728635___contig_1_fragment_4_352	PF09693.10	4.1000000000000003e-19	64.1
MP_BCQMy205___contig_1_fragment_5_501	PF09693.10	4.1000000000000003e-19	64.1
GCA_009731445___contig_1_fragment_13_1404	PF01432.20	5.4e-19	64.4
GCA_001047435___contig_8_fragment_3_120	PF01432.20	5.4e-19	64.4
GCA_001047455___contig_5_fragment_5_327	PF01432.20	5.4e-19	64.4
GCA_001047395___contig_9_fragment_1_19	PF04616.14	5.8e-19	64.2
GCA_001047455___contig_5_fragment_2_130	PF01420.19	6.999999999999999e-19	64.4
GCA_009731445___contig_1_fragment_10_1209	PF01420.19	6.999999999999999e-19	64.4
GCA_025728635___contig_1_fragment_4_342	PF07927.12	9.299999999999999e-19	63.0
GCA_025728645___contig_9_27	PF18013.1	5e-18	61.2
GCA_025728645___contig_9_25	PF10145.9	1.7000000000000002e-17	59.7
MP_BCQMy205___contig_1_fragment_3_321	PF10145.9	1.7000000000000002e-17	59.7
MP_BCQMy205___contig_1_fragment_11_1122	PF09693.10	2e-17	58.7
GCA_009731445___contig_1_fragment_6_797	PF09693.10	2e-17	58.7
GCA_001047395___contig_9_fragment_3_86	PF13930.6	2.8999999999999997e-17	58.7
MP_ONT143___contig_3_13	PF17363.2	6.5e-17	57.3
MP_ONT231___contig_3_12	PF17363.2	6.5e-17	57.3
MP_LCAL0054___contig_3_12	PF17363.2	6.5e-17	57.3
GCA_009731445___contig_1_fragment_2_85	PF02595.15	6.7e-17	57.2
GCA_009731445___contig_1_fragment_13_1400	PF04892.12	6.999999999999999e-17	58.0
GCA_001047455___contig_5_fragment_5_323	PF04892.12	6.999999999999999e-17	58.0
GCA_001047435___contig_8_fragment_3_116	PF04892.12	6.999999999999999e-17	58.0
GCA_001047455___contig_5_fragment_4_227	PF05043.13	2.2000000000000002e-16	56.0
GCA_009731445___contig_1_fragment_12_1304	PF05043.13	2.2000000000000002e-16	56.0
GCA_001047435___contig_8_fragment_2_19	PF05043.13	2.2000000000000002e-16	56.0
MP_BCQMy205___contig_1_fragment_1_60	PF01381.22	2.6e-16	55.2
GCA_025728645___contig_27_4	PF09693.10	7.200000000000001e-16	53.7
MP_BCQMy205___contig_1_fragment_12_1207	PF13229.6	1.2e-15	53.4
GCA_025728615___contig_22_fragment_1_182	PF00462.24	1.3e-15	53.1
MP_BCQMy205___contig_1_fragment_15_1528	PF00462.24	1.3e-15	53.1
MP_BCQMy205___contig_1_fragment_5_447	PF00583.25	1.9e-15	52.8
GCA_009731445___contig_1_fragment_2_92	PF07523.12	2.2e-15	52.4
MP_BCQMy205___contig_2_fragment_2_95	PF08006.11	3.3e-15	51.8
MP_LCAL0064___contig_2_fragment_2_94	PF08006.11	3.3e-15	51.8
MP_AB35___contig_2_fragment_2_98	PF08006.11	3.3e-15	51.8
GCA_025728615___contig_49_fragment_2_77	PF08006.11	3.3e-15	51.8
GCA_001047395___contig_9_fragment_1_10	PF08006.11	5.4e-15	51.1
GCA_001047455___contig_5_fragment_2_122	PF06486.11	7.4e-15	51.2
GCA_001047395___contig_9_fragment_3_82	PF13347.6	7.9e-15	50.0
MP_BCQMy205___contig_1_fragment_3_298	PF00176.23	8.1e-15	50.0
GCA_025728645___contig_9_3	PF00176.23	8.1e-15	50.0
GCA_009731445___contig_1_fragment_6_790	PF10097.9	1e-14	49.9
MP_BCQMy205___contig_1_fragment_11_1174	PF01381.22	1.3e-14	49.8
MP_BCQMy205___contig_1_fragment_1_61	PF00132.24	1.5e-14	48.9
GCA_009731445___contig_1_fragment_2_96	PF07242.11	3e-14	48.9
MP_BCQMy205___contig_1_fragment_1_59	PF07853.11	6.1e-14	47.2
GCA_009731445___contig_1_fragment_6_845	PF08346.12	7.200000000000001e-14	47.9
GCA_009731445___contig_1_fragment_6_851	PF12844.7	1.3e-13	46.5
MP_BCQMy205___contig_1_fragment_14_1440	PF12363.8	1.5e-13	46.8
MP_BCQMy205___contig_1_fragment_11_1175	PF00717.23	1.6e-13	46.2
GCA_009731445___contig_1_fragment_7_940	PF10031.9	2.3e-13	45.7
MP_BCQMy205___contig_1_fragment_8_932	PF10031.9	2.4e-13	45.7
MP_BCQMy205___contig_1_fragment_5_453	PF12844.7	3.4999999999999997e-13	45.1
GCA_009731445___contig_1_fragment_9_1174	PF13229.6	3.9e-13	45.3
GCA_001047455___contig_5_fragment_1_94	PF13229.6	3.9e-13	45.3
GCA_009731445___contig_1_fragment_12_1307	PF01381.22	8.3e-13	44.0
GCA_001047455___contig_5_fragment_4_230	PF01381.22	8.7e-13	43.9
GCA_001047435___contig_8_fragment_2_22	PF01381.22	8.7e-13	43.9
MP_BCQMy205___contig_1_fragment_2_83	PF07242.11	1.8000000000000002e-12	43.1
GCA_025728645___contig_9_13	PF01844.23	2.2e-12	42.7
MP_BCQMy205___contig_1_fragment_3_309	PF01844.23	2.2e-12	42.7
GCA_001047455___contig_5_fragment_1_100	PF00717.23	2.3e-12	42.5
GCA_009731445___contig_1_fragment_9_1179	PF00717.23	2.3e-12	42.5
MP_BCQMy205___contig_1_fragment_12_1211	PF00717.23	2.3e-12	42.5
GCA_025728615___contig_22_fragment_1_187	PF13443.6	2.6000000000000002e-12	42.8
MP_BCQMy205___contig_1_fragment_15_1523	PF13443.6	2.6000000000000002e-12	42.8
GCA_025728635___contig_1_fragment_4_367	PF05135.13	3.5e-12	42.5
MP_BCQMy205___contig_1_fragment_5_486	PF05135.13	3.5e-12	42.5
GCA_001047435___contig_8_fragment_3_115	PF01476.20	6.6e-12	41.1
GCA_001047455___contig_5_fragment_5_322	PF01476.20	6.6e-12	41.1
GCA_009731445___contig_1_fragment_13_1399	PF01476.20	6.6e-12	41.1
GCA_009731445___contig_1_fragment_10_1212	PF12161.8	8.300000000000001e-12	41.6
GCA_001047455___contig_5_fragment_2_133	PF12161.8	8.300000000000001e-12	41.6
GCA_009731445___contig_1_fragment_6_857	PF01381.22	1.0000000000000001e-11	40.5
GCA_001047435___contig_8_fragment_3_122	PF09954.9	1.1999999999999999e-11	40.3
GCA_001047455___contig_5_fragment_5_329	PF09954.9	1.1999999999999999e-11	40.3
GCA_009731445___contig_1_fragment_13_1406	PF09954.9	1.1999999999999999e-11	40.3
GCA_009731445___contig_1_fragment_6_815	PF05135.13	1.6e-11	40.3
MP_LCAL0064___contig_1_fragment_4_356	PF13597.6	5.9999999999999976e-182	602.0
GCA_025728695___contig_1_fragment_1_22	PF13597.6	5.9999999999999976e-182	602.0
GCA_004001205___contig_1_fragment_4_613	PF13597.6	5.9999999999999976e-182	602.0
GCA_025728675___contig_42_fragment_1_99	PF13597.6	5.9999999999999976e-182	602.0
GCA_025728615___contig_2_fragment_1_8	PF00871.17	2.299999999999999e-158	522.7
GCA_001047465___contig_13_fragment_2_17	PF00476.20	7.099999999999998e-157	518.0
GCA_004001205___contig_1_fragment_15_1562	PF00476.20	7.099999999999998e-157	518.0
MP_LCAL0064___contig_1_fragment_9_980	PF05833.11	1.7999999999999996e-150	497.4
GCA_004001205___contig_1_fragment_8_1141	PF05833.11	1.7999999999999996e-150	497.4
MP_LCAL0064___contig_1_fragment_15_1523	PF02867.15	1.0999999999999999e-139	462.1
GCA_004001205___contig_1_fragment_7_986	PF06418.14	2.1999999999999996e-132	436.0
MP_LCAL0064___contig_3_5	PF07564.11	8.899999999999998e-128	412.5
MP_BC9___contig_3_5	PF07564.11	8.899999999999998e-128	412.5
MP_LCAL0064___contig_1_fragment_2_75	PF02595.15	3.0999999999999993e-127	420.3
MP_BCQMy224___contig_2_fragment_2_99	PF17389.2	3.499999999999999e-125	413.5
GCA_001047545___contig_11_fragment_2_65	PF17389.2	8.599999999999999e-125	412.2
GCA_001047435___contig_10_fragment_3_74	PF17389.2	8.599999999999999e-125	412.2
GCA_004001225___contig_2_fragment_3_101	PF17389.2	2.6e-124	410.6
GCA_001047445___contig_2_fragment_1_18	PF06166.12	2.799999999999999e-118	390.4
GCA_004001205___contig_1_fragment_5_662	PF03668.15	7.099999999999999e-113	372.3
MP_BCQMy204___contig_3_5	PF07564.11	1.3999999999999994e-112	363.8
GCA_004001205___contig_1_fragment_5_663	PF01933.18	1.4999999999999996e-99	328.7
GCA_004001205___contig_1_fragment_2_84	PF02595.15	6.699999999999999e-98	323.8
GCA_001047515___contig_9_fragment_2_78	PF02595.15	6.699999999999999e-98	323.8
GCA_001047405___contig_2_fragment_2_86	PF02595.15	6.699999999999999e-98	323.8
GCA_014202715___contig_3_fragment_2_113	PF02595.15	6.699999999999999e-98	323.8
GCA_004001225___contig_3_5	PF07564.11	7.899999999999998e-95	306.9
MP_LCAL0064___contig_1_fragment_7_706	PF05133.14	1.5999999999999995e-94	313.1
GCA_025728645___contig_8_15	PF05133.14	5e-94	311.5
GCA_001047445___contig_2_fragment_1_17	PF01470.17	4.5999999999999994e-91	300.2
MP_LCAL0064___contig_1_fragment_15_1524	PF00268.21	7.499999999999998e-90	296.9
GCA_001047445___contig_2_fragment_1_19	PF06149.12	2.7e-89	294.0
GCA_004001205___contig_1_fragment_5_666	PF00574.23	7.599999999999998e-88	288.9
MP_LCAL0064___contig_1_fragment_7_673	PF09989.9	8e-88	289.4
GCA_004001205___contig_1_fragment_11_1369	PF05133.14	2.999999999999999e-84	279.3
MP_LCAL0064___contig_1_fragment_5_470	PF12684.7	3.299999999999999e-79	261.7
GCA_004001205___contig_1_fragment_11_1387	PF12684.7	3.099999999999999e-75	248.7
GCA_004001205___contig_1_fragment_7_989	PF06908.11	1.1999999999999997e-70	232.6
GCA_001047545___contig_11_fragment_2_66	PF00933.21	2.7999999999999993e-68	226.4
GCA_004001225___contig_2_fragment_3_100	PF00933.21	2.7999999999999993e-68	226.4
MP_BCQMy224___contig_2_fragment_2_98	PF00933.21	2.7999999999999993e-68	226.4
GCA_001047435___contig_10_fragment_3_75	PF00933.21	2.7999999999999993e-68	226.4
GCA_025728645___contig_8_16	PF04466.13	8.999999999999999e-67	220.2
MP_LCAL0064___contig_1_fragment_7_705	PF04466.13	8.999999999999999e-67	220.2
MP_BCQMy224___contig_2_fragment_2_101	PF04616.14	1.3999999999999995e-66	220.4
GCA_004001205___contig_1_fragment_3_499	PF07971.12	4.299999999999999e-66	219.4
GCA_004001205___contig_1_fragment_15_1568	PF02677.14	8.199999999999998e-65	213.9
GCA_001047465___contig_13_fragment_2_23	PF02677.14	8.199999999999998e-65	213.9
GCA_004001205___contig_1_fragment_7_988	PF03838.14	8.799999999999999e-65	213.3
MP_LCAL0064___contig_1_fragment_15_1519	PF02421.18	1.1e-64	212.4
GCA_004001205___contig_1_fragment_11_1367	PF06152.11	1.1e-64	214.4
GCA_025728675___contig_42_fragment_2_123	PF05382.13	6.799999999999999e-63	206.6
MP_LCAL0064___contig_1_fragment_3_329	PF05382.13	6.799999999999999e-63	206.6
GCA_004001205___contig_1_fragment_12_1415	PF05382.13	8.499999999999999e-63	206.3
MP_LCAL0064___contig_1_fragment_13_1237	PF05382.13	8.499999999999999e-63	206.3
GCA_025728595___contig_27_1	PF05382.13	3.8e-62	204.1
MP_LCAL0064___contig_1_fragment_7_675	PF13561.6	1.7e-61	203.5
MP_LCAL0064___contig_1_fragment_7_726	PF05382.13	2.3999999999999997e-61	201.5
MP_LCAL0064___contig_1_fragment_5_449	PF08282.12	1.4999999999999998e-60	200.9
GCA_004001205___contig_1_fragment_7_987	PF00912.22	2e-60	199.0
GCA_025728675___contig_42_fragment_2_141	PF03354.15	4.3e-60	199.3
MP_LCAL0064___contig_1_fragment_3_311	PF03354.15	4.3e-60	199.3
GCA_004001205___contig_1_fragment_5_670	PF04552.13	6.5e-57	187.5
GCA_025728675___contig_42_fragment_1_105	PF13177.6	2.2999999999999996e-56	185.8
MP_LCAL0064___contig_1_fragment_4_350	PF13177.6	2.2999999999999996e-56	185.8
GCA_025728695___contig_1_fragment_1_16	PF13177.6	2.2999999999999996e-56	185.8
GCA_004001205___contig_1_fragment_4_607	PF13177.6	3.2e-56	185.4
MP_LCAL0064___contig_1_fragment_12_1195	PF03354.15	9.1e-55	181.7
GCA_004001205___contig_1_fragment_11_1351	PF06605.11	2.2999999999999996e-54	180.5
MP_LCAL0064___contig_1_fragment_4_348	PF02223.17	5.799999999999999e-54	178.3
GCA_025728695___contig_1_fragment_1_14	PF02223.17	5.799999999999999e-54	178.3
GCA_025728675___contig_42_fragment_1_107	PF02223.17	5.799999999999999e-54	178.3
GCA_004001205___contig_1_fragment_4_605	PF02223.17	5.799999999999999e-54	178.3
MP_LCAL0064___contig_1_fragment_2_78	PF13731.6	1.3e-53	177.9
GCA_001047515___contig_9_fragment_2_82	PF13731.6	1.3e-53	177.9
GCA_004001205___contig_1_fragment_2_88	PF13731.6	1.3e-53	177.9
GCA_014202715___contig_3_fragment_2_117	PF13731.6	1.3e-53	177.9
GCA_001047405___contig_2_fragment_2_90	PF13731.6	1.5999999999999998e-53	177.6
MP_LCAL0064___contig_1_fragment_3_313	PF04586.17	8.3e-53	174.7
GCA_025728675___contig_42_fragment_2_139	PF04586.17	9.899999999999999e-53	174.4
GCA_025728675___contig_42_fragment_1_101	PF00817.20	3.2e-51	169.0
GCA_004001205___contig_1_fragment_4_611	PF00817.20	3.2e-51	169.0
GCA_025728695___contig_1_fragment_1_20	PF00817.20	3.2e-51	169.0
MP_LCAL0064___contig_1_fragment_4_354	PF00817.20	3.2e-51	169.0
MP_LCAL0064___contig_1_fragment_5_482	PF03354.15	3.7e-51	169.8
GCA_025728675___contig_42_fragment_1_100	PF13353.6	7.5e-51	167.8
GCA_025728695___contig_1_fragment_1_21	PF13353.6	7.5e-51	167.8
MP_LCAL0064___contig_1_fragment_4_355	PF13353.6	7.5e-51	167.8
GCA_001047465___contig_13_fragment_3_117	PF00544.19	2e-50	167.1
GCA_004001205___contig_1_fragment_4_612	PF13353.6	2.4e-50	166.2
GCA_001047465___contig_13_fragment_3_123	PF13561.6	8.599999999999998e-50	165.2
MP_LCAL0064___contig_1_fragment_12_1173	PF16775.5	1.2e-49	162.7
MP_LCAL0064___contig_1_fragment_12_1193	PF04586.17	1.8e-49	163.8
GCA_004001205___contig_1_fragment_8_1143	PF07314.11	3.6e-49	163.0
MP_LCAL0064___contig_1_fragment_9_981	PF07314.11	3.699999999999999e-49	163.0
GCA_004001205___contig_1_fragment_11_1385	PF09681.10	5.8999999999999996e-49	160.8
MP_LCAL0064___contig_1_fragment_2_76	PF11797.8	1.6999999999999998e-48	159.9
GCA_004001205___contig_1_fragment_11_1343	PF05382.13	2.5999999999999996e-48	159.3
GCA_004001205___contig_1_fragment_14_1548	PF13604.6	5e-48	159.1
GCA_001047465___contig_13_fragment_1_4	PF13604.6	5e-48	159.1
MP_LCAL0064___contig_1_fragment_5_504	PF16775.5	5.7e-48	157.3
GCA_001047405___contig_2_fragment_2_88	PF11797.8	6e-48	158.1
GCA_001047515___contig_9_fragment_2_80	PF11797.8	6e-48	158.1
GCA_004001205___contig_1_fragment_2_86	PF11797.8	6e-48	158.1
GCA_014202715___contig_3_fragment_2_115	PF11797.8	6e-48	158.1
MP_LCAL0064___contig_1_fragment_2_79	PF13731.6	7.499999999999999e-48	159.1
GCA_004001205___contig_1_fragment_15_1565	PF00122.20	7.499999999999999e-48	158.2
GCA_001047465___contig_13_fragment_2_20	PF00122.20	7.499999999999999e-48	158.2
MP_LCAL0064___contig_1_fragment_15_1525	PF03816.14	1.9e-47	157.0
GCA_001047405___contig_2_fragment_2_91	PF13731.6	1.9999999999999997e-47	157.7
GCA_014202715___contig_3_fragment_2_118	PF13731.6	1.9999999999999997e-47	157.7
GCA_001047515___contig_9_fragment_2_83	PF13731.6	1.9999999999999997e-47	157.7
GCA_004001205___contig_1_fragment_2_89	PF13731.6	1.9999999999999997e-47	157.7
GCA_004001205___contig_1_fragment_13_1472	PF18766.1	1.7e-46	154.4
MP_LCAL0064___contig_1_fragment_12_1194	PF04860.12	4.299999999999999e-46	153.3
MP_LCAL0064___contig_1_fragment_5_483	PF04860.12	7e-46	152.6
MP_LCAL0064___contig_1_fragment_5_495	PF06605.11	1.3e-45	151.7
GCA_004001205___contig_1_fragment_11_1398	PF00239.21	2.2e-45	150.1
MP_BCQMy224___contig_2_fragment_2_107	PF05866.11	6.8e-45	148.4
GCA_004001205___contig_1_fragment_7_985	PF07553.11	7.8e-45	146.7
GCA_004001205___contig_1_fragment_13_1469	PF02384.16	1.3999999999999998e-44	148.4
GCA_004001205___contig_1_fragment_11_1360	PF11114.8	1.6999999999999998e-44	146.3
GCA_001047435___contig_10_fragment_3_63	PF05866.11	1.6999999999999998e-44	147.1
GCA_001047545___contig_11_fragment_2_54	PF05866.11	1.6999999999999998e-44	147.1
GCA_004001225___contig_2_fragment_3_112	PF05866.11	1.6999999999999998e-44	147.1
MP_LCAL0064___contig_1_fragment_5_452	PF07553.11	3.3999999999999997e-44	144.7
MP_LCAL0064___contig_1_fragment_1_63	PF16173.5	3.7e-44	146.0
GCA_025728595___contig_12_5	PF02486.19	1.1999999999999999e-43	145.0
MP_BC9___contig_3_1	PF02486.19	1.4e-43	144.7
MP_BCQMy204___contig_3_1	PF02486.19	1.4e-43	144.7
MP_LCAL0064___contig_3_1	PF02486.19	1.4e-43	144.7
GCA_025728635___contig_25_11	PF00239.21	1.4999999999999998e-43	144.2
MP_LCAL0064___contig_1_fragment_7_679	PF00239.21	1.4999999999999998e-43	144.2
MP_LCAL0064___contig_1_fragment_12_1182	PF06605.11	2e-43	144.5
MP_LCAL0064___contig_1_fragment_4_349	PF06153.11	2.0999999999999997e-43	142.8
GCA_025728695___contig_1_fragment_1_15	PF06153.11	2.0999999999999997e-43	142.8
GCA_004001205___contig_1_fragment_4_606	PF06153.11	2.0999999999999997e-43	142.8
GCA_025728675___contig_42_fragment_1_106	PF06153.11	2.0999999999999997e-43	142.8
GCA_004001225___contig_3_1	PF02486.19	7.3e-43	142.4
MP_LCAL0064___contig_1_fragment_12_1207	PF05565.11	1.1e-42	141.6
GCA_004001225___contig_2_fragment_3_105	PF04616.14	2.1e-42	141.1
GCA_001047545___contig_11_fragment_2_61	PF04616.14	2.1e-42	141.1
GCA_001047435___contig_10_fragment_3_70	PF04616.14	2.1e-42	141.1
GCA_004001205___contig_1_fragment_14_1549	PF00300.22	2.7e-41	137.2
GCA_001047465___contig_13_fragment_1_5	PF00300.22	2.7e-41	137.2
MP_BC9___contig_3_7	PF00239.21	1.7999999999999998e-40	134.2
GCA_025728595___contig_12_18	PF00239.21	1.7999999999999998e-40	134.2
GCA_004001225___contig_3_8	PF00239.21	1.7999999999999998e-40	134.2
MP_BCQMy204___contig_3_7	PF00239.21	1.7999999999999998e-40	134.2
MP_LCAL0064___contig_3_7	PF00239.21	1.7999999999999998e-40	134.2
MP_LCAL0064___contig_1_fragment_3_314	PF05065.13	2e-40	134.6
GCA_025728675___contig_42_fragment_2_138	PF05065.13	2e-40	134.6
MP_LCAL0064___contig_1_fragment_3_301	PF13479.6	2e-40	134.4
GCA_025728675___contig_42_fragment_2_150	PF13479.6	2e-40	134.4
MP_BC9___contig_3_13	PF13614.6	5.299999999999999e-40	132.9
GCA_025728595___contig_12_10	PF13614.6	5.299999999999999e-40	132.9
GCA_004001225___contig_3_14	PF13614.6	5.299999999999999e-40	132.9
MP_LCAL0064___contig_3_13	PF13614.6	5.299999999999999e-40	132.9
MP_BCQMy204___contig_3_13	PF13614.6	5.299999999999999e-40	132.9
MP_LCAL0064___contig_1_fragment_7_674	PF07702.13	1.6e-39	130.8
MP_LCAL0064___contig_1_fragment_5_469	PF03837.14	2.2e-39	130.8
GCA_004001205___contig_1_fragment_5_664	PF14527.6	3.399999999999999e-39	128.6
MP_LCAL0064___contig_1_fragment_13_1259	PF01042.21	3.9e-39	129.2
GCA_004001205___contig_1_fragment_12_1439	PF01042.21	6.7e-39	128.4
GCA_004001205___contig_1_fragment_11_1388	PF03837.14	7.5e-39	129.0
GCA_004001205___contig_1_fragment_12_1428	PF12363.8	8e-39	128.3
MP_LCAL0064___contig_1_fragment_13_1248	PF12363.8	8e-39	128.3
MP_LCAL0064___contig_1_fragment_13_1243	PF10651.9	6.699999999999999e-38	125.5
GCA_004001205___contig_1_fragment_14_1552	PF13641.6	8.8e-38	126.2
GCA_004001205___contig_1_fragment_8_1145	PF06265.11	1e-37	123.8
MP_LCAL0064___contig_1_fragment_9_983	PF06265.11	1e-37	123.8
MP_LCAL0064___contig_1_fragment_15_1522	PF07972.11	1e-37	124.7
MP_LCAL0064___contig_1_fragment_7_721	PF10651.9	1.3000000000000001e-37	124.5
GCA_004001205___contig_1_fragment_12_1422	PF10651.9	1.4e-37	124.4
GCA_001047465___contig_13_fragment_1_8	PF13641.6	1.6999999999999999e-37	125.3
GCA_004001205___contig_1_fragment_11_1386	PF16784.5	1.8e-37	124.6
MP_LCAL0064___contig_1_fragment_5_484	PF04586.17	9.399999999999999e-37	122.4
MP_LCAL0064___contig_1_fragment_7_716	PF12363.8	1.1e-36	121.5
GCA_025728645___contig_8_5	PF12363.8	1.1e-36	121.5
MP_LCAL0064___contig_1_fragment_12_1202	PF00436.25	1.3e-36	120.5
GCA_004001205___contig_1_fragment_11_1393	PF03374.14	1.9e-36	120.5
MP_LCAL0064___contig_1_fragment_5_458	PF03374.14	2.8999999999999998e-36	119.9
MP_LCAL0064___contig_1_fragment_12_1205	PF16784.5	3.1e-36	120.6
GCA_004001205___contig_1_fragment_11_1352	PF05709.11	3.2e-36	120.8
MP_LCAL0064___contig_1_fragment_5_455	PF03374.14	4.799999999999999e-36	119.2
MP_LCAL0064___contig_1_fragment_5_462	PF03374.14	4.9e-36	119.1
GCA_004001205___contig_1_fragment_11_1349	PF10651.9	5.7999999999999996e-36	119.2
MP_LCAL0064___contig_1_fragment_5_474	PF00436.25	9.499999999999999e-36	117.8
MP_LCAL0064___contig_1_fragment_5_471	PF16784.5	1.4e-35	118.5
MP_LCAL0064___contig_1_fragment_12_1179	PF10651.9	2.3e-35	117.2
GCA_025728645___contig_8_12	PF05065.13	3.7e-35	117.3
MP_LCAL0064___contig_1_fragment_7_709	PF05065.13	3.7e-35	117.3
GCA_004001205___contig_1_fragment_11_1381	PF05866.11	4.2999999999999996e-35	116.7
GCA_004001205___contig_1_fragment_15_1561	PF06831.14	5.1e-35	115.2
GCA_001047465___contig_13_fragment_2_16	PF06831.14	5.1e-35	115.2
MP_LCAL0064___contig_1_fragment_5_498	PF10651.9	5.7e-35	116.0
MP_LCAL0064___contig_1_fragment_3_324	PF10651.9	6.1e-35	115.9
GCA_025728675___contig_42_fragment_2_128	PF10651.9	6.1e-35	115.9
GCA_004001205___contig_1_fragment_14_1547	PF06177.11	1.1000000000000002e-34	115.6
GCA_001047465___contig_13_fragment_1_2	PF06177.11	1.7e-34	115.0
MP_LCAL0064___contig_1_fragment_12_1206	PF04404.12	2.2999999999999997e-34	114.2
MP_LCAL0064___contig_1_fragment_7_677	PF01205.19	3.3e-34	113.2
GCA_001047555___contig_5_fragment_1_119	PF13377.6	1.1999999999999998e-33	112.5
MP_LCAL0064___contig_1_fragment_5_472	PF09681.10	1.4999999999999999e-33	111.1
MP_LCAL0064___contig_1_fragment_3_288	PF07553.11	4.6e-33	109.1
MP_LCAL0064___contig_1_fragment_13_1244	PF18013.1	4.799999999999999e-33	110.0
MP_LCAL0064___contig_1_fragment_9_984	PF01035.20	5.7999999999999994e-33	108.7
GCA_004001205___contig_1_fragment_8_1146	PF01035.20	5.7999999999999994e-33	108.7
GCA_004001205___contig_1_fragment_4_609	PF06156.13	8.1e-33	108.9
GCA_025728675___contig_42_fragment_1_103	PF06156.13	8.1e-33	108.9
GCA_025728695___contig_1_fragment_1_18	PF06156.13	8.1e-33	108.9
MP_LCAL0064___contig_1_fragment_4_352	PF06156.13	8.1e-33	108.9
MP_LCAL0064___contig_1_fragment_7_720	PF18013.1	8.4e-33	109.2
MP_LCAL0064___contig_1_fragment_3_323	PF18013.1	9.7e-33	109.0
GCA_025728675___contig_42_fragment_2_129	PF18013.1	9.7e-33	109.0
GCA_004001205___contig_1_fragment_11_1344	PF16938.5	1.1e-32	107.8
MP_LCAL0064___contig_1_fragment_7_710	PF02368.18	1.1e-32	107.6
GCA_025728645___contig_8_11	PF02368.18	1.1e-32	107.6
GCA_025728595___contig_27_2	PF16938.5	1.1e-32	107.8
MP_LCAL0064___contig_1_fragment_13_1260	PF00005.27	1.1999999999999999e-32	109.0
MP_LCAL0064___contig_1_fragment_2_82	PF00005.27	1.4e-32	108.8
GCA_001047465___contig_13_fragment_1_1	PF02776.18	1.7e-32	108.1
GCA_004001205___contig_1_fragment_12_1440	PF00005.27	1.7e-32	108.6
GCA_004001205___contig_1_fragment_2_95	PF00005.27	1.8e-32	108.5
GCA_001047405___contig_2_fragment_2_97	PF00005.27	1.8e-32	108.5
GCA_001047515___contig_9_fragment_2_89	PF00005.27	1.8e-32	108.5
GCA_014202715___contig_3_fragment_2_124	PF00005.27	1.8e-32	108.5
GCA_025728675___contig_42_fragment_1_104	PF04468.12	5.7e-32	105.7
GCA_025728695___contig_1_fragment_1_17	PF04468.12	5.7e-32	105.7
MP_LCAL0064___contig_1_fragment_4_351	PF04468.12	5.7e-32	105.7
GCA_004001205___contig_1_fragment_4_608	PF04468.12	5.8e-32	105.6
GCA_001047595___contig_13_fragment_1_12	PF00005.27	6.3e-32	106.7
GCA_001047465___contig_13_fragment_3_121	PF03013.14	6.7e-32	106.0
MP_LCAL0064___contig_1_fragment_5_450	PF00589.22	1.3e-31	105.5
MP_LCAL0064___contig_1_fragment_13_1238	PF16938.5	1.5999999999999999e-31	104.1
GCA_004001205___contig_1_fragment_12_1416	PF16938.5	1.5999999999999999e-31	104.1
MP_LCAL0064___contig_1_fragment_3_287	PF00589.22	2.2e-31	104.7
MP_LCAL0064___contig_1_fragment_7_725	PF16938.5	3.1999999999999997e-31	103.1
MP_LCAL0064___contig_1_fragment_3_328	PF16938.5	3.1999999999999997e-31	103.1
GCA_025728675___contig_42_fragment_2_124	PF16938.5	3.1999999999999997e-31	103.1
MP_LCAL0064___contig_1_fragment_12_1183	PF05709.11	3.3999999999999997e-31	104.3
GCA_001047445___contig_2_fragment_1_13	PF00005.27	4.6e-31	103.9
MP_LCAL0064___contig_1_fragment_5_503	PF16938.5	4.8e-31	102.6
MP_LCAL0064___contig_1_fragment_2_80	PF18483.1	5e-31	104.0
MP_LCAL0064___contig_1_fragment_12_1174	PF16938.5	9.2e-31	101.7
GCA_004001205___contig_1_fragment_11_1373	PF03592.16	1.5e-30	102.2
GCA_025728615___contig_2_fragment_1_3	PF00589.22	2.1e-30	101.5
MP_LCAL0064___contig_1_fragment_12_1168	PF00589.22	2.1e-30	101.5
GCA_004001205___contig_1_fragment_13_1466	PF01420.19	1.0000000000000001e-29	99.7
MP_LCAL0064___contig_1_fragment_5_494	PF05709.11	1.2e-29	99.3
MP_LCAL0064___contig_1_fragment_7_696	PF07083.11	1.4e-29	99.1
MP_LCAL0064___contig_1_fragment_15_1520	PF04023.14	1.6e-29	97.8
MP_LCAL0064___contig_1_fragment_3_312	PF04860.12	1.8000000000000002e-29	98.7
GCA_025728675___contig_42_fragment_2_140	PF04860.12	1.8000000000000002e-29	98.7
GCA_025728645___contig_8_24	PF07083.11	2.1e-29	98.6
GCA_001047465___contig_13_fragment_1_7	PF03170.13	2.2e-29	98.0
GCA_004001205___contig_1_fragment_14_1551	PF03170.13	2.5e-29	97.8
GCA_004001205___contig_1_fragment_11_1355	PF06854.11	7.099999999999999e-29	96.7
MP_LCAL0064___contig_1_fragment_9_978	PF00486.28	8.3e-29	95.3
GCA_004001205___contig_1_fragment_8_1139	PF00486.28	8.3e-29	95.3
GCA_004001205___contig_1_fragment_5_665	PF13462.6	8.899999999999999e-29	96.5
MP_LCAL0064___contig_1_fragment_9_977	PF02518.26	1.6999999999999998e-28	95.2
GCA_004001205___contig_1_fragment_8_1138	PF02518.26	1.6999999999999998e-28	95.2
GCA_004001205___contig_1_fragment_11_1342	PF13274.6	4.3e-28	94.3
GCA_025728675___contig_42_fragment_1_102	PF00590.20	5.200000000000001e-28	94.2
GCA_025728695___contig_1_fragment_1_19	PF00590.20	5.200000000000001e-28	94.2
GCA_004001205___contig_1_fragment_4_610	PF00590.20	5.200000000000001e-28	94.2
MP_LCAL0064___contig_1_fragment_4_353	PF00590.20	5.200000000000001e-28	94.2
GCA_004001225___contig_3_11	PF03318.13	1.9e-27	92.2
GCA_025728595___contig_12_14	PF03318.13	6.4e-27	90.5
MP_LCAL0064___contig_3_10	PF03318.13	6.4e-27	90.5
MP_BCQMy204___contig_3_10	PF03318.13	6.4e-27	90.5
MP_BC9___contig_3_10	PF03318.13	6.4e-27	90.5
GCA_025728635___contig_25_6	PF03374.14	4.9000000000000005e-26	87.0
MP_LCAL0064___contig_1_fragment_7_684	PF03374.14	4.9000000000000005e-26	87.0
MP_LCAL0064___contig_1_fragment_7_676	PF11195.8	6.5e-26	86.2
GCA_025728635___contig_25_4	PF10711.9	9.2e-26	86.0
MP_LCAL0064___contig_1_fragment_7_686	PF10711.9	9.2e-26	86.0
GCA_025728695___contig_1_fragment_1_13	PF13662.6	2.0999999999999996e-25	84.8
MP_LCAL0064___contig_1_fragment_4_347	PF13662.6	2.0999999999999996e-25	84.8
MP_LCAL0064___contig_1_fragment_9_982	PF13344.6	3.6e-25	83.8
GCA_004001205___contig_1_fragment_8_1144	PF13344.6	3.7e-25	83.8
MP_LCAL0064___contig_1_fragment_5_485	PF05065.13	8.9e-25	83.3
MP_BCQMy224___contig_2_fragment_2_100	PF13419.6	1.1e-24	83.3
GCA_001047435___contig_10_fragment_3_72	PF13419.6	1.1e-24	83.3
GCA_001047545___contig_11_fragment_2_63	PF13419.6	1.1e-24	83.3
GCA_004001225___contig_2_fragment_3_103	PF13419.6	1.1e-24	83.3
GCA_004001205___contig_1_fragment_4_604	PF13662.6	1.2e-24	82.4
GCA_004001205___contig_1_fragment_11_1359	PF12691.7	7.000000000000001e-24	80.4
GCA_025728615___contig_2_fragment_1_5	PF15980.5	7.5e-24	79.8
GCA_001047515___contig_9_fragment_2_85	PF18483.1	1.3e-23	79.8
GCA_014202715___contig_3_fragment_2_120	PF18483.1	1.3e-23	79.8
GCA_004001205___contig_1_fragment_2_91	PF18483.1	1.3e-23	79.8
GCA_001047405___contig_2_fragment_2_93	PF18483.1	1.3e-23	79.8
GCA_004001205___contig_1_fragment_3_493	PF06580.13	1.6000000000000002e-23	78.6
MP_LCAL0064___contig_1_fragment_5_490	PF04630.12	1.6000000000000002e-23	78.8
GCA_001047595___contig_13_fragment_1_10	PF00005.27	2.2000000000000002e-23	79.0
MP_LCAL0064___contig_1_fragment_12_1192	PF05065.13	2.4999999999999998e-23	78.5
GCA_025728645___contig_8_13	PF14265.6	5.3e-23	77.4
MP_LCAL0064___contig_1_fragment_7_708	PF14265.6	5.799999999999999e-23	77.3
GCA_004001205___contig_1_fragment_5_668	PF02627.20	3.9999999999999997e-22	73.9
GCA_004001205___contig_1_fragment_3_496	PF12833.7	4.2000000000000006e-22	74.0
MP_LCAL0064___contig_1_fragment_12_1187	PF04630.12	7.1e-22	73.5
GCA_025728645___contig_8_1	PF06605.11	9.4e-22	73.3
GCA_004001205___contig_1_fragment_11_1345	PF10779.9	1.1e-21	72.6
MP_LCAL0064___contig_1_fragment_5_502	PF10779.9	2.7e-21	71.4
GCA_004001205___contig_1_fragment_5_671	PF01757.22	5.4e-21	70.7
GCA_025728595___contig_22_2	PF06114.13	6.6e-21	70.3
MP_LCAL0064___contig_1_fragment_3_327	PF10779.9	6.6e-21	70.1
GCA_025728675___contig_42_fragment_2_125	PF10779.9	6.6e-21	70.1
MP_LCAL0064___contig_1_fragment_7_724	PF10779.9	6.6e-21	70.1
MP_LCAL0064___contig_1_fragment_12_1199	PF06114.13	6.6e-21	70.3
MP_LCAL0064___contig_1_fragment_5_481	PF05119.12	8.8e-21	70.0
GCA_004001205___contig_1_fragment_12_1429	PF06199.11	9.300000000000002e-21	70.1
MP_LCAL0064___contig_1_fragment_13_1249	PF06199.11	1.0000000000000001e-20	70.0
GCA_001047545___contig_11_fragment_2_68	PF12833.7	1.1000000000000001e-20	69.4
GCA_001047435___contig_10_fragment_3_77	PF12833.7	1.1000000000000001e-20	69.4
GCA_004001225___contig_2_fragment_3_98	PF12833.7	1.1000000000000001e-20	69.4
MP_LCAL0064___contig_1_fragment_12_1196	PF05119.12	1.8000000000000002e-20	69.0
GCA_025728645___contig_8_6	PF06199.11	2.1000000000000002e-20	69.0
MP_LCAL0064___contig_1_fragment_7_715	PF06199.11	2.1000000000000002e-20	69.0
GCA_004001205___contig_1_fragment_12_1425	PF05709.11	2.2000000000000002e-20	68.9
GCA_025728595___contig_12_13	PF16935.5	2.2000000000000002e-20	68.2
GCA_004001205___contig_1_fragment_13_1468	PF02384.16	2.5e-20	68.7
GCA_004001225___contig_3_7	PF16935.5	3.4e-20	67.6
GCA_004001205___contig_1_fragment_11_1372	PF04466.13	3.7e-20	68.0
GCA_001047435___contig_10_fragment_3_79	PF03551.14	4.6e-20	67.2
GCA_001047545___contig_11_fragment_2_70	PF03551.14	4.6e-20	67.2
GCA_004001225___contig_2_fragment_3_96	PF03551.14	4.6e-20	67.2
MP_BCQMy224___contig_2_fragment_2_95	PF03551.14	4.6e-20	67.2
MP_BCQMy224___contig_2_fragment_2_97	PF12833.7	1e-19	66.3
MP_LCAL0064___contig_1_fragment_13_1245	PF05709.11	1.1999999999999999e-19	66.5
GCA_025728595___contig_12_16	PF16935.5	1.5e-19	65.6
MP_LCAL0064___contig_1_fragment_7_719	PF05709.11	2.2000000000000003e-19	65.6
GCA_025728645___contig_8_2	PF05709.11	2.2000000000000003e-19	65.6
GCA_004001205___contig_1_fragment_12_1424	PF18013.1	3.6e-19	65.0
MP_LCAL0064___contig_1_fragment_5_501	PF09693.10	4.3e-19	64.1
MP_LCAL0064___contig_1_fragment_7_704	PF03592.16	5e-19	64.9
GCA_025728645___contig_8_17	PF03592.16	5e-19	64.9
GCA_004001205___contig_1_fragment_11_1383	PF00436.25	5.4e-19	64.0
GCA_025728595___contig_12_1	PF07564.11	5.6e-19	63.8
GCA_001047465___contig_13_fragment_3_120	PF01432.20	5.7000000000000005e-19	64.4
GCA_001047545___contig_11_fragment_2_62	PF04616.14	6e-19	64.2
GCA_001047435___contig_10_fragment_3_71	PF04616.14	6e-19	64.2
GCA_004001225___contig_2_fragment_3_104	PF04616.14	6e-19	64.2
GCA_004001205___contig_1_fragment_11_1395	PF01381.22	1.3999999999999999e-18	62.4
GCA_004001205___contig_1_fragment_11_1346	PF09693.10	1.6e-18	62.2
GCA_004001205___contig_1_fragment_11_1370	PF17288.2	1.1e-17	60.6
MP_LCAL0064___contig_1_fragment_3_321	PF10145.9	1.7000000000000002e-17	59.7
GCA_025728675___contig_42_fragment_2_131	PF10145.9	1.7000000000000002e-17	59.7
MP_LCAL0064___contig_1_fragment_12_1176	PF09693.10	2e-17	58.7
GCA_025728645___contig_8_14	PF04233.14	3.3e-17	59.0
MP_LCAL0064___contig_1_fragment_7_707	PF04233.14	3.3e-17	59.0
MP_BCQMy204___contig_3_12	PF17363.2	6.800000000000001e-17	57.3
MP_BC9___contig_3_12	PF17363.2	6.800000000000001e-17	57.3
MP_LCAL0064___contig_3_12	PF17363.2	6.800000000000001e-17	57.3
GCA_014202715___contig_3_fragment_2_114	PF02595.15	6.999999999999999e-17	57.2
GCA_001047515___contig_9_fragment_2_79	PF02595.15	6.999999999999999e-17	57.2
GCA_001047405___contig_2_fragment_2_87	PF02595.15	6.999999999999999e-17	57.2
GCA_004001205___contig_1_fragment_2_85	PF02595.15	6.999999999999999e-17	57.2
GCA_025728595___contig_12_11	PF17363.2	7.2e-17	57.2
GCA_004001225___contig_3_13	PF17363.2	7.2e-17	57.2
GCA_001047465___contig_13_fragment_3_116	PF04892.12	7.3e-17	58.0
GCA_025728595___contig_12_19	PF16935.5	1.5e-16	56.0
GCA_001047465___contig_13_fragment_2_19	PF05043.13	2.3e-16	56.0
GCA_004001205___contig_1_fragment_15_1564	PF05043.13	2.3e-16	56.0
MP_LCAL0064___contig_1_fragment_1_60	PF01381.22	2.7e-16	55.2
GCA_025728595___contig_27_4	PF09693.10	3.3e-16	54.9
MP_LCAL0064___contig_1_fragment_7_672	PF00440.23	1.1e-15	53.0
GCA_004001225___contig_2_fragment_3_95	PF08006.11	1.2e-15	53.3
GCA_001047545___contig_11_fragment_2_71	PF08006.11	1.2e-15	53.3
GCA_001047435___contig_10_fragment_3_80	PF08006.11	1.2e-15	53.3
MP_LCAL0064___contig_1_fragment_15_1521	PF00462.24	1.3e-15	53.1
MP_LCAL0064___contig_1_fragment_13_1253	PF13229.6	1.3e-15	53.4
GCA_004001205___contig_1_fragment_12_1433	PF13229.6	1.3e-15	53.4
GCA_004001205___contig_1_fragment_3_495	PF00072.24	1.6e-15	53.0
MP_LCAL0064___contig_1_fragment_5_447	PF00583.25	1.9999999999999998e-15	52.8
GCA_001047515___contig_9_fragment_2_86	PF07523.12	2.2e-15	52.6
GCA_004001205___contig_1_fragment_2_92	PF07523.12	2.2e-15	52.6
GCA_014202715___contig_3_fragment_2_121	PF07523.12	2.2e-15	52.6
GCA_001047405___contig_2_fragment_2_94	PF07523.12	2.3e-15	52.4
MP_BCQMy224___contig_2_fragment_2_94	PF08006.11	3.5e-15	51.8
GCA_004001205___contig_1_fragment_11_1361	PF10665.9	7.8e-15	50.8
MP_LCAL0064___contig_1_fragment_3_298	PF00176.23	8.4e-15	50.0
GCA_025728675___contig_42_fragment_2_153	PF00176.23	8.4e-15	50.0
GCA_001047595___contig_13_fragment_1_14	PF03992.16	1.2e-14	50.0
MP_LCAL0064___contig_1_fragment_12_1220	PF01381.22	1.3e-14	49.8
MP_LCAL0064___contig_1_fragment_7_727	PF14213.6	1.3999999999999999e-14	49.3
MP_LCAL0064___contig_1_fragment_1_61	PF00132.24	1.5e-14	48.9
GCA_001047405___contig_2_fragment_2_98	PF07242.11	3.1e-14	48.9
GCA_004001205___contig_1_fragment_11_1366	PF06810.11	3.6000000000000004e-14	48.6
MP_LCAL0064___contig_1_fragment_1_59	PF07853.11	6.3e-14	47.2
MP_LCAL0064___contig_1_fragment_12_1221	PF00717.23	1.6e-13	46.2
GCA_001047515___contig_9_fragment_2_90	PF07242.11	1.8000000000000002e-13	46.4
GCA_004001205___contig_1_fragment_2_96	PF07242.11	1.8000000000000002e-13	46.4
GCA_014202715___contig_3_fragment_2_125	PF07242.11	1.8000000000000002e-13	46.4
GCA_004001205___contig_1_fragment_8_1147	PF10031.9	2.4e-13	45.7
MP_LCAL0064___contig_1_fragment_9_985	PF10031.9	2.5e-13	45.7
GCA_025728635___contig_25_8	PF00717.23	3.4e-13	45.1
MP_LCAL0064___contig_1_fragment_7_682	PF00717.23	3.4e-13	45.1
MP_LCAL0064___contig_1_fragment_5_453	PF12844.7	3.6000000000000003e-13	45.1
GCA_004001205___contig_1_fragment_15_1567	PF01381.22	8.600000000000001e-13	44.0
GCA_001047465___contig_13_fragment_2_22	PF01381.22	9.1e-13	43.9
GCA_025728615___contig_2_fragment_1_7	PF02384.16	1.3000000000000001e-12	43.4
GCA_004001205___contig_1_fragment_11_1399	PF07508.13	1.4999999999999999e-12	43.6
MP_LCAL0064___contig_1_fragment_2_83	PF07242.11	1.9e-12	43.1
GCA_025728675___contig_42_fragment_2_143	PF01844.23	2.3e-12	42.7
MP_LCAL0064___contig_1_fragment_3_309	PF01844.23	2.3e-12	42.7
MP_LCAL0064___contig_1_fragment_13_1257	PF00717.23	2.4e-12	42.5
GCA_004001205___contig_1_fragment_12_1437	PF00717.23	2.4e-12	42.5
MP_LCAL0064___contig_1_fragment_15_1516	PF13443.6	2.7000000000000002e-12	42.8
MP_LCAL0064___contig_1_fragment_5_486	PF05135.13	3.6000000000000004e-12	42.5
GCA_004001205___contig_1_fragment_11_1368	PF06152.11	5.9e-12	40.9
GCA_001047465___contig_13_fragment_3_115	PF01476.20	6.900000000000001e-12	41.1
GCA_004001205___contig_1_fragment_13_1470	PF12161.8	8.6e-12	41.6
GCA_001047465___contig_13_fragment_3_122	PF09954.9	1.1999999999999999e-11	40.3
GCA_025728635___contig_53_fragment_2_32	PF13597.6	9.899999999999997e-182	602.0
MP_ONT63___contig_1_fragment_13_1350	PF13597.6	9.899999999999997e-182	602.0
MP_BCQMy302___contig_1_fragment_4_356	PF13597.6	9.899999999999997e-182	602.0
MP_BCQMy224___contig_1_fragment_4_356	PF13597.6	9.899999999999997e-182	602.0
GCA_001047405___contig_4_fragment_4_225	PF00476.20	1.1999999999999995e-156	518.0
MP_ONT63___contig_1_fragment_7_781	PF05833.11	2.8999999999999987e-150	497.4
MP_BCQMy302___contig_1_fragment_9_983	PF05833.11	2.8999999999999987e-150	497.4
MP_BCQMy224___contig_1_fragment_8_928	PF05833.11	2.8999999999999987e-150	497.4
GCA_001047455___contig_4_fragment_2_153	PF05833.11	7.199999999999998e-149	492.8
MP_BCQMy302___contig_1_fragment_15_1533	PF02867.15	1.6999999999999996e-139	462.1
MP_ONT63___contig_1_fragment_15_1470	PF02867.15	1.6999999999999996e-139	462.1
MP_BCQMy224___contig_1_fragment_15_1528	PF02867.15	1.6999999999999996e-139	462.1
MP_BCQMy224___contig_1_fragment_2_75	PF02595.15	5.0999999999999985e-127	420.3
MP_BCQMy302___contig_1_fragment_2_75	PF02595.15	5.0999999999999985e-127	420.3
MP_ONT63___contig_1_fragment_2_131	PF02595.15	5.0999999999999985e-127	420.3
MP_BCQMy302___contig_2_fragment_2_100	PF17389.2	5.799999999999998e-125	413.5
MP_ONT231___contig_2_fragment_2_96	PF17389.2	5.799999999999998e-125	413.5
GCA_025728645___contig_57_fragment_1_15	PF17389.2	5.799999999999998e-125	413.5
GCA_001047445___contig_4_fragment_1_15	PF17389.2	1.3999999999999996e-124	412.2
GCA_001047465___contig_1_fragment_2_64	PF17389.2	1.3999999999999996e-124	412.2
GCA_001047525___contig_10_fragment_2_41	PF17389.2	1.3999999999999996e-124	412.2
MP_ATCC35311___contig_2_fragment_3_99	PF17389.2	5.699999999999998e-124	410.2
MP_BCQMy205___contig_3_5	PF07564.11	2.1999999999999998e-112	363.8
GCA_001047455___contig_2_fragment_2_25	PF02595.15	1.0999999999999998e-97	323.8
GCA_001047435___contig_2_fragment_2_114	PF02595.15	1.0999999999999998e-97	323.8
GCA_001047465___contig_8_fragment_1_6	PF02595.15	1.0999999999999998e-97	323.8
GCA_001047395___contig_2_fragment_2_114	PF02595.15	1.0999999999999998e-97	323.8
MP_BCQMy302___contig_1_fragment_7_705	PF05133.14	8.199999999999998e-94	311.5
MP_BCQMy224___contig_1_fragment_14_1453	PF05133.14	1.2999999999999998e-90	301.0
MP_ONT63___contig_1_fragment_15_1471	PF00268.21	1.1999999999999999e-89	296.9
MP_BCQMy224___contig_1_fragment_15_1529	PF00268.21	1.1999999999999999e-89	296.9
MP_BCQMy302___contig_1_fragment_15_1534	PF00268.21	1.1999999999999999e-89	296.9
GCA_001047405___contig_4_fragment_2_132	PF02384.16	2.1999999999999994e-89	296.3
GCA_025728595___contig_34_fragment_1_17	PF09989.9	1.2999999999999998e-87	289.4
MP_BCQMy302___contig_1_fragment_7_672	PF09989.9	1.2999999999999998e-87	289.4
MP_BCQMy302___contig_1_fragment_5_470	PF12684.7	5.399999999999999e-79	261.7
MP_BCQMy224___contig_1_fragment_5_470	PF12684.7	5.399999999999999e-79	261.7
MP_BCQMy224___contig_1_fragment_14_1454	PF04466.13	2.4999999999999997e-69	229.3
GCA_001047445___contig_4_fragment_1_14	PF00933.21	4.399999999999999e-68	226.4
MP_ATCC35311___contig_2_fragment_3_98	PF00933.21	4.399999999999999e-68	226.4
MP_ONT231___contig_2_fragment_2_95	PF00933.21	4.499999999999999e-68	226.4
GCA_025728645___contig_57_fragment_1_14	PF00933.21	4.499999999999999e-68	226.4
MP_BCQMy302___contig_2_fragment_2_99	PF00933.21	4.499999999999999e-68	226.4
GCA_001047465___contig_1_fragment_2_65	PF00933.21	4.599999999999999e-68	226.4
GCA_001047525___contig_10_fragment_2_42	PF00933.21	4.599999999999999e-68	226.4
MP_BCQMy302___contig_1_fragment_7_704	PF04466.13	1.4999999999999996e-66	220.2
MP_ONT231___contig_2_fragment_2_98	PF04616.14	2.3999999999999997e-66	220.4
MP_BCQMy302___contig_2_fragment_2_102	PF04616.14	2.3999999999999997e-66	220.4
GCA_025728645___contig_57_fragment_1_17	PF04616.14	2.3999999999999997e-66	220.4
GCA_001047405___contig_4_fragment_4_231	PF02677.14	1.3999999999999997e-64	213.9
MP_BCQMy224___contig_1_fragment_15_1524	PF02421.18	1.8999999999999997e-64	212.4
MP_BCQMy302___contig_1_fragment_15_1529	PF02421.18	1.8999999999999997e-64	212.4
MP_ONT63___contig_1_fragment_15_1466	PF02421.18	1.8999999999999997e-64	212.4
MP_BCQMy224___contig_1_fragment_14_1467	PF13479.6	4.2999999999999993e-63	209.1
MP_ONT63___contig_1_fragment_14_1377	PF05382.13	1.1e-62	206.6
MP_BCQMy302___contig_1_fragment_3_329	PF05382.13	1.1e-62	206.6
MP_BCQMy224___contig_1_fragment_3_329	PF05382.13	1.1e-62	206.6
GCA_025728635___contig_53_fragment_1_5	PF05382.13	1.1e-62	206.6
MP_BCQMy302___contig_1_fragment_13_1247	PF05382.13	1.3999999999999998e-62	206.3
GCA_001047405___contig_4_fragment_1_76	PF05382.13	1.3999999999999998e-62	206.3
MP_ONT63___contig_1_fragment_4_578	PF05382.13	1.3999999999999998e-62	206.3
MP_BCQMy224___contig_1_fragment_12_1194	PF05382.13	1.3999999999999998e-62	206.3
GCA_001047525___contig_9_3	PF13731.6	4.599999999999999e-62	206.3
MP_BCQMy302___contig_1_fragment_7_674	PF13561.6	2.8e-61	203.5
GCA_025728595___contig_34_fragment_1_15	PF13561.6	2.8e-61	203.5
MP_BCQMy302___contig_1_fragment_7_728	PF05382.13	4e-61	201.5
GCA_025728635___contig_53_fragment_3_125	PF08282.12	2.3999999999999995e-60	200.9
MP_BCQMy302___contig_1_fragment_5_449	PF08282.12	2.3999999999999995e-60	200.9
MP_BCQMy224___contig_1_fragment_5_449	PF08282.12	2.3999999999999995e-60	200.9
MP_ONT63___contig_1_fragment_12_1257	PF08282.12	2.3999999999999995e-60	200.9
MP_BCQMy224___contig_1_fragment_3_311	PF03354.15	7.099999999999998e-60	199.3
MP_BCQMy302___contig_1_fragment_3_311	PF03354.15	7.099999999999998e-60	199.3
MP_ONT63___contig_1_fragment_14_1395	PF03354.15	7.099999999999998e-60	199.3
GCA_025728595___contig_10_13	PF03354.15	7.099999999999998e-60	199.3
GCA_025728615___contig_13_15	PF03354.15	7.099999999999998e-60	199.3
GCA_025728635___contig_22_13	PF03354.15	7.099999999999998e-60	199.3
GCA_001047455___contig_8_19	PF07564.11	2.8999999999999995e-58	190.4
MP_ONT63___contig_1_fragment_13_1356	PF13177.6	3.7999999999999993e-56	185.8
MP_BCQMy302___contig_1_fragment_4_350	PF13177.6	3.7999999999999993e-56	185.8
GCA_025728635___contig_53_fragment_2_26	PF13177.6	3.7999999999999993e-56	185.8
MP_BCQMy224___contig_1_fragment_4_350	PF13177.6	3.7999999999999993e-56	185.8
GCA_003462485___contig_4_6	PF01051.21	9.599999999999998e-56	185.5
GCA_003462485___contig_6_5	PF00122.20	1.6999999999999995e-55	183.8
MP_BCQMy224___contig_1_fragment_11_1144	PF03354.15	1.4999999999999998e-54	181.7
MP_BCQMy302___contig_1_fragment_12_1197	PF03354.15	1.9999999999999998e-54	181.3
MP_ONT63___contig_1_fragment_13_1358	PF02223.17	9.500000000000001e-54	178.3
GCA_025728635___contig_53_fragment_2_24	PF02223.17	9.500000000000001e-54	178.3
MP_BCQMy224___contig_1_fragment_4_348	PF02223.17	9.500000000000001e-54	178.3
MP_BCQMy302___contig_1_fragment_4_348	PF02223.17	9.500000000000001e-54	178.3
MP_ONT63___contig_1_fragment_2_134	PF13731.6	2.1e-53	177.9
MP_BCQMy302___contig_1_fragment_2_78	PF13731.6	2.1e-53	177.9
MP_BCQMy224___contig_1_fragment_2_78	PF13731.6	2.1e-53	177.9
GCA_001047435___contig_2_fragment_2_118	PF13731.6	2.7e-53	177.6
GCA_001047395___contig_2_fragment_2_118	PF13731.6	2.7e-53	177.6
GCA_001047455___contig_2_fragment_2_29	PF13731.6	2.7e-53	177.6
GCA_001047465___contig_8_fragment_1_10	PF13731.6	2.7e-53	177.6
MP_ONT63___contig_1_fragment_14_1393	PF04586.17	1.3999999999999998e-52	174.7
MP_BCQMy302___contig_1_fragment_3_313	PF04586.17	1.3999999999999998e-52	174.7
MP_BCQMy224___contig_1_fragment_3_313	PF04586.17	1.3999999999999998e-52	174.7
GCA_025728615___contig_13_17	PF04586.17	1.6e-52	174.4
GCA_025728635___contig_22_11	PF04586.17	1.6e-52	174.4
GCA_025728595___contig_10_11	PF04586.17	1.6e-52	174.4
MP_ONT63___contig_1_fragment_1_85	PF03354.15	3.3999999999999994e-52	173.9
MP_BCQMy302___contig_1_fragment_4_354	PF00817.20	5.299999999999999e-51	169.0
MP_BCQMy224___contig_1_fragment_4_354	PF00817.20	5.299999999999999e-51	169.0
GCA_025728635___contig_53_fragment_2_30	PF00817.20	5.299999999999999e-51	169.0
MP_ONT63___contig_1_fragment_13_1352	PF00817.20	5.299999999999999e-51	169.0
MP_ONT63___contig_1_fragment_12_1227	PF03354.15	6.2e-51	169.8
MP_BCQMy302___contig_1_fragment_5_482	PF03354.15	6.2e-51	169.8
MP_ONT63___contig_1_fragment_1_109	PF16775.5	6.2e-51	167.5
MP_BCQMy224___contig_1_fragment_5_482	PF03354.15	6.2e-51	169.8
MP_BCQMy302___contig_1_fragment_4_355	PF13353.6	1.2e-50	167.8
MP_ONT63___contig_1_fragment_13_1351	PF13353.6	1.2e-50	167.8
MP_BCQMy224___contig_1_fragment_4_355	PF13353.6	1.2e-50	167.8
GCA_025728635___contig_53_fragment_2_31	PF13353.6	1.2e-50	167.8
GCA_003462485___contig_4_3	PF00009.27	1.5999999999999998e-50	167.8
MP_BCQMy302___contig_1_fragment_12_1175	PF16775.5	1.8999999999999997e-50	165.9
GCA_001047405___contig_4_fragment_5_324	PF00544.19	3.3e-50	167.1
GCA_001047405___contig_4_fragment_5_330	PF13561.6	1.4000000000000002e-49	165.2
MP_BCQMy224___contig_1_fragment_11_1122	PF16775.5	1.9e-49	162.7
MP_BCQMy224___contig_1_fragment_11_1142	PF04586.17	3e-49	163.8
GCA_001047455___contig_4_fragment_2_155	PF07314.11	5.3e-49	163.1
MP_BCQMy224___contig_1_fragment_8_929	PF07314.11	6e-49	163.0
MP_ONT63___contig_1_fragment_7_780	PF07314.11	6e-49	163.0
MP_BCQMy302___contig_1_fragment_9_984	PF07314.11	6e-49	163.0
MP_ONT63___contig_1_fragment_2_132	PF11797.8	2.7999999999999994e-48	159.9
MP_BCQMy224___contig_1_fragment_2_76	PF11797.8	2.7999999999999994e-48	159.9
MP_BCQMy302___contig_1_fragment_2_76	PF11797.8	2.7999999999999994e-48	159.9
GCA_001047525___contig_9_2	PF11797.8	4.4e-48	159.2
GCA_001047455___contig_4_fragment_1_39	PF04586.17	5.599999999999999e-48	159.6
GCA_001047405___contig_4_fragment_3_212	PF13604.6	8.199999999999999e-48	159.1
MP_BCQMy224___contig_1_fragment_14_1441	PF10145.9	8.8e-48	159.2
GCA_001047455___contig_4_fragment_1_17	PF16775.5	9.199999999999999e-48	157.3
GCA_025728595___contig_34_fragment_3_186	PF16775.5	9.400000000000001e-48	157.3
MP_BCQMy224___contig_1_fragment_5_504	PF16775.5	9.400000000000001e-48	157.3
MP_BCQMy302___contig_1_fragment_5_503	PF16775.5	9.400000000000001e-48	157.3
MP_ONT63___contig_1_fragment_12_1205	PF16775.5	9.400000000000001e-48	157.3
GCA_001047465___contig_8_fragment_1_8	PF11797.8	9.8e-48	158.1
GCA_001047435___contig_2_fragment_2_116	PF11797.8	9.8e-48	158.1
GCA_001047395___contig_2_fragment_2_116	PF11797.8	9.8e-48	158.1
GCA_001047455___contig_2_fragment_2_27	PF11797.8	9.8e-48	158.1
MP_BCQMy224___contig_1_fragment_2_79	PF13731.6	1.2e-47	159.1
MP_BCQMy302___contig_1_fragment_2_79	PF13731.6	1.2e-47	159.1
MP_ONT63___contig_1_fragment_2_135	PF13731.6	1.2e-47	159.1
GCA_001047405___contig_4_fragment_4_228	PF00122.20	1.2e-47	158.2
MP_BCQMy224___contig_1_fragment_15_1530	PF03816.14	2.9999999999999997e-47	157.0
MP_BCQMy302___contig_1_fragment_15_1535	PF03816.14	2.9999999999999997e-47	157.0
MP_ONT63___contig_1_fragment_15_1472	PF03816.14	2.9999999999999997e-47	157.0
GCA_001047465___contig_8_fragment_1_11	PF13731.6	3.3999999999999997e-47	157.7
GCA_001047455___contig_2_fragment_2_30	PF13731.6	3.3999999999999997e-47	157.7
GCA_001047395___contig_2_fragment_2_119	PF13731.6	3.3999999999999997e-47	157.7
GCA_001047435___contig_2_fragment_2_119	PF13731.6	3.3999999999999997e-47	157.7
MP_BCQMy302___contig_1_fragment_12_1196	PF04860.12	2.3e-46	154.9
GCA_001047405___contig_4_fragment_2_135	PF18766.1	2.7999999999999994e-46	154.4
GCA_001047455___contig_4_fragment_1_58	PF05565.11	3.8e-46	153.5
MP_ONT63___contig_1_fragment_1_100	PF06605.11	4e-46	154.1
MP_ONT63___contig_1_fragment_12_1214	PF06605.11	4e-46	154.1
MP_BCQMy224___contig_1_fragment_11_1143	PF04860.12	7e-46	153.3
MP_ONT63___contig_1_fragment_1_86	PF04860.12	7.299999999999999e-46	153.2
GCA_001047455___contig_4_fragment_1_40	PF04860.12	7.499999999999999e-46	153.2
GCA_001047405___contig_4_fragment_2_123	PF08282.12	8.199999999999998e-46	153.2
MP_ONT63___contig_1_fragment_12_1240	PF05565.11	1e-45	152.1
MP_BCQMy224___contig_1_fragment_5_483	PF04860.12	1.1e-45	152.6
MP_ONT63___contig_1_fragment_12_1226	PF04860.12	1.1e-45	152.6
MP_BCQMy302___contig_1_fragment_5_483	PF04860.12	1.1e-45	152.6
MP_BCQMy302___contig_1_fragment_5_495	PF06605.11	2.0999999999999996e-45	151.7
MP_BCQMy224___contig_1_fragment_5_495	PF06605.11	2.0999999999999996e-45	151.7
MP_ATCC35311___contig_2_fragment_3_110	PF05866.11	7.6e-45	148.9
GCA_001047445___contig_4_fragment_1_26	PF05866.11	7.6e-45	148.9
MP_BCQMy302___contig_2_fragment_2_108	PF05866.11	1.0999999999999999e-44	148.4
GCA_025728645___contig_57_fragment_1_23	PF05866.11	1.0999999999999999e-44	148.4
MP_ONT231___contig_2_fragment_2_104	PF05866.11	1.0999999999999999e-44	148.4
GCA_001047525___contig_10_fragment_2_30	PF05866.11	2.7999999999999995e-44	147.1
GCA_001047465___contig_1_fragment_2_53	PF05866.11	2.7999999999999995e-44	147.1
MP_BCQMy302___contig_1_fragment_12_1184	PF06605.11	4.5e-44	147.4
MP_BCQMy224___contig_1_fragment_5_452	PF07553.11	5.5e-44	144.7
GCA_025728635___contig_53_fragment_3_128	PF07553.11	5.5e-44	144.7
MP_BCQMy302___contig_1_fragment_5_452	PF07553.11	5.5e-44	144.7
MP_BCQMy224___contig_1_fragment_1_63	PF16173.5	6.1e-44	146.0
MP_BCQMy302___contig_1_fragment_1_63	PF16173.5	6.1e-44	146.0
MP_ONT63___contig_1_fragment_2_121	PF16173.5	6.1e-44	146.0
GCA_025728675___contig_17_2	PF06605.11	1.4999999999999998e-43	145.7
MP_BCQMy205___contig_3_1	PF02486.19	2.3e-43	144.7
MP_BCQMy302___contig_1_fragment_7_678	PF00239.21	2.3999999999999998e-43	144.2
GCA_025728595___contig_34_fragment_1_11	PF00239.21	2.3999999999999998e-43	144.2
MP_BCQMy224___contig_1_fragment_11_1131	PF06605.11	3.3999999999999997e-43	144.5
GCA_001047455___contig_4_fragment_1_26	PF06605.11	3.3999999999999997e-43	144.5
MP_BCQMy224___contig_1_fragment_4_349	PF06153.11	3.3999999999999997e-43	142.8
GCA_025728635___contig_53_fragment_2_25	PF06153.11	3.3999999999999997e-43	142.8
MP_BCQMy302___contig_1_fragment_4_349	PF06153.11	3.3999999999999997e-43	142.8
MP_ONT63___contig_1_fragment_13_1357	PF06153.11	3.3999999999999997e-43	142.8
GCA_001047455___contig_4_fragment_1_41	PF03354.15	6.7e-43	143.3
GCA_001047455___contig_8_15	PF02486.19	1e-42	142.6
MP_ATCC35311___contig_2_fragment_3_103	PF04616.14	1.1999999999999999e-42	142.6
MP_BCQMy224___contig_1_fragment_11_1156	PF05565.11	1.8e-42	141.6
MP_BCQMy302___contig_1_fragment_12_1209	PF05565.11	1.8e-42	141.6
GCA_001047525___contig_10_fragment_2_37	PF04616.14	3.5e-42	141.1
GCA_001047465___contig_1_fragment_2_60	PF04616.14	3.5e-42	141.1
MP_BCQMy224___contig_1_fragment_14_1432	PF01183.20	8e-42	139.9
GCA_001047445___contig_4_fragment_1_19	PF04616.14	9.4e-42	139.7
GCA_001047405___contig_4_fragment_3_213	PF00300.22	4.3999999999999995e-41	137.2
GCA_003462485___contig_4_4	PF07690.16	1.2e-40	136.0
MP_BCQMy205___contig_3_7	PF00239.21	2.9999999999999994e-40	134.2
GCA_001047455___contig_8_3	PF00239.21	2.9999999999999994e-40	134.2
GCA_025728615___contig_13_6	PF13479.6	3.2999999999999995e-40	134.4
MP_BCQMy302___contig_1_fragment_3_301	PF13479.6	3.2999999999999995e-40	134.4
MP_ONT63___contig_1_fragment_14_1405	PF13479.6	3.2999999999999995e-40	134.4
MP_BCQMy224___contig_1_fragment_3_301	PF13479.6	3.2999999999999995e-40	134.4
GCA_025728635___contig_22_22	PF13479.6	3.2999999999999995e-40	134.4
GCA_025728595___contig_10_22	PF13479.6	3.2999999999999995e-40	134.4
GCA_025728635___contig_22_10	PF05065.13	3.4e-40	134.6
GCA_025728615___contig_13_18	PF05065.13	3.4e-40	134.6
MP_BCQMy302___contig_1_fragment_3_314	PF05065.13	3.4e-40	134.6
MP_BCQMy224___contig_1_fragment_3_314	PF05065.13	3.4e-40	134.6
MP_ONT63___contig_1_fragment_14_1392	PF05065.13	3.4e-40	134.6
GCA_025728595___contig_10_10	PF05065.13	3.4e-40	134.6
GCA_001047455___contig_8_9	PF13614.6	8.8e-40	132.9
MP_BCQMy205___contig_3_13	PF13614.6	8.8e-40	132.9
MP_BCQMy302___contig_1_fragment_7_673	PF07702.13	2.6e-39	130.8
GCA_025728595___contig_34_fragment_1_16	PF07702.13	2.6e-39	130.8
MP_BCQMy302___contig_1_fragment_5_469	PF03837.14	3.6e-39	130.8
MP_BCQMy224___contig_1_fragment_5_469	PF03837.14	3.6e-39	130.8
MP_ONT63___contig_1_fragment_4_556	PF01042.21	6.5e-39	129.2
MP_BCQMy302___contig_1_fragment_13_1269	PF01042.21	6.5e-39	129.2
MP_BCQMy224___contig_1_fragment_12_1216	PF01042.21	6.5e-39	129.2
GCA_001047405___contig_4_fragment_1_102	PF01042.21	1.1e-38	128.4
MP_BCQMy302___contig_1_fragment_13_1258	PF12363.8	1.3e-38	128.3
MP_BCQMy224___contig_1_fragment_12_1205	PF12363.8	1.3e-38	128.3
GCA_001047405___contig_4_fragment_1_89	PF12363.8	1.3e-38	128.3
MP_ONT63___contig_1_fragment_4_567	PF12363.8	1.3e-38	128.3
MP_ONT63___contig_1_fragment_4_572	PF10651.9	1.1e-37	125.5
MP_BCQMy302___contig_1_fragment_13_1253	PF10651.9	1.1e-37	125.5
MP_BCQMy224___contig_1_fragment_12_1200	PF10651.9	1.1e-37	125.5
GCA_001047405___contig_4_fragment_3_216	PF13641.6	1.4e-37	126.2
MP_BCQMy224___contig_1_fragment_15_1527	PF07972.11	1.6999999999999999e-37	124.7
GCA_001047455___contig_4_fragment_1_56	PF16784.5	1.6999999999999999e-37	125.4
MP_BCQMy302___contig_1_fragment_9_986	PF06265.11	1.6999999999999999e-37	123.8
MP_ONT63___contig_1_fragment_7_778	PF06265.11	1.6999999999999999e-37	123.8
MP_ONT63___contig_1_fragment_15_1469	PF07972.11	1.6999999999999999e-37	124.7
MP_BCQMy302___contig_1_fragment_15_1532	PF07972.11	1.6999999999999999e-37	124.7
MP_BCQMy224___contig_1_fragment_8_931	PF06265.11	1.6999999999999999e-37	123.8
GCA_001047455___contig_4_fragment_2_157	PF06265.11	1.6999999999999999e-37	123.8
MP_BCQMy302___contig_1_fragment_7_720	PF10651.9	2.2e-37	124.5
GCA_003462485___contig_6_1	PF01051.21	2.5e-37	125.3
GCA_001047405___contig_4_fragment_1_83	PF10651.9	1.1e-36	122.2
MP_BCQMy302___contig_1_fragment_12_1226	PF03374.14	1.1999999999999998e-36	121.8
MP_BCQMy224___contig_1_fragment_11_1173	PF03374.14	1.1999999999999998e-36	121.8
MP_BCQMy302___contig_1_fragment_5_484	PF04586.17	1.4999999999999997e-36	122.4
MP_BCQMy224___contig_1_fragment_5_484	PF04586.17	1.4999999999999997e-36	122.4
MP_ONT63___contig_1_fragment_1_87	PF04586.17	1.4999999999999997e-36	122.4
MP_ONT63___contig_1_fragment_12_1225	PF04586.17	1.4999999999999997e-36	122.4
MP_BCQMy302___contig_1_fragment_7_715	PF12363.8	1.6999999999999998e-36	121.5
GCA_025728645___contig_23_1	PF03374.14	1.9e-36	121.1
MP_BCQMy224___contig_1_fragment_11_1151	PF00436.25	2.2e-36	120.5
MP_BCQMy302___contig_1_fragment_12_1204	PF00436.25	2.2e-36	120.5
MP_BCQMy224___contig_1_fragment_14_1455	PF03592.16	4.0999999999999995e-36	121.0
MP_BCQMy224___contig_1_fragment_5_458	PF03374.14	4.799999999999999e-36	119.9
MP_ONT63___contig_1_fragment_12_1250	PF03374.14	4.799999999999999e-36	119.9
MP_BCQMy302___contig_1_fragment_5_458	PF03374.14	4.799999999999999e-36	119.9
MP_BCQMy224___contig_1_fragment_11_1154	PF16784.5	5e-36	120.6
MP_BCQMy302___contig_1_fragment_12_1207	PF16784.5	5e-36	120.6
MP_ONT63___contig_1_fragment_1_61	PF03374.14	5.099999999999999e-36	119.8
MP_BCQMy224___contig_1_fragment_5_455	PF03374.14	7.799999999999999e-36	119.2
MP_BCQMy302___contig_1_fragment_5_455	PF03374.14	7.799999999999999e-36	119.2
MP_BCQMy224___contig_1_fragment_5_462	PF03374.14	8.099999999999999e-36	119.1
MP_BCQMy302___contig_1_fragment_5_462	PF03374.14	8.099999999999999e-36	119.1
MP_ONT63___contig_1_fragment_12_1246	PF03374.14	8.099999999999999e-36	119.1
MP_BCQMy302___contig_1_fragment_12_1195	PF04586.17	8.300000000000001e-36	120.1
MP_ONT63___contig_1_fragment_1_99	PF06605.11	9.3e-36	120.1
GCA_001047455___contig_4_fragment_1_53	PF00436.25	9.4e-36	118.5
MP_ONT63___contig_1_fragment_12_1238	PF16784.5	1.4e-35	119.1
MP_BCQMy224___contig_1_fragment_5_474	PF00436.25	1.6e-35	117.8
MP_BCQMy302___contig_1_fragment_5_474	PF00436.25	1.6e-35	117.8
MP_ONT63___contig_1_fragment_12_1235	PF00436.25	1.6e-35	117.8
GCA_001047455___contig_4_fragment_1_52	PF05866.11	1.8999999999999998e-35	118.6
MP_BCQMy302___contig_1_fragment_5_471	PF16784.5	2.3e-35	118.5
MP_BCQMy224___contig_1_fragment_5_471	PF16784.5	2.3e-35	118.5
MP_BCQMy224___contig_1_fragment_11_1128	PF10651.9	3.7999999999999996e-35	117.2
GCA_001047455___contig_4_fragment_1_23	PF10651.9	3.7999999999999996e-35	117.2
MP_BCQMy302___contig_1_fragment_7_708	PF05065.13	6e-35	117.3
GCA_001047405___contig_4_fragment_4_224	PF06831.14	8.399999999999999e-35	115.2
MP_BCQMy224___contig_1_fragment_5_498	PF10651.9	9.299999999999999e-35	116.0
MP_BCQMy302___contig_1_fragment_5_498	PF10651.9	9.299999999999999e-35	116.0
GCA_025728595___contig_34_fragment_3_192	PF10651.9	9.299999999999999e-35	116.0
MP_ONT63___contig_1_fragment_1_103	PF10651.9	9.299999999999999e-35	116.0
MP_ONT63___contig_1_fragment_12_1211	PF10651.9	9.299999999999999e-35	116.0
MP_ONT63___contig_1_fragment_14_1382	PF10651.9	1e-34	115.9
MP_BCQMy224___contig_1_fragment_3_324	PF10651.9	1e-34	115.9
MP_BCQMy302___contig_1_fragment_3_324	PF10651.9	1e-34	115.9
GCA_003462485___contig_4_2	PF00005.27	1.2e-34	116.2
GCA_001047405___contig_4_fragment_3_210	PF06177.11	2.7999999999999995e-34	115.0
MP_BCQMy302___contig_1_fragment_12_1208	PF04404.12	3.7999999999999997e-34	114.2
MP_BCQMy224___contig_1_fragment_11_1155	PF04404.12	3.7999999999999997e-34	114.2
MP_BCQMy302___contig_1_fragment_7_676	PF01205.19	5.4e-34	113.2
GCA_025728595___contig_34_fragment_1_13	PF01205.19	5.4e-34	113.2
MP_BCQMy224___contig_1_fragment_14_1460	PF13481.6	5.999999999999999e-34	113.8
GCA_001047435___contig_2_fragment_3_424	PF13377.6	2e-33	112.5
MP_BCQMy302___contig_1_fragment_5_472	PF09681.10	2.4999999999999998e-33	111.1
MP_BCQMy224___contig_1_fragment_5_472	PF09681.10	2.4999999999999998e-33	111.1
GCA_001047455___contig_4_fragment_1_81	PF00005.27	4.9e-33	111.0
GCA_025728635___contig_53_fragment_3_131	PF03374.14	6.3e-33	109.8
GCA_025728675___contig_17_5	PF10651.9	6.899999999999999e-33	109.9
MP_BCQMy302___contig_1_fragment_3_288	PF07553.11	7.5e-33	109.1
MP_BCQMy224___contig_1_fragment_3_288	PF07553.11	7.5e-33	109.1
MP_ONT63___contig_1_fragment_14_1418	PF07553.11	7.5e-33	109.1
MP_BCQMy224___contig_1_fragment_12_1201	PF18013.1	7.8e-33	110.0
MP_BCQMy302___contig_1_fragment_13_1254	PF18013.1	7.8e-33	110.0
MP_ONT63___contig_1_fragment_4_571	PF18013.1	7.8e-33	110.0
MP_BCQMy224___contig_1_fragment_8_932	PF01035.20	9.599999999999999e-33	108.7
MP_ONT63___contig_1_fragment_7_777	PF01035.20	9.599999999999999e-33	108.7
MP_BCQMy302___contig_1_fragment_9_987	PF01035.20	9.599999999999999e-33	108.7
GCA_001047455___contig_4_fragment_2_158	PF01035.20	9.599999999999999e-33	108.7
GCA_025728595___contig_10_1	PF18013.1	1.1999999999999999e-32	109.4
MP_BCQMy302___contig_1_fragment_4_352	PF06156.13	1.3e-32	108.9
MP_BCQMy224___contig_1_fragment_4_352	PF06156.13	1.3e-32	108.9
MP_ONT63___contig_1_fragment_13_1354	PF06156.13	1.3e-32	108.9
GCA_025728635___contig_53_fragment_2_28	PF06156.13	1.3e-32	108.9
MP_BCQMy302___contig_1_fragment_7_719	PF18013.1	1.4e-32	109.2
MP_BCQMy224___contig_1_fragment_3_323	PF18013.1	1.6e-32	109.0
MP_BCQMy302___contig_1_fragment_3_323	PF18013.1	1.6e-32	109.0
MP_ONT63___contig_1_fragment_14_1383	PF18013.1	1.6e-32	109.0
MP_BCQMy302___contig_1_fragment_7_709	PF02368.18	1.8e-32	107.6
MP_BCQMy302___contig_1_fragment_7_727	PF16938.5	1.8e-32	107.8
GCA_025728635___contig_34_2	PF16938.5	1.8e-32	107.8
GCA_001047455___contig_4_fragment_1_57	PF04404.12	1.8999999999999998e-32	108.7
MP_BCQMy224___contig_1_fragment_12_1217	PF00005.27	1.9999999999999998e-32	109.0
MP_BCQMy302___contig_1_fragment_13_1270	PF00005.27	1.9999999999999998e-32	109.0
MP_ONT63___contig_1_fragment_4_555	PF00005.27	1.9999999999999998e-32	109.0
MP_ONT63___contig_1_fragment_2_138	PF00005.27	2.3999999999999999e-32	108.8
MP_BCQMy302___contig_1_fragment_2_82	PF00005.27	2.3999999999999999e-32	108.8
MP_BCQMy224___contig_1_fragment_2_82	PF00005.27	2.3999999999999999e-32	108.8
GCA_001047405___contig_4_fragment_1_103	PF00005.27	2.7e-32	108.6
GCA_001047435___contig_2_fragment_2_125	PF00005.27	2.9e-32	108.5
GCA_001047455___contig_2_fragment_2_36	PF00005.27	2.9e-32	108.5
GCA_001047395___contig_2_fragment_2_125	PF00005.27	2.9e-32	108.5
GCA_001047465___contig_8_fragment_1_17	PF00005.27	2.9e-32	108.5
MP_BCQMy302___contig_1_fragment_12_1177	PF16938.5	7.799999999999999e-32	105.8
MP_BCQMy302___contig_1_fragment_4_351	PF04468.12	9.4e-32	105.7
MP_ONT63___contig_1_fragment_13_1355	PF04468.12	9.4e-32	105.7
GCA_025728635___contig_53_fragment_2_27	PF04468.12	9.4e-32	105.7
MP_BCQMy224___contig_1_fragment_4_351	PF04468.12	9.4e-32	105.7
GCA_001047405___contig_4_fragment_5_328	PF03013.14	1.1e-31	106.0
GCA_001047455___contig_4_fragment_1_80	PF00589.22	1.4e-31	106.1
MP_BCQMy224___contig_1_fragment_14_1478	PF00589.22	1.9999999999999997e-31	105.6
MP_ONT63___contig_1_fragment_12_1256	PF00589.22	2.1e-31	105.5
MP_BCQMy224___contig_1_fragment_5_450	PF00589.22	2.1e-31	105.5
GCA_025728635___contig_53_fragment_3_126	PF00589.22	2.1e-31	105.5
MP_BCQMy302___contig_1_fragment_5_450	PF00589.22	2.1e-31	105.5
MP_BCQMy224___contig_1_fragment_12_1195	PF16938.5	2.6999999999999997e-31	104.1
MP_BCQMy302___contig_1_fragment_13_1248	PF16938.5	2.6999999999999997e-31	104.1
GCA_001047405___contig_4_fragment_1_77	PF16938.5	2.6999999999999997e-31	104.1
MP_ONT63___contig_1_fragment_4_577	PF16938.5	2.6999999999999997e-31	104.1
GCA_001047455___contig_4_fragment_1_71	PF02498.17	3.3999999999999997e-31	104.3
MP_BCQMy224___contig_1_fragment_3_287	PF00589.22	3.5999999999999996e-31	104.7
MP_ONT63___contig_1_fragment_14_1419	PF00589.22	3.5999999999999996e-31	104.7
MP_BCQMy302___contig_1_fragment_3_287	PF00589.22	3.5999999999999996e-31	104.7
MP_BCQMy224___contig_1_fragment_14_1463	PF04851.15	4.4e-31	104.6
MP_BCQMy302___contig_1_fragment_3_328	PF16938.5	5.3e-31	103.1
MP_BCQMy224___contig_1_fragment_3_328	PF16938.5	5.3e-31	103.1
MP_ONT63___contig_1_fragment_14_1378	PF16938.5	5.3e-31	103.1
GCA_025728635___contig_53_fragment_1_4	PF16938.5	5.3e-31	103.1
MP_BCQMy224___contig_1_fragment_11_1132	PF05709.11	5.6e-31	104.3
GCA_001047455___contig_4_fragment_1_27	PF05709.11	5.6e-31	104.3
MP_ONT63___contig_1_fragment_1_108	PF16938.5	6.3999999999999995e-31	102.9
MP_BCQMy224___contig_1_fragment_5_503	PF16938.5	7.799999999999999e-31	102.6
MP_ONT63___contig_1_fragment_12_1206	PF16938.5	7.799999999999999e-31	102.6
GCA_025728595___contig_34_fragment_3_187	PF16938.5	7.799999999999999e-31	102.6
MP_ONT63___contig_1_fragment_2_136	PF18483.1	8.2e-31	104.0
MP_BCQMy302___contig_1_fragment_2_80	PF18483.1	8.2e-31	104.0
MP_BCQMy224___contig_1_fragment_2_80	PF18483.1	8.2e-31	104.0
MP_ONT63___contig_1_fragment_1_53	PF00589.22	1.4e-30	102.8
GCA_001047455___contig_4_fragment_1_18	PF16938.5	1.5e-30	101.7
MP_BCQMy224___contig_1_fragment_11_1123	PF16938.5	1.5e-30	101.7
MP_BCQMy224___contig_1_fragment_11_1117	PF00589.22	3.4e-30	101.5
MP_BCQMy302___contig_1_fragment_12_1181	PF10651.9	5.5e-30	100.5
MP_BCQMy302___contig_1_fragment_12_1171	PF00589.22	6e-30	100.7
MP_ONT63___contig_1_fragment_1_58	PF09669.10	8.800000000000001e-30	99.6
MP_BCQMy302___contig_1_fragment_5_494	PF05709.11	1.9e-29	99.3
MP_BCQMy224___contig_1_fragment_5_494	PF05709.11	1.9e-29	99.3
MP_BCQMy302___contig_1_fragment_7_695	PF07083.11	2.3e-29	99.1
MP_BCQMy224___contig_1_fragment_15_1525	PF04023.14	2.6e-29	97.8
MP_BCQMy302___contig_1_fragment_15_1530	PF04023.14	2.6e-29	97.8
MP_ONT63___contig_1_fragment_15_1467	PF04023.14	2.6e-29	97.8
GCA_025728635___contig_22_12	PF04860.12	2.8999999999999997e-29	98.7
MP_ONT63___contig_1_fragment_14_1394	PF04860.12	2.8999999999999997e-29	98.7
MP_BCQMy302___contig_1_fragment_3_312	PF04860.12	2.8999999999999997e-29	98.7
MP_BCQMy224___contig_1_fragment_3_312	PF04860.12	2.8999999999999997e-29	98.7
GCA_025728615___contig_13_16	PF04860.12	2.8999999999999997e-29	98.7
GCA_025728595___contig_10_12	PF04860.12	2.8999999999999997e-29	98.7
GCA_001047405___contig_4_fragment_3_215	PF03170.13	3.6000000000000003e-29	98.0
MP_ONT63___contig_1_fragment_1_98	PF05709.11	5.3e-29	97.8
MP_ONT63___contig_1_fragment_12_1215	PF05709.11	5.3e-29	97.8
GCA_001047455___contig_4_fragment_1_76	PF09669.10	6.7e-29	96.8
MP_ONT63___contig_1_fragment_7_783	PF00486.28	1.4e-28	95.3
MP_BCQMy224___contig_1_fragment_8_926	PF00486.28	1.4e-28	95.3
MP_BCQMy302___contig_1_fragment_9_981	PF00486.28	1.4e-28	95.3
MP_BCQMy302___contig_1_fragment_9_980	PF02518.26	2.8e-28	95.2
MP_ONT63___contig_1_fragment_7_784	PF02518.26	2.8e-28	95.2
MP_BCQMy224___contig_1_fragment_8_925	PF02518.26	2.8e-28	95.2
MP_ONT63___contig_1_fragment_2_124	PF00005.27	6.4000000000000005e-28	94.4
MP_BCQMy302___contig_1_fragment_4_353	PF00590.20	8.5e-28	94.2
MP_ONT63___contig_1_fragment_13_1353	PF00590.20	8.5e-28	94.2
MP_BCQMy224___contig_1_fragment_4_353	PF00590.20	8.5e-28	94.2
GCA_025728635___contig_53_fragment_2_29	PF00590.20	8.5e-28	94.2
GCA_025728635___contig_53_fragment_1_11	PF01812.20	2.5999999999999998e-27	92.3
GCA_001047455___contig_8_6	PF03318.13	3.2e-27	92.2
MP_BCQMy205___contig_3_10	PF03318.13	1e-26	90.5
GCA_003462485___contig_4_5	PF08998.11	1e-26	89.5
MP_BCQMy302___contig_1_fragment_12_1185	PF05709.11	4.6e-26	88.2
GCA_025728645___contig_23_5	PF08346.12	6.1e-26	87.3
MP_BCQMy302___contig_1_fragment_7_683	PF03374.14	8e-26	87.0
GCA_025728595___contig_34_fragment_1_6	PF03374.14	8e-26	87.0
MP_BCQMy302___contig_1_fragment_7_675	PF11195.8	1.0999999999999999e-25	86.2
GCA_025728595___contig_34_fragment_1_14	PF11195.8	1.0999999999999999e-25	86.2
GCA_001047405___contig_4_fragment_2_127	PF13419.6	1.3e-25	87.0
MP_BCQMy224___contig_1_fragment_14_1458	PF05866.11	1.4000000000000002e-25	86.7
MP_BCQMy302___contig_1_fragment_7_685	PF10711.9	1.5e-25	86.0
GCA_025728595___contig_34_fragment_1_4	PF10711.9	1.5e-25	86.0
MP_ONT63___contig_1_fragment_12_1197	PF03167.19	3e-25	85.5
GCA_025728595___contig_34_fragment_3_178	PF03167.19	3e-25	85.5
GCA_025728635___contig_53_fragment_2_23	PF13662.6	3.4000000000000005e-25	84.8
MP_BCQMy224___contig_1_fragment_4_347	PF13662.6	3.4000000000000005e-25	84.8
MP_BCQMy302___contig_1_fragment_4_347	PF13662.6	3.4000000000000005e-25	84.8
GCA_001047455___contig_4_fragment_2_156	PF13344.6	5.8e-25	83.9
MP_ONT63___contig_1_fragment_7_779	PF13344.6	5.9e-25	83.8
MP_BCQMy224___contig_1_fragment_8_930	PF13344.6	5.9e-25	83.8
MP_BCQMy302___contig_1_fragment_9_985	PF13344.6	5.9e-25	83.8
MP_BCQMy224___contig_1_fragment_5_485	PF05065.13	1.4999999999999998e-24	83.3
MP_BCQMy302___contig_1_fragment_5_485	PF05065.13	1.4999999999999998e-24	83.3
MP_ONT63___contig_1_fragment_12_1224	PF05065.13	1.4999999999999998e-24	83.3
MP_ATCC35311___contig_2_fragment_3_101	PF13419.6	1.8e-24	83.3
GCA_025728645___contig_57_fragment_1_16	PF13419.6	1.8e-24	83.3
GCA_001047525___contig_10_fragment_2_39	PF13419.6	1.8e-24	83.3
GCA_001047465___contig_1_fragment_2_62	PF13419.6	1.8e-24	83.3
MP_BCQMy302___contig_2_fragment_2_101	PF13419.6	1.8e-24	83.3
MP_ONT231___contig_2_fragment_2_97	PF13419.6	1.8e-24	83.3
GCA_001047445___contig_4_fragment_1_17	PF13419.6	1.8e-24	83.3
MP_BCQMy224___contig_1_fragment_14_1433	PF04531.13	2.6e-24	82.0
GCA_001047455___contig_4_fragment_1_38	PF05065.13	3.4e-24	82.1
MP_ONT63___contig_1_fragment_1_74	PF07083.11	3.6e-24	82.1
MP_BCQMy302___contig_1_fragment_12_1194	PF05065.13	4.0000000000000004e-24	81.8
GCA_025728595___contig_34_fragment_1_20	PF11184.8	4.2e-24	81.3
GCA_001047455___contig_4_fragment_1_55	PF09681.10	4.5999999999999995e-24	81.2
MP_ONT63___contig_1_fragment_1_88	PF05065.13	5.8e-24	81.3
MP_BCQMy302___contig_1_fragment_12_1176	PF01183.20	1e-23	80.9
MP_ONT63___contig_1_fragment_12_1237	PF09681.10	1.3e-23	79.6
GCA_001047455___contig_2_fragment_2_32	PF18483.1	2.1e-23	79.8
GCA_001047465___contig_8_fragment_1_13	PF18483.1	2.1e-23	79.8
GCA_001047435___contig_2_fragment_2_121	PF18483.1	2.1e-23	79.8
GCA_001047395___contig_2_fragment_2_121	PF18483.1	2.1e-23	79.8
MP_BCQMy302___contig_1_fragment_5_490	PF04630.12	2.7e-23	78.8
MP_ONT63___contig_1_fragment_12_1219	PF04630.12	2.7e-23	78.8
MP_BCQMy224___contig_1_fragment_5_490	PF04630.12	2.7e-23	78.8
MP_BCQMy224___contig_1_fragment_14_1439	PF06605.11	3.2000000000000003e-23	78.9
MP_BCQMy224___contig_1_fragment_11_1141	PF05065.13	4.2e-23	78.5
MP_BCQMy302___contig_1_fragment_7_707	PF14265.6	9.5e-23	77.3
MP_BCQMy302___contig_1_fragment_12_1189	PF04630.12	3.8e-22	75.0
MP_ONT63___contig_1_fragment_1_93	PF04630.12	7.8e-22	74.0
MP_BCQMy224___contig_1_fragment_11_1136	PF04630.12	1.2e-21	73.5
MP_ONT63___contig_1_fragment_1_107	PF10779.9	3e-21	71.9
GCA_025728595___contig_34_fragment_3_188	PF10779.9	4.4e-21	71.4
MP_ONT63___contig_1_fragment_12_1207	PF10779.9	4.4e-21	71.4
MP_ONT63___contig_1_fragment_2_123	PF00072.24	4.4e-21	71.6
MP_BCQMy302___contig_1_fragment_5_502	PF10779.9	4.4e-21	71.4
MP_BCQMy224___contig_1_fragment_5_502	PF10779.9	4.4e-21	71.4
MP_BCQMy302___contig_1_fragment_12_1178	PF10779.9	6.7000000000000005e-21	70.8
GCA_025728635___contig_53_fragment_1_3	PF10779.9	1.1000000000000001e-20	70.1
MP_ONT63___contig_1_fragment_14_1379	PF10779.9	1.1000000000000001e-20	70.1
MP_BCQMy224___contig_1_fragment_11_1148	PF06114.13	1.1000000000000001e-20	70.3
MP_BCQMy302___contig_1_fragment_3_327	PF10779.9	1.1000000000000001e-20	70.1
MP_BCQMy302___contig_1_fragment_12_1201	PF06114.13	1.1000000000000001e-20	70.3
MP_BCQMy224___contig_1_fragment_3_327	PF10779.9	1.1000000000000001e-20	70.1
MP_ONT63___contig_1_fragment_12_1228	PF05119.12	1.4999999999999998e-20	70.0
MP_BCQMy302___contig_1_fragment_5_481	PF05119.12	1.4999999999999998e-20	70.0
MP_BCQMy224___contig_1_fragment_5_481	PF05119.12	1.4999999999999998e-20	70.0
MP_ONT63___contig_1_fragment_4_566	PF06199.11	1.6000000000000002e-20	70.0
MP_BCQMy224___contig_1_fragment_12_1206	PF06199.11	1.6000000000000002e-20	70.0
MP_BCQMy302___contig_1_fragment_13_1259	PF06199.11	1.6000000000000002e-20	70.0
GCA_001047455___contig_4_fragment_1_33	PF04630.12	1.9e-20	69.5
GCA_001047525___contig_10_fragment_2_44	PF12833.7	1.9e-20	69.4
GCA_001047465___contig_1_fragment_2_67	PF12833.7	1.9e-20	69.4
MP_BCQMy224___contig_1_fragment_14_1435	PF09693.10	2.6000000000000002e-20	68.7
MP_BCQMy224___contig_1_fragment_11_1145	PF05119.12	2.9999999999999997e-20	69.0
MP_BCQMy302___contig_1_fragment_7_714	PF06199.11	3.4e-20	69.0
GCA_001047405___contig_4_fragment_1_90	PF06199.11	3.5e-20	69.0
GCA_001047405___contig_4_fragment_1_86	PF05709.11	3.6000000000000003e-20	68.9
MP_BCQMy302___contig_1_fragment_12_1198	PF05119.12	4.4000000000000004e-20	68.5
MP_ONT63___contig_1_fragment_1_84	PF05119.12	5.900000000000001e-20	68.0
MP_ATCC35311___contig_2_fragment_3_95	PF03551.14	7.6e-20	67.2
GCA_001047445___contig_4_fragment_1_11	PF03551.14	7.6e-20	67.2
MP_ONT231___contig_2_fragment_2_92	PF03551.14	7.6e-20	67.2
MP_BCQMy302___contig_2_fragment_2_96	PF03551.14	7.6e-20	67.2
GCA_001047525___contig_10_fragment_2_46	PF03551.14	7.6e-20	67.2
GCA_025728645___contig_57_fragment_1_11	PF03551.14	7.6e-20	67.2
MP_BCQMy224___contig_1_fragment_14_1438	PF18667.1	9.6e-20	67.1
GCA_001047455___contig_4_fragment_1_43	PF05119.12	1.1999999999999999e-19	67.0
GCA_001047445___contig_4_fragment_1_13	PF12833.7	1.6999999999999999e-19	66.3
MP_ATCC35311___contig_2_fragment_3_97	PF12833.7	1.6999999999999999e-19	66.3
GCA_025728645___contig_57_fragment_1_13	PF12833.7	1.6999999999999999e-19	66.3
MP_BCQMy302___contig_2_fragment_2_98	PF12833.7	1.6999999999999999e-19	66.3
MP_ONT231___contig_2_fragment_2_94	PF12833.7	1.6999999999999999e-19	66.3
MP_BCQMy302___contig_1_fragment_13_1255	PF05709.11	2e-19	66.5
MP_ONT63___contig_1_fragment_4_570	PF05709.11	2e-19	66.5
MP_BCQMy224___contig_1_fragment_12_1202	PF05709.11	2e-19	66.5
MP_BCQMy302___contig_1_fragment_7_718	PF05709.11	3.6e-19	65.6
MP_BCQMy224___contig_1_fragment_14_1445	PF06199.11	4.2e-19	65.5
GCA_025728635___contig_34_1	PF05382.13	4.5e-19	65.2
GCA_001047405___contig_4_fragment_1_85	PF18013.1	5.899999999999999e-19	65.0
GCA_025728595___contig_34_fragment_3_189	PF09693.10	6.999999999999999e-19	64.1
MP_BCQMy224___contig_1_fragment_5_501	PF09693.10	6.999999999999999e-19	64.1
MP_BCQMy302___contig_1_fragment_5_501	PF09693.10	6.999999999999999e-19	64.1
MP_ONT63___contig_1_fragment_12_1208	PF09693.10	6.999999999999999e-19	64.1
MP_BCQMy302___contig_1_fragment_7_703	PF03592.16	8.200000000000001e-19	64.9
GCA_001047405___contig_4_fragment_5_327	PF01432.20	9.299999999999999e-19	64.4
GCA_001047445___contig_4_fragment_1_18	PF04616.14	9.900000000000001e-19	64.2
MP_ATCC35311___contig_2_fragment_3_102	PF04616.14	9.900000000000001e-19	64.2
GCA_001047525___contig_10_fragment_2_38	PF04616.14	9.900000000000001e-19	64.2
GCA_001047465___contig_1_fragment_2_61	PF04616.14	9.900000000000001e-19	64.2
GCA_001047405___contig_4_fragment_2_130	PF01420.19	1.2e-18	64.4
GCA_025728595___contig_34_fragment_3_179	PF07927.12	1.6e-18	63.0
MP_ONT63___contig_1_fragment_12_1198	PF07927.12	1.6e-18	63.0
MP_ONT63___contig_1_fragment_1_106	PF09693.10	1.9e-18	62.7
GCA_025728635___contig_22_1	PF18013.1	8.500000000000001e-18	61.2
GCA_025728615___contig_13_27	PF18013.1	8.500000000000001e-18	61.2
GCA_025728595___contig_10_3	PF10145.9	2.8000000000000005e-17	59.7
MP_ONT63___contig_1_fragment_14_1385	PF10145.9	2.8000000000000005e-17	59.7
MP_BCQMy302___contig_1_fragment_3_321	PF10145.9	2.8000000000000005e-17	59.7
GCA_025728635___contig_22_3	PF10145.9	2.8000000000000005e-17	59.7
GCA_025728615___contig_13_25	PF10145.9	2.8000000000000005e-17	59.7
MP_BCQMy224___contig_1_fragment_3_321	PF10145.9	2.8000000000000005e-17	59.7
MP_BCQMy224___contig_1_fragment_11_1125	PF09693.10	3.4000000000000004e-17	58.7
GCA_001047455___contig_4_fragment_1_20	PF09693.10	3.4000000000000004e-17	58.7
MP_BCQMy302___contig_1_fragment_7_706	PF04233.14	5.4e-17	59.0
GCA_001047455___contig_8_8	PF17363.2	1.1000000000000001e-16	57.3
MP_BCQMy205___contig_3_12	PF17363.2	1.1000000000000001e-16	57.3
GCA_001047435___contig_2_fragment_2_115	PF02595.15	1.2e-16	57.2
GCA_001047455___contig_2_fragment_2_26	PF02595.15	1.2e-16	57.2
GCA_001047465___contig_8_fragment_1_7	PF02595.15	1.2e-16	57.2
GCA_001047405___contig_4_fragment_5_323	PF04892.12	1.2e-16	58.0
GCA_001047395___contig_2_fragment_2_115	PF02595.15	1.2e-16	57.2
GCA_001047405___contig_4_fragment_4_227	PF05043.13	3.7e-16	56.0
MP_BCQMy224___contig_1_fragment_1_60	PF01381.22	4.5e-16	55.2
MP_BCQMy302___contig_1_fragment_1_60	PF01381.22	4.5e-16	55.2
MP_ONT63___contig_1_fragment_2_118	PF01381.22	4.5e-16	55.2
MP_BCQMy302___contig_1_fragment_7_725	PF09693.10	5.4e-16	54.9
GCA_025728635___contig_34_4	PF09693.10	5.4e-16	54.9
GCA_025728675___contig_17_1	PF05709.11	5.7e-16	55.1
MP_BCQMy302___contig_1_fragment_7_671	PF00440.23	1.8e-15	53.0
GCA_025728595___contig_34_fragment_1_18	PF00440.23	1.8e-15	53.0
GCA_001047525___contig_10_fragment_2_47	PF08006.11	1.9999999999999998e-15	53.3
MP_ATCC35311___contig_2_fragment_3_94	PF08006.11	1.9999999999999998e-15	53.3
GCA_001047445___contig_4_fragment_1_10	PF08006.11	1.9999999999999998e-15	53.3
MP_BCQMy224___contig_1_fragment_12_1210	PF13229.6	2.1e-15	53.4
MP_BCQMy302___contig_1_fragment_13_1263	PF13229.6	2.1e-15	53.4
MP_ONT63___contig_1_fragment_4_562	PF13229.6	2.1e-15	53.4
MP_ONT63___contig_1_fragment_15_1468	PF00462.24	2.2e-15	53.1
MP_BCQMy224___contig_1_fragment_15_1526	PF00462.24	2.2e-15	53.1
MP_BCQMy302___contig_1_fragment_15_1531	PF00462.24	2.2e-15	53.1
MP_BCQMy224___contig_1_fragment_5_447	PF00583.25	3.3e-15	52.8
MP_BCQMy302___contig_1_fragment_5_447	PF00583.25	3.3e-15	52.8
GCA_025728635___contig_53_fragment_3_123	PF00583.25	3.3e-15	52.8
GCA_001047395___contig_2_fragment_2_122	PF07523.12	3.8e-15	52.4
GCA_001047435___contig_2_fragment_2_122	PF07523.12	3.8e-15	52.4
GCA_001047455___contig_2_fragment_2_33	PF07523.12	3.8e-15	52.4
GCA_001047465___contig_8_fragment_1_14	PF07523.12	3.8e-15	52.4
MP_BCQMy302___contig_2_fragment_2_95	PF08006.11	5.7e-15	51.8
GCA_025728645___contig_57_fragment_1_10	PF08006.11	5.7e-15	51.8
MP_ONT231___contig_2_fragment_2_91	PF08006.11	5.7e-15	51.8
GCA_003462485___contig_6_8	PF00226.31	8.5e-15	51.2
GCA_001047405___contig_4_fragment_2_122	PF06486.11	1.3e-14	51.2
MP_BCQMy224___contig_1_fragment_3_298	PF00176.23	1.3999999999999999e-14	50.0
MP_BCQMy302___contig_1_fragment_3_298	PF00176.23	1.3999999999999999e-14	50.0
MP_ONT63___contig_1_fragment_14_1408	PF00176.23	1.3999999999999999e-14	50.0
GCA_025728635___contig_22_25	PF00176.23	1.3999999999999999e-14	50.0
GCA_025728615___contig_13_3	PF00176.23	1.3999999999999999e-14	50.0
GCA_025728595___contig_10_25	PF00176.23	1.3999999999999999e-14	50.0
GCA_001047455___contig_4_fragment_1_13	PF10097.9	1.8000000000000002e-14	49.9
MP_BCQMy224___contig_1_fragment_11_1177	PF01381.22	2.1000000000000002e-14	49.8
MP_BCQMy302___contig_1_fragment_12_1230	PF01381.22	2.1000000000000002e-14	49.8
MP_ONT63___contig_1_fragment_12_1239	PF13479.6	2.2e-14	50.1
MP_BCQMy302___contig_1_fragment_7_729	PF14213.6	2.3e-14	49.3
GCA_025728645___contig_15_2	PF14213.6	2.3e-14	49.3
MP_BCQMy302___contig_1_fragment_1_61	PF00132.24	2.5e-14	48.9
MP_ONT63___contig_1_fragment_2_119	PF00132.24	2.5e-14	48.9
MP_BCQMy224___contig_1_fragment_1_61	PF00132.24	2.5e-14	48.9
GCA_001047455___contig_2_fragment_2_37	PF07242.11	5.1e-14	48.9
GCA_001047435___contig_2_fragment_2_126	PF07242.11	5.1e-14	48.9
GCA_001047395___contig_2_fragment_2_126	PF07242.11	5.1e-14	48.9
GCA_001047465___contig_8_fragment_1_18	PF07242.11	5.1e-14	48.9
GCA_001047455___contig_4_fragment_1_66	PF08346.12	6.2e-14	48.8
MP_BCQMy302___contig_1_fragment_1_59	PF07853.11	1e-13	47.2
MP_BCQMy224___contig_1_fragment_1_59	PF07853.11	1e-13	47.2
MP_ONT63___contig_1_fragment_2_117	PF07853.11	1e-13	47.2
GCA_001047455___contig_4_fragment_1_73	PF12844.7	2.3e-13	46.4
MP_ONT63___contig_1_fragment_12_1253	PF01381.22	2.4e-13	46.4
MP_BCQMy224___contig_1_fragment_14_1443	PF12363.8	2.6e-13	46.8
MP_BCQMy224___contig_1_fragment_11_1178	PF00717.23	2.7e-13	46.2
MP_BCQMy302___contig_1_fragment_12_1231	PF00717.23	2.7e-13	46.2
GCA_001047455___contig_4_fragment_2_159	PF10031.9	4e-13	45.7
MP_BCQMy302___contig_1_fragment_9_988	PF10031.9	4e-13	45.7
MP_BCQMy224___contig_1_fragment_8_933	PF10031.9	4e-13	45.7
MP_ONT63___contig_1_fragment_7_776	PF10031.9	4e-13	45.7
MP_ONT63___contig_1_fragment_1_55	PF00717.23	5.3e-13	45.2
GCA_025728595___contig_34_fragment_1_8	PF00717.23	5.7e-13	45.1
MP_BCQMy302___contig_1_fragment_7_681	PF00717.23	5.7e-13	45.1
GCA_025728635___contig_53_fragment_3_129	PF12844.7	5.9e-13	45.1
MP_BCQMy302___contig_1_fragment_5_453	PF12844.7	5.9e-13	45.1
MP_BCQMy224___contig_1_fragment_5_453	PF12844.7	5.9e-13	45.1
GCA_003462485___contig_6_6	PF01022.20	6.3e-13	44.9
GCA_001047405___contig_4_fragment_1_94	PF13229.6	6.6e-13	45.3
MP_ONT63___contig_1_fragment_12_1254	PF00717.23	7.6e-13	44.7
MP_ONT63___contig_1_fragment_1_71	PF13412.6	1.1e-12	43.8
GCA_001047405___contig_4_fragment_4_230	PF01381.22	1.4999999999999999e-12	43.9
MP_ONT63___contig_1_fragment_2_139	PF07242.11	3.1e-12	43.1
MP_BCQMy224___contig_1_fragment_2_83	PF07242.11	3.1e-12	43.1
MP_BCQMy302___contig_1_fragment_2_83	PF07242.11	3.1e-12	43.1
MP_ONT63___contig_1_fragment_14_1397	PF01844.23	3.7e-12	42.7
MP_BCQMy302___contig_1_fragment_3_309	PF01844.23	3.7e-12	42.7
GCA_025728595___contig_10_15	PF01844.23	3.7e-12	42.7
GCA_025728635___contig_22_15	PF01844.23	3.7e-12	42.7
GCA_025728615___contig_13_13	PF01844.23	3.7e-12	42.7
MP_BCQMy224___contig_1_fragment_3_309	PF01844.23	3.7e-12	42.7
MP_BCQMy224___contig_1_fragment_12_1214	PF00717.23	3.9e-12	42.5
GCA_001047405___contig_4_fragment_1_100	PF00717.23	3.9e-12	42.5
MP_ONT63___contig_1_fragment_4_558	PF00717.23	3.9e-12	42.5
MP_BCQMy302___contig_1_fragment_13_1267	PF00717.23	3.9e-12	42.5
MP_BCQMy302___contig_1_fragment_15_1526	PF13443.6	4.4e-12	42.8
MP_ONT63___contig_1_fragment_15_1463	PF13443.6	4.4e-12	42.8
MP_BCQMy224___contig_1_fragment_15_1521	PF13443.6	4.4e-12	42.8
MP_BCQMy224___contig_1_fragment_14_1468	PF13175.6	4.5e-12	42.8
MP_ONT63___contig_1_fragment_12_1223	PF05135.13	5.9e-12	42.5
MP_BCQMy302___contig_1_fragment_5_486	PF05135.13	5.9e-12	42.5
MP_BCQMy224___contig_1_fragment_5_486	PF05135.13	5.9e-12	42.5
GCA_001047405___contig_4_fragment_5_322	PF01476.20	1.1e-11	41.1
GCA_001047405___contig_4_fragment_2_133	PF12161.8	1.4e-11	41.6
GCA_001047455___contig_4_fragment_1_79	PF01381.22	1.9e-11	40.4
GCA_001047405___contig_4_fragment_5_329	PF09954.9	2.0000000000000002e-11	40.3
GCA_001047455___contig_4_fragment_1_37	PF05135.13	3.2e-11	40.1
MP_AB35___contig_1_fragment_4_357	PF13597.6	7.099999999999998e-182	602.0
GCA_014202715___contig_1_fragment_5_445	PF13597.6	7.099999999999998e-182	602.0
MP_ONT141___contig_1_fragment_13_1345	PF13597.6	7.099999999999998e-182	602.0
MP_QEQMy133751___contig_1_fragment_14_1416	PF13597.6	7.099999999999998e-182	602.0
MP_QEQMy133751___contig_1_fragment_4_445	PF00476.20	8.399999999999997e-157	518.0
GCA_025728615___contig_37_fragment_1_89	PF05833.11	2.0999999999999998e-150	497.4
MP_ONT141___contig_1_fragment_7_778	PF05833.11	2.0999999999999998e-150	497.4
MP_AB35___contig_1_fragment_9_984	PF05833.11	2.0999999999999998e-150	497.4
MP_QEQMy133751___contig_1_fragment_9_813	PF05833.11	5.099999999999999e-149	492.8
GCA_025728695___contig_13_fragment_1_34	PF03054.16	2.799999999999999e-146	482.8
MP_AB35___contig_1_fragment_15_1534	PF02867.15	1.2999999999999995e-139	462.1
MP_ONT141___contig_1_fragment_15_1465	PF02867.15	1.2999999999999995e-139	462.1
GCA_014202715___contig_1_fragment_1_70	PF06418.14	2.6999999999999993e-132	436.0
GCA_001047545___contig_6_fragment_3_438	PF06418.14	2.6999999999999993e-132	436.0
MP_QEQMy133751___contig_1_fragment_11_1039	PF06418.14	2.6999999999999993e-132	436.0
MP_ONT141___contig_1_fragment_2_127	PF02595.15	3.699999999999999e-127	420.3
GCA_025728595___contig_23_fragment_1_105	PF02595.15	3.699999999999999e-127	420.3
MP_AB35___contig_1_fragment_2_75	PF02595.15	3.699999999999999e-127	420.3
MP_BCQMy225___contig_2_fragment_2_101	PF17389.2	4.099999999999999e-125	413.5
GCA_000283975___contig_2_fragment_2_62	PF17389.2	4.099999999999999e-125	413.5
GCA_001047455___contig_7_fragment_3_102	PF17389.2	9.999999999999997e-125	412.2
MP_QEQMy132961___contig_2_fragment_3_103	PF17389.2	2.799999999999999e-122	404.2
MP_QEQMy133751___contig_1_fragment_15_1640	PF10022.9	5.499999999999999e-120	396.6
GCA_014202715___contig_1_fragment_4_394	PF03668.15	8.399999999999998e-113	372.3
GCA_025728695___contig_13_fragment_1_32	PF01131.20	2.999999999999999e-107	355.1
GCA_003462485___contig_2_fragment_1_16	PF00145.17	8.199999999999997e-102	336.9
GCA_014202715___contig_1_fragment_4_393	PF01933.18	1.6999999999999996e-99	328.7
MP_QEQMy133751___contig_1_fragment_2_86	PF02595.15	7.899999999999998e-98	323.8
GCA_025728695___contig_102_15	PF05133.14	5.899999999999998e-94	311.5
MP_AB35___contig_1_fragment_7_707	PF05133.14	1.3e-93	310.4
GCA_003462485___contig_2_fragment_1_7	PF11175.8	3.9e-91	300.8
MP_ONT141___contig_1_fragment_15_1466	PF00268.21	8.8e-90	296.9
MP_AB35___contig_1_fragment_15_1535	PF00268.21	8.8e-90	296.9
MP_QEQMy133751___contig_1_fragment_6_537	PF02384.16	1.5999999999999996e-89	296.3
GCA_014202715___contig_1_fragment_4_390	PF00574.23	8.999999999999998e-88	288.9
MP_AB35___contig_1_fragment_7_674	PF09989.9	9.4e-88	289.4
GCA_025728695___contig_13_fragment_1_36	PF00266.19	4.4e-84	278.5
GCA_003462485___contig_2_fragment_1_17	PF09521.10	1.8999999999999997e-81	269.1
MP_AB35___contig_1_fragment_5_471	PF12684.7	3.8999999999999995e-79	261.7
GCA_014202715___contig_1_fragment_1_67	PF06908.11	1.5999999999999997e-71	235.7
GCA_001047545___contig_6_fragment_3_441	PF06908.11	1.9999999999999994e-71	235.4
MP_QEQMy133751___contig_1_fragment_11_1036	PF06908.11	1.9999999999999994e-71	235.4
MP_QEQMy133751___contig_1_fragment_6_530	PF01458.17	6.499999999999999e-71	234.5
GCA_001047455___contig_7_fragment_3_103	PF00933.21	3.2999999999999994e-68	226.4
MP_BCQMy225___contig_2_fragment_2_100	PF00933.21	3.2999999999999994e-68	226.4
GCA_000283975___contig_2_fragment_2_63	PF00933.21	3.2999999999999994e-68	226.4
MP_QEQMy132961___contig_2_fragment_3_102	PF00933.21	3.2999999999999994e-68	226.4
GCA_025728695___contig_124_2	PF13731.6	1.3999999999999997e-67	223.8
MP_AB35___contig_1_fragment_7_706	PF04466.13	1.0999999999999999e-66	220.2
GCA_025728695___contig_102_14	PF04466.13	1.0999999999999999e-66	220.2
GCA_000283975___contig_2_fragment_2_60	PF04616.14	1.6999999999999997e-66	220.4
MP_BCQMy225___contig_2_fragment_2_103	PF04616.14	1.6999999999999997e-66	220.4
MP_QEQMy133751___contig_1_fragment_4_439	PF02677.14	9.799999999999998e-65	213.9
GCA_014202715___contig_1_fragment_1_68	PF03838.14	9.999999999999998e-65	213.3
GCA_001047545___contig_6_fragment_3_440	PF03838.14	9.999999999999998e-65	213.3
MP_QEQMy133751___contig_1_fragment_11_1037	PF03838.14	9.999999999999998e-65	213.3
MP_ONT141___contig_1_fragment_15_1461	PF02421.18	1.2999999999999998e-64	212.4
MP_AB35___contig_1_fragment_15_1530	PF02421.18	1.2999999999999998e-64	212.4
MP_AB35___contig_1_fragment_3_330	PF05382.13	7.999999999999998e-63	206.6
MP_ONT141___contig_1_fragment_14_1372	PF05382.13	7.999999999999998e-63	206.6
MP_QEQMy133751___contig_1_fragment_7_592	PF05382.13	1e-62	206.3
MP_AB35___contig_1_fragment_13_1248	PF05382.13	1e-62	206.3
MP_ONT141___contig_1_fragment_4_574	PF05382.13	1e-62	206.3
MP_AB35___contig_1_fragment_7_676	PF13561.6	2e-61	203.5
MP_AB35___contig_1_fragment_7_730	PF05382.13	2.8999999999999996e-61	201.5
GCA_025728695___contig_13_fragment_1_31	PF01580.18	4.5e-61	202.3
MP_AB35___contig_1_fragment_5_450	PF08282.12	1.6999999999999998e-60	200.9
MP_ONT141___contig_1_fragment_12_1252	PF08282.12	1.6999999999999998e-60	200.9
GCA_001047545___contig_6_fragment_3_439	PF00912.22	2.3999999999999995e-60	199.0
GCA_014202715___contig_1_fragment_1_69	PF00912.22	2.3999999999999995e-60	199.1
MP_QEQMy133751___contig_1_fragment_11_1038	PF00912.22	2.3999999999999995e-60	199.0
MP_ONT141___contig_1_fragment_14_1390	PF03354.15	5.1e-60	199.3
MP_AB35___contig_1_fragment_3_312	PF03354.15	5.1e-60	199.3
GCA_025728695___contig_87_13	PF03354.15	5.1e-60	199.3
GCA_014202715___contig_1_fragment_4_386	PF04552.13	7.600000000000001e-57	187.5
MP_AB35___contig_1_fragment_4_351	PF13177.6	2.7999999999999995e-56	185.8
MP_ONT141___contig_1_fragment_13_1351	PF13177.6	2.7999999999999995e-56	185.8
GCA_014202715___contig_1_fragment_5_452	PF13177.6	3.7999999999999993e-56	185.4
MP_QEQMy133751___contig_1_fragment_14_1422	PF13177.6	3.7999999999999993e-56	185.4
MP_AB35___contig_1_fragment_12_1198	PF03354.15	1.1e-54	181.7
MP_QEQMy133751___contig_1_fragment_14_1424	PF02223.17	6.900000000000001e-54	178.3
MP_ONT141___contig_1_fragment_13_1353	PF02223.17	6.900000000000001e-54	178.3
MP_AB35___contig_1_fragment_4_349	PF02223.17	6.900000000000001e-54	178.3
GCA_014202715___contig_1_fragment_5_454	PF02223.17	6.900000000000001e-54	178.3
MP_AB35___contig_1_fragment_2_78	PF13731.6	1.4999999999999999e-53	177.9
MP_ONT141___contig_1_fragment_2_130	PF13731.6	1.4999999999999999e-53	177.9
GCA_025728595___contig_23_fragment_1_102	PF13731.6	1.4999999999999999e-53	177.9
MP_QEQMy133751___contig_1_fragment_2_90	PF13731.6	1.9000000000000001e-53	177.6
MP_ONT141___contig_1_fragment_14_1388	PF04586.17	9.8e-53	174.7
MP_AB35___contig_1_fragment_3_314	PF04586.17	9.8e-53	174.7
GCA_025728695___contig_87_11	PF04586.17	1.1999999999999999e-52	174.4
MP_ONT141___contig_1_fragment_12_1223	PF03354.15	2.4999999999999996e-52	173.9
MP_ONT141___contig_1_fragment_1_82	PF03354.15	2.4999999999999996e-52	173.9
GCA_003462485___contig_2_fragment_1_22	PF01051.21	1.4e-51	171.4
MP_ONT141___contig_1_fragment_12_1221	PF04586.17	2.2000000000000003e-51	170.2
GCA_014202715___contig_1_fragment_5_447	PF00817.20	3.8e-51	169.0
MP_QEQMy133751___contig_1_fragment_14_1418	PF00817.20	3.8e-51	169.0
MP_ONT141___contig_1_fragment_13_1347	PF00817.20	3.8e-51	169.0
MP_AB35___contig_1_fragment_4_355	PF00817.20	3.8e-51	169.0
MP_AB35___contig_1_fragment_5_483	PF03354.15	4.4000000000000006e-51	169.8
MP_ONT141___contig_1_fragment_1_105	PF16775.5	4.5e-51	167.5
MP_AB35___contig_1_fragment_4_356	PF13353.6	8.800000000000001e-51	167.8
MP_ONT141___contig_1_fragment_13_1346	PF13353.6	8.800000000000001e-51	167.8
MP_QEQMy133751___contig_1_fragment_3_346	PF00544.19	2.4e-50	167.1
GCA_025728695___contig_13_fragment_1_37	PF13793.6	2.5e-50	165.3
MP_QEQMy133751___contig_1_fragment_14_1417	PF13353.6	2.8999999999999996e-50	166.2
GCA_014202715___contig_1_fragment_5_446	PF13353.6	2.8999999999999996e-50	166.2
MP_QEQMy133751___contig_1_fragment_3_340	PF13561.6	9.6e-50	165.3
MP_AB35___contig_1_fragment_12_1176	PF16775.5	1.4000000000000002e-49	162.7
MP_AB35___contig_1_fragment_12_1196	PF04586.17	2.1e-49	163.8
GCA_025728615___contig_37_fragment_1_88	PF07314.11	3.899999999999999e-49	163.1
MP_QEQMy133751___contig_1_fragment_9_811	PF07314.11	4.2e-49	163.0
MP_ONT141___contig_1_fragment_7_777	PF07314.11	4.3e-49	163.0
MP_AB35___contig_1_fragment_9_985	PF07314.11	4.3e-49	163.0
GCA_025728695___contig_13_fragment_1_33	PF06279.11	9.799999999999999e-49	160.5
MP_AB35___contig_1_fragment_2_76	PF11797.8	2e-48	159.9
MP_ONT141___contig_1_fragment_2_128	PF11797.8	2e-48	159.9
GCA_025728595___contig_23_fragment_1_104	PF11797.8	2e-48	159.9
GCA_025728695___contig_124_1	PF11797.8	3.2e-48	159.2
MP_QEQMy133751___contig_1_fragment_10_931	PF04586.17	4e-48	159.6
MP_QEQMy133751___contig_1_fragment_5_459	PF13604.6	5.9e-48	159.1
GCA_025728635___contig_26_fragment_2_103	PF13604.6	5.9e-48	159.1
MP_QEQMy133751___contig_1_fragment_10_953	PF16775.5	6.599999999999999e-48	157.3
MP_AB35___contig_1_fragment_5_505	PF16775.5	6.7e-48	157.3
MP_ONT141___contig_1_fragment_12_1201	PF16775.5	6.7e-48	157.3
MP_QEQMy133751___contig_1_fragment_2_88	PF11797.8	7.1e-48	158.1
MP_ONT141___contig_1_fragment_2_131	PF13731.6	8.8e-48	159.1
MP_AB35___contig_1_fragment_2_79	PF13731.6	8.8e-48	159.1
GCA_025728595___contig_23_fragment_1_101	PF13731.6	8.8e-48	159.1
MP_QEQMy133751___contig_1_fragment_4_442	PF00122.20	8.9e-48	158.2
MP_AB35___contig_1_fragment_15_1536	PF03816.14	2.1999999999999997e-47	157.0
MP_ONT141___contig_1_fragment_15_1467	PF03816.14	2.1999999999999997e-47	157.0
MP_QEQMy133751___contig_1_fragment_2_91	PF13731.6	2.4e-47	157.7
MP_QEQMy133751___contig_1_fragment_6_534	PF18766.1	2e-46	154.4
MP_QEQMy133751___contig_1_fragment_10_911	PF05565.11	2.7000000000000004e-46	153.5
MP_ONT141___contig_1_fragment_1_96	PF06605.11	2.7999999999999994e-46	154.1
MP_AB35___contig_1_fragment_12_1197	PF04860.12	5e-46	153.3
MP_ONT141___contig_1_fragment_1_83	PF04860.12	5.3e-46	153.2
MP_QEQMy133751___contig_1_fragment_10_930	PF04860.12	5.400000000000001e-46	153.2
MP_ONT141___contig_1_fragment_12_1236	PF05565.11	7.400000000000001e-46	152.1
MP_AB35___contig_1_fragment_5_484	PF04860.12	8.299999999999999e-46	152.6
GCA_025728595___contig_17_3	PF06605.11	1e-45	152.3
GCA_025728695___contig_13_fragment_1_35	PF08866.10	1.1999999999999998e-45	150.6
MP_ONT141___contig_1_fragment_12_1210	PF06605.11	1.4999999999999997e-45	151.7
MP_AB35___contig_1_fragment_5_496	PF06605.11	1.4999999999999997e-45	151.7
MP_ONT141___contig_1_fragment_12_1222	PF04860.12	2.2999999999999996e-45	151.1
GCA_000283975___contig_2_fragment_2_53	PF05866.11	8.1e-45	148.4
MP_BCQMy225___contig_2_fragment_2_109	PF05866.11	8.1e-45	148.4
GCA_001047545___contig_6_fragment_3_437	PF07553.11	9.3e-45	146.7
GCA_014202715___contig_1_fragment_1_71	PF07553.11	9.3e-45	146.7
MP_QEQMy133751___contig_1_fragment_11_1040	PF07553.11	9.3e-45	146.7
GCA_001047455___contig_7_fragment_3_91	PF05866.11	2e-44	147.1
MP_QEQMy132961___contig_2_fragment_3_114	PF05866.11	2e-44	147.1
MP_AB35___contig_1_fragment_5_453	PF07553.11	4e-44	144.7
GCA_025728595___contig_23_fragment_2_117	PF16173.5	4.3999999999999997e-44	146.0
MP_ONT141___contig_1_fragment_2_117	PF16173.5	4.3999999999999997e-44	146.0
MP_AB35___contig_1_fragment_1_63	PF16173.5	4.3999999999999997e-44	146.0
GCA_025728695___contig_111_3	PF02486.19	1.4e-43	145.0
GCA_025728645___contig_12_10	PF00239.21	1.6999999999999998e-43	144.2
MP_AB35___contig_1_fragment_7_680	PF00239.21	1.6999999999999998e-43	144.2
MP_QEQMy133751___contig_1_fragment_14_1423	PF06153.11	2.3999999999999998e-43	142.8
MP_QEQMy133751___contig_1_fragment_10_944	PF06605.11	2.3999999999999998e-43	144.5
MP_AB35___contig_1_fragment_12_1185	PF06605.11	2.3999999999999998e-43	144.5
GCA_014202715___contig_1_fragment_5_453	PF06153.11	2.3999999999999998e-43	142.8
MP_ONT141___contig_1_fragment_13_1352	PF06153.11	2.3999999999999998e-43	142.8
MP_AB35___contig_1_fragment_4_350	PF06153.11	2.3999999999999998e-43	142.8
GCA_003462485___contig_2_fragment_1_8	PF01520.18	2.8e-43	144.0
MP_QEQMy133751___contig_1_fragment_4_436	PF00689.21	5e-43	142.9
MP_AB35___contig_1_fragment_12_1210	PF05565.11	1.3000000000000002e-42	141.6
GCA_001047455___contig_7_fragment_3_98	PF04616.14	2.5e-42	141.1
MP_QEQMy132961___contig_2_fragment_3_107	PF04616.14	2.5e-42	141.1
GCA_025728635___contig_26_fragment_2_104	PF00300.22	1.3e-41	138.4
MP_QEQMy133751___contig_1_fragment_5_458	PF00300.22	3.2e-41	137.2
GCA_025728695___contig_13_fragment_1_38	PF00144.24	1.3e-40	135.7
MP_AB35___contig_1_fragment_3_302	PF13479.6	2.4e-40	134.4
MP_AB35___contig_1_fragment_3_315	PF05065.13	2.4e-40	134.6
MP_ONT141___contig_1_fragment_14_1387	PF05065.13	2.4e-40	134.6
GCA_025728695___contig_87_22	PF13479.6	2.4e-40	134.4
MP_ONT141___contig_1_fragment_14_1400	PF13479.6	2.4e-40	134.4
GCA_025728695___contig_87_10	PF05065.13	2.4e-40	134.6
MP_AB35___contig_1_fragment_7_675	PF07702.13	1.8e-39	130.8
MP_AB35___contig_1_fragment_5_470	PF03837.14	2.6e-39	130.8
GCA_014202715___contig_1_fragment_4_392	PF14527.6	3.2e-39	128.9
GCA_025728635___contig_26_fragment_1_18	PF01042.21	4.6999999999999996e-39	129.2
MP_AB35___contig_1_fragment_13_1270	PF01042.21	4.6999999999999996e-39	129.2
GCA_025728695___contig_97_fragment_1_8	PF01042.21	4.6999999999999996e-39	129.2
MP_ONT141___contig_1_fragment_4_552	PF01042.21	4.6999999999999996e-39	129.2
MP_QEQMy133751___contig_1_fragment_4_437	PF01595.20	6.5e-39	129.4
MP_QEQMy133751___contig_1_fragment_7_567	PF01042.21	7.899999999999999e-39	128.4
MP_AB35___contig_1_fragment_13_1259	PF12363.8	9.399999999999999e-39	128.3
GCA_025728635___contig_26_fragment_1_5	PF12363.8	9.399999999999999e-39	128.3
MP_QEQMy133751___contig_1_fragment_7_579	PF12363.8	9.399999999999999e-39	128.3
MP_ONT141___contig_1_fragment_4_563	PF12363.8	9.399999999999999e-39	128.3
GCA_025728635___contig_26_fragment_2_107	PF13641.6	1.1999999999999998e-38	129.3
MP_QEQMy133751___contig_1_fragment_10_929	PF03354.15	2.1e-38	128.0
MP_AB35___contig_1_fragment_13_1254	PF10651.9	8e-38	125.5
MP_ONT141___contig_1_fragment_4_568	PF10651.9	8e-38	125.5
MP_QEQMy133751___contig_1_fragment_5_455	PF13641.6	1e-37	126.2
MP_QEQMy133751___contig_1_fragment_10_913	PF16784.5	1.2e-37	125.4
MP_QEQMy133751___contig_1_fragment_9_809	PF06265.11	1.2e-37	123.8
MP_ONT141___contig_1_fragment_7_775	PF06265.11	1.2e-37	123.8
MP_AB35___contig_1_fragment_9_987	PF06265.11	1.2e-37	123.8
GCA_025728615___contig_37_fragment_1_86	PF06265.11	1.2e-37	123.8
MP_AB35___contig_1_fragment_15_1533	PF07972.11	1.2e-37	124.7
MP_ONT141___contig_1_fragment_15_1464	PF07972.11	1.2e-37	124.7
MP_AB35___contig_1_fragment_7_722	PF10651.9	1.6e-37	124.5
MP_ONT141___contig_1_fragment_12_1231	PF00436.25	5.1e-37	122.1
MP_QEQMy133751___contig_1_fragment_7_585	PF10651.9	7.9e-37	122.2
MP_AB35___contig_1_fragment_12_1227	PF03374.14	8.7e-37	121.8
MP_AB35___contig_1_fragment_5_485	PF04586.17	1.1e-36	122.4
MP_ONT141___contig_1_fragment_1_84	PF04586.17	1.1e-36	122.4
GCA_025728695___contig_122_1	PF12363.8	1.3e-36	121.5
MP_AB35___contig_1_fragment_7_717	PF12363.8	1.3e-36	121.5
MP_AB35___contig_1_fragment_12_1205	PF00436.25	1.6e-36	120.5
GCA_025728595___contig_21_7	PF03374.14	3.3999999999999996e-36	119.9
MP_AB35___contig_1_fragment_5_459	PF03374.14	3.3999999999999996e-36	119.9
MP_AB35___contig_1_fragment_12_1208	PF16784.5	3.6e-36	120.6
GCA_025728595___contig_21_3	PF03374.14	5.5999999999999995e-36	119.2
MP_AB35___contig_1_fragment_5_456	PF03374.14	5.5999999999999995e-36	119.2
MP_AB35___contig_1_fragment_5_463	PF03374.14	5.7999999999999996e-36	119.1
MP_ONT141___contig_1_fragment_12_1242	PF03374.14	5.7999999999999996e-36	119.1
MP_QEQMy133751___contig_1_fragment_10_916	PF00436.25	6.799999999999999e-36	118.5
MP_ONT141___contig_1_fragment_1_58	PF03374.14	8.9e-36	118.5
MP_ONT141___contig_1_fragment_12_1234	PF16784.5	1e-35	119.1
MP_AB35___contig_1_fragment_5_475	PF00436.25	1.1e-35	117.8
MP_QEQMy133751___contig_1_fragment_10_917	PF05866.11	1.4e-35	118.6
MP_AB35___contig_1_fragment_5_472	PF16784.5	1.6e-35	118.5
MP_AB35___contig_1_fragment_12_1182	PF10651.9	2.7e-35	117.2
MP_QEQMy133751___contig_1_fragment_10_947	PF10651.9	2.7e-35	117.2
GCA_025728695___contig_122_8	PF05065.13	4.2999999999999996e-35	117.3
MP_AB35___contig_1_fragment_7_710	PF05065.13	4.2999999999999996e-35	117.3
MP_AB35___contig_1_fragment_5_499	PF10651.9	6.7e-35	116.0
MP_ONT141___contig_1_fragment_12_1207	PF10651.9	6.7e-35	116.0
MP_ONT141___contig_1_fragment_1_99	PF10651.9	6.7e-35	116.0
MP_AB35___contig_1_fragment_3_325	PF10651.9	7.3e-35	115.9
MP_ONT141___contig_1_fragment_14_1377	PF10651.9	7.3e-35	115.9
MP_QEQMy133751___contig_1_fragment_5_460	PF06177.11	1.2e-34	115.6
GCA_025728635___contig_26_fragment_2_101	PF06177.11	2e-34	115.0
MP_AB35___contig_1_fragment_12_1209	PF04404.12	2.7999999999999995e-34	114.2
MP_AB35___contig_1_fragment_7_678	PF01205.19	3.9e-34	113.2
MP_QEQMy133751___contig_1_fragment_15_1642	PF13377.6	1.4000000000000001e-33	112.5
MP_AB35___contig_1_fragment_5_473	PF09681.10	1.7999999999999998e-33	111.1
MP_QEQMy133751___contig_1_fragment_10_888	PF00005.27	3.5e-33	111.0
MP_AB35___contig_1_fragment_3_289	PF07553.11	5.4e-33	109.1
MP_ONT141___contig_1_fragment_14_1413	PF07553.11	5.4e-33	109.1
MP_ONT141___contig_1_fragment_4_567	PF18013.1	5.6000000000000005e-33	110.0
MP_AB35___contig_1_fragment_13_1255	PF18013.1	5.6000000000000005e-33	110.0
GCA_025728615___contig_37_fragment_1_85	PF01035.20	6.899999999999999e-33	108.7
MP_AB35___contig_1_fragment_9_988	PF01035.20	6.899999999999999e-33	108.7
MP_ONT141___contig_1_fragment_7_774	PF01035.20	6.899999999999999e-33	108.7
MP_QEQMy133751___contig_1_fragment_9_808	PF01035.20	6.899999999999999e-33	108.7
GCA_014202715___contig_1_fragment_5_449	PF06156.13	9.599999999999999e-33	108.9
MP_AB35___contig_1_fragment_4_353	PF06156.13	9.599999999999999e-33	108.9
MP_ONT141___contig_1_fragment_13_1349	PF06156.13	9.599999999999999e-33	108.9
MP_QEQMy133751___contig_1_fragment_14_1420	PF06156.13	9.599999999999999e-33	108.9
MP_AB35___contig_1_fragment_7_721	PF18013.1	9.999999999999999e-33	109.2
MP_ONT141___contig_1_fragment_14_1378	PF18013.1	1.1e-32	109.0
MP_AB35___contig_1_fragment_3_324	PF18013.1	1.1e-32	109.0
MP_AB35___contig_1_fragment_7_711	PF02368.18	1.3e-32	107.6
MP_AB35___contig_1_fragment_7_729	PF16938.5	1.3e-32	107.8
GCA_025728695___contig_122_7	PF02368.18	1.3e-32	107.6
MP_QEQMy133751___contig_1_fragment_10_912	PF04404.12	1.4e-32	108.7
GCA_025728635___contig_26_fragment_1_19	PF00005.27	1.5e-32	109.0
MP_ONT141___contig_1_fragment_4_551	PF00005.27	1.5e-32	109.0
GCA_025728695___contig_97_fragment_1_9	PF00005.27	1.5e-32	109.0
MP_AB35___contig_1_fragment_13_1271	PF00005.27	1.5e-32	109.0
MP_ONT141___contig_1_fragment_2_134	PF00005.27	1.7e-32	108.8
GCA_025728595___contig_23_fragment_1_98	PF00005.27	1.7e-32	108.8
MP_AB35___contig_1_fragment_2_82	PF00005.27	1.7e-32	108.8
MP_QEQMy133751___contig_1_fragment_7_566	PF00005.27	1.9999999999999998e-32	108.6
MP_QEQMy133751___contig_1_fragment_2_97	PF00005.27	2.1e-32	108.5
MP_ONT141___contig_1_fragment_13_1350	PF04468.12	6.8e-32	105.7
MP_AB35___contig_1_fragment_4_352	PF04468.12	6.8e-32	105.7
MP_QEQMy133751___contig_1_fragment_14_1421	PF04468.12	6.9e-32	105.6
MP_QEQMy133751___contig_1_fragment_10_889	PF00589.22	7.799999999999999e-32	106.4
MP_QEQMy133751___contig_1_fragment_3_342	PF03013.14	7.9e-32	106.0
MP_AB35___contig_1_fragment_5_451	PF00589.22	1.5e-31	105.5
MP_ONT141___contig_1_fragment_12_1251	PF00589.22	1.5e-31	105.5
MP_QEQMy133751___contig_1_fragment_7_591	PF16938.5	1.9e-31	104.1
MP_ONT141___contig_1_fragment_4_573	PF16938.5	1.9e-31	104.1
MP_AB35___contig_1_fragment_13_1249	PF16938.5	1.9e-31	104.1
MP_QEQMy133751___contig_1_fragment_10_898	PF02498.17	2.3e-31	104.4
MP_AB35___contig_1_fragment_3_288	PF00589.22	2.6e-31	104.7
MP_ONT141___contig_1_fragment_14_1414	PF00589.22	2.6e-31	104.7
MP_ONT141___contig_1_fragment_14_1373	PF16938.5	3.8e-31	103.1
MP_AB35___contig_1_fragment_3_329	PF16938.5	3.8e-31	103.1
MP_AB35___contig_1_fragment_12_1186	PF05709.11	3.9999999999999995e-31	104.3
MP_QEQMy133751___contig_1_fragment_10_943	PF05709.11	3.9999999999999995e-31	104.3
MP_ONT141___contig_1_fragment_1_104	PF16938.5	4.6e-31	102.9
MP_AB35___contig_1_fragment_5_504	PF16938.5	5.6e-31	102.6
MP_ONT141___contig_1_fragment_12_1202	PF16938.5	5.6e-31	102.6
GCA_025728595___contig_23_fragment_1_100	PF18483.1	5.8999999999999994e-31	104.0
MP_ONT141___contig_1_fragment_2_132	PF18483.1	5.8999999999999994e-31	104.0
MP_AB35___contig_1_fragment_2_80	PF18483.1	5.8999999999999994e-31	104.0
MP_ONT141___contig_1_fragment_1_53	PF00589.22	1e-30	102.8
MP_QEQMy133751___contig_1_fragment_10_952	PF16938.5	1.1000000000000001e-30	101.7
MP_AB35___contig_1_fragment_12_1177	PF16938.5	1.1000000000000001e-30	101.7
MP_AB35___contig_1_fragment_12_1171	PF00589.22	2.5000000000000002e-30	101.5
MP_ONT141___contig_1_fragment_12_1211	PF05709.11	1.4e-29	99.3
MP_AB35___contig_1_fragment_5_495	PF05709.11	1.4e-29	99.3
MP_AB35___contig_1_fragment_7_697	PF07083.11	1.7000000000000001e-29	99.1
MP_ONT141___contig_1_fragment_15_1462	PF04023.14	1.9e-29	97.8
MP_AB35___contig_1_fragment_15_1531	PF04023.14	1.9e-29	97.8
GCA_025728635___contig_26_fragment_2_106	PF03170.13	1.9e-29	98.5
MP_ONT141___contig_1_fragment_14_1389	PF04860.12	2.1e-29	98.7
MP_AB35___contig_1_fragment_3_313	PF04860.12	2.1e-29	98.7
GCA_025728695___contig_87_12	PF04860.12	2.1e-29	98.7
GCA_025728695___contig_102_6	PF07083.11	2.4e-29	98.6
GCA_025728595___contig_17_2	PF05709.11	2.5e-29	98.5
MP_QEQMy133751___contig_1_fragment_5_456	PF03170.13	2.8999999999999997e-29	97.8
MP_ONT141___contig_1_fragment_1_95	PF05709.11	3.8e-29	97.8
MP_QEQMy133751___contig_1_fragment_6_529	PF01592.16	5.4e-29	97.0
MP_QEQMy133751___contig_1_fragment_10_893	PF09669.10	5.4e-29	96.6
GCA_025728615___contig_37_fragment_1_91	PF00486.28	9.699999999999999e-29	95.3
MP_QEQMy133751___contig_1_fragment_9_815	PF00486.28	9.800000000000001e-29	95.3
MP_AB35___contig_1_fragment_9_982	PF00486.28	9.800000000000001e-29	95.3
MP_ONT141___contig_1_fragment_7_780	PF00486.28	9.800000000000001e-29	95.3
GCA_025728615___contig_37_fragment_1_92	PF02518.26	2e-28	95.2
MP_AB35___contig_1_fragment_9_981	PF02518.26	2e-28	95.2
MP_ONT141___contig_1_fragment_7_781	PF02518.26	2e-28	95.2
MP_QEQMy133751___contig_1_fragment_9_816	PF02518.26	2e-28	95.2
GCA_014202715___contig_1_fragment_4_391	PF13462.6	2.8e-28	95.1
MP_ONT141___contig_1_fragment_2_120	PF00005.27	4.6e-28	94.4
MP_AB35___contig_1_fragment_4_354	PF00590.20	6.2e-28	94.2
GCA_014202715___contig_1_fragment_5_448	PF00590.20	6.2e-28	94.2
MP_QEQMy133751___contig_1_fragment_14_1419	PF00590.20	6.2e-28	94.2
MP_ONT141___contig_1_fragment_13_1348	PF00590.20	6.2e-28	94.2
GCA_003462485___contig_2_fragment_1_9	PF00589.22	9.499999999999999e-27	89.9
MP_AB35___contig_1_fragment_7_685	PF03374.14	5.8e-26	87.0
GCA_025728645___contig_12_5	PF03374.14	5.8e-26	87.0
MP_AB35___contig_1_fragment_7_677	PF11195.8	7.7e-26	86.2
GCA_025728645___contig_12_3	PF10711.9	1.0999999999999999e-25	86.0
MP_AB35___contig_1_fragment_7_687	PF10711.9	1.0999999999999999e-25	86.0
MP_ONT141___contig_1_fragment_12_1193	PF03167.19	2.1999999999999997e-25	85.5
MP_AB35___contig_1_fragment_4_348	PF13662.6	2.4e-25	84.8
MP_ONT141___contig_1_fragment_7_776	PF13344.6	4.199999999999999e-25	83.8
MP_AB35___contig_1_fragment_9_986	PF13344.6	4.199999999999999e-25	83.8
GCA_025728615___contig_37_fragment_1_87	PF13344.6	4.199999999999999e-25	83.8
MP_QEQMy133751___contig_1_fragment_9_810	PF13344.6	4.3999999999999995e-25	83.8
MP_AB35___contig_1_fragment_5_486	PF05065.13	1.1e-24	83.3
MP_ONT141___contig_1_fragment_12_1220	PF05065.13	1.1e-24	83.3
GCA_000283975___contig_2_fragment_2_61	PF13419.6	1.3e-24	83.3
GCA_001047455___contig_7_fragment_3_100	PF13419.6	1.3e-24	83.3
MP_BCQMy225___contig_2_fragment_2_102	PF13419.6	1.3e-24	83.3
MP_QEQMy132961___contig_2_fragment_3_105	PF13419.6	1.3e-24	83.3
MP_QEQMy133751___contig_1_fragment_10_932	PF05065.13	2.4e-24	82.1
MP_ONT141___contig_1_fragment_1_71	PF07083.11	2.6e-24	82.1
MP_QEQMy133751___contig_1_fragment_10_914	PF09681.10	2.7e-24	81.4
MP_ONT141___contig_1_fragment_1_85	PF05065.13	4.2e-24	81.3
MP_ONT141___contig_1_fragment_12_1233	PF09681.10	9.7e-24	79.6
MP_QEQMy133751___contig_1_fragment_2_93	PF18483.1	1.5e-23	79.8
MP_AB35___contig_1_fragment_5_491	PF04630.12	1.9e-23	78.8
MP_ONT141___contig_1_fragment_12_1215	PF04630.12	1.9e-23	78.8
MP_AB35___contig_1_fragment_12_1195	PF05065.13	3e-23	78.5
MP_AB35___contig_1_fragment_7_709	PF14265.6	6.9e-23	77.3
GCA_025728695___contig_122_9	PF14265.6	6.9e-23	77.3
GCA_014202715___contig_1_fragment_4_388	PF02627.20	4.7e-22	73.9
MP_ONT141___contig_1_fragment_1_90	PF04630.12	5.6e-22	74.0
MP_AB35___contig_1_fragment_12_1190	PF04630.12	8.300000000000001e-22	73.5
MP_ONT141___contig_1_fragment_1_103	PF10779.9	2.2e-21	71.9
MP_AB35___contig_1_fragment_5_503	PF10779.9	3.1000000000000002e-21	71.4
MP_ONT141___contig_1_fragment_12_1203	PF10779.9	3.1000000000000002e-21	71.4
MP_ONT141___contig_1_fragment_2_119	PF00072.24	3.1999999999999998e-21	71.6
GCA_014202715___contig_1_fragment_4_385	PF01757.22	6.3999999999999996e-21	70.7
MP_AB35___contig_1_fragment_12_1202	PF06114.13	7.8e-21	70.3
MP_AB35___contig_1_fragment_3_328	PF10779.9	7.8e-21	70.1
MP_ONT141___contig_1_fragment_14_1374	PF10779.9	7.8e-21	70.1
MP_AB35___contig_1_fragment_5_482	PF05119.12	1.0000000000000001e-20	70.0
MP_AB35___contig_1_fragment_13_1260	PF06199.11	1.2e-20	70.0
GCA_025728635___contig_26_fragment_1_6	PF06199.11	1.2e-20	70.0
MP_ONT141___contig_1_fragment_4_562	PF06199.11	1.2e-20	70.0
GCA_001047455___contig_7_fragment_3_105	PF12833.7	1.3000000000000001e-20	69.4
MP_QEQMy132961___contig_2_fragment_3_100	PF12833.7	1.3000000000000001e-20	69.4
MP_QEQMy133751___contig_1_fragment_10_937	PF04630.12	1.3999999999999998e-20	69.5
GCA_014202715___contig_1_fragment_5_450	PF04468.12	2.0000000000000002e-20	68.9
MP_AB35___contig_1_fragment_12_1199	PF05119.12	2.1000000000000002e-20	69.0
MP_AB35___contig_1_fragment_7_716	PF06199.11	2.5e-20	69.0
GCA_025728695___contig_122_2	PF06199.11	2.5e-20	69.0
MP_QEQMy133751___contig_1_fragment_7_578	PF06199.11	2.5e-20	69.0
MP_QEQMy133751___contig_1_fragment_7_582	PF05709.11	2.6000000000000002e-20	68.9
GCA_025728635___contig_26_fragment_1_1	PF06605.11	3.5e-20	68.4
MP_ONT141___contig_1_fragment_1_81	PF05119.12	4.3e-20	68.0
MP_ONT141___contig_1_fragment_12_1224	PF05119.12	4.3e-20	68.0
GCA_014202715___contig_1_fragment_1_66	PF05103.13	4.6e-20	68.1
MP_QEQMy133751___contig_1_fragment_11_1035	PF05103.13	4.6e-20	68.1
GCA_001047455___contig_7_fragment_3_107	PF03551.14	5.4e-20	67.2
MP_QEQMy132961___contig_2_fragment_3_98	PF03551.14	5.4e-20	67.2
MP_BCQMy225___contig_2_fragment_2_97	PF03551.14	5.4e-20	67.2
GCA_000283975___contig_2_fragment_2_66	PF03551.14	5.4e-20	67.2
MP_QEQMy133751___contig_1_fragment_10_927	PF05119.12	8.800000000000001e-20	67.0
GCA_000283975___contig_2_fragment_2_64	PF12833.7	1.1999999999999999e-19	66.3
MP_BCQMy225___contig_2_fragment_2_99	PF12833.7	1.1999999999999999e-19	66.3
GCA_025728635___contig_26_fragment_1_2	PF05709.11	1.4e-19	66.5
MP_ONT141___contig_1_fragment_4_566	PF05709.11	1.4e-19	66.5
MP_AB35___contig_1_fragment_13_1256	PF05709.11	1.4e-19	66.5
GCA_025728695___contig_13_fragment_1_30	PF04055.21	1.9e-19	66.7
MP_AB35___contig_1_fragment_7_720	PF05709.11	2.5999999999999996e-19	65.6
MP_QEQMy133751___contig_1_fragment_7_583	PF18013.1	4.2e-19	65.0
MP_ONT141___contig_1_fragment_12_1204	PF09693.10	5e-19	64.1
MP_AB35___contig_1_fragment_5_502	PF09693.10	5e-19	64.1
MP_AB35___contig_1_fragment_7_705	PF03592.16	5.899999999999999e-19	64.9
GCA_025728695___contig_102_13	PF03592.16	5.899999999999999e-19	64.9
MP_QEQMy133751___contig_1_fragment_3_343	PF01432.20	6.7e-19	64.4
GCA_001047455___contig_7_fragment_3_99	PF04616.14	7.100000000000001e-19	64.2
MP_QEQMy132961___contig_2_fragment_3_106	PF04616.14	7.100000000000001e-19	64.2
MP_QEQMy133751___contig_1_fragment_6_539	PF01420.19	8.7e-19	64.4
MP_ONT141___contig_1_fragment_12_1194	PF07927.12	1.1000000000000001e-18	63.0
MP_ONT141___contig_1_fragment_1_102	PF09693.10	1.3999999999999999e-18	62.7
MP_AB35___contig_1_fragment_3_322	PF10145.9	2e-17	59.7
MP_ONT141___contig_1_fragment_14_1380	PF10145.9	2e-17	59.7
GCA_025728695___contig_87_3	PF10145.9	2e-17	59.7
MP_AB35___contig_1_fragment_12_1179	PF09693.10	2.4e-17	58.7
MP_QEQMy133751___contig_1_fragment_10_950	PF09693.10	2.4e-17	58.7
MP_AB35___contig_1_fragment_7_708	PF04233.14	3.9e-17	59.0
GCA_025728695___contig_102_16	PF04233.14	3.9e-17	59.0
MP_QEQMy133751___contig_1_fragment_2_87	PF02595.15	8.299999999999999e-17	57.2
GCA_014202715___contig_1_fragment_4_384	PF13602.6	8.6e-17	58.5
MP_QEQMy133751___contig_1_fragment_3_347	PF04892.12	8.7e-17	58.0
GCA_025728695___contig_87_1	PF06605.11	1.5e-16	56.4
MP_QEQMy133751___contig_1_fragment_4_443	PF05043.13	2.7e-16	56.0
MP_ONT141___contig_1_fragment_2_114	PF01381.22	3.2e-16	55.2
GCA_025728595___contig_23_fragment_2_120	PF01381.22	3.2e-16	55.2
MP_AB35___contig_1_fragment_1_60	PF01381.22	3.2e-16	55.2
MP_AB35___contig_1_fragment_7_727	PF09693.10	3.9e-16	54.9
MP_ONT141___contig_1_fragment_1_55	PF01381.22	7.9e-16	53.9
MP_AB35___contig_1_fragment_7_673	PF00440.23	1.3e-15	53.0
GCA_001047455___contig_7_fragment_3_108	PF08006.11	1.4e-15	53.3
MP_QEQMy132961___contig_2_fragment_3_97	PF08006.11	1.4e-15	53.3
GCA_025728635___contig_26_fragment_1_11	PF13229.6	1.5e-15	53.4
MP_ONT141___contig_1_fragment_4_558	PF13229.6	1.5e-15	53.4
MP_AB35___contig_1_fragment_13_1264	PF13229.6	1.5e-15	53.4
GCA_025728695___contig_97_fragment_1_2	PF13229.6	1.5e-15	53.4
MP_AB35___contig_1_fragment_15_1532	PF00462.24	1.6e-15	53.1
MP_ONT141___contig_1_fragment_15_1463	PF00462.24	1.6e-15	53.1
MP_AB35___contig_1_fragment_5_448	PF00583.25	2.3e-15	52.8
MP_QEQMy133751___contig_1_fragment_2_94	PF07523.12	2.8e-15	52.4
GCA_000283975___contig_2_fragment_2_67	PF08006.11	4.1e-15	51.8
MP_BCQMy225___contig_2_fragment_2_96	PF08006.11	4.1e-15	51.8
MP_ONT141___contig_1_fragment_14_1403	PF00176.23	9.9e-15	50.0
MP_AB35___contig_1_fragment_3_299	PF00176.23	9.9e-15	50.0
GCA_025728695___contig_87_25	PF00176.23	9.9e-15	50.0
MP_QEQMy133751___contig_1_fragment_10_957	PF10097.9	1.3e-14	49.9
MP_AB35___contig_1_fragment_12_1231	PF01381.22	1.5e-14	49.8
MP_ONT141___contig_1_fragment_12_1235	PF13479.6	1.5999999999999998e-14	50.1
MP_AB35___contig_1_fragment_7_731	PF14213.6	1.7e-14	49.3
MP_AB35___contig_1_fragment_1_61	PF00132.24	1.8000000000000002e-14	48.9
GCA_025728595___contig_23_fragment_2_119	PF00132.24	1.8000000000000002e-14	48.9
MP_ONT141___contig_1_fragment_2_115	PF00132.24	1.8000000000000002e-14	48.9
MP_QEQMy133751___contig_1_fragment_2_98	PF07242.11	3.6000000000000004e-14	48.9
MP_AB35___contig_1_fragment_1_59	PF07853.11	7.5e-14	47.2
GCA_025728595___contig_23_fragment_2_121	PF07853.11	7.5e-14	47.2
MP_ONT141___contig_1_fragment_2_113	PF07853.11	7.5e-14	47.2
MP_QEQMy133751___contig_1_fragment_10_902	PF08346.12	8.900000000000001e-14	47.9
MP_QEQMy133751___contig_1_fragment_10_896	PF12844.7	1.6e-13	46.5
MP_ONT141___contig_1_fragment_12_1248	PF01381.22	1.7e-13	46.4
MP_AB35___contig_1_fragment_12_1232	PF00717.23	1.9e-13	46.2
GCA_025728595___contig_21_1	PF12844.7	2e-13	46.2
GCA_003462485___contig_2_fragment_1_10	PF12841.7	2.3e-13	45.4
MP_ONT141___contig_1_fragment_7_773	PF10031.9	2.9e-13	45.7
MP_QEQMy133751___contig_1_fragment_9_807	PF10031.9	2.9e-13	45.7
GCA_025728615___contig_37_fragment_1_84	PF10031.9	2.9e-13	45.7
MP_AB35___contig_1_fragment_9_989	PF10031.9	2.9e-13	45.7
GCA_003462485___contig_2_fragment_1_18	PF06124.11	3e-13	46.3
GCA_025728645___contig_12_7	PF00717.23	4.1e-13	45.1
MP_AB35___contig_1_fragment_7_683	PF00717.23	4.1e-13	45.1
MP_AB35___contig_1_fragment_5_454	PF12844.7	4.3000000000000004e-13	45.1
MP_QEQMy133751___contig_1_fragment_7_574	PF13229.6	4.8e-13	45.3
MP_ONT141___contig_1_fragment_12_1249	PF00717.23	5.5e-13	44.7
MP_ONT141___contig_1_fragment_1_68	PF13412.6	8.2e-13	43.8
MP_ONT141___contig_1_fragment_1_56	PF01381.22	8.8e-13	44.2
MP_QEQMy133751___contig_1_fragment_4_440	PF01381.22	1e-12	44.0
MP_ONT141___contig_1_fragment_2_135	PF07242.11	2.2e-12	43.1
MP_AB35___contig_1_fragment_2_83	PF07242.11	2.2e-12	43.1
GCA_025728595___contig_23_fragment_1_97	PF07242.11	2.2e-12	43.1
MP_ONT141___contig_1_fragment_14_1392	PF01844.23	2.7000000000000002e-12	42.7
MP_AB35___contig_1_fragment_3_310	PF01844.23	2.7000000000000002e-12	42.7
GCA_025728695___contig_87_15	PF01844.23	2.7000000000000002e-12	42.7
MP_ONT141___contig_1_fragment_4_554	PF00717.23	2.7999999999999998e-12	42.5
MP_QEQMy133751___contig_1_fragment_7_569	PF00717.23	2.7999999999999998e-12	42.5
MP_AB35___contig_1_fragment_13_1268	PF00717.23	2.7999999999999998e-12	42.5
GCA_025728695___contig_97_fragment_1_6	PF00717.23	2.7999999999999998e-12	42.5
GCA_025728635___contig_26_fragment_1_16	PF00717.23	2.7999999999999998e-12	42.5
MP_ONT141___contig_1_fragment_15_1458	PF13443.6	3.2e-12	42.8
MP_AB35___contig_1_fragment_15_1527	PF13443.6	3.2e-12	42.8
GCA_003462485___contig_2_fragment_1_12	PF11148.8	3.7e-12	41.8
MP_ONT141___contig_1_fragment_12_1219	PF05135.13	4.3e-12	42.5
MP_AB35___contig_1_fragment_5_487	PF05135.13	4.3e-12	42.5
MP_QEQMy133751___contig_1_fragment_3_348	PF01476.20	8.2e-12	41.1
MP_QEQMy133751___contig_1_fragment_6_536	PF12161.8	1.0000000000000001e-11	41.6
GCA_025728695___contig_111_7	PF07564.11	1.2999999999999999e-11	40.5
MP_QEQMy133751___contig_1_fragment_10_890	PF01381.22	1.2999999999999999e-11	40.5
MP_QEQMy133751___contig_1_fragment_10_933	PF05135.13	2.0000000000000002e-11	40.3
MP_BC9___contig_1_fragment_4_356	PF13597.6	5.199999999999998e-182	602.0
GCA_001047395___contig_6_fragment_4_225	PF00476.20	6.099999999999998e-157	518.0
MP_BC9___contig_1_fragment_9_983	PF05833.11	1.4999999999999995e-150	497.4
GCA_025728635___contig_64_fragment_1_18	PF05833.11	1.5999999999999996e-150	497.4
GCA_001047595___contig_8_fragment_1_85	PF05833.11	1.5999999999999996e-150	497.4
GCA_001047555___contig_7_fragment_2_153	PF05833.11	3.7999999999999996e-149	492.8
GCA_025728675___contig_12_fragment_1_16	PF02867.15	9.099999999999997e-140	462.1
MP_BC9___contig_1_fragment_15_1531	PF02867.15	9.099999999999997e-140	462.1
MP_BC9___contig_1_fragment_2_75	PF02595.15	2.699999999999999e-127	420.3
GCA_003966875___contig_2_fragment_2_101	PF17389.2	2.999999999999999e-125	413.5
MP_ONT141___contig_2_fragment_2_100	PF17389.2	2.999999999999999e-125	413.5
GCA_025728595___contig_75_fragment_1_15	PF17389.2	2.999999999999999e-125	413.5
MP_ONT143___contig_2_fragment_2_100	PF17389.2	2.999999999999999e-125	413.5
MP_QEQMy133751___contig_2_fragment_3_100	PF17389.2	7.399999999999998e-125	412.2
GCA_001047555___contig_3_fragment_2_115	PF02595.15	5.6999999999999985e-98	323.8
MP_BC9___contig_1_fragment_7_706	PF05133.14	4.299999999999999e-94	311.5
GCA_025728615___contig_51_fragment_1_59	PF05133.14	6.599999999999999e-91	301.0
MP_BC9___contig_1_fragment_15_1532	PF00268.21	6.399999999999999e-90	296.9
GCA_025728675___contig_12_fragment_1_17	PF00268.21	6.399999999999999e-90	296.9
GCA_001047395___contig_6_fragment_2_132	PF02384.16	1.0999999999999997e-89	296.3
MP_BC9___contig_1_fragment_7_673	PF09989.9	6.799999999999998e-88	289.4
MP_BC9___contig_1_fragment_5_470	PF12684.7	2.7999999999999995e-79	261.7
GCA_025728615___contig_51_fragment_1_58	PF04466.13	1.2999999999999998e-69	229.3
MP_ONT143___contig_2_fragment_2_99	PF00933.21	2.3999999999999995e-68	226.4
MP_QEQMy133751___contig_2_fragment_3_99	PF00933.21	2.3999999999999995e-68	226.4
GCA_003966875___contig_2_fragment_2_100	PF00933.21	2.3999999999999995e-68	226.4
GCA_025728595___contig_75_fragment_1_14	PF00933.21	2.3999999999999995e-68	226.4
MP_ONT141___contig_2_fragment_2_99	PF00933.21	2.3999999999999995e-68	226.4
MP_BC9___contig_1_fragment_7_705	PF04466.13	7.699999999999999e-67	220.2
MP_ONT141___contig_2_fragment_2_102	PF04616.14	1.1999999999999999e-66	220.4
GCA_003966875___contig_2_fragment_2_103	PF04616.14	1.1999999999999999e-66	220.4
MP_ONT143___contig_2_fragment_2_102	PF04616.14	1.1999999999999999e-66	220.4
GCA_025728595___contig_75_fragment_1_17	PF04616.14	1.1999999999999999e-66	220.4
GCA_001047395___contig_6_fragment_4_231	PF02677.14	7.099999999999999e-65	213.9
GCA_025728675___contig_12_fragment_1_12	PF02421.18	9.699999999999997e-65	212.4
MP_BC9___contig_1_fragment_15_1527	PF02421.18	9.699999999999997e-65	212.4
GCA_025728595___contig_24_1	PF05382.13	8.599999999999998e-64	209.3
GCA_025728615___contig_51_fragment_1_45	PF13479.6	2.1999999999999997e-63	209.1
MP_BC9___contig_1_fragment_3_329	PF05382.13	5.8e-63	206.6
MP_BC9___contig_1_fragment_13_1245	PF05382.13	7.299999999999999e-63	206.3
GCA_001047395___contig_6_fragment_1_76	PF05382.13	7.299999999999999e-63	206.3
MP_BC9___contig_1_fragment_7_675	PF13561.6	1.4999999999999997e-61	203.5
GCA_025728615___contig_10_fragment_1_12	PF13407.6	4.2e-61	202.3
MP_BC9___contig_1_fragment_7_729	PF05382.13	4.9e-61	200.3
MP_BC9___contig_1_fragment_5_449	PF08282.12	1.3000000000000002e-60	200.9
MP_BC9___contig_1_fragment_3_311	PF03354.15	3.7e-60	199.3
MP_BC9___contig_1_fragment_4_350	PF13177.6	2e-56	185.8
MP_BC9___contig_1_fragment_12_1195	PF03354.15	9.999999999999999e-55	181.3
MP_BC9___contig_1_fragment_4_348	PF02223.17	5e-54	178.3
MP_BC9___contig_1_fragment_2_78	PF13731.6	1.0999999999999999e-53	177.9
GCA_001047555___contig_3_fragment_2_119	PF13731.6	1.4000000000000002e-53	177.6
MP_BC9___contig_1_fragment_3_313	PF04586.17	7.099999999999999e-53	174.7
MP_BC9___contig_1_fragment_4_354	PF00817.20	2.8e-51	169.0
MP_BC9___contig_1_fragment_5_482	PF03354.15	3.2e-51	169.8
MP_BC9___contig_1_fragment_4_355	PF13353.6	6.4e-51	167.8
GCA_001047395___contig_6_fragment_5_324	PF00544.19	1.7e-50	167.1
MP_BC9___contig_1_fragment_12_1174	PF16775.5	2.8999999999999996e-50	164.4
GCA_001047395___contig_6_fragment_5_330	PF13561.6	7.4e-50	165.2
GCA_025728595___contig_40_1	PF03904.13	1.5e-49	164.2
GCA_001047595___contig_8_fragment_1_87	PF07314.11	2.8000000000000004e-49	163.1
GCA_025728635___contig_64_fragment_1_17	PF07314.11	2.8000000000000004e-49	163.1
GCA_001047555___contig_7_fragment_2_155	PF07314.11	2.8000000000000004e-49	163.1
MP_BC9___contig_1_fragment_9_984	PF07314.11	3.0999999999999996e-49	163.0
MP_BC9___contig_1_fragment_2_76	PF11797.8	1.3999999999999997e-48	159.9
GCA_001047555___contig_7_fragment_1_39	PF04586.17	2.8999999999999997e-48	159.6
GCA_001047395___contig_6_fragment_3_212	PF13604.6	4.2999999999999994e-48	159.1
GCA_025728615___contig_12_fragment_1_129	PF13604.6	4.2999999999999994e-48	159.1
GCA_025728615___contig_51_fragment_1_71	PF10145.9	4.5999999999999995e-48	159.2
GCA_001047555___contig_7_fragment_1_17	PF16775.5	4.8e-48	157.3
MP_BC9___contig_1_fragment_5_504	PF16775.5	4.9e-48	157.3
GCA_001047555___contig_3_fragment_2_117	PF11797.8	5.0999999999999995e-48	158.1
MP_BC9___contig_1_fragment_2_79	PF13731.6	6.4e-48	159.1
GCA_001047395___contig_6_fragment_4_228	PF00122.20	6.4e-48	158.2
MP_BC9___contig_1_fragment_15_1533	PF03816.14	1.6e-47	157.0
GCA_025728675___contig_12_fragment_1_18	PF03816.14	1.6e-47	157.0
GCA_001047555___contig_3_fragment_2_120	PF13731.6	1.8e-47	157.7
MP_BC9___contig_1_fragment_12_1194	PF04860.12	1.1999999999999999e-46	154.9
GCA_001047395___contig_6_fragment_2_135	PF18766.1	1.4999999999999997e-46	154.4
GCA_001047555___contig_7_fragment_1_58	PF05565.11	2e-46	153.5
GCA_001047555___contig_7_fragment_1_40	PF04860.12	3.8999999999999995e-46	153.2
GCA_001047395___contig_6_fragment_2_123	PF08282.12	4.299999999999999e-46	153.2
MP_BC9___contig_1_fragment_5_483	PF04860.12	5.999999999999999e-46	152.6
MP_BC9___contig_1_fragment_5_495	PF06605.11	1.1e-45	151.7
GCA_025728595___contig_75_fragment_1_23	PF05866.11	5.9e-45	148.4
MP_ONT141___contig_2_fragment_2_108	PF05866.11	5.9e-45	148.4
MP_ONT143___contig_2_fragment_2_108	PF05866.11	5.9e-45	148.4
GCA_003966875___contig_2_fragment_2_109	PF05866.11	5.9e-45	148.4
MP_QEQMy133751___contig_2_fragment_3_111	PF05866.11	1.4999999999999999e-44	147.1
MP_BC9___contig_1_fragment_12_1182	PF06605.11	2.3999999999999996e-44	147.4
MP_BC9___contig_1_fragment_5_452	PF07553.11	2.9e-44	144.7
MP_BC9___contig_1_fragment_1_63	PF16173.5	3.2e-44	146.0
GCA_025728635___contig_23_5	PF02486.19	9.9e-44	145.0
MP_BC9___contig_1_fragment_7_679	PF00239.21	1.2999999999999998e-43	144.2
GCA_001047555___contig_7_fragment_1_26	PF06605.11	1.6999999999999998e-43	144.5
MP_BC9___contig_1_fragment_4_349	PF06153.11	1.8e-43	142.8
GCA_001047555___contig_7_fragment_1_41	PF03354.15	3.5e-43	143.3
GCA_025728675___contig_10_9	PF05565.11	9.2e-43	141.6
MP_BC9___contig_1_fragment_12_1207	PF05565.11	9.2e-43	141.6
MP_QEQMy133751___contig_2_fragment_3_104	PF04616.14	1.8e-42	141.1
GCA_025728615___contig_51_fragment_1_80	PF01183.20	4.2e-42	139.9
GCA_025728615___contig_12_fragment_1_128	PF00300.22	9.599999999999999e-42	138.4
GCA_001047395___contig_6_fragment_3_213	PF00300.22	2.2999999999999996e-41	137.2
GCA_025728635___contig_23_18	PF00239.21	1.6e-40	134.2
MP_BC9___contig_1_fragment_3_301	PF13479.6	1.7e-40	134.4
MP_BC9___contig_1_fragment_3_314	PF05065.13	1.7999999999999998e-40	134.6
GCA_025728695___contig_125_3	PF13614.6	4.599999999999999e-40	132.9
GCA_025728635___contig_23_10	PF13614.6	4.599999999999999e-40	132.9
MP_BC9___contig_1_fragment_7_674	PF07702.13	1.3e-39	130.8
MP_BC9___contig_1_fragment_5_469	PF03837.14	1.9e-39	130.8
GCA_025728615___contig_12_fragment_3_214	PF01042.21	3.399999999999999e-39	129.2
MP_BC9___contig_1_fragment_13_1267	PF01042.21	3.399999999999999e-39	129.2
GCA_001047395___contig_6_fragment_1_102	PF01042.21	5.7000000000000003e-39	128.4
GCA_001047395___contig_6_fragment_1_89	PF12363.8	6.799999999999999e-39	128.3
MP_BC9___contig_1_fragment_13_1256	PF12363.8	6.799999999999999e-39	128.3
GCA_025728615___contig_12_fragment_3_227	PF12363.8	6.799999999999999e-39	128.3
GCA_025728615___contig_12_fragment_1_125	PF13641.6	8.299999999999999e-39	129.3
MP_BC9___contig_1_fragment_13_1251	PF10651.9	5.799999999999999e-38	125.5
GCA_001047395___contig_6_fragment_3_216	PF13641.6	7.400000000000001e-38	126.2
GCA_001047595___contig_8_fragment_1_89	PF06265.11	8.599999999999998e-38	123.8
GCA_001047555___contig_7_fragment_1_56	PF16784.5	8.8e-38	125.4
GCA_025728635___contig_64_fragment_1_15	PF06265.11	8.9e-38	123.8
MP_BC9___contig_1_fragment_15_1530	PF07972.11	8.9e-38	124.7
GCA_001047555___contig_7_fragment_2_157	PF06265.11	8.9e-38	123.8
MP_BC9___contig_1_fragment_9_986	PF06265.11	8.9e-38	123.8
GCA_025728675___contig_12_fragment_1_15	PF07972.11	8.9e-38	124.7
MP_BC9___contig_1_fragment_7_721	PF10651.9	1.1e-37	124.5
GCA_001047395___contig_6_fragment_1_83	PF10651.9	5.7e-37	122.2
MP_BC9___contig_1_fragment_12_1224	PF03374.14	6.299999999999999e-37	121.8
MP_BC9___contig_1_fragment_5_484	PF04586.17	8e-37	122.4
MP_BC9___contig_1_fragment_7_716	PF12363.8	9.1e-37	121.5
GCA_025728635___contig_32_1	PF03374.14	1e-36	121.1
GCA_025728675___contig_10_4	PF00436.25	1.1999999999999998e-36	120.5
MP_BC9___contig_1_fragment_12_1202	PF00436.25	1.1999999999999998e-36	120.5
GCA_025728615___contig_51_fragment_1_57	PF03592.16	2.2e-36	121.0
MP_BC9___contig_1_fragment_5_458	PF03374.14	2.5e-36	119.9
MP_BC9___contig_1_fragment_12_1205	PF16784.5	2.6e-36	120.6
GCA_025728675___contig_10_7	PF16784.5	2.6e-36	120.6
MP_BC9___contig_1_fragment_5_455	PF03374.14	4.0999999999999995e-36	119.2
MP_BC9___contig_1_fragment_5_462	PF03374.14	4.2e-36	119.1
MP_BC9___contig_1_fragment_12_1193	PF04586.17	4.2999999999999995e-36	120.1
GCA_001047555___contig_7_fragment_1_53	PF00436.25	4.9e-36	118.5
MP_BC9___contig_1_fragment_5_474	PF00436.25	8.099999999999999e-36	117.8
GCA_001047555___contig_7_fragment_1_52	PF05866.11	1e-35	118.6
MP_BC9___contig_1_fragment_5_471	PF16784.5	1.1999999999999998e-35	118.5
GCA_001047555___contig_7_fragment_1_23	PF10651.9	2e-35	117.2
MP_BC9___contig_1_fragment_7_709	PF05065.13	3.0999999999999996e-35	117.3
GCA_001047395___contig_6_fragment_4_224	PF06831.14	4.4e-35	115.2
MP_BC9___contig_1_fragment_5_498	PF10651.9	4.799999999999999e-35	116.0
MP_BC9___contig_1_fragment_3_324	PF10651.9	5.299999999999999e-35	115.9
GCA_025728615___contig_12_fragment_1_131	PF06177.11	1.3999999999999998e-34	115.0
GCA_001047395___contig_6_fragment_3_210	PF06177.11	1.3999999999999998e-34	115.0
GCA_025728675___contig_10_8	PF04404.12	2e-34	114.2
MP_BC9___contig_1_fragment_12_1206	PF04404.12	2e-34	114.2
MP_BC9___contig_1_fragment_7_677	PF01205.19	2.7999999999999995e-34	113.2
GCA_025728615___contig_51_fragment_1_52	PF13481.6	3.1e-34	113.8
MP_BC9___contig_1_fragment_5_472	PF09681.10	1.3e-33	111.1
GCA_001047555___contig_7_fragment_1_81	PF00005.27	2.6e-33	111.0
GCA_025728635___contig_32_5	PF03374.14	3.5999999999999997e-33	109.7
GCA_025728645___contig_17_6	PF07553.11	3.9e-33	109.1
MP_BC9___contig_1_fragment_3_288	PF07553.11	3.9e-33	109.1
MP_BC9___contig_1_fragment_13_1252	PF18013.1	4.099999999999999e-33	110.0
MP_BC9___contig_1_fragment_9_987	PF01035.20	4.9999999999999996e-33	108.7
GCA_025728635___contig_64_fragment_1_14	PF01035.20	4.9999999999999996e-33	108.7
GCA_001047555___contig_7_fragment_2_158	PF01035.20	4.9999999999999996e-33	108.7
GCA_001047595___contig_8_fragment_1_90	PF01035.20	4.9999999999999996e-33	108.7
MP_BC9___contig_1_fragment_4_352	PF06156.13	6.899999999999999e-33	108.9
MP_BC9___contig_1_fragment_7_720	PF18013.1	7.199999999999999e-33	109.2
MP_BC9___contig_1_fragment_3_323	PF18013.1	8.299999999999998e-33	109.0
MP_BC9___contig_1_fragment_7_728	PF16938.5	9.399999999999999e-33	107.8
MP_BC9___contig_1_fragment_7_710	PF02368.18	9.499999999999999e-33	107.6
GCA_001047555___contig_7_fragment_1_57	PF04404.12	9.999999999999999e-33	108.7
MP_BC9___contig_1_fragment_13_1268	PF00005.27	1.1e-32	109.0
GCA_025728615___contig_12_fragment_3_213	PF00005.27	1.1e-32	109.0
MP_BC9___contig_1_fragment_2_82	PF00005.27	1.1999999999999999e-32	108.8
GCA_001047395___contig_6_fragment_1_103	PF00005.27	1.4e-32	108.6
GCA_001047555___contig_3_fragment_2_126	PF00005.27	1.5e-32	108.5
MP_BC9___contig_1_fragment_12_1175	PF16938.5	4.099999999999999e-32	105.8
MP_BC9___contig_1_fragment_4_351	PF04468.12	4.9000000000000003e-32	105.7
GCA_001047555___contig_7_fragment_1_80	PF00589.22	5.6e-32	106.4
GCA_025728615___contig_10_fragment_1_13	PF00589.22	5.6e-32	106.4
GCA_001047395___contig_6_fragment_5_328	PF03013.14	5.7e-32	106.0
GCA_025728615___contig_51_fragment_1_34	PF00589.22	9.999999999999999e-32	105.6
MP_BC9___contig_1_fragment_5_450	PF00589.22	1.1e-31	105.5
GCA_001047395___contig_6_fragment_1_77	PF16938.5	1.4e-31	104.1
MP_BC9___contig_1_fragment_13_1246	PF16938.5	1.4e-31	104.1
GCA_001047555___contig_7_fragment_1_71	PF02498.17	1.7999999999999998e-31	104.3
MP_BC9___contig_1_fragment_3_287	PF00589.22	1.9e-31	104.7
GCA_025728615___contig_51_fragment_1_49	PF04851.15	2.3e-31	104.6
GCA_025728595___contig_24_2	PF16938.5	2.8e-31	103.1
MP_BC9___contig_1_fragment_3_328	PF16938.5	2.8e-31	103.1
GCA_001047555___contig_7_fragment_1_27	PF05709.11	2.8999999999999996e-31	104.3
MP_BC9___contig_1_fragment_5_503	PF16938.5	4.1e-31	102.6
MP_BC9___contig_1_fragment_2_80	PF18483.1	4.3e-31	104.0
GCA_001047555___contig_7_fragment_1_18	PF16938.5	7.799999999999999e-31	101.7
MP_BC9___contig_1_fragment_12_1179	PF10651.9	2.8e-30	100.5
MP_BC9___contig_1_fragment_12_1170	PF00589.22	3.1e-30	100.7
MP_BC9___contig_1_fragment_5_494	PF05709.11	1.0000000000000001e-29	99.3
MP_BC9___contig_1_fragment_7_696	PF07083.11	1.2e-29	99.1
MP_BC9___contig_1_fragment_15_1528	PF04023.14	1.3e-29	97.8
GCA_025728675___contig_12_fragment_1_13	PF04023.14	1.3e-29	97.8
GCA_025728615___contig_12_fragment_1_126	PF03170.13	1.4e-29	98.5
MP_BC9___contig_1_fragment_3_312	PF04860.12	1.4999999999999998e-29	98.7
GCA_001047395___contig_6_fragment_3_215	PF03170.13	1.9e-29	98.0
GCA_025728615___contig_10_fragment_1_17	PF09669.10	3.5e-29	96.8
GCA_001047555___contig_7_fragment_1_76	PF09669.10	3.5e-29	96.8
GCA_025728635___contig_64_fragment_1_20	PF00486.28	7e-29	95.3
GCA_001047595___contig_8_fragment_1_83	PF00486.28	7e-29	95.3
MP_BC9___contig_1_fragment_9_981	PF00486.28	7.099999999999999e-29	95.3
GCA_025728635___contig_64_fragment_1_21	PF02518.26	1.4e-28	95.2
MP_BC9___contig_1_fragment_9_980	PF02518.26	1.4e-28	95.2
GCA_001047595___contig_8_fragment_1_82	PF02518.26	1.4e-28	95.2
MP_BC9___contig_1_fragment_4_353	PF00590.20	4.5e-28	94.2
GCA_025728635___contig_23_14	PF03318.13	5.4999999999999995e-27	90.5
MP_BC9___contig_1_fragment_12_1183	PF05709.11	2.4e-26	88.2
MP_BC9___contig_1_fragment_7_684	PF03374.14	4.200000000000001e-26	87.0
MP_BC9___contig_1_fragment_7_676	PF11195.8	5.599999999999999e-26	86.2
GCA_001047395___contig_6_fragment_2_127	PF13419.6	6.8e-26	87.0
GCA_025728615___contig_51_fragment_1_54	PF05866.11	7.400000000000001e-26	86.7
MP_BC9___contig_1_fragment_7_686	PF10711.9	7.9e-26	86.0
MP_BC9___contig_1_fragment_4_347	PF13662.6	1.8e-25	84.8
GCA_001047555___contig_7_fragment_2_156	PF13344.6	3e-25	83.9
GCA_025728635___contig_64_fragment_1_16	PF13344.6	3.1e-25	83.8
MP_BC9___contig_1_fragment_9_985	PF13344.6	3.1e-25	83.8
GCA_001047595___contig_8_fragment_1_88	PF13344.6	3.2e-25	83.8
MP_BC9___contig_1_fragment_5_485	PF05065.13	7.699999999999999e-25	83.3
MP_QEQMy133751___contig_2_fragment_3_102	PF13419.6	9.2e-25	83.3
MP_ONT143___contig_2_fragment_2_101	PF13419.6	9.2e-25	83.3
GCA_025728595___contig_75_fragment_1_16	PF13419.6	9.2e-25	83.3
GCA_003966875___contig_2_fragment_2_102	PF13419.6	9.2e-25	83.3
MP_ONT141___contig_2_fragment_2_101	PF13419.6	9.2e-25	83.3
GCA_025728635___contig_23_1	PF07564.11	1.1e-24	81.9
GCA_025728615___contig_51_fragment_1_79	PF04531.13	1.3999999999999999e-24	82.0
GCA_001047555___contig_7_fragment_1_38	PF05065.13	1.8e-24	82.1
MP_BC9___contig_1_fragment_12_1192	PF05065.13	2.1e-24	81.8
GCA_001047555___contig_7_fragment_1_55	PF09681.10	2.4e-24	81.2
GCA_001047555___contig_3_fragment_2_122	PF18483.1	1.1000000000000001e-23	79.8
MP_BC9___contig_1_fragment_5_490	PF04630.12	1.4000000000000002e-23	78.8
GCA_025728615___contig_51_fragment_1_73	PF06605.11	1.6999999999999997e-23	78.9
MP_BC9___contig_1_fragment_7_708	PF14265.6	4.9999999999999997e-23	77.3
MP_BC9___contig_1_fragment_12_1187	PF04630.12	1.9999999999999999e-22	75.0
MP_BC9___contig_1_fragment_5_502	PF10779.9	2.3e-21	71.4
MP_BC9___contig_1_fragment_12_1176	PF10779.9	3.4999999999999996e-21	70.8
MP_BC9___contig_1_fragment_3_327	PF10779.9	5.600000000000001e-21	70.1
GCA_025728595___contig_24_3	PF10779.9	5.600000000000001e-21	70.1
GCA_025728675___contig_10_1	PF06114.13	5.7e-21	70.3
MP_BC9___contig_1_fragment_12_1199	PF06114.13	5.7e-21	70.3
MP_BC9___contig_1_fragment_5_481	PF05119.12	7.600000000000001e-21	70.0
GCA_025728615___contig_12_fragment_3_226	PF06199.11	8.5e-21	70.0
MP_BC9___contig_1_fragment_13_1257	PF06199.11	8.5e-21	70.0
MP_QEQMy133751___contig_2_fragment_3_97	PF12833.7	9.7e-21	69.4
GCA_001047555___contig_7_fragment_1_33	PF04630.12	1.0000000000000001e-20	69.5
GCA_025728615___contig_51_fragment_1_77	PF09693.10	1.3000000000000001e-20	68.7
MP_BC9___contig_1_fragment_7_715	PF06199.11	1.8000000000000002e-20	69.0
GCA_001047395___contig_6_fragment_1_90	PF06199.11	1.8000000000000002e-20	69.0
GCA_001047395___contig_6_fragment_1_86	PF05709.11	1.9e-20	68.9
GCA_025728635___contig_23_13	PF16935.5	1.9e-20	68.2
MP_BC9___contig_1_fragment_12_1196	PF05119.12	2.3e-20	68.5
GCA_025728635___contig_23_19	PF16935.5	2.9999999999999997e-20	67.6
GCA_025728615___contig_12_fragment_3_231	PF06605.11	3.4e-20	68.0
GCA_025728595___contig_75_fragment_1_11	PF03551.14	3.9e-20	67.2
MP_ONT141___contig_2_fragment_2_96	PF03551.14	3.9e-20	67.2
MP_ONT143___contig_2_fragment_2_96	PF03551.14	3.9e-20	67.2
MP_QEQMy133751___contig_2_fragment_3_95	PF03551.14	3.9e-20	67.2
GCA_003966875___contig_2_fragment_2_97	PF03551.14	3.9e-20	67.2
GCA_025728615___contig_51_fragment_1_74	PF18667.1	5e-20	67.1
GCA_001047555___contig_7_fragment_1_43	PF05119.12	6.400000000000001e-20	67.0
MP_ONT143___contig_2_fragment_2_98	PF12833.7	9e-20	66.3
GCA_003966875___contig_2_fragment_2_99	PF12833.7	9e-20	66.3
MP_ONT141___contig_2_fragment_2_98	PF12833.7	9e-20	66.3
GCA_025728595___contig_75_fragment_1_13	PF12833.7	9e-20	66.3
GCA_025728615___contig_12_fragment_3_230	PF05709.11	1e-19	66.5
MP_BC9___contig_1_fragment_13_1253	PF05709.11	1e-19	66.5
GCA_025728635___contig_23_16	PF16935.5	1.2999999999999998e-19	65.6
MP_BC9___contig_1_fragment_7_719	PF05709.11	1.9e-19	65.6
GCA_025728615___contig_51_fragment_1_67	PF06199.11	2.2000000000000003e-19	65.5
GCA_001047395___contig_6_fragment_1_85	PF18013.1	3.1e-19	65.0
MP_BC9___contig_1_fragment_5_501	PF09693.10	3.6e-19	64.1
MP_BC9___contig_1_fragment_7_704	PF03592.16	4.3e-19	64.9
GCA_001047395___contig_6_fragment_5_327	PF01432.20	4.9e-19	64.4
MP_QEQMy133751___contig_2_fragment_3_103	PF04616.14	5.199999999999999e-19	64.2
GCA_001047395___contig_6_fragment_2_130	PF01420.19	6.3e-19	64.4
MP_BC9___contig_1_fragment_3_321	PF10145.9	1.5e-17	59.7
GCA_001047555___contig_7_fragment_1_20	PF09693.10	1.7000000000000002e-17	58.7
MP_BC9___contig_1_fragment_7_707	PF04233.14	2.8000000000000005e-17	59.0
GCA_001047555___contig_3_fragment_2_116	PF02595.15	6e-17	57.2
GCA_025728695___contig_125_4	PF17363.2	6.2e-17	57.2
GCA_025728635___contig_23_11	PF17363.2	6.2e-17	57.2
GCA_001047395___contig_6_fragment_5_323	PF04892.12	6.3e-17	58.0
GCA_001047395___contig_6_fragment_4_227	PF05043.13	1.8999999999999998e-16	56.0
MP_BC9___contig_1_fragment_1_60	PF01381.22	2.3e-16	55.2
MP_BC9___contig_1_fragment_7_726	PF09693.10	2.7999999999999996e-16	54.9
MP_BC9___contig_1_fragment_7_672	PF00440.23	9.2e-16	53.0
MP_QEQMy133751___contig_2_fragment_3_94	PF08006.11	9.999999999999999e-16	53.3
GCA_025728615___contig_12_fragment_3_221	PF13229.6	1.1e-15	53.4
MP_BC9___contig_1_fragment_13_1261	PF13229.6	1.1e-15	53.4
MP_BC9___contig_1_fragment_15_1529	PF00462.24	1.2e-15	53.1
GCA_025728675___contig_12_fragment_1_14	PF00462.24	1.2e-15	53.1
MP_BC9___contig_1_fragment_5_447	PF00583.25	1.7e-15	52.8
GCA_001047555___contig_3_fragment_2_123	PF07523.12	1.9999999999999998e-15	52.4
GCA_025728595___contig_75_fragment_1_10	PF08006.11	3e-15	51.8
MP_ONT141___contig_2_fragment_2_95	PF08006.11	3e-15	51.8
MP_ONT143___contig_2_fragment_2_95	PF08006.11	3e-15	51.8
GCA_003966875___contig_2_fragment_2_96	PF08006.11	3e-15	51.8
GCA_001047395___contig_6_fragment_2_122	PF06486.11	6.6e-15	51.2
MP_BC9___contig_1_fragment_3_298	PF00176.23	7.2e-15	50.0
GCA_001047555___contig_7_fragment_1_13	PF10097.9	9.3e-15	49.9
MP_BC9___contig_1_fragment_12_1228	PF01381.22	1.1e-14	49.8
MP_BC9___contig_1_fragment_7_730	PF14213.6	1.2e-14	49.3
MP_BC9___contig_1_fragment_1_61	PF00132.24	1.3e-14	48.9
GCA_001047555___contig_3_fragment_2_127	PF07242.11	2.6e-14	48.9
MP_BC9___contig_1_fragment_1_59	PF07853.11	5.400000000000001e-14	47.2
GCA_001047555___contig_7_fragment_1_66	PF08346.12	6.5e-14	47.9
GCA_025728615___contig_10_fragment_1_20	PF12844.7	1.2e-13	46.4
GCA_001047555___contig_7_fragment_1_73	PF12844.7	1.2e-13	46.4
MP_BC9___contig_1_fragment_12_1229	PF00717.23	1.4e-13	46.2
GCA_025728615___contig_51_fragment_1_69	PF12363.8	1.4e-13	46.8
GCA_001047555___contig_7_fragment_2_159	PF10031.9	2.1e-13	45.7
GCA_025728635___contig_64_fragment_1_13	PF10031.9	2.1e-13	45.7
MP_BC9___contig_1_fragment_9_988	PF10031.9	2.1e-13	45.7
GCA_001047595___contig_8_fragment_1_91	PF10031.9	2.1e-13	45.7
MP_BC9___contig_1_fragment_7_682	PF00717.23	2.9e-13	45.1
MP_BC9___contig_1_fragment_5_453	PF12844.7	3.1e-13	45.1
GCA_001047395___contig_6_fragment_1_94	PF13229.6	3.4999999999999997e-13	45.3
GCA_001047395___contig_6_fragment_4_230	PF01381.22	7.8e-13	43.9
MP_BC9___contig_1_fragment_2_83	PF07242.11	1.6e-12	43.1
MP_BC9___contig_1_fragment_3_309	PF01844.23	1.9e-12	42.7
MP_BC9___contig_1_fragment_13_1265	PF00717.23	2e-12	42.5
GCA_025728615___contig_12_fragment_3_216	PF00717.23	2e-12	42.5
GCA_001047395___contig_6_fragment_1_100	PF00717.23	2e-12	42.5
MP_BC9___contig_1_fragment_15_1524	PF13443.6	2.3e-12	42.8
GCA_025728675___contig_12_fragment_1_9	PF13443.6	2.3e-12	42.8
GCA_025728615___contig_51_fragment_1_44	PF13175.6	2.4e-12	42.8
MP_BC9___contig_1_fragment_5_486	PF05135.13	3.1e-12	42.5
GCA_001047395___contig_6_fragment_5_322	PF01476.20	5.9e-12	41.1
GCA_001047395___contig_6_fragment_2_133	PF12161.8	7.4e-12	41.6
GCA_001047555___contig_7_fragment_1_79	PF01381.22	9.9e-12	40.4
GCA_025728615___contig_10_fragment_1_14	PF01381.22	9.9e-12	40.4
GCA_001047395___contig_6_fragment_5_329	PF09954.9	1.1e-11	40.3
GCA_001047555___contig_7_fragment_1_37	PF05135.13	1.7e-11	40.1
GCA_029024925___contig_1_fragment_32_2477	PF09586.10	8.099999999999996e-231	764.7
GCA_001047525___contig_4_fragment_1_57	PF13597.6	7.499999999999998e-182	602.0
MP_ONT81___contig_1_fragment_13_1348	PF13597.6	7.499999999999998e-182	602.0
GCA_001047395___contig_3_fragment_3_344	PF13597.6	7.599999999999998e-182	602.0
GCA_029024925___contig_1_fragment_4_438	PF08428.10	3.699999999999999e-170	548.3
GCA_001047555___contig_10_fragment_2_17	PF00476.20	8.799999999999998e-157	518.0
GCA_029024925___contig_1_fragment_21_1615	PF12846.7	3.699999999999999e-156	515.6
MP_ONT81___contig_1_fragment_7_777	PF05833.11	2.1999999999999994e-150	497.4
GCA_029024925___contig_1_fragment_4_418	PF01526.17	1.7999999999999998e-141	467.5
MP_ONT81___contig_1_fragment_15_1468	PF02867.15	1.2999999999999995e-139	462.1
GCA_001047395___contig_3_fragment_5_720	PF06418.14	2.799999999999999e-132	436.0
GCA_001047525___contig_4_fragment_4_435	PF06418.14	2.799999999999999e-132	436.0
MP_ONT81___contig_1_fragment_1_73	PF02595.15	3.899999999999999e-127	420.3
GCA_025728615___contig_30_fragment_1_105	PF02595.15	3.899999999999999e-127	420.3
MP_LCAL0054___contig_2_fragment_2_99	PF17389.2	4.399999999999999e-125	413.5
GCA_029024925___contig_1_fragment_16_1331	PF00303.19	2.3999999999999996e-121	400.0
GCA_029024925___contig_1_fragment_19_1582	PF01301.19	4.499999999999999e-121	400.3
GCA_029024925___contig_1_fragment_33_2539	PF02384.16	2.899999999999999e-118	390.7
GCA_029024925___contig_1_fragment_8_602	PF03668.15	2.6999999999999994e-116	383.8
GCA_029024925___contig_1_fragment_4_419	PF02275.18	1.1999999999999998e-112	372.7
GCA_029024925___contig_1_fragment_26_2006	PF02384.16	9.199999999999997e-109	359.5
GCA_029024925___contig_1_fragment_21_1611	PF00872.18	6.199999999999999e-105	347.2
GCA_029024925___contig_1_fragment_3_389	PF00872.18	1.2999999999999997e-103	342.8
GCA_029024925___contig_1_fragment_19_1586	PF00872.18	1.4999999999999995e-100	332.8
GCA_029024925___contig_1_fragment_8_603	PF01933.18	1.4999999999999995e-100	332.3
GCA_029024925___contig_1_fragment_22_1716	PF00762.19	2.3999999999999992e-99	328.5
GCA_001047545___contig_5_fragment_2_114	PF02595.15	8.3e-98	323.8
GCA_001047595___contig_6_fragment_2_113	PF02595.15	8.3e-98	323.8
GCA_029024925___contig_1_fragment_32_2462	PF12684.7	4.7e-96	317.1
GCA_025728615___contig_11_15	PF05133.14	2e-94	313.1
GCA_029024925___contig_1_fragment_20_1599	PF00872.18	5.599999999999998e-94	311.1
GCA_029024925___contig_1_fragment_2_368	PF13303.6	5.599999999999998e-94	310.9
MP_ONT81___contig_1_fragment_15_1469	PF00268.21	9.3e-90	296.9
GCA_029024925___contig_1_fragment_33_2545	PF06545.11	1.2999999999999998e-89	295.3
GCA_001047525___contig_7_fragment_2_133	PF02384.16	1.5999999999999996e-89	296.3
GCA_029024925___contig_1_fragment_8_607	PF00574.23	3.2999999999999994e-88	290.4
MP_ONT81___contig_1_fragment_4_559	PF06152.11	1.3999999999999998e-87	290.0
GCA_029024925___contig_1_fragment_30_2249	PF08455.10	2.4999999999999996e-84	279.5
MP_ONT81___contig_1_fragment_4_558	PF05133.14	5.499999999999999e-81	268.8
GCA_029024925___contig_1_fragment_23_1889	PF05133.14	8.199999999999999e-81	268.3
MP_ONT81___contig_1_fragment_12_1234	PF12684.7	2.3999999999999995e-78	259.2
GCA_029024925___contig_1_fragment_22_1738	PF17236.2	6.299999999999999e-77	254.7
GCA_029024925___contig_1_fragment_28_2115	PF07523.12	2.4999999999999996e-73	238.4
GCA_001047395___contig_3_fragment_5_723	PF06908.11	2.0999999999999997e-71	235.4
GCA_001047525___contig_4_fragment_4_438	PF06908.11	2.0999999999999997e-71	235.4
GCA_029024925___contig_1_fragment_15_1310	PF02588.15	1.1999999999999998e-68	226.6
MP_LCAL0054___contig_2_fragment_2_98	PF00933.21	3.399999999999999e-68	226.4
GCA_029024925___contig_1_fragment_21_1623	PF02486.19	8.599999999999999e-68	224.1
GCA_029024925___contig_1_fragment_37_2697	PF13731.6	5.3999999999999997e-67	222.0
GCA_025728615___contig_11_16	PF04466.13	1.0999999999999999e-66	220.2
MP_LCAL0054___contig_2_fragment_2_101	PF04616.14	1.7999999999999998e-66	220.4
GCA_029024925___contig_1_fragment_37_2699	PF13731.6	7.599999999999999e-65	214.9
GCA_001047555___contig_10_fragment_2_23	PF02677.14	9.999999999999998e-65	213.9
GCA_001047395___contig_3_fragment_5_722	PF03838.14	1.1e-64	213.3
GCA_001047525___contig_4_fragment_4_437	PF03838.14	1.1e-64	213.3
MP_ONT81___contig_1_fragment_15_1464	PF02421.18	1.3999999999999997e-64	212.4
GCA_029024925___contig_1_fragment_9_677	PF13350.6	2.2999999999999995e-64	213.6
GCA_029024925___contig_1_fragment_32_2442	PF03354.15	2.2999999999999997e-63	210.4
GCA_001047525___contig_7_fragment_1_77	PF05382.13	1.1e-62	206.3
MP_ONT81___contig_1_fragment_3_520	PF05382.13	1.1e-62	206.3
MP_ONT81___contig_1_fragment_14_1375	PF05382.13	2.5e-62	205.1
GCA_029024925___contig_1_fragment_30_2245	PF13731.6	7.499999999999999e-62	205.2
GCA_029024925___contig_1_fragment_21_1612	PF12642.7	9.4e-62	204.8
GCA_029024925___contig_1_fragment_32_2440	PF04586.17	2.7e-61	202.6
GCA_029024925___contig_1_fragment_37_2698	PF13731.6	5.2999999999999993e-61	202.4
GCA_029024925___contig_1_fragment_21_1613	PF13702.6	1e-60	200.1
MP_ONT81___contig_1_fragment_12_1255	PF08282.12	1.8e-60	200.9
GCA_001047525___contig_4_fragment_4_436	PF00912.22	2.5e-60	199.0
GCA_001047395___contig_3_fragment_5_721	PF00912.22	2.5e-60	199.0
MP_ONT81___contig_1_fragment_14_1393	PF03354.15	5.4e-60	199.3
GCA_029024925___contig_1_fragment_3_397	PF02378.18	2.3999999999999997e-59	197.0
GCA_029024925___contig_1_fragment_11_906	PF07690.16	1.5e-58	194.5
GCA_029024925___contig_1_fragment_16_1332	PF00186.19	2.4e-58	192.5
GCA_029024925___contig_1_fragment_12_1111	PF06605.11	2.6e-58	193.8
GCA_029024925___contig_1_fragment_14_1189	PF18848.1	4.3e-58	192.0
GCA_029024925___contig_1_fragment_5_487	PF16363.5	1.9000000000000002e-57	191.2
GCA_029024925___contig_1_fragment_30_2244	PF13731.6	1e-56	188.4
MP_ONT81___contig_1_fragment_13_1354	PF13177.6	2.9e-56	185.8
GCA_001047395___contig_3_fragment_3_338	PF13177.6	4e-56	185.4
GCA_001047525___contig_4_fragment_1_51	PF13177.6	4e-56	185.4
GCA_029024925___contig_1_fragment_33_2544	PF00549.19	5.7e-56	184.7
GCA_029024925___contig_1_fragment_5_484	PF16067.5	9.7e-56	183.6
GCA_029024925___contig_1_fragment_32_2439	PF05065.13	6.6e-55	182.4
GCA_001047525___contig_4_fragment_1_49	PF02223.17	7.200000000000001e-54	178.3
GCA_001047395___contig_3_fragment_3_336	PF02223.17	7.200000000000001e-54	178.3
MP_ONT81___contig_1_fragment_13_1356	PF02223.17	7.200000000000001e-54	178.3
GCA_029024925___contig_1_fragment_16_1329	PF00999.21	1.1999999999999998e-53	178.3
GCA_025728615___contig_30_fragment_1_102	PF13731.6	1.5999999999999998e-53	177.9
GCA_001047595___contig_6_fragment_2_117	PF13731.6	1.5999999999999998e-53	177.9
MP_ONT81___contig_1_fragment_1_76	PF13731.6	1.5999999999999998e-53	177.9
GCA_001047545___contig_5_fragment_2_118	PF13731.6	2e-53	177.6
MP_ONT81___contig_1_fragment_4_572	PF06605.11	9e-53	175.6
MP_ONT81___contig_1_fragment_14_1391	PF04586.17	1e-52	174.7
GCA_029024925___contig_1_fragment_1_73	PF13561.6	3.1e-52	173.5
GCA_029024925___contig_1_fragment_23_1911	PF07083.11	1.8e-51	171.0
MP_ONT81___contig_1_fragment_13_1350	PF00817.20	3.9999999999999994e-51	169.0
GCA_001047525___contig_4_fragment_1_55	PF00817.20	3.9999999999999994e-51	169.0
GCA_001047395___contig_3_fragment_3_342	PF00817.20	3.9999999999999994e-51	169.0
MP_ONT81___contig_1_fragment_12_1222	PF03354.15	4.7e-51	169.8
GCA_025728595___contig_15_3	PF03354.15	4.7e-51	169.8
MP_ONT81___contig_1_fragment_13_1349	PF13353.6	9.299999999999998e-51	167.8
GCA_001047555___contig_10_fragment_3_116	PF00544.19	2.5e-50	167.1
GCA_001047525___contig_4_fragment_1_56	PF13353.6	3.0999999999999997e-50	166.2
GCA_001047395___contig_3_fragment_3_343	PF13353.6	3.0999999999999997e-50	166.2
GCA_029024925___contig_1_fragment_23_1882	PF03864.15	5.299999999999999e-50	166.5
GCA_001047555___contig_10_fragment_3_122	PF13561.6	1.1e-49	165.2
GCA_025728595___contig_16_7	PF16775.5	1.4000000000000002e-49	162.7
GCA_029024925___contig_1_fragment_15_1313	PF13735.6	1.4000000000000002e-49	164.0
GCA_029024925___contig_1_fragment_19_1583	PF02378.18	1.6e-49	164.7
MP_ONT81___contig_1_fragment_7_776	PF07314.11	4.6e-49	163.0
MP_ONT81___contig_1_fragment_4_581	PF16775.5	5e-49	161.0
GCA_029024925___contig_1_fragment_37_2696	PF11797.8	5.600000000000001e-49	161.7
GCA_029024925___contig_1_fragment_3_392	PF07724.14	6.7e-49	162.4
GCA_025728615___contig_30_fragment_1_104	PF11797.8	2.1e-48	159.9
MP_ONT81___contig_1_fragment_1_74	PF11797.8	2.1e-48	159.9
GCA_001047395___contig_3_fragment_6_828	PF04586.17	4.2999999999999994e-48	159.6
GCA_029024925___contig_1_fragment_22_1755	PF03837.14	4.5999999999999995e-48	159.4
GCA_001047555___contig_10_fragment_1_4	PF13604.6	6.2e-48	159.1
GCA_001047395___contig_3_fragment_6_806	PF16775.5	6.9e-48	157.3
GCA_029024925___contig_1_fragment_22_1744	PF04466.13	6.9e-48	158.9
MP_ONT81___contig_1_fragment_12_1200	PF16775.5	7.1e-48	157.3
GCA_001047545___contig_5_fragment_2_116	PF11797.8	7.499999999999999e-48	158.1
GCA_001047595___contig_6_fragment_2_115	PF11797.8	7.499999999999999e-48	158.1
MP_ONT81___contig_1_fragment_1_77	PF13731.6	9.300000000000001e-48	159.1
GCA_025728615___contig_30_fragment_1_101	PF13731.6	9.300000000000001e-48	159.1
GCA_001047555___contig_10_fragment_2_20	PF00122.20	9.400000000000001e-48	158.2
GCA_029024925___contig_1_fragment_3_393	PF00872.18	1.9999999999999997e-47	157.9
MP_ONT81___contig_1_fragment_15_1470	PF03816.14	2.3e-47	157.0
GCA_001047545___contig_5_fragment_2_119	PF13731.6	2.5999999999999997e-47	157.7
GCA_001047595___contig_6_fragment_2_118	PF13731.6	2.5999999999999997e-47	157.7
GCA_029024925___contig_1_fragment_32_2463	PF03837.14	4.399999999999999e-47	156.2
GCA_029024925___contig_1_fragment_3_399	PF07764.11	1.4999999999999997e-46	152.9
GCA_029024925___contig_1_fragment_5_482	PF00056.23	1.5999999999999998e-46	154.0
GCA_001047525___contig_7_fragment_2_136	PF18766.1	2.1000000000000003e-46	154.4
GCA_001047395___contig_3_fragment_6_848	PF05565.11	2.8999999999999997e-46	153.5
GCA_029024925___contig_1_fragment_23_1871	PF06605.11	4.9e-46	153.4
GCA_001047395___contig_3_fragment_6_829	PF04860.12	5.7e-46	153.2
GCA_025728595___contig_15_4	PF04860.12	8.7e-46	152.6
MP_ONT81___contig_1_fragment_12_1221	PF04860.12	8.7e-46	152.6
GCA_029024925___contig_1_fragment_33_2540	PF18766.1	1.1e-45	152.1
MP_ONT81___contig_1_fragment_4_544	PF05565.11	1.3e-45	151.4
MP_ONT81___contig_1_fragment_12_1209	PF06605.11	1.6e-45	151.7
GCA_029024925___contig_1_fragment_16_1330	PF00005.27	3.4999999999999994e-45	150.0
MP_LCAL0054___contig_2_fragment_2_107	PF05866.11	8.499999999999999e-45	148.4
GCA_001047395___contig_3_fragment_5_719	PF07553.11	9.8e-45	146.7
GCA_001047525___contig_4_fragment_4_434	PF07553.11	9.8e-45	146.7
MP_ONT81___contig_1_fragment_12_1252	PF07553.11	4.1999999999999995e-44	144.7
GCA_025728615___contig_30_fragment_1_115	PF16173.5	4.6e-44	146.0
MP_ONT81___contig_1_fragment_1_63	PF16173.5	4.6e-44	146.0
MP_ONT81___contig_1_fragment_4_534	PF00239.21	6.4e-44	145.7
GCA_029024925___contig_1_fragment_22_1743	PF05133.14	1.6e-43	145.4
GCA_001047395___contig_3_fragment_6_815	PF06605.11	2.5e-43	144.5
GCA_001047395___contig_3_fragment_3_337	PF06153.11	2.5999999999999996e-43	142.8
GCA_001047525___contig_4_fragment_1_50	PF06153.11	2.5999999999999996e-43	142.8
MP_ONT81___contig_1_fragment_13_1355	PF06153.11	2.5999999999999996e-43	142.8
GCA_029024925___contig_1_fragment_21_1619	PF07275.11	5.499999999999999e-43	143.4
GCA_029024925___contig_1_fragment_8_606	PF13462.6	5.7e-43	143.0
GCA_029024925___contig_1_fragment_2_369	PF02558.16	3.7e-42	139.6
GCA_029024925___contig_1_fragment_5_480	PF06998.11	3.8999999999999995e-42	139.3
MP_ONT81___contig_1_fragment_4_557	PF04466.13	4.2e-42	140.0
GCA_029024925___contig_1_fragment_3_388	PF12146.8	4.7999999999999994e-42	139.9
GCA_029024925___contig_1_fragment_2_365	PF01610.17	5.799999999999999e-42	140.1
GCA_001047555___contig_10_fragment_1_5	PF00300.22	3.3e-41	137.2
GCA_029024925___contig_1_fragment_1_79	PF07690.16	3.6999999999999997e-41	137.2
GCA_029024925___contig_1_fragment_4_416	PF13700.6	5.5e-41	136.2
GCA_029024925___contig_1_fragment_28_2119	PF03591.14	8.299999999999999e-41	135.7
MP_ONT81___contig_1_fragment_14_1403	PF13479.6	2.5e-40	134.4
MP_ONT81___contig_1_fragment_14_1390	PF05065.13	2.6e-40	134.6
GCA_029024925___contig_1_fragment_20_1604	PF01610.17	2.8e-40	134.6
GCA_029024925___contig_1_fragment_8_604	PF14527.6	1e-39	130.6
GCA_029024925___contig_1_fragment_23_1919	PF05339.11	1e-39	130.6
GCA_029024925___contig_1_fragment_23_1866	PF01183.20	1.6999999999999996e-39	131.9
GCA_029024925___contig_1_fragment_10_791	PF00829.21	1.8e-39	130.2
MP_ONT81___contig_1_fragment_12_1235	PF03837.14	2.7e-39	130.8
GCA_029024925___contig_1_fragment_15_1309	PF08864.10	4.9e-39	128.7
MP_ONT81___contig_1_fragment_3_498	PF01042.21	4.9e-39	129.2
GCA_029024925___contig_1_fragment_11_900	PF13377.6	5.7000000000000003e-39	130.2
GCA_029024925___contig_1_fragment_37_2691	PF01546.28	5.7000000000000003e-39	130.0
GCA_029024925___contig_1_fragment_37_2689	PF03733.13	5.9e-39	128.7
GCA_001047525___contig_7_fragment_1_102	PF01042.21	8.4e-39	128.4
GCA_001047525___contig_7_fragment_1_90	PF12363.8	9.9e-39	128.3
MP_ONT81___contig_1_fragment_3_509	PF12363.8	9.9e-39	128.3
GCA_029024925___contig_1_fragment_22_1763	PF10552.9	1.1999999999999998e-38	127.8
GCA_001047395___contig_3_fragment_6_830	PF03354.15	2.2e-38	128.0
GCA_029024925___contig_1_fragment_4_425	PF00239.21	2.2999999999999998e-38	127.7
GCA_029024925___contig_1_fragment_15_1306	PF00216.21	3.7000000000000005e-38	125.7
GCA_029024925___contig_1_fragment_32_2430	PF18013.1	4.799999999999999e-38	126.5
GCA_029024925___contig_1_fragment_32_2441	PF04860.12	6.799999999999999e-38	126.7
MP_ONT81___contig_1_fragment_3_514	PF10651.9	8.4e-38	125.5
GCA_029024925___contig_1_fragment_2_374	PF13610.6	9.3e-38	125.7
GCA_001047555___contig_10_fragment_1_8	PF13641.6	1.1e-37	126.2
GCA_029024925___contig_1_fragment_21_1628	PF00078.27	1.2e-37	125.7
MP_ONT81___contig_1_fragment_7_774	PF06265.11	1.3000000000000001e-37	123.8
GCA_001047395___contig_3_fragment_6_846	PF16784.5	1.3000000000000001e-37	125.4
MP_ONT81___contig_1_fragment_15_1467	PF07972.11	1.3000000000000001e-37	124.7
MP_ONT81___contig_1_fragment_4_564	PF11114.8	6.2e-37	122.2
GCA_029024925___contig_1_fragment_33_2538	PF01420.19	6.4e-37	123.4
GCA_029024925___contig_1_fragment_23_1910	PF16784.5	7.399999999999999e-37	122.9
GCA_001047525___contig_7_fragment_1_84	PF10651.9	8.3e-37	122.2
GCA_029024925___contig_1_fragment_2_376	PF00535.26	8.399999999999999e-37	122.7
GCA_025728595___contig_15_5	PF04586.17	1.1999999999999998e-36	122.4
MP_ONT81___contig_1_fragment_12_1220	PF04586.17	1.1999999999999998e-36	122.4
GCA_025728615___contig_11_5	PF12363.8	1.3e-36	121.5
GCA_029024925___contig_1_fragment_21_1631	PF06125.11	2.6999999999999997e-36	120.1
MP_ONT81___contig_1_fragment_4_556	PF03592.16	3.3999999999999996e-36	120.9
GCA_029024925___contig_1_fragment_22_1756	PF09588.10	3.5e-36	120.7
MP_ONT81___contig_1_fragment_12_1246	PF03374.14	3.6e-36	119.9
GCA_029024925___contig_1_fragment_23_1863	PF14264.6	5.2e-36	120.6
MP_ONT81___contig_1_fragment_12_1249	PF03374.14	5.9e-36	119.2
MP_ONT81___contig_1_fragment_12_1242	PF03374.14	6.1e-36	119.1
GCA_029024925___contig_1_fragment_3_385	PF01610.17	6.1e-36	120.4
GCA_001047395___contig_3_fragment_6_843	PF00436.25	7.2e-36	118.5
MP_ONT81___contig_1_fragment_4_549	PF00436.25	7.4e-36	118.5
GCA_029024925___contig_1_fragment_15_1312	PF01113.20	8.300000000000001e-36	118.9
MP_ONT81___contig_1_fragment_12_1230	PF00436.25	1.1999999999999998e-35	117.8
MP_ONT81___contig_1_fragment_4_546	PF16784.5	1.4e-35	118.8
GCA_001047395___contig_3_fragment_6_842	PF05866.11	1.5e-35	118.6
MP_ONT81___contig_1_fragment_12_1233	PF16784.5	1.6999999999999999e-35	118.5
MP_ONT81___contig_1_fragment_4_539	PF03374.14	1.6999999999999999e-35	117.7
MP_ONT81___contig_1_fragment_4_569	PF06854.11	1.6999999999999999e-35	118.6
GCA_025728595___contig_16_13	PF10651.9	2.8999999999999997e-35	117.2
GCA_001047395___contig_3_fragment_6_812	PF10651.9	2.8999999999999997e-35	117.2
GCA_029024925___contig_1_fragment_11_927	PF05737.12	3.9e-35	117.0
GCA_025728615___contig_11_12	PF05065.13	4.6e-35	117.3
GCA_001047555___contig_10_fragment_2_16	PF06831.14	6.4e-35	115.2
GCA_025728695___contig_139_4	PF10651.9	7.1e-35	116.0
MP_ONT81___contig_1_fragment_12_1206	PF10651.9	7.1e-35	116.0
GCA_029024925___contig_1_fragment_15_1308	PF14559.6	7.1e-35	115.5
GCA_029024925___contig_1_fragment_22_1746	PF14350.6	7.499999999999999e-35	117.0
MP_ONT81___contig_1_fragment_14_1380	PF10651.9	7.699999999999999e-35	115.9
GCA_029024925___contig_1_fragment_11_919	PF17802.1	1.4999999999999998e-34	114.3
GCA_001047555___contig_10_fragment_1_2	PF06177.11	2.1e-34	115.0
GCA_029024925___contig_1_fragment_12_1113	PF05105.12	2.2000000000000003e-34	114.1
GCA_029024925___contig_1_fragment_32_2473	PF00239.21	2.6e-34	114.5
MP_ONT81___contig_1_fragment_4_571	PF05709.11	4e-34	114.2
GCA_029024925___contig_1_fragment_33_2536	PF01420.19	4.0999999999999995e-34	114.3
GCA_029024925___contig_1_fragment_23_1862	PF16308.5	8.199999999999999e-34	113.2
GCA_029024925___contig_1_fragment_11_911	PF00582.26	9.199999999999999e-34	113.1
GCA_029024925___contig_1_fragment_23_1875	PF12363.8	9.699999999999998e-34	112.2
GCA_001047395___contig_3_fragment_1_120	PF13377.6	1.4999999999999999e-33	112.5
GCA_001047545___contig_5_fragment_3_424	PF13377.6	1.4999999999999999e-33	112.5
MP_ONT81___contig_1_fragment_12_1232	PF09681.10	1.9e-33	111.1
GCA_029024925___contig_1_fragment_21_1633	PF17802.1	2e-33	110.7
GCA_029024925___contig_1_fragment_3_398	PF13614.6	2e-33	111.8
GCA_029024925___contig_1_fragment_4_415	PF00239.21	2.7e-33	111.2
GCA_029024925___contig_1_fragment_12_1107	PF12363.8	2.8999999999999997e-33	110.7
GCA_029024925___contig_1_fragment_14_1188	PF00313.22	3.1e-33	109.6
GCA_029024925___contig_1_fragment_21_1616	PF12648.7	3.5999999999999997e-33	110.3
GCA_001047395___contig_3_fragment_6_870	PF00005.27	3.6999999999999995e-33	111.0
GCA_029024925___contig_1_fragment_22_1719	PF01476.20	4.4e-33	109.2
MP_ONT81___contig_1_fragment_14_1416	PF07553.11	5.699999999999999e-33	109.1
MP_ONT81___contig_1_fragment_4_545	PF04404.12	5.699999999999999e-33	110.0
MP_ONT81___contig_1_fragment_3_513	PF18013.1	5.899999999999999e-33	110.0
GCA_029024925___contig_1_fragment_33_2542	PF07905.11	5.9999999999999997e-33	109.7
MP_ONT81___contig_1_fragment_7_773	PF01035.20	7.299999999999999e-33	108.7
GCA_029024925___contig_1_fragment_32_2475	PF13419.6	7.399999999999999e-33	110.2
GCA_001047395___contig_3_fragment_3_340	PF06156.13	9.999999999999999e-33	108.9
GCA_029024925___contig_1_fragment_22_1751	PF05866.11	9.999999999999999e-33	109.4
MP_ONT81___contig_1_fragment_13_1352	PF06156.13	9.999999999999999e-33	108.9
GCA_001047525___contig_4_fragment_1_53	PF06156.13	9.999999999999999e-33	108.9
MP_ONT81___contig_1_fragment_14_1381	PF18013.1	1.1999999999999999e-32	109.0
GCA_029024925___contig_1_fragment_1_76	PF03780.13	1.4e-32	108.4
GCA_025728615___contig_11_11	PF02368.18	1.4e-32	107.6
GCA_029024925___contig_1_fragment_21_1632	PF06125.11	1.5e-32	108.1
GCA_001047395___contig_3_fragment_6_847	PF04404.12	1.5e-32	108.7
GCA_029024925___contig_1_fragment_32_2418	PF00313.22	1.5e-32	107.4
MP_ONT81___contig_1_fragment_3_497	PF00005.27	1.6e-32	109.0
GCA_029024925___contig_1_fragment_11_904	PF13427.6	1.7e-32	107.8
GCA_025728615___contig_30_fragment_1_98	PF00005.27	1.8e-32	108.8
MP_ONT81___contig_1_fragment_1_80	PF00005.27	1.8e-32	108.8
GCA_001047555___contig_10_fragment_1_1	PF02776.18	2.1e-32	108.1
GCA_001047525___contig_7_fragment_1_103	PF00005.27	2.1e-32	108.6
GCA_001047595___contig_6_fragment_2_124	PF00005.27	2.2e-32	108.5
GCA_001047545___contig_5_fragment_2_125	PF00005.27	2.2e-32	108.5
GCA_029024925___contig_1_fragment_1_77	PF03780.13	2.2e-32	107.8
GCA_029024925___contig_1_fragment_4_437	PF03780.13	5.2e-32	106.6
GCA_029024925___contig_1_fragment_30_2247	PF12799.7	6.1e-32	105.3
MP_ONT81___contig_1_fragment_13_1353	PF04468.12	7.2e-32	105.7
GCA_001047525___contig_4_fragment_1_52	PF04468.12	7.299999999999999e-32	105.6
GCA_001047395___contig_3_fragment_3_339	PF04468.12	7.299999999999999e-32	105.6
GCA_029024925___contig_1_fragment_11_918	PF16555.5	7.999999999999999e-32	106.6
GCA_001047395___contig_3_fragment_6_869	PF00589.22	8.199999999999998e-32	106.4
GCA_001047555___contig_10_fragment_3_120	PF03013.14	8.3e-32	106.0
GCA_029024925___contig_1_fragment_9_671	PF02452.17	9.999999999999999e-32	105.7
GCA_029024925___contig_1_fragment_16_1335	PF05979.12	1.4e-31	104.3
MP_ONT81___contig_1_fragment_12_1254	PF00589.22	1.5999999999999999e-31	105.5
GCA_001047525___contig_7_fragment_1_78	PF16938.5	1.9999999999999997e-31	104.1
MP_ONT81___contig_1_fragment_3_519	PF16938.5	1.9999999999999997e-31	104.1
GCA_001047395___contig_3_fragment_6_860	PF02498.17	2.4e-31	104.4
GCA_025728675___contig_3_fragment_1_25	PF02498.17	2.4e-31	104.4
MP_ONT81___contig_1_fragment_4_580	PF16938.5	2.6e-31	103.7
MP_ONT81___contig_1_fragment_14_1417	PF00589.22	2.6999999999999997e-31	104.7
GCA_029024925___contig_1_fragment_23_1918	PF03374.14	3.3e-31	103.9
GCA_029024925___contig_1_fragment_23_1902	PF12961.7	3.5999999999999996e-31	103.2
MP_ONT81___contig_1_fragment_14_1376	PF16938.5	3.9999999999999995e-31	103.1
GCA_001047395___contig_3_fragment_6_816	PF05709.11	4.2e-31	104.3
MP_ONT81___contig_1_fragment_12_1201	PF16938.5	5.8999999999999994e-31	102.6
GCA_025728615___contig_30_fragment_1_100	PF18483.1	6.2e-31	104.0
MP_ONT81___contig_1_fragment_1_78	PF18483.1	6.2e-31	104.0
GCA_029024925___contig_1_fragment_2_375	PF03721.14	9e-31	103.0
GCA_025728595___contig_16_8	PF16938.5	1.1000000000000001e-30	101.7
GCA_001047395___contig_3_fragment_6_807	PF16938.5	1.1000000000000001e-30	101.7
GCA_025728675___contig_3_fragment_1_29	PF00589.22	1.3e-30	102.5
GCA_029024925___contig_1_fragment_32_2429	PF10651.9	2.6e-30	101.2
GCA_025728595___contig_16_2	PF00589.22	2.6e-30	101.5
GCA_029024925___contig_1_fragment_22_1727	PF10651.9	2.8e-30	101.0
GCA_025728675___contig_3_fragment_1_30	PF00542.19	3.4e-30	100.3
MP_ONT81___contig_1_fragment_4_574	PF10651.9	3.6e-30	100.7
GCA_029024925___contig_1_fragment_22_1718	PF00313.22	5.0000000000000004e-30	99.3
GCA_029024925___contig_1_fragment_5_488	PF01638.17	5.6e-30	99.2
MP_ONT81___contig_1_fragment_12_1210	PF05709.11	1.4999999999999998e-29	99.3
MP_ONT81___contig_1_fragment_15_1465	PF04023.14	2.0000000000000002e-29	97.8
MP_ONT81___contig_1_fragment_14_1392	PF04860.12	2.2e-29	98.7
GCA_025728615___contig_11_24	PF07083.11	2.6e-29	98.6
GCA_001047555___contig_10_fragment_1_7	PF03170.13	2.7e-29	98.0
GCA_025728675___contig_3_fragment_1_7	PF07083.11	3.8e-29	98.0
GCA_029024925___contig_1_fragment_23_1909	PF09681.10	4.8e-29	96.8
GCA_029024925___contig_1_fragment_2_363	PF00589.22	5.2e-29	97.3
GCA_001047395___contig_3_fragment_6_865	PF09669.10	5.7e-29	96.6
GCA_029024925___contig_1_fragment_21_1625	PF06414.12	6.9e-29	96.6
GCA_029024925___contig_1_fragment_5_486	PF03595.17	7.499999999999999e-29	97.0
GCA_025728615___contig_30_fragment_1_112	PF00005.27	8.600000000000001e-29	96.9
GCA_029024925___contig_1_fragment_22_1728	PF18013.1	1e-28	96.2
MP_ONT81___contig_1_fragment_7_779	PF00486.28	1e-28	95.3
GCA_029024925___contig_1_fragment_11_907	PF00817.20	1.3000000000000002e-28	96.0
GCA_029024925___contig_1_fragment_23_1867	PF16938.5	2.1e-28	94.5
MP_ONT81___contig_1_fragment_7_780	PF02518.26	2.1e-28	95.2
GCA_029024925___contig_1_fragment_21_1621	PF02371.16	2.3999999999999998e-28	94.4
MP_ONT81___contig_1_fragment_4_560	PF06810.11	4.7000000000000005e-28	94.0
MP_ONT81___contig_1_fragment_1_66	PF00005.27	4.899999999999999e-28	94.4
GCA_029024925___contig_1_fragment_32_2452	PF00589.22	5.6999999999999995e-28	93.9
GCA_001047525___contig_4_fragment_1_54	PF00590.20	6.4999999999999995e-28	94.2
GCA_001047395___contig_3_fragment_3_341	PF00590.20	6.4999999999999995e-28	94.2
MP_ONT81___contig_1_fragment_13_1351	PF00590.20	6.4999999999999995e-28	94.2
GCA_029024925___contig_1_fragment_2_366	PF00872.18	9.300000000000002e-28	93.2
GCA_029024925___contig_1_fragment_8_609	PF07784.11	1.7e-27	91.2
GCA_029024925___contig_1_fragment_22_1720	PF04531.13	2.8e-27	91.2
GCA_029024925___contig_1_fragment_23_1912	PF04404.12	5.1999999999999996e-27	90.7
GCA_029024925___contig_1_fragment_28_2120	PF05437.12	6e-27	89.9
GCA_029024925___contig_1_fragment_10_792	PF04327.12	8.800000000000001e-27	89.3
GCA_029024925___contig_1_fragment_12_1110	PF05709.11	1.3999999999999998e-26	89.5
GCA_029024925___contig_1_fragment_2_370	PF00589.22	1.7e-26	89.1
GCA_029024925___contig_1_fragment_33_2543	PF11392.8	2.9e-26	88.4
GCA_029024925___contig_1_fragment_14_1193	PF00005.27	5.1e-26	87.9
GCA_029024925___contig_1_fragment_23_1864	PF01551.22	1.0999999999999999e-25	85.8
GCA_029024925___contig_1_fragment_20_1601	PF00072.24	1.8e-25	85.4
GCA_029024925___contig_1_fragment_10_781	PF12643.7	2.1999999999999997e-25	84.8
MP_ONT81___contig_1_fragment_12_1192	PF03167.19	2.3e-25	85.5
GCA_029024925___contig_1_fragment_33_2537	PF00589.22	3.7e-25	84.8
MP_ONT81___contig_1_fragment_7_775	PF13344.6	4.3999999999999995e-25	83.8
GCA_029024925___contig_1_fragment_11_923	PF04070.12	4.6e-25	83.4
GCA_029024925___contig_1_fragment_22_1754	PF14297.6	5.5e-25	84.1
MP_ONT81___contig_1_fragment_4_547	PF07261.11	8.1e-25	82.5
GCA_025728595___contig_15_6	PF05065.13	1.1e-24	83.3
MP_ONT81___contig_1_fragment_12_1219	PF05065.13	1.1e-24	83.3
MP_LCAL0054___contig_2_fragment_2_100	PF13419.6	1.3e-24	83.3
GCA_001047395___contig_3_fragment_3_335	PF13662.6	1.4999999999999998e-24	82.4
GCA_029024925___contig_1_fragment_32_2474	PF04002.15	1.4999999999999998e-24	82.4
GCA_001047525___contig_4_fragment_1_48	PF13662.6	1.4999999999999998e-24	82.4
GCA_029024925___contig_1_fragment_1_81	PF05043.13	1.8e-24	82.3
GCA_029024925___contig_1_fragment_22_1745	PF10668.9	2.2999999999999997e-24	81.3
GCA_029024925___contig_1_fragment_11_920	PF04203.13	2.2999999999999997e-24	81.7
MP_ONT81___contig_1_fragment_4_565	PF12691.7	2.4e-24	82.2
GCA_029024925___contig_1_fragment_12_1114	PF08460.10	2.5e-24	81.3
GCA_001047395___contig_3_fragment_6_827	PF05065.13	2.6e-24	82.1
GCA_029024925___contig_1_fragment_16_1334	PF01726.16	3.1e-24	80.7
GCA_001047395___contig_3_fragment_6_845	PF09681.10	3.5000000000000004e-24	81.2
GCA_029024925___contig_1_fragment_32_2422	PF04531.13	4.2e-24	81.0
GCA_029024925___contig_1_fragment_23_1872	PF05709.11	4.4e-24	81.3
GCA_029024925___contig_1_fragment_22_1713	PF15980.5	4.700000000000001e-24	80.7
GCA_029024925___contig_1_fragment_19_1578	PF00589.22	5e-24	81.1
GCA_029024925___contig_1_fragment_19_1590	PF00665.26	6.9e-24	80.4
GCA_029024925___contig_1_fragment_28_2113	PF05043.13	8.6e-24	80.1
GCA_029024925___contig_1_fragment_19_1580	PF12645.7	9.8e-24	79.3
GCA_001047595___contig_6_fragment_2_120	PF18483.1	1.6000000000000002e-23	79.8
GCA_001047545___contig_5_fragment_2_121	PF18483.1	1.6000000000000002e-23	79.8
GCA_001047525___contig_7_fragment_2_130	PF16935.5	1.9e-23	78.4
MP_ONT81___contig_1_fragment_12_1214	PF04630.12	2e-23	78.8
GCA_029024925___contig_1_fragment_9_676	PF05043.13	2.3999999999999997e-23	78.6
GCA_029024925___contig_1_fragment_11_917	PF17802.1	2.7e-23	78.2
GCA_029024925___contig_1_fragment_32_2421	PF08460.10	3.3999999999999995e-23	77.6
GCA_029024925___contig_1_fragment_11_914	PF01323.20	5.5e-23	77.8
GCA_025728615___contig_11_13	PF14265.6	6.6e-23	77.4
GCA_029024925___contig_1_fragment_23_1877	PF06199.11	9.099999999999999e-22	73.7
GCA_029024925___contig_1_fragment_4_443	PF00239.21	1.3e-21	73.3
GCA_029024925___contig_1_fragment_2_379	PF00665.26	1.8e-21	72.6
MP_ONT81___contig_1_fragment_4_579	PF10779.9	2.3e-21	71.9
MP_ONT81___contig_1_fragment_12_1202	PF10779.9	3.3e-21	71.4
MP_ONT81___contig_1_fragment_1_65	PF00072.24	3.4e-21	71.6
GCA_025728615___contig_30_fragment_1_113	PF00072.24	3.4e-21	71.6
GCA_029024925___contig_1_fragment_5_481	PF04608.13	3.9e-21	71.7
GCA_029024925___contig_1_fragment_5_485	PF00126.27	5.3e-21	70.5
GCA_029024925___contig_1_fragment_22_1739	PF14265.6	6.5000000000000006e-21	71.0
MP_ONT81___contig_1_fragment_14_1377	PF10779.9	8.2e-21	70.1
GCA_025728615___contig_11_1	PF06605.11	1.1000000000000001e-20	70.2
GCA_025728595___contig_15_2	PF05119.12	1.1000000000000001e-20	70.0
MP_ONT81___contig_1_fragment_12_1223	PF05119.12	1.1000000000000001e-20	70.0
MP_ONT81___contig_1_fragment_3_508	PF06199.11	1.2e-20	70.0
GCA_029024925___contig_1_fragment_16_1333	PF08331.10	1.3000000000000001e-20	69.2
GCA_001047395___contig_3_fragment_6_822	PF04630.12	1.4999999999999998e-20	69.5
GCA_029024925___contig_1_fragment_22_1722	PF09693.10	1.9e-20	68.7
GCA_029024925___contig_1_fragment_32_2424	PF09693.10	2.5e-20	68.3
GCA_025728615___contig_11_6	PF06199.11	2.6000000000000002e-20	69.0
GCA_029024925___contig_1_fragment_12_1106	PF06199.11	2.6000000000000002e-20	69.0
GCA_001047525___contig_7_fragment_1_87	PF05709.11	2.7e-20	68.9
GCA_001047525___contig_7_fragment_1_91	PF06199.11	2.7e-20	69.0
GCA_029024925___contig_1_fragment_15_1311	PF03819.17	3.1e-20	68.2
GCA_029024925___contig_1_fragment_23_1884	PF14265.6	3.7e-20	68.5
GCA_029024925___contig_1_fragment_32_2450	PF07852.11	3.9e-20	68.9
MP_LCAL0054___contig_2_fragment_2_95	PF03551.14	5.7e-20	67.2
GCA_029024925___contig_1_fragment_4_439	PF12833.7	7.5e-20	67.1
GCA_001047395___contig_3_fragment_6_832	PF05119.12	9.3e-20	67.0
MP_ONT81___contig_1_fragment_4_563	PF10665.9	1.1000000000000002e-19	66.6
MP_LCAL0054___contig_2_fragment_2_97	PF12833.7	1.2999999999999998e-19	66.3
MP_ONT81___contig_1_fragment_3_512	PF05709.11	1.5e-19	66.5
GCA_025728615___contig_11_2	PF05709.11	2.7e-19	65.6
GCA_029024925___contig_1_fragment_2_367	PF00872.18	3.3999999999999997e-19	65.0
GCA_029024925___contig_1_fragment_32_2476	PF08245.12	3.8e-19	65.5
GCA_001047525___contig_7_fragment_1_86	PF18013.1	4.5e-19	65.0
GCA_029024925___contig_1_fragment_21_1618	PF14355.6	4.9e-19	64.4
MP_ONT81___contig_1_fragment_12_1203	PF09693.10	5.3e-19	64.1
GCA_029024925___contig_1_fragment_10_779	PF12833.7	5.7000000000000005e-19	64.3
GCA_025728615___contig_11_17	PF03592.16	6.2e-19	64.9
MP_ONT81___contig_1_fragment_4_578	PF09693.10	6.999999999999999e-19	63.7
GCA_001047555___contig_10_fragment_3_119	PF01432.20	7.100000000000001e-19	64.4
GCA_001047525___contig_7_fragment_2_131	PF01420.19	9.1e-19	64.4
MP_ONT81___contig_1_fragment_12_1193	PF07927.12	1.2e-18	63.0
GCA_029024925___contig_1_fragment_19_1589	PF01527.20	2.2000000000000002e-18	62.5
GCA_029024925___contig_1_fragment_3_386	PF01610.17	2.7000000000000003e-18	62.6
GCA_029024925___contig_1_fragment_37_2692	PF11738.8	2.7000000000000003e-18	62.9
GCA_029024925___contig_1_fragment_11_915	PF05656.14	2.7999999999999997e-18	62.4
MP_ONT81___contig_1_fragment_4_586	PF16935.5	2.7999999999999997e-18	61.8
GCA_029024925___contig_1_fragment_23_1904	PF09643.10	4.4000000000000005e-18	61.7
GCA_029024925___contig_1_fragment_28_2117	PF01381.22	1e-17	60.1
GCA_029024925___contig_1_fragment_4_436	PF10031.9	1.2e-17	59.8
GCA_029024925___contig_1_fragment_32_2461	PF07261.11	1.4000000000000003e-17	59.3
GCA_029024925___contig_1_fragment_1_75	PF10031.9	1.7000000000000002e-17	59.3
MP_ONT81___contig_1_fragment_14_1383	PF10145.9	2.1e-17	59.7
GCA_029024925___contig_1_fragment_30_2250	PF13476.6	2.2e-17	60.3
GCA_025728595___contig_16_10	PF09693.10	2.5e-17	58.7
GCA_001047395___contig_3_fragment_6_809	PF09693.10	2.5e-17	58.7
GCA_029024925___contig_1_fragment_26_2011	PF01381.22	4e-17	58.1
GCA_025728615___contig_11_14	PF04233.14	4.1e-17	59.0
GCA_029024925___contig_1_fragment_2_380	PF13518.6	4.8e-17	58.0
GCA_029024925___contig_1_fragment_4_434	PF03572.18	5e-17	58.0
GCA_001047545___contig_5_fragment_2_115	PF02595.15	8.8e-17	57.2
GCA_001047595___contig_6_fragment_2_114	PF02595.15	8.8e-17	57.2
GCA_001047555___contig_10_fragment_3_115	PF04892.12	9.1e-17	58.0
GCA_029024925___contig_1_fragment_22_1732	PF02368.18	2.2000000000000002e-16	55.6
GCA_001047555___contig_10_fragment_2_19	PF05043.13	2.7999999999999996e-16	56.0
GCA_029024925___contig_1_fragment_12_1100	PF07261.11	2.9e-16	55.1
GCA_029024925___contig_1_fragment_21_1622	PF12664.7	3.2e-16	54.8
MP_ONT81___contig_1_fragment_1_60	PF01381.22	3.4e-16	55.2
GCA_025728615___contig_30_fragment_1_118	PF01381.22	3.4e-16	55.2
GCA_029024925___contig_1_fragment_3_395	PF00392.21	4.0999999999999996e-16	54.5
GCA_029024925___contig_1_fragment_9_675	PF00717.23	7.9e-16	53.9
GCA_029024925___contig_1_fragment_32_2460	PF01695.17	1.2e-15	53.8
GCA_029024925___contig_1_fragment_12_1101	PF01695.17	1.3e-15	53.7
MP_ONT81___contig_1_fragment_3_504	PF13229.6	1.6e-15	53.4
GCA_029024925___contig_1_fragment_30_2251	PF00149.28	1.7e-15	54.1
MP_ONT81___contig_1_fragment_15_1466	PF00462.24	1.7e-15	53.1
GCA_001047595___contig_6_fragment_2_121	PF07523.12	2.7e-15	52.6
GCA_001047545___contig_5_fragment_2_122	PF07523.12	2.9e-15	52.4
GCA_029024925___contig_1_fragment_11_926	PF05987.13	3.9e-15	51.8
MP_LCAL0054___contig_2_fragment_2_94	PF08006.11	4.3e-15	51.8
GCA_029024925___contig_1_fragment_11_913	PF00583.25	4.9e-15	51.9
GCA_029024925___contig_1_fragment_32_2420	PF18813.1	7.5e-15	51.7
GCA_029024925___contig_1_fragment_32_2459	PF06356.11	7.9e-15	51.3
MP_ONT81___contig_1_fragment_14_1406	PF00176.23	1e-14	50.0
GCA_029024925___contig_1_fragment_11_905	PF13673.7	1.3e-14	50.4
GCA_029024925___contig_1_fragment_37_2693	PF08281.12	1.3e-14	49.7
GCA_001047395___contig_3_fragment_6_802	PF10097.9	1.3999999999999999e-14	49.9
GCA_025728615___contig_30_fragment_1_117	PF00132.24	1.9e-14	48.9
MP_ONT81___contig_1_fragment_1_61	PF00132.24	1.9e-14	48.9
GCA_029024925___contig_1_fragment_37_2694	PF05043.13	3.4e-14	49.3
GCA_001047545___contig_5_fragment_2_126	PF07242.11	3.8e-14	48.9
GCA_029024925___contig_1_fragment_22_1768	PF06114.13	4e-14	48.7
GCA_029024925___contig_1_fragment_5_483	PF16067.5	4e-14	49.0
MP_ONT81___contig_1_fragment_1_59	PF07853.11	7.9e-14	47.2
GCA_025728615___contig_30_fragment_1_119	PF07853.11	7.9e-14	47.2
GCA_001047395___contig_3_fragment_6_856	PF08346.12	9.4e-14	47.9
GCA_029024925___contig_1_fragment_32_2444	PF01844.23	1e-13	47.3
GCA_029024925___contig_1_fragment_12_1099	PF01381.22	1.3e-13	46.9
GCA_025728675___contig_3_fragment_1_27	PF00717.23	1.6e-13	46.5
GCA_001047395___contig_3_fragment_6_862	PF00717.23	1.6e-13	46.5
MP_ONT81___contig_1_fragment_4_538	PF01381.22	1.8000000000000002e-13	46.4
GCA_001047595___contig_6_fragment_2_125	PF07242.11	2.3e-13	46.4
GCA_029024925___contig_1_fragment_20_1597	PF10727.9	2.7e-13	46.0
MP_ONT81___contig_1_fragment_7_772	PF10031.9	3.1e-13	45.7
GCA_029024925___contig_1_fragment_26_2013	PF12728.7	3.4999999999999997e-13	45.7
MP_ONT81___contig_1_fragment_12_1251	PF12844.7	4.5000000000000005e-13	45.1
GCA_001047525___contig_7_fragment_1_95	PF13229.6	5e-13	45.3
GCA_025728675___contig_3_fragment_1_13	PF13412.6	7.6e-13	43.9
GCA_029024925___contig_1_fragment_26_2010	PF01381.22	9.000000000000001e-13	44.2
MP_ONT81___contig_1_fragment_4_537	PF00717.23	9.9e-13	44.0
GCA_001047555___contig_10_fragment_2_22	PF01381.22	1.1e-12	43.9
GCA_029024925___contig_1_fragment_22_1711	PF02384.16	1.2e-12	43.8
MP_ONT81___contig_1_fragment_1_81	PF07242.11	2.3e-12	43.1
GCA_025728615___contig_30_fragment_1_97	PF07242.11	2.3e-12	43.1
MP_ONT81___contig_1_fragment_14_1395	PF01844.23	2.7999999999999998e-12	42.7
GCA_029024925___contig_1_fragment_4_444	PF00239.21	2.9e-12	43.0
GCA_001047525___contig_7_fragment_1_100	PF00717.23	2.9999999999999997e-12	42.5
MP_ONT81___contig_1_fragment_3_500	PF00717.23	2.9999999999999997e-12	42.5
MP_ONT81___contig_1_fragment_15_1461	PF13443.6	3.3e-12	42.8
GCA_029024925___contig_1_fragment_1_82	PF05043.13	3.6000000000000004e-12	42.8
MP_ONT81___contig_1_fragment_12_1218	PF05135.13	4.5e-12	42.5
GCA_025728595___contig_15_7	PF05135.13	4.5e-12	42.5
GCA_029024925___contig_1_fragment_33_2541	PF12787.7	6.4e-12	41.7
GCA_001047555___contig_10_fragment_3_114	PF01476.20	8.6e-12	41.1
GCA_029024925___contig_1_fragment_11_916	PF05043.13	1.0000000000000001e-11	41.4
GCA_001047525___contig_7_fragment_2_134	PF12161.8	1.1e-11	41.6
GCA_001047395___contig_3_fragment_6_868	PF01381.22	1.2999999999999999e-11	40.5
GCA_029024925___contig_1_fragment_32_2432	PF10145.9	1.2999999999999999e-11	40.8
GCA_001047555___contig_10_fragment_3_121	PF09954.9	1.5e-11	40.3
GCA_029024925___contig_1_fragment_1_78	PF04226.13	1.6e-11	40.4
GCA_001047395___contig_3_fragment_6_826	PF05135.13	2.1e-11	40.3
MP_ONT143___contig_1_fragment_13_1345	PF13597.6	8.699999999999996e-182	602.0
MP_BCQMy223___contig_1_fragment_4_356	PF13597.6	8.699999999999996e-182	602.0
GCA_004001225___contig_1_fragment_3_331	PF13597.6	8.699999999999996e-182	602.0
GCA_001047445___contig_8_fragment_1_58	PF13597.6	8.699999999999996e-182	602.0
GCA_001047445___contig_7_fragment_2_171	PF00476.20	9.999999999999997e-157	518.0
GCA_004001225___contig_1_fragment_12_1302	PF00476.20	9.999999999999997e-157	518.0
GCA_001047515___contig_16_fragment_2_90	PF00476.20	9.999999999999997e-157	518.0
MP_ONT143___contig_1_fragment_7_778	PF05833.11	2.599999999999999e-150	497.4
GCA_025728695___contig_71_fragment_1_19	PF05833.11	2.599999999999999e-150	497.4
MP_BCQMy223___contig_1_fragment_8_929	PF05833.11	2.599999999999999e-150	497.4
GCA_001047465___contig_10_fragment_2_154	PF05833.11	6.299999999999998e-149	492.8
GCA_004001225___contig_1_fragment_7_934	PF05833.11	6.299999999999998e-149	492.8
MP_ONT143___contig_1_fragment_15_1465	PF02867.15	1.4999999999999996e-139	462.1
MP_BCQMy223___contig_1_fragment_15_1529	PF02867.15	1.4999999999999996e-139	462.1
GCA_004001225___contig_1_fragment_5_708	PF06418.14	3.1999999999999996e-132	436.0
GCA_001047555___contig_6_fragment_3_440	PF06418.14	3.1999999999999996e-132	436.0
MP_BCQMy225___contig_3_5	PF07564.11	1.2999999999999997e-127	412.5
MP_BCQMy223___contig_3_5	PF07564.11	1.2999999999999997e-127	412.5
GCA_025728675___contig_32_fragment_1_105	PF02595.15	4.499999999999999e-127	420.3
MP_BCQMy223___contig_1_fragment_2_75	PF02595.15	4.499999999999999e-127	420.3
MP_ONT143___contig_1_fragment_2_127	PF02595.15	4.499999999999999e-127	420.3
GCA_004001205___contig_2_fragment_3_96	PF17389.2	1.1999999999999995e-124	412.2
GCA_014202715___contig_5_fragment_3_92	PF17389.2	4.9999999999999995e-124	410.2
GCA_001047445___contig_8_fragment_2_107	PF03668.15	9.999999999999998e-113	372.3
GCA_001047395___contig_1_5	PF07564.11	9.999999999999997e-112	361.5
GCA_001047445___contig_8_fragment_2_108	PF01933.18	2.0999999999999994e-99	328.7
GCA_001047445___contig_12_fragment_2_114	PF02595.15	9.699999999999996e-98	323.8
GCA_004001225___contig_1_fragment_2_84	PF02595.15	9.699999999999996e-98	323.8
GCA_025728635___contig_21_15	PF05133.14	7.199999999999999e-94	311.5
GCA_001047595___contig_12_2	PF00375.18	2.3999999999999993e-91	302.9
MP_BCQMy223___contig_1_fragment_14_1454	PF05133.14	1.1e-90	301.0
MP_BCQMy223___contig_1_fragment_15_1530	PF00268.21	1.0999999999999997e-89	296.9
MP_ONT143___contig_1_fragment_15_1466	PF00268.21	1.0999999999999997e-89	296.9
GCA_004001225___contig_1_fragment_10_1211	PF02384.16	1.8999999999999997e-89	296.3
GCA_001047445___contig_8_fragment_2_111	PF00574.23	1.1e-87	288.9
GCA_001047445___contig_7_fragment_6_365	PF05133.14	4.299999999999999e-84	279.3
MP_BCQMy223___contig_1_fragment_5_470	PF12684.7	4.799999999999999e-79	261.7
GCA_001047445___contig_8_fragment_3_170	PF12684.7	4.799999999999999e-79	261.7
GCA_001047445___contig_7_fragment_6_347	PF12684.7	4.3999999999999996e-75	248.7
GCA_001047595___contig_12_3	PF06826.12	3.0999999999999998e-74	244.6
GCA_001047555___contig_6_fragment_3_443	PF06908.11	2.4999999999999996e-71	235.4
GCA_004001225___contig_1_fragment_5_711	PF06908.11	2.4999999999999996e-71	235.4
MP_BCQMy223___contig_1_fragment_14_1455	PF04466.13	2.1999999999999995e-69	229.3
GCA_004001205___contig_2_fragment_3_95	PF00933.21	3.799999999999999e-68	226.4
GCA_014202715___contig_5_fragment_3_93	PF00933.21	3.799999999999999e-68	226.4
GCA_025728635___contig_21_16	PF04466.13	1.3e-66	220.2
GCA_001047445___contig_7_fragment_2_165	PF02677.14	1.1999999999999998e-64	213.9
GCA_001047515___contig_16_fragment_2_96	PF02677.14	1.1999999999999998e-64	213.9
GCA_004001225___contig_1_fragment_12_1308	PF02677.14	1.1999999999999998e-64	213.9
GCA_004001225___contig_1_fragment_5_710	PF03838.14	1.2999999999999998e-64	213.3
GCA_001047555___contig_6_fragment_3_442	PF03838.14	1.2999999999999998e-64	213.3
MP_ONT143___contig_1_fragment_15_1461	PF02421.18	1.6e-64	212.4
GCA_001047445___contig_7_fragment_6_367	PF06152.11	1.6e-64	214.4
MP_BCQMy223___contig_1_fragment_15_1525	PF02421.18	1.6e-64	212.4
MP_BCQMy223___contig_1_fragment_14_1468	PF13479.6	3.7999999999999996e-63	209.1
MP_BCQMy223___contig_1_fragment_3_329	PF05382.13	9.699999999999998e-63	206.6
MP_ONT143___contig_1_fragment_14_1372	PF05382.13	9.699999999999998e-63	206.6
GCA_004001225___contig_1_fragment_9_1156	PF05382.13	1.2e-62	206.3
MP_ONT143___contig_1_fragment_4_574	PF05382.13	1.2e-62	206.3
MP_BCQMy223___contig_1_fragment_12_1195	PF05382.13	1.2e-62	206.3
GCA_001047445___contig_7_fragment_5_318	PF05382.13	1.2e-62	206.3
GCA_001047595___contig_12_1	PF07992.14	8.6e-61	202.0
MP_BCQMy223___contig_1_fragment_5_449	PF08282.12	2.1e-60	200.9
MP_ONT143___contig_1_fragment_12_1252	PF08282.12	2.1e-60	200.9
GCA_001047555___contig_6_fragment_3_441	PF00912.22	2.9e-60	199.0
GCA_004001225___contig_1_fragment_5_709	PF00912.22	2.9e-60	199.0
MP_ONT143___contig_1_fragment_14_1390	PF03354.15	6.2e-60	199.3
MP_BCQMy223___contig_1_fragment_3_311	PF03354.15	6.2e-60	199.3
GCA_001047445___contig_8_fragment_2_115	PF04552.13	9.300000000000001e-57	187.5
MP_BCQMy223___contig_1_fragment_4_350	PF13177.6	3.4e-56	185.8
MP_ONT143___contig_1_fragment_13_1351	PF13177.6	3.4e-56	185.8
GCA_001047445___contig_8_fragment_1_52	PF13177.6	4.599999999999999e-56	185.4
GCA_004001225___contig_1_fragment_3_325	PF13177.6	4.599999999999999e-56	185.4
MP_BCQMy223___contig_1_fragment_11_1145	PF03354.15	1.2999999999999999e-54	181.7
GCA_001047445___contig_7_fragment_6_384	PF06605.11	3.4e-54	180.5
MP_ONT143___contig_1_fragment_13_1353	PF02223.17	8.400000000000001e-54	178.3
GCA_001047445___contig_8_fragment_1_50	PF02223.17	8.400000000000001e-54	178.3
MP_BCQMy223___contig_1_fragment_4_348	PF02223.17	8.400000000000001e-54	178.3
GCA_004001225___contig_1_fragment_3_323	PF02223.17	8.400000000000001e-54	178.3
MP_ONT143___contig_1_fragment_2_130	PF13731.6	1.9000000000000001e-53	177.9
MP_BCQMy223___contig_1_fragment_2_78	PF13731.6	1.9000000000000001e-53	177.9
GCA_001047445___contig_12_fragment_2_118	PF13731.6	1.9000000000000001e-53	177.9
GCA_025728675___contig_32_fragment_1_102	PF13731.6	1.9000000000000001e-53	177.9
GCA_004001225___contig_1_fragment_2_88	PF13731.6	2.2999999999999997e-53	177.6
MP_BCQMy223___contig_1_fragment_3_313	PF04586.17	1.1999999999999999e-52	174.7
MP_ONT143___contig_1_fragment_14_1388	PF04586.17	1.1999999999999999e-52	174.7
MP_ONT143___contig_1_fragment_1_82	PF03354.15	2.9999999999999997e-52	173.9
MP_ONT143___contig_1_fragment_12_1223	PF03354.15	2.9999999999999997e-52	173.9
MP_ONT143___contig_1_fragment_12_1221	PF04586.17	2.7e-51	170.2
MP_ONT143___contig_1_fragment_13_1347	PF00817.20	4.7e-51	169.0
GCA_001047445___contig_8_fragment_1_56	PF00817.20	4.7e-51	169.0
GCA_004001225___contig_1_fragment_3_329	PF00817.20	4.7e-51	169.0
MP_BCQMy223___contig_1_fragment_4_354	PF00817.20	4.7e-51	169.0
MP_BCQMy223___contig_1_fragment_5_482	PF03354.15	5.4e-51	169.8
GCA_001047445___contig_8_fragment_3_182	PF03354.15	5.4e-51	169.8
MP_ONT143___contig_1_fragment_1_105	PF16775.5	5.5e-51	167.5
MP_ONT143___contig_1_fragment_13_1346	PF13353.6	1.1e-50	167.8
MP_BCQMy223___contig_1_fragment_4_355	PF13353.6	1.1e-50	167.8
GCA_004001225___contig_1_fragment_13_1401	PF00544.19	2.8999999999999996e-50	167.1
GCA_001047445___contig_8_fragment_1_57	PF13353.6	3.5000000000000004e-50	166.2
GCA_004001225___contig_1_fragment_3_330	PF13353.6	3.5000000000000004e-50	166.2
GCA_004001225___contig_1_fragment_13_1407	PF13561.6	1.2e-49	165.3
GCA_001047445___contig_7_fragment_1_64	PF13561.6	1.2e-49	165.2
GCA_001047515___contig_16_fragment_3_197	PF13561.6	1.2e-49	165.2
MP_BCQMy223___contig_1_fragment_11_1123	PF16775.5	1.7e-49	162.7
MP_BCQMy223___contig_1_fragment_11_1143	PF04586.17	2.6e-49	163.8
GCA_001047445___contig_7_fragment_1_70	PF00544.19	3.8e-49	163.4
GCA_001047515___contig_16_fragment_3_191	PF00544.19	3.8e-49	163.4
GCA_001047465___contig_10_fragment_2_156	PF07314.11	4.6999999999999995e-49	163.1
GCA_025728695___contig_71_fragment_1_18	PF07314.11	4.8e-49	163.1
GCA_004001225___contig_1_fragment_7_936	PF07314.11	5.2e-49	163.0
MP_ONT143___contig_1_fragment_7_777	PF07314.11	5.3e-49	163.0
MP_BCQMy223___contig_1_fragment_8_930	PF07314.11	5.3e-49	163.0
MP_BCQMy223___contig_1_fragment_2_76	PF11797.8	2.4e-48	159.9
GCA_025728675___contig_32_fragment_1_104	PF11797.8	2.4e-48	159.9
MP_ONT143___contig_1_fragment_2_128	PF11797.8	2.4e-48	159.9
GCA_004001225___contig_1_fragment_6_817	PF04586.17	4.9e-48	159.6
GCA_001047465___contig_10_fragment_1_39	PF04586.17	4.9e-48	159.6
GCA_001047515___contig_16_fragment_1_76	PF13604.6	7.2e-48	159.1
GCA_001047445___contig_7_fragment_3_185	PF13604.6	7.2e-48	159.1
MP_BCQMy223___contig_1_fragment_14_1442	PF10145.9	7.799999999999999e-48	159.2
GCA_001047465___contig_10_fragment_1_17	PF16775.5	8e-48	157.3
GCA_004001225___contig_1_fragment_6_794	PF16775.5	8e-48	157.3
MP_BCQMy223___contig_1_fragment_5_504	PF16775.5	8.199999999999999e-48	157.3
MP_ONT143___contig_1_fragment_12_1201	PF16775.5	8.199999999999999e-48	157.3
GCA_001047445___contig_12_fragment_2_116	PF11797.8	8.599999999999999e-48	158.1
GCA_004001225___contig_1_fragment_2_86	PF11797.8	8.599999999999999e-48	158.1
GCA_004001225___contig_1_fragment_12_1305	PF00122.20	1.0999999999999999e-47	158.2
GCA_001047515___contig_16_fragment_2_93	PF00122.20	1.0999999999999999e-47	158.2
MP_ONT143___contig_1_fragment_2_131	PF13731.6	1.0999999999999999e-47	159.1
GCA_001047445___contig_7_fragment_2_168	PF00122.20	1.0999999999999999e-47	158.2
GCA_025728675___contig_32_fragment_1_101	PF13731.6	1.0999999999999999e-47	159.1
MP_BCQMy223___contig_1_fragment_2_79	PF13731.6	1.0999999999999999e-47	159.1
MP_ONT143___contig_1_fragment_15_1467	PF03816.14	2.7e-47	157.0
MP_BCQMy223___contig_1_fragment_15_1531	PF03816.14	2.7e-47	157.0
GCA_004001225___contig_1_fragment_2_89	PF13731.6	2.9999999999999997e-47	157.7
GCA_001047445___contig_12_fragment_2_119	PF13731.6	2.9999999999999997e-47	157.7
GCA_001047595___contig_12_4	PF07563.11	1.4999999999999997e-46	152.4
GCA_004001225___contig_1_fragment_10_1214	PF18766.1	2.5e-46	154.4
GCA_001047465___contig_10_fragment_1_58	PF05565.11	3.3e-46	153.5
GCA_004001225___contig_1_fragment_6_837	PF05565.11	3.3e-46	153.5
MP_ONT143___contig_1_fragment_1_96	PF06605.11	3.5e-46	154.1
MP_BCQMy223___contig_1_fragment_11_1144	PF04860.12	6.1e-46	153.3
GCA_001047445___contig_8_fragment_3_183	PF04860.12	6.399999999999999e-46	153.2
MP_ONT143___contig_1_fragment_1_83	PF04860.12	6.399999999999999e-46	153.2
GCA_004001225___contig_1_fragment_6_818	PF04860.12	6.6e-46	153.2
GCA_001047465___contig_10_fragment_1_40	PF04860.12	6.6e-46	153.2
MP_ONT143___contig_1_fragment_12_1236	PF05565.11	9e-46	152.1
MP_BCQMy223___contig_1_fragment_5_483	PF04860.12	1e-45	152.6
MP_BCQMy223___contig_1_fragment_5_495	PF06605.11	1.9e-45	151.7
MP_ONT143___contig_1_fragment_12_1210	PF06605.11	1.9e-45	151.7
MP_ONT143___contig_1_fragment_12_1222	PF04860.12	2.8e-45	151.1
GCA_001047445___contig_7_fragment_6_336	PF00239.21	3.2e-45	150.1
GCA_001047595___contig_12_6	PF05866.11	6.7e-45	148.9
GCA_004001205___contig_2_fragment_3_107	PF05866.11	6.7e-45	148.9
GCA_014202715___contig_5_fragment_3_81	PF05866.11	6.7e-45	148.9
GCA_001047555___contig_6_fragment_3_439	PF07553.11	1.0999999999999999e-44	146.7
GCA_004001225___contig_1_fragment_5_707	PF07553.11	1.0999999999999999e-44	146.7
GCA_001047445___contig_7_fragment_6_349	PF09681.10	1.8000000000000002e-44	146.8
GCA_001047445___contig_7_fragment_6_374	PF11114.8	2.5e-44	146.3
MP_BCQMy223___contig_1_fragment_5_452	PF07553.11	4.899999999999999e-44	144.7
GCA_001047445___contig_8_fragment_3_159	PF07553.11	4.899999999999999e-44	144.7
MP_BCQMy223___contig_1_fragment_1_63	PF16173.5	5.4e-44	146.0
MP_ONT143___contig_1_fragment_2_117	PF16173.5	5.4e-44	146.0
GCA_025728675___contig_32_fragment_1_115	PF16173.5	5.4e-44	146.0
MP_BCQMy225___contig_3_1	PF02486.19	2e-43	144.7
MP_BCQMy223___contig_3_1	PF02486.19	2e-43	144.7
GCA_001047465___contig_10_fragment_1_26	PF06605.11	2.8999999999999993e-43	144.5
MP_BCQMy223___contig_1_fragment_11_1132	PF06605.11	2.8999999999999993e-43	144.5
GCA_004001225___contig_1_fragment_6_804	PF06605.11	2.8999999999999993e-43	144.5
GCA_001047445___contig_8_fragment_1_51	PF06153.11	2.9999999999999996e-43	142.8
GCA_004001225___contig_1_fragment_3_324	PF06153.11	2.9999999999999996e-43	142.8
MP_BCQMy223___contig_1_fragment_4_349	PF06153.11	2.9999999999999996e-43	142.8
MP_ONT143___contig_1_fragment_13_1352	PF06153.11	2.9999999999999996e-43	142.8
GCA_001047465___contig_10_fragment_1_41	PF03354.15	5.799999999999999e-43	143.3
GCA_001047445___contig_7_fragment_2_162	PF00689.21	6.1e-43	142.9
GCA_001047525___contig_2_17	PF02486.19	9e-43	142.6
GCA_001047395___contig_1_1	PF02486.19	1.1e-42	142.4
GCA_014202715___contig_5_fragment_3_88	PF04616.14	1.1e-42	142.6
MP_BCQMy223___contig_1_fragment_11_1157	PF05565.11	1.6e-42	141.6
MP_BCQMy223___contig_1_fragment_14_1433	PF01183.20	7.099999999999998e-42	139.9
GCA_004001205___contig_2_fragment_3_100	PF04616.14	8.3e-42	139.7
GCA_001047515___contig_16_fragment_1_77	PF00300.22	3.9e-41	137.2
GCA_001047445___contig_7_fragment_3_184	PF00300.22	3.9e-41	137.2
MP_BCQMy223___contig_3_7	PF00239.21	2.6e-40	134.2
MP_BCQMy225___contig_3_7	PF00239.21	2.6e-40	134.2
GCA_001047525___contig_2_4	PF00239.21	2.6e-40	134.2
GCA_001047395___contig_1_7	PF00239.21	2.6e-40	134.2
MP_BCQMy223___contig_1_fragment_3_301	PF13479.6	2.9e-40	134.4
MP_ONT143___contig_1_fragment_14_1400	PF13479.6	2.9e-40	134.4
MP_BCQMy223___contig_1_fragment_3_314	PF05065.13	2.9999999999999994e-40	134.6
MP_ONT143___contig_1_fragment_14_1387	PF05065.13	2.9999999999999994e-40	134.6
MP_BCQMy223___contig_3_13	PF13614.6	7.7e-40	132.9
MP_BCQMy225___contig_3_13	PF13614.6	7.7e-40	132.9
GCA_001047395___contig_1_13	PF13614.6	7.7e-40	132.9
GCA_001047525___contig_2_12	PF13614.6	7.7e-40	132.9
MP_BCQMy223___contig_1_fragment_5_469	PF03837.14	3.1e-39	130.8
GCA_001047445___contig_8_fragment_3_169	PF03837.14	3.1e-39	130.8
GCA_001047445___contig_8_fragment_2_109	PF14527.6	3.9e-39	128.9
MP_ONT143___contig_1_fragment_4_552	PF01042.21	5.7000000000000003e-39	129.2
MP_BCQMy223___contig_1_fragment_12_1217	PF01042.21	5.7000000000000003e-39	129.2
GCA_025728645___contig_11_fragment_1_16	PF01042.21	5.7000000000000003e-39	129.2
GCA_025728595___contig_1_fragment_2_248	PF01042.21	5.7000000000000003e-39	129.2
GCA_001047445___contig_7_fragment_2_163	PF01595.20	9.199999999999999e-39	129.2
GCA_001047445___contig_7_fragment_5_293	PF01042.21	9.7e-39	128.4
GCA_004001225___contig_1_fragment_9_1181	PF01042.21	9.7e-39	128.4
GCA_001047445___contig_7_fragment_6_346	PF03837.14	1e-38	129.1
GCA_001047445___contig_7_fragment_5_305	PF12363.8	1.1999999999999998e-38	128.3
GCA_004001225___contig_1_fragment_9_1169	PF12363.8	1.1999999999999998e-38	128.3
MP_BCQMy223___contig_1_fragment_12_1206	PF12363.8	1.1999999999999998e-38	128.3
MP_ONT143___contig_1_fragment_4_563	PF12363.8	1.1999999999999998e-38	128.3
GCA_025728645___contig_11_fragment_1_5	PF12363.8	1.1999999999999998e-38	128.3
GCA_025728595___contig_1_fragment_2_259	PF12363.8	1.1999999999999998e-38	128.3
GCA_025728695___contig_140_1	PF12363.8	1.1999999999999998e-38	128.3
GCA_004001225___contig_1_fragment_6_819	PF03354.15	2.6e-38	128.0
MP_ONT143___contig_1_fragment_4_568	PF10651.9	9.699999999999999e-38	125.5
MP_BCQMy223___contig_1_fragment_12_1201	PF10651.9	9.699999999999999e-38	125.5
GCA_001047515___contig_16_fragment_1_80	PF13641.6	1.3000000000000001e-37	126.2
GCA_001047445___contig_7_fragment_3_181	PF13641.6	1.3000000000000001e-37	126.2
GCA_001047465___contig_10_fragment_1_56	PF16784.5	1.4999999999999998e-37	125.4
MP_BCQMy223___contig_1_fragment_15_1528	PF07972.11	1.4999999999999998e-37	124.7
MP_ONT143___contig_1_fragment_15_1464	PF07972.11	1.4999999999999998e-37	124.7
GCA_004001225___contig_1_fragment_6_835	PF16784.5	1.4999999999999998e-37	125.4
GCA_004001225___contig_1_fragment_7_938	PF06265.11	1.4999999999999998e-37	123.8
GCA_025728695___contig_71_fragment_1_16	PF06265.11	1.4999999999999998e-37	123.8
GCA_001047465___contig_10_fragment_2_158	PF06265.11	1.4999999999999998e-37	123.8
MP_ONT143___contig_1_fragment_7_775	PF06265.11	1.4999999999999998e-37	123.8
MP_BCQMy223___contig_1_fragment_8_932	PF06265.11	1.4999999999999998e-37	123.8
GCA_001047445___contig_7_fragment_5_311	PF10651.9	2e-37	124.4
GCA_001047445___contig_7_fragment_6_348	PF16784.5	2.6000000000000002e-37	124.6
MP_ONT143___contig_1_fragment_12_1231	PF00436.25	6.2e-37	122.1
GCA_004001225___contig_1_fragment_9_1163	PF10651.9	9.7e-37	122.2
MP_BCQMy223___contig_1_fragment_11_1174	PF03374.14	1.1e-36	121.8
GCA_001047445___contig_8_fragment_3_184	PF04586.17	1.3999999999999999e-36	122.4
MP_BCQMy223___contig_1_fragment_5_484	PF04586.17	1.3999999999999999e-36	122.4
MP_ONT143___contig_1_fragment_1_84	PF04586.17	1.3999999999999999e-36	122.4
GCA_025728635___contig_21_5	PF12363.8	1.4999999999999997e-36	121.5
MP_BCQMy223___contig_1_fragment_11_1152	PF00436.25	1.9e-36	120.5
GCA_001047445___contig_8_fragment_3_174	PF00436.25	2.1e-36	120.4
GCA_001047445___contig_7_fragment_6_341	PF03374.14	2.6999999999999997e-36	120.5
MP_BCQMy223___contig_1_fragment_14_1456	PF03592.16	3.6e-36	121.0
MP_BCQMy223___contig_1_fragment_5_458	PF03374.14	4.2e-36	119.9
MP_BCQMy223___contig_1_fragment_11_1155	PF16784.5	4.4e-36	120.6
GCA_001047445___contig_7_fragment_6_383	PF05709.11	4.599999999999999e-36	120.8
MP_BCQMy223___contig_1_fragment_5_455	PF03374.14	6.9e-36	119.2
MP_BCQMy223___contig_1_fragment_5_462	PF03374.14	7.099999999999998e-36	119.1
MP_ONT143___contig_1_fragment_12_1242	PF03374.14	7.099999999999998e-36	119.1
GCA_001047445___contig_8_fragment_3_162	PF03374.14	8e-36	119.0
GCA_004001225___contig_1_fragment_6_832	PF00436.25	8.300000000000001e-36	118.5
GCA_001047465___contig_10_fragment_1_53	PF00436.25	8.300000000000001e-36	118.5
GCA_001047445___contig_7_fragment_6_386	PF10651.9	8.4e-36	119.2
MP_ONT143___contig_1_fragment_1_58	PF03374.14	1.1e-35	118.5
MP_ONT143___contig_1_fragment_12_1234	PF16784.5	1.2999999999999998e-35	119.1
MP_BCQMy223___contig_1_fragment_5_474	PF00436.25	1.4e-35	117.8
GCA_001047445___contig_8_fragment_3_171	PF16784.5	1.6999999999999999e-35	118.7
GCA_004001225___contig_1_fragment_6_831	PF05866.11	1.6999999999999999e-35	118.6
GCA_001047465___contig_10_fragment_1_52	PF05866.11	1.6999999999999999e-35	118.6
MP_BCQMy223___contig_1_fragment_5_471	PF16784.5	2e-35	118.5
MP_BCQMy223___contig_1_fragment_11_1129	PF10651.9	3.3e-35	117.2
GCA_001047465___contig_10_fragment_1_23	PF10651.9	3.3e-35	117.2
GCA_025728635___contig_21_12	PF05065.13	5.299999999999999e-35	117.3
GCA_001047445___contig_7_fragment_6_353	PF05866.11	6.299999999999999e-35	116.7
GCA_001047515___contig_16_fragment_2_89	PF06831.14	7.4e-35	115.2
GCA_004001225___contig_1_fragment_12_1301	PF06831.14	7.4e-35	115.2
MP_ONT143___contig_1_fragment_1_99	PF10651.9	8.2e-35	116.0
MP_BCQMy223___contig_1_fragment_5_498	PF10651.9	8.2e-35	116.0
MP_ONT143___contig_1_fragment_12_1207	PF10651.9	8.2e-35	116.0
MP_BCQMy223___contig_1_fragment_3_324	PF10651.9	8.8e-35	115.9
MP_ONT143___contig_1_fragment_14_1377	PF10651.9	8.8e-35	115.9
GCA_001047515___contig_16_fragment_1_74	PF06177.11	2.4e-34	115.0
GCA_001047445___contig_7_fragment_3_187	PF06177.11	2.4e-34	115.0
MP_BCQMy223___contig_1_fragment_11_1156	PF04404.12	3.4e-34	114.2
MP_BCQMy223___contig_1_fragment_14_1461	PF13481.6	5.3e-34	113.8
GCA_004001225___contig_1_fragment_14_1637	PF13377.6	1.7999999999999998e-33	112.5
MP_BCQMy223___contig_1_fragment_5_472	PF09681.10	2.2e-33	111.1
GCA_001047445___contig_8_fragment_3_172	PF09681.10	2.3999999999999997e-33	110.9
GCA_004001225___contig_1_fragment_6_859	PF00005.27	4.2999999999999996e-33	111.0
GCA_001047465___contig_10_fragment_1_81	PF00005.27	4.2999999999999996e-33	111.0
MP_BCQMy223___contig_1_fragment_3_288	PF07553.11	6.6e-33	109.1
GCA_025728635___contig_19_fragment_1_7	PF07553.11	6.6e-33	109.1
MP_ONT143___contig_1_fragment_14_1413	PF07553.11	6.6e-33	109.1
MP_BCQMy223___contig_1_fragment_12_1202	PF18013.1	6.899999999999999e-33	110.0
MP_ONT143___contig_1_fragment_4_567	PF18013.1	6.899999999999999e-33	110.0
GCA_025728695___contig_71_fragment_1_15	PF01035.20	8.4e-33	108.7
MP_BCQMy223___contig_1_fragment_8_933	PF01035.20	8.4e-33	108.7
GCA_004001225___contig_1_fragment_7_939	PF01035.20	8.4e-33	108.7
GCA_001047465___contig_10_fragment_2_159	PF01035.20	8.4e-33	108.7
MP_ONT143___contig_1_fragment_7_774	PF01035.20	8.4e-33	108.7
GCA_004001225___contig_1_fragment_3_327	PF06156.13	1.1999999999999999e-32	108.9
MP_ONT143___contig_1_fragment_13_1349	PF06156.13	1.1999999999999999e-32	108.9
GCA_001047445___contig_8_fragment_1_54	PF06156.13	1.1999999999999999e-32	108.9
MP_BCQMy223___contig_1_fragment_4_352	PF06156.13	1.1999999999999999e-32	108.9
MP_ONT143___contig_1_fragment_14_1378	PF18013.1	1.4e-32	109.0
MP_BCQMy223___contig_1_fragment_3_323	PF18013.1	1.4e-32	109.0
GCA_001047445___contig_7_fragment_6_391	PF16938.5	1.6e-32	107.8
GCA_025728635___contig_21_11	PF02368.18	1.6e-32	107.6
GCA_004001225___contig_1_fragment_6_836	PF04404.12	1.7e-32	108.7
GCA_001047465___contig_10_fragment_1_57	PF04404.12	1.7e-32	108.7
MP_ONT143___contig_1_fragment_4_551	PF00005.27	1.8e-32	109.0
MP_BCQMy223___contig_1_fragment_12_1218	PF00005.27	1.8e-32	109.0
GCA_025728645___contig_11_fragment_1_17	PF00005.27	1.8e-32	109.0
GCA_025728595___contig_1_fragment_2_247	PF00005.27	1.8e-32	109.0
GCA_025728675___contig_32_fragment_1_98	PF00005.27	2.1e-32	108.8
MP_ONT143___contig_1_fragment_2_134	PF00005.27	2.1e-32	108.8
MP_BCQMy223___contig_1_fragment_2_82	PF00005.27	2.1e-32	108.8
GCA_001047445___contig_7_fragment_5_292	PF00005.27	2.3999999999999999e-32	108.6
GCA_004001225___contig_1_fragment_9_1182	PF00005.27	2.3999999999999999e-32	108.6
GCA_025728645___contig_11_fragment_1_1	PF18013.1	2.3999999999999999e-32	108.2
GCA_004001225___contig_1_fragment_2_95	PF00005.27	2.6e-32	108.5
GCA_001047445___contig_12_fragment_2_125	PF00005.27	2.6e-32	108.5
MP_ONT143___contig_1_fragment_13_1350	PF04468.12	8.3e-32	105.7
MP_BCQMy223___contig_1_fragment_4_351	PF04468.12	8.3e-32	105.7
GCA_004001225___contig_1_fragment_3_326	PF04468.12	8.4e-32	105.6
GCA_001047445___contig_8_fragment_1_53	PF04468.12	8.4e-32	105.6
GCA_004001225___contig_1_fragment_6_858	PF00589.22	9.5e-32	106.4
GCA_001047465___contig_10_fragment_1_80	PF00589.22	9.5e-32	106.4
GCA_004001225___contig_1_fragment_13_1405	PF03013.14	9.599999999999999e-32	106.0
GCA_001047515___contig_16_fragment_3_195	PF03013.14	9.599999999999999e-32	106.0
GCA_001047445___contig_7_fragment_1_66	PF03013.14	9.599999999999999e-32	106.0
GCA_001047445___contig_8_fragment_3_157	PF00589.22	1.5999999999999999e-31	105.7
MP_BCQMy223___contig_1_fragment_14_1479	PF00589.22	1.6999999999999998e-31	105.6
MP_ONT143___contig_1_fragment_12_1251	PF00589.22	1.7999999999999998e-31	105.5
MP_BCQMy223___contig_1_fragment_5_450	PF00589.22	1.7999999999999998e-31	105.5
GCA_001047445___contig_7_fragment_5_317	PF16938.5	2.4e-31	104.1
MP_BCQMy223___contig_1_fragment_12_1196	PF16938.5	2.4e-31	104.1
GCA_004001225___contig_1_fragment_9_1157	PF16938.5	2.4e-31	104.1
MP_ONT143___contig_1_fragment_4_573	PF16938.5	2.4e-31	104.1
GCA_004001225___contig_1_fragment_6_849	PF02498.17	2.8e-31	104.4
GCA_001047465___contig_10_fragment_1_71	PF02498.17	3e-31	104.3
MP_BCQMy223___contig_1_fragment_3_287	PF00589.22	3.1e-31	104.7
GCA_025728635___contig_19_fragment_1_8	PF00589.22	3.1e-31	104.7
MP_ONT143___contig_1_fragment_14_1414	PF00589.22	3.1e-31	104.7
MP_BCQMy223___contig_1_fragment_14_1464	PF04851.15	3.8999999999999997e-31	104.6
MP_BCQMy223___contig_1_fragment_3_328	PF16938.5	4.7e-31	103.1
MP_ONT143___contig_1_fragment_14_1373	PF16938.5	4.7e-31	103.1
MP_BCQMy223___contig_1_fragment_11_1133	PF05709.11	4.899999999999999e-31	104.3
GCA_004001225___contig_1_fragment_6_805	PF05709.11	4.899999999999999e-31	104.3
GCA_001047465___contig_10_fragment_1_27	PF05709.11	4.899999999999999e-31	104.3
MP_ONT143___contig_1_fragment_1_104	PF16938.5	5.6e-31	102.9
MP_ONT143___contig_1_fragment_12_1202	PF16938.5	6.8999999999999995e-31	102.6
MP_BCQMy223___contig_1_fragment_5_503	PF16938.5	6.8999999999999995e-31	102.6
GCA_025728675___contig_32_fragment_1_100	PF18483.1	7.199999999999999e-31	104.0
MP_ONT143___contig_1_fragment_2_132	PF18483.1	7.199999999999999e-31	104.0
MP_BCQMy223___contig_1_fragment_2_80	PF18483.1	7.199999999999999e-31	104.0
MP_ONT143___contig_1_fragment_1_53	PF00589.22	1.2e-30	102.8
GCA_001047465___contig_10_fragment_1_18	PF16938.5	1.3e-30	101.7
GCA_004001225___contig_1_fragment_6_795	PF16938.5	1.3e-30	101.7
MP_BCQMy223___contig_1_fragment_11_1124	PF16938.5	1.3e-30	101.7
MP_BCQMy223___contig_1_fragment_11_1118	PF00589.22	3e-30	101.5
GCA_001047445___contig_7_fragment_6_361	PF03592.16	1.2e-29	99.8
MP_ONT143___contig_1_fragment_12_1211	PF05709.11	1.7000000000000001e-29	99.3
MP_BCQMy223___contig_1_fragment_5_494	PF05709.11	1.7000000000000001e-29	99.3
GCA_001047445___contig_7_fragment_6_380	PF06854.11	1.9e-29	99.1
MP_ONT143___contig_1_fragment_15_1462	PF04023.14	2.3e-29	97.8
MP_BCQMy223___contig_1_fragment_15_1526	PF04023.14	2.3e-29	97.8
MP_BCQMy223___contig_1_fragment_3_312	PF04860.12	2.6e-29	98.7
MP_ONT143___contig_1_fragment_14_1389	PF04860.12	2.6e-29	98.7
GCA_025728635___contig_21_24	PF07083.11	2.9999999999999997e-29	98.6
GCA_001047515___contig_16_fragment_1_79	PF03170.13	3.6000000000000003e-29	97.8
GCA_001047445___contig_7_fragment_3_182	PF03170.13	3.6000000000000003e-29	97.8
MP_ONT143___contig_1_fragment_1_95	PF05709.11	4.6e-29	97.8
GCA_001047465___contig_10_fragment_1_76	PF09669.10	5.9e-29	96.8
GCA_004001225___contig_1_fragment_6_854	PF09669.10	6.6e-29	96.6
MP_ONT143___contig_1_fragment_7_780	PF00486.28	1.1999999999999999e-28	95.3
MP_BCQMy223___contig_1_fragment_8_927	PF00486.28	1.1999999999999999e-28	95.3
GCA_004001225___contig_1_fragment_7_932	PF00486.28	1.1999999999999999e-28	95.3
GCA_025728695___contig_71_fragment_1_21	PF00486.28	1.1999999999999999e-28	95.3
GCA_001047445___contig_8_fragment_2_110	PF13462.6	1.3000000000000002e-28	96.5
MP_BCQMy223___contig_1_fragment_8_926	PF02518.26	2.3999999999999998e-28	95.2
MP_ONT143___contig_1_fragment_7_781	PF02518.26	2.3999999999999998e-28	95.2
GCA_025728695___contig_71_fragment_1_22	PF02518.26	2.3999999999999998e-28	95.2
GCA_004001225___contig_1_fragment_7_931	PF02518.26	2.3999999999999998e-28	95.2
MP_ONT143___contig_1_fragment_2_120	PF00005.27	5.6999999999999995e-28	94.4
GCA_025728675___contig_32_fragment_1_112	PF00005.27	5.6999999999999995e-28	94.4
MP_ONT143___contig_1_fragment_13_1348	PF00590.20	7.5e-28	94.2
GCA_004001225___contig_1_fragment_3_328	PF00590.20	7.5e-28	94.2
MP_BCQMy223___contig_1_fragment_4_353	PF00590.20	7.5e-28	94.2
GCA_001047445___contig_8_fragment_1_55	PF00590.20	7.7e-28	94.1
GCA_001047525___contig_2_8	PF03318.13	2.8e-27	92.2
GCA_001047395___contig_1_10	PF03318.13	2.8e-27	92.2
MP_BCQMy225___contig_3_10	PF03318.13	9.2e-27	90.5
MP_BCQMy223___contig_3_10	PF03318.13	9.2e-27	90.5
MP_BCQMy223___contig_1_fragment_14_1459	PF05866.11	1.2e-25	86.7
MP_ONT143___contig_1_fragment_12_1193	PF03167.19	2.6e-25	85.5
MP_BCQMy223___contig_1_fragment_4_347	PF13662.6	3e-25	84.8
GCA_025728695___contig_71_fragment_1_17	PF13344.6	5.1e-25	83.8
MP_ONT143___contig_1_fragment_7_776	PF13344.6	5.1e-25	83.8
MP_BCQMy223___contig_1_fragment_8_931	PF13344.6	5.1e-25	83.8
GCA_004001225___contig_1_fragment_7_937	PF13344.6	5.300000000000001e-25	83.8
GCA_001047465___contig_10_fragment_2_157	PF13344.6	5.300000000000001e-25	83.8
MP_ONT143___contig_1_fragment_12_1220	PF05065.13	1.3e-24	83.3
MP_BCQMy223___contig_1_fragment_5_485	PF05065.13	1.3e-24	83.3
GCA_014202715___contig_5_fragment_3_90	PF13419.6	1.6e-24	83.3
GCA_004001205___contig_2_fragment_3_98	PF13419.6	1.6e-24	83.3
GCA_004001225___contig_1_fragment_3_322	PF13662.6	1.7e-24	82.4
GCA_001047445___contig_8_fragment_1_49	PF13662.6	1.7e-24	82.4
MP_BCQMy223___contig_1_fragment_14_1434	PF04531.13	2.2999999999999997e-24	82.0
GCA_001047445___contig_8_fragment_3_185	PF05065.13	2.6e-24	82.2
GCA_001047465___contig_10_fragment_1_38	PF05065.13	2.9999999999999996e-24	82.1
GCA_004001225___contig_1_fragment_6_816	PF05065.13	2.9999999999999996e-24	82.1
MP_ONT143___contig_1_fragment_1_71	PF07083.11	3.2e-24	82.1
GCA_001047465___contig_10_fragment_1_55	PF09681.10	4.0000000000000004e-24	81.2
GCA_004001225___contig_1_fragment_6_834	PF09681.10	4.0000000000000004e-24	81.2
MP_ONT143___contig_1_fragment_1_85	PF05065.13	5.0999999999999995e-24	81.3
MP_ONT143___contig_1_fragment_12_1233	PF09681.10	1.1999999999999998e-23	79.6
GCA_001047445___contig_7_fragment_6_375	PF12691.7	1.4000000000000002e-23	80.0
GCA_001047445___contig_12_fragment_2_121	PF18483.1	1.9e-23	79.8
GCA_004001225___contig_1_fragment_2_91	PF18483.1	1.9e-23	79.8
MP_ONT143___contig_1_fragment_12_1215	PF04630.12	2.2999999999999998e-23	78.8
MP_BCQMy223___contig_1_fragment_5_490	PF04630.12	2.2999999999999998e-23	78.8
MP_BCQMy223___contig_1_fragment_14_1440	PF06605.11	2.8000000000000003e-23	78.9
MP_BCQMy223___contig_1_fragment_11_1142	PF05065.13	3.7e-23	78.5
GCA_025728635___contig_21_13	PF14265.6	7.700000000000001e-23	77.4
GCA_025728635___contig_19_fragment_1_9	PF00471.20	1.8000000000000001e-22	75.8
GCA_001047445___contig_8_fragment_2_113	PF02627.20	5.700000000000001e-22	73.9
GCA_001047445___contig_8_fragment_3_190	PF04630.12	6.900000000000001e-22	74.0
MP_ONT143___contig_1_fragment_1_90	PF04630.12	6.900000000000001e-22	74.0
MP_BCQMy223___contig_1_fragment_11_1137	PF04630.12	1.0000000000000001e-21	73.5
GCA_025728635___contig_21_1	PF06605.11	1.4000000000000002e-21	73.3
GCA_001047445___contig_7_fragment_6_390	PF10779.9	1.5999999999999999e-21	72.6
MP_ONT143___contig_1_fragment_1_103	PF10779.9	2.7e-21	71.9
MP_ONT143___contig_1_fragment_12_1203	PF10779.9	3.8000000000000005e-21	71.4
MP_BCQMy223___contig_1_fragment_5_502	PF10779.9	3.8000000000000005e-21	71.4
MP_ONT143___contig_1_fragment_2_119	PF00072.24	3.9e-21	71.6
GCA_025728675___contig_32_fragment_1_113	PF00072.24	3.9e-21	71.6
GCA_001047445___contig_8_fragment_2_116	PF01757.22	7.8e-21	70.7
MP_BCQMy223___contig_1_fragment_11_1149	PF06114.13	9.5e-21	70.3
MP_ONT143___contig_1_fragment_14_1374	PF10779.9	9.5e-21	70.1
MP_BCQMy223___contig_1_fragment_3_327	PF10779.9	9.5e-21	70.1
MP_BCQMy223___contig_1_fragment_5_481	PF05119.12	1.3000000000000001e-20	70.0
GCA_001047445___contig_8_fragment_3_181	PF05119.12	1.3000000000000001e-20	70.0
GCA_001047445___contig_7_fragment_5_304	PF06199.11	1.3000000000000001e-20	70.1
GCA_025728645___contig_11_fragment_1_6	PF06199.11	1.3000000000000001e-20	70.2
GCA_025728695___contig_140_2	PF06199.11	1.3999999999999998e-20	70.0
MP_BCQMy223___contig_1_fragment_12_1207	PF06199.11	1.3999999999999998e-20	70.0
MP_ONT143___contig_1_fragment_4_562	PF06199.11	1.3999999999999998e-20	70.0
GCA_025728595___contig_1_fragment_2_258	PF06199.11	1.3999999999999998e-20	70.0
GCA_004001225___contig_1_fragment_6_811	PF04630.12	1.7e-20	69.5
GCA_001047465___contig_10_fragment_1_33	PF04630.12	1.7e-20	69.5
MP_BCQMy223___contig_1_fragment_14_1436	PF09693.10	2.2000000000000002e-20	68.7
MP_BCQMy223___contig_1_fragment_11_1146	PF05119.12	2.6000000000000002e-20	69.0
GCA_025728635___contig_21_6	PF06199.11	2.9999999999999997e-20	69.0
GCA_004001225___contig_1_fragment_9_1170	PF06199.11	3.1e-20	69.0
GCA_004001225___contig_1_fragment_9_1166	PF05709.11	3.2000000000000003e-20	68.9
GCA_001047525___contig_2_9	PF16935.5	3.2000000000000003e-20	68.2
GCA_001047445___contig_7_fragment_5_308	PF05709.11	3.2000000000000003e-20	68.9
GCA_001047525___contig_2_3	PF16935.5	5e-20	67.6
MP_ONT143___contig_1_fragment_12_1224	PF05119.12	5.2000000000000005e-20	68.0
MP_ONT143___contig_1_fragment_1_81	PF05119.12	5.2000000000000005e-20	68.0
GCA_001047445___contig_7_fragment_6_362	PF04466.13	5.4e-20	68.0
GCA_014202715___contig_5_fragment_3_96	PF03551.14	6.6e-20	67.2
GCA_004001205___contig_2_fragment_3_92	PF03551.14	6.6e-20	67.2
MP_BCQMy223___contig_1_fragment_14_1439	PF18667.1	8.400000000000001e-20	67.1
GCA_001047465___contig_10_fragment_1_43	PF05119.12	1.1000000000000002e-19	67.0
GCA_004001225___contig_1_fragment_6_821	PF05119.12	1.1000000000000002e-19	67.0
GCA_004001205___contig_2_fragment_3_94	PF12833.7	1.5e-19	66.3
GCA_014202715___contig_5_fragment_3_94	PF12833.7	1.5e-19	66.3
GCA_025728595___contig_1_fragment_2_262	PF05709.11	1.5e-19	66.7
MP_ONT143___contig_1_fragment_4_566	PF05709.11	1.8e-19	66.5
MP_BCQMy223___contig_1_fragment_12_1203	PF05709.11	1.8e-19	66.5
GCA_025728645___contig_11_fragment_1_2	PF05709.11	1.8e-19	66.5
GCA_001047525___contig_2_6	PF16935.5	2.1e-19	65.6
GCA_025728635___contig_21_2	PF05709.11	3.2000000000000003e-19	65.6
MP_BCQMy223___contig_1_fragment_14_1446	PF06199.11	3.7e-19	65.5
GCA_004001225___contig_1_fragment_9_1165	PF18013.1	5.199999999999999e-19	65.0
GCA_001047445___contig_7_fragment_5_309	PF18013.1	5.199999999999999e-19	65.0
MP_ONT143___contig_1_fragment_12_1204	PF09693.10	6.1e-19	64.1
MP_BCQMy223___contig_1_fragment_5_501	PF09693.10	6.1e-19	64.1
GCA_025728635___contig_21_17	PF03592.16	7.2e-19	64.9
GCA_001047445___contig_7_fragment_6_351	PF00436.25	7.7e-19	64.0
GCA_001047445___contig_7_fragment_1_67	PF01432.20	8.200000000000001e-19	64.4
GCA_001047515___contig_16_fragment_3_194	PF01432.20	8.200000000000001e-19	64.4
GCA_004001225___contig_1_fragment_13_1404	PF01432.20	8.200000000000001e-19	64.4
GCA_014202715___contig_5_fragment_3_89	PF04616.14	8.7e-19	64.2
GCA_004001205___contig_2_fragment_3_99	PF04616.14	8.7e-19	64.2
GCA_004001225___contig_1_fragment_10_1209	PF01420.19	1.1000000000000001e-18	64.4
MP_ONT143___contig_1_fragment_12_1194	PF07927.12	1.3999999999999999e-18	63.0
MP_ONT143___contig_1_fragment_1_102	PF09693.10	1.6e-18	62.7
GCA_001047445___contig_7_fragment_6_389	PF09693.10	2.3e-18	62.2
GCA_001047445___contig_7_fragment_6_339	PF01381.22	2.3e-18	62.3
GCA_001047445___contig_7_fragment_6_364	PF17288.2	1.6e-17	60.6
MP_ONT143___contig_1_fragment_14_1380	PF10145.9	2.5e-17	59.7
MP_BCQMy223___contig_1_fragment_3_321	PF10145.9	2.5e-17	59.7
GCA_001047465___contig_10_fragment_1_20	PF09693.10	2.8999999999999997e-17	58.7
GCA_004001225___contig_1_fragment_6_797	PF09693.10	2.8999999999999997e-17	58.7
MP_BCQMy223___contig_1_fragment_11_1126	PF09693.10	2.8999999999999997e-17	58.7
GCA_025728635___contig_21_14	PF04233.14	4.7e-17	59.0
GCA_001047395___contig_1_12	PF17363.2	9.8e-17	57.3
MP_BCQMy223___contig_3_12	PF17363.2	9.8e-17	57.3
MP_BCQMy225___contig_3_12	PF17363.2	9.8e-17	57.3
GCA_004001225___contig_1_fragment_2_85	PF02595.15	1e-16	57.2
GCA_001047525___contig_2_11	PF17363.2	1e-16	57.2
GCA_001047445___contig_12_fragment_2_115	PF02595.15	1e-16	57.2
GCA_004001225___contig_1_fragment_13_1400	PF04892.12	1.1000000000000001e-16	58.0
GCA_001047515___contig_16_fragment_3_190	PF04892.12	1.1000000000000001e-16	58.0
GCA_001047445___contig_7_fragment_1_71	PF04892.12	1.1000000000000001e-16	58.0
GCA_001047515___contig_16_fragment_2_92	PF05043.13	3.2e-16	56.0
GCA_004001225___contig_1_fragment_12_1304	PF05043.13	3.2e-16	56.0
GCA_001047445___contig_7_fragment_2_169	PF05043.13	3.2e-16	56.0
MP_ONT143___contig_1_fragment_2_114	PF01381.22	3.9e-16	55.2
MP_BCQMy223___contig_1_fragment_1_60	PF01381.22	3.9e-16	55.2
GCA_025728675___contig_32_fragment_1_118	PF01381.22	3.9e-16	55.2
MP_ONT143___contig_1_fragment_1_55	PF01381.22	9.6e-16	53.9
GCA_014202715___contig_5_fragment_3_97	PF08006.11	1.7e-15	53.3
GCA_004001205___contig_2_fragment_3_91	PF08006.11	1.7e-15	53.3
GCA_025728645___contig_11_fragment_1_10	PF13229.6	1.9e-15	53.4
MP_ONT143___contig_1_fragment_15_1463	PF00462.24	1.9e-15	53.1
GCA_001047445___contig_7_fragment_5_300	PF13229.6	1.9e-15	53.4
MP_BCQMy223___contig_1_fragment_12_1211	PF13229.6	1.9e-15	53.4
MP_ONT143___contig_1_fragment_4_558	PF13229.6	1.9e-15	53.4
GCA_025728595___contig_1_fragment_2_254	PF13229.6	1.9e-15	53.4
MP_BCQMy223___contig_1_fragment_15_1527	PF00462.24	1.9e-15	53.1
MP_BCQMy223___contig_1_fragment_5_447	PF00583.25	2.9e-15	52.8
GCA_001047445___contig_12_fragment_2_122	PF07523.12	3.1e-15	52.6
GCA_004001225___contig_1_fragment_2_92	PF07523.12	3.4e-15	52.4
GCA_001047445___contig_7_fragment_6_373	PF10665.9	1.1e-14	50.8
MP_BCQMy223___contig_1_fragment_3_298	PF00176.23	1.2e-14	50.0
MP_ONT143___contig_1_fragment_14_1403	PF00176.23	1.2e-14	50.0
GCA_004001225___contig_1_fragment_6_790	PF10097.9	1.5999999999999998e-14	49.9
GCA_001047465___contig_10_fragment_1_13	PF10097.9	1.5999999999999998e-14	49.9
MP_ONT143___contig_1_fragment_12_1235	PF13479.6	1.9e-14	50.1
MP_BCQMy223___contig_1_fragment_11_1178	PF01381.22	1.9e-14	49.8
GCA_025728615___contig_16_3	PF14213.6	2e-14	49.3
GCA_025728675___contig_32_fragment_1_117	PF00132.24	2.2e-14	48.9
MP_BCQMy223___contig_1_fragment_1_61	PF00132.24	2.2e-14	48.9
MP_ONT143___contig_1_fragment_2_115	PF00132.24	2.2e-14	48.9
GCA_004001225___contig_1_fragment_2_96	PF07242.11	4.4e-14	48.9
GCA_001047445___contig_7_fragment_6_368	PF06810.11	7e-14	48.2
GCA_025728675___contig_32_fragment_1_119	PF07853.11	9.099999999999999e-14	47.2
MP_BCQMy223___contig_1_fragment_1_59	PF07853.11	9.099999999999999e-14	47.2
MP_ONT143___contig_1_fragment_2_113	PF07853.11	9.099999999999999e-14	47.2
GCA_001047465___contig_10_fragment_1_66	PF08346.12	1.1e-13	47.9
GCA_004001225___contig_1_fragment_6_845	PF08346.12	1.1e-13	47.9
GCA_001047445___contig_8_fragment_3_160	PF00717.23	1.7e-13	46.6
GCA_004001225___contig_1_fragment_6_851	PF00717.23	1.9e-13	46.5
GCA_001047465___contig_10_fragment_1_73	PF00717.23	2e-13	46.4
MP_ONT143___contig_1_fragment_12_1248	PF01381.22	2.1e-13	46.4
MP_BCQMy223___contig_1_fragment_14_1444	PF12363.8	2.3e-13	46.8
MP_BCQMy223___contig_1_fragment_11_1179	PF00717.23	2.3e-13	46.2
GCA_001047445___contig_12_fragment_2_126	PF07242.11	2.6e-13	46.4
GCA_001047465___contig_10_fragment_2_160	PF10031.9	3.4999999999999997e-13	45.7
GCA_025728695___contig_71_fragment_1_14	PF10031.9	3.4999999999999997e-13	45.7
MP_ONT143___contig_1_fragment_7_773	PF10031.9	3.4999999999999997e-13	45.7
GCA_004001225___contig_1_fragment_7_940	PF10031.9	3.4999999999999997e-13	45.7
MP_BCQMy223___contig_1_fragment_8_934	PF10031.9	3.4999999999999997e-13	45.7
MP_BCQMy223___contig_1_fragment_5_453	PF12844.7	5.2e-13	45.1
GCA_004001225___contig_1_fragment_9_1174	PF13229.6	5.8e-13	45.3
MP_ONT143___contig_1_fragment_12_1249	PF00717.23	6.7e-13	44.7
MP_ONT143___contig_1_fragment_1_68	PF13412.6	1e-12	43.8
MP_ONT143___contig_1_fragment_1_56	PF01381.22	1.1e-12	44.2
GCA_004001225___contig_1_fragment_12_1307	PF01381.22	1.2e-12	44.0
GCA_001047515___contig_16_fragment_2_95	PF01381.22	1.3000000000000001e-12	43.9
GCA_001047445___contig_7_fragment_2_166	PF01381.22	1.3000000000000001e-12	43.9
GCA_001047445___contig_7_fragment_6_335	PF07508.13	2.2e-12	43.6
MP_BCQMy223___contig_1_fragment_2_83	PF07242.11	2.7000000000000002e-12	43.1
GCA_025728675___contig_32_fragment_1_97	PF07242.11	2.7000000000000002e-12	43.1
MP_ONT143___contig_1_fragment_2_135	PF07242.11	2.7000000000000002e-12	43.1
MP_ONT143___contig_1_fragment_14_1392	PF01844.23	3.3e-12	42.7
MP_BCQMy223___contig_1_fragment_3_309	PF01844.23	3.3e-12	42.7
MP_ONT143___contig_1_fragment_4_554	PF00717.23	3.3999999999999996e-12	42.5
MP_BCQMy223___contig_1_fragment_12_1215	PF00717.23	3.3999999999999996e-12	42.5
GCA_025728595___contig_1_fragment_2_250	PF00717.23	3.3999999999999996e-12	42.5
GCA_004001225___contig_1_fragment_9_1179	PF00717.23	3.3999999999999996e-12	42.5
GCA_001047445___contig_7_fragment_5_295	PF00717.23	3.3999999999999996e-12	42.5
GCA_025728645___contig_11_fragment_1_14	PF00717.23	3.3999999999999996e-12	42.5
MP_BCQMy223___contig_1_fragment_15_1522	PF13443.6	3.9e-12	42.8
MP_ONT143___contig_1_fragment_15_1458	PF13443.6	3.9e-12	42.8
MP_BCQMy223___contig_1_fragment_14_1469	PF13175.6	4e-12	42.8
MP_BCQMy223___contig_1_fragment_5_486	PF05135.13	5.2000000000000005e-12	42.5
MP_ONT143___contig_1_fragment_12_1219	PF05135.13	5.2000000000000005e-12	42.5
GCA_001047445___contig_7_fragment_6_366	PF06152.11	8.5e-12	40.9
GCA_001047515___contig_16_fragment_3_189	PF01476.20	1.0000000000000001e-11	41.1
GCA_004001225___contig_1_fragment_13_1399	PF01476.20	1.0000000000000001e-11	41.1
GCA_001047445___contig_7_fragment_1_72	PF01476.20	1.0000000000000001e-11	41.1
GCA_004001225___contig_1_fragment_10_1212	PF12161.8	1.1999999999999999e-11	41.6
GCA_004001225___contig_1_fragment_6_857	PF01381.22	1.5e-11	40.5
GCA_001047525___contig_2_21	PF07564.11	1.6e-11	40.5
GCA_001047465___contig_10_fragment_1_79	PF01381.22	1.7e-11	40.4
GCA_001047445___contig_7_fragment_1_65	PF09954.9	1.8e-11	40.3
GCA_001047515___contig_16_fragment_3_196	PF09954.9	1.8e-11	40.3
GCA_004001225___contig_1_fragment_13_1406	PF09954.9	1.8e-11	40.3
GCA_001047445___contig_7_fragment_6_340	PF01381.22	1.8e-11	40.3
GCA_004001225___contig_1_fragment_6_815	PF05135.13	2.5e-11	40.3
GCA_001047465___contig_10_fragment_1_37	PF05135.13	2.8e-11	40.1
GCA_001047435___contig_3_fragment_1_57	PF13597.6	5.199999999999998e-182	602.0
GCA_001047405___contig_3_fragment_3_345	PF13597.6	5.199999999999998e-182	602.0
GCA_000270185___contig_1_fragment_5_619	PF13597.6	5.199999999999998e-182	602.0
GCA_025728595___contig_9_fragment_1_3	PF13597.6	5.199999999999998e-182	602.0
MP_ONT231___contig_1_fragment_10_1283	PF13597.6	5.199999999999998e-182	602.0
GCA_000270185___contig_1_fragment_16_1591	PF00476.20	6.099999999999998e-157	518.0
MP_ONT231___contig_1_fragment_4_531	PF05833.11	1.4999999999999995e-150	497.4
GCA_025728595___contig_45_fragment_2_80	PF05833.11	1.5999999999999996e-150	497.4
GCA_001047405___contig_3_fragment_8_948	PF05833.11	3.6999999999999986e-149	492.8
MP_ONT231___contig_1_fragment_12_1403	PF02867.15	9.199999999999997e-140	462.1
GCA_000270185___contig_1_fragment_8_1010	PF06418.14	1.8999999999999992e-132	436.0
GCA_001047435___contig_3_fragment_4_435	PF06418.14	1.8999999999999992e-132	436.0
GCA_001047405___contig_3_fragment_6_723	PF06418.14	1.8999999999999992e-132	436.0
GCA_025728645___contig_29_fragment_2_103	PF02595.15	2.699999999999999e-127	420.3
MP_BCQMy206___contig_2_fragment_2_99	PF17389.2	2.999999999999999e-125	413.5
MP_ONT81___contig_2_fragment_2_101	PF17389.2	2.999999999999999e-125	413.5
GCA_025728635___contig_43_fragment_2_107	PF17389.2	2.999999999999999e-125	413.5
GCA_000747585___contig_2_fragment_3_101	PF17389.2	7.399999999999998e-125	412.2
GCA_000270185___contig_1_fragment_6_672	PF03668.15	6.099999999999997e-113	372.3
GCA_000270185___contig_1_fragment_6_673	PF01933.18	1.2999999999999996e-99	328.7
GCA_000270185___contig_1_fragment_2_84	PF02595.15	5.7999999999999986e-98	323.8
MP_ONT231___contig_1_fragment_12_1404	PF00268.21	6.399999999999999e-90	296.9
GCA_000270185___contig_1_fragment_6_676	PF00574.23	6.599999999999999e-88	288.9
GCA_025728615___contig_3_fragment_1_24	PF06152.11	9.799999999999998e-88	290.0
GCA_000270185___contig_1_fragment_12_1396	PF05133.14	4.0999999999999996e-84	278.6
GCA_025728615___contig_3_fragment_1_25	PF05133.14	3.7999999999999994e-81	268.8
GCA_000270185___contig_1_fragment_12_1414	PF12684.7	2.7e-75	248.7
GCA_000270185___contig_1_fragment_8_1013	PF06908.11	1.1999999999999997e-71	235.7
GCA_001047435___contig_3_fragment_4_438	PF06908.11	1.4999999999999997e-71	235.4
GCA_001047405___contig_3_fragment_6_726	PF06908.11	1.4999999999999997e-71	235.4
GCA_000747585___contig_2_fragment_3_100	PF00933.21	2.3999999999999995e-68	226.4
MP_ONT81___contig_2_fragment_2_100	PF00933.21	2.3999999999999995e-68	226.4
MP_BCQMy206___contig_2_fragment_2_98	PF00933.21	2.3999999999999995e-68	226.4
GCA_025728635___contig_43_fragment_2_108	PF00933.21	2.3999999999999995e-68	226.4
MP_ONT81___contig_2_fragment_2_103	PF04616.14	1.1999999999999999e-66	220.4
MP_BCQMy206___contig_2_fragment_2_101	PF04616.14	1.1999999999999999e-66	220.4
GCA_025728635___contig_43_fragment_2_105	PF04616.14	1.1999999999999999e-66	220.4
GCA_000270185___contig_1_fragment_12_1394	PF06152.11	5.6999999999999986e-65	215.1
GCA_000270185___contig_1_fragment_16_1598	PF02677.14	7.099999999999999e-65	213.9
GCA_000270185___contig_1_fragment_8_1012	PF03838.14	7.599999999999999e-65	213.3
GCA_001047405___contig_3_fragment_6_725	PF03838.14	7.599999999999999e-65	213.3
GCA_001047435___contig_3_fragment_4_437	PF03838.14	7.599999999999999e-65	213.3
MP_ONT231___contig_1_fragment_12_1399	PF02421.18	9.699999999999997e-65	212.4
MP_ONT231___contig_1_fragment_11_1310	PF05382.13	5.8e-63	206.6
GCA_000270185___contig_1_fragment_13_1444	PF05382.13	7.299999999999999e-63	206.3
MP_ONT231___contig_1_fragment_7_734	PF05382.13	7.299999999999999e-63	206.3
MP_ONT231___contig_1_fragment_9_1190	PF08282.12	1.3000000000000002e-60	200.9
GCA_001047435___contig_3_fragment_4_436	PF00912.22	1.6999999999999998e-60	199.0
GCA_000270185___contig_1_fragment_8_1011	PF00912.22	1.6999999999999998e-60	199.1
GCA_001047405___contig_3_fragment_6_724	PF00912.22	1.6999999999999998e-60	199.0
MP_ONT231___contig_1_fragment_11_1328	PF03354.15	3.7e-60	199.3
GCA_000270185___contig_1_fragment_3_321	PF02590.17	4.4e-58	191.2
GCA_000270185___contig_1_fragment_6_680	PF04552.13	5.6e-57	187.5
GCA_025728595___contig_9_fragment_1_9	PF13177.6	2e-56	185.8
MP_ONT231___contig_1_fragment_10_1289	PF13177.6	2e-56	185.8
GCA_001047435___contig_3_fragment_1_51	PF13177.6	2.7e-56	185.4
GCA_001047405___contig_3_fragment_3_339	PF13177.6	2.7e-56	185.4
GCA_000270185___contig_1_fragment_5_613	PF13177.6	2.7e-56	185.4
GCA_000270185___contig_1_fragment_12_1378	PF06605.11	1.9999999999999998e-54	180.5
MP_ONT231___contig_1_fragment_10_1291	PF02223.17	5e-54	178.3
GCA_025728595___contig_9_fragment_1_11	PF02223.17	5e-54	178.3
GCA_000270185___contig_1_fragment_5_611	PF02223.17	5e-54	178.3
GCA_001047405___contig_3_fragment_3_337	PF02223.17	5e-54	178.3
GCA_001047435___contig_3_fragment_1_49	PF02223.17	5e-54	178.3
GCA_025728615___contig_3_fragment_1_11	PF06605.11	8.199999999999999e-54	178.5
GCA_000270185___contig_1_fragment_2_88	PF13731.6	1.0999999999999999e-53	177.9
GCA_025728645___contig_29_fragment_2_106	PF13731.6	1.0999999999999999e-53	177.9
MP_ONT231___contig_1_fragment_11_1326	PF04586.17	7.099999999999999e-53	174.7
MP_ONT231___contig_1_fragment_1_85	PF03354.15	1.8e-52	173.9
MP_ONT231___contig_1_fragment_10_1285	PF00817.20	2.8e-51	169.0
GCA_000270185___contig_1_fragment_5_617	PF00817.20	2.8e-51	169.0
GCA_001047405___contig_3_fragment_3_343	PF00817.20	2.8e-51	169.0
GCA_001047435___contig_3_fragment_1_55	PF00817.20	2.8e-51	169.0
GCA_025728595___contig_9_fragment_1_5	PF00817.20	2.8e-51	169.0
MP_ONT231___contig_1_fragment_9_1160	PF03354.15	3.2e-51	169.8
GCA_025728595___contig_9_fragment_1_4	PF13353.6	6.4e-51	167.8
MP_ONT231___contig_1_fragment_10_1284	PF13353.6	6.4e-51	167.8
GCA_000270185___contig_1_fragment_5_618	PF13353.6	2.0999999999999998e-50	166.2
GCA_001047405___contig_3_fragment_3_344	PF13353.6	2.0999999999999998e-50	166.2
GCA_001047435___contig_3_fragment_1_56	PF13353.6	2.0999999999999998e-50	166.2
GCA_000270185___contig_1_fragment_17_1700	PF13561.6	7.000000000000001e-50	165.3
GCA_000270185___contig_1_fragment_12_1370	PF05382.13	1.7e-49	162.9
GCA_000270185___contig_1_fragment_17_1694	PF00544.19	2.3e-49	163.4
GCA_025728595___contig_45_fragment_2_81	PF07314.11	2.8999999999999996e-49	163.1
GCA_001047405___contig_3_fragment_8_950	PF07314.11	3.0999999999999996e-49	163.0
MP_ONT231___contig_1_fragment_4_532	PF07314.11	3.2e-49	163.0
GCA_025728645___contig_29_fragment_2_104	PF11797.8	1.5e-48	159.9
GCA_001047405___contig_3_fragment_7_831	PF04586.17	2.8999999999999997e-48	159.6
GCA_001047405___contig_1_31	PF04586.17	2.8999999999999997e-48	159.6
MP_ONT231___contig_1_fragment_1_108	PF16775.5	3.2e-48	157.9
GCA_000270185___contig_1_fragment_15_1577	PF13604.6	4.2999999999999994e-48	159.1
GCA_001047405___contig_3_fragment_7_809	PF16775.5	4.8e-48	157.3
GCA_001047405___contig_1_9	PF16775.5	4.8e-48	157.3
GCA_000270185___contig_1_fragment_2_86	PF11797.8	5.199999999999999e-48	158.1
GCA_000270185___contig_1_fragment_16_1594	PF00122.20	5.7e-48	158.4
GCA_025728645___contig_29_fragment_2_107	PF13731.6	6.4e-48	159.1
MP_ONT231___contig_1_fragment_12_1405	PF03816.14	1.6e-47	157.0
GCA_000270185___contig_1_fragment_2_89	PF13731.6	1.8e-47	157.7
GCA_000270185___contig_1_fragment_14_1501	PF18766.1	1.4999999999999997e-46	154.4
GCA_001047405___contig_3_fragment_7_851	PF05565.11	2e-46	153.5
GCA_001047405___contig_1_51	PF05565.11	2e-46	153.5
MP_ONT231___contig_1_fragment_1_99	PF06605.11	2.1000000000000003e-46	154.1
MP_ONT231___contig_1_fragment_1_86	PF04860.12	3.8e-46	153.2
GCA_001047405___contig_3_fragment_7_832	PF04860.12	3.8999999999999995e-46	153.2
GCA_001047405___contig_1_32	PF04860.12	3.8999999999999995e-46	153.2
MP_ONT231___contig_1_fragment_9_1173	PF05565.11	5.400000000000001e-46	152.1
MP_ONT231___contig_1_fragment_9_1159	PF04860.12	5.999999999999999e-46	152.6
GCA_025728615___contig_3_fragment_1_39	PF05565.11	9e-46	151.4
GCA_025728635___contig_43_fragment_2_99	PF05866.11	5.9e-45	148.4
MP_ONT81___contig_2_fragment_2_109	PF05866.11	5.9e-45	148.4
MP_BCQMy206___contig_2_fragment_2_107	PF05866.11	5.9e-45	148.4
GCA_001047435___contig_3_fragment_4_434	PF07553.11	6.7e-45	146.7
GCA_001047405___contig_3_fragment_6_722	PF07553.11	6.7e-45	146.7
GCA_000270185___contig_1_fragment_8_1009	PF07553.11	6.7e-45	146.7
GCA_000270185___contig_1_fragment_14_1498	PF02384.16	1.1999999999999998e-44	148.4
GCA_000270185___contig_1_fragment_12_1387	PF11114.8	1.4999999999999999e-44	146.3
GCA_000747585___contig_2_fragment_3_112	PF05866.11	1.4999999999999999e-44	147.1
GCA_025728645___contig_29_fragment_1_91	PF16173.5	3.2e-44	146.0
GCA_025728615___contig_3_fragment_1_49	PF00239.21	4.3999999999999997e-44	145.7
GCA_025728695___contig_133_4	PF00239.21	1.2999999999999998e-43	144.2
GCA_001047405___contig_1_18	PF06605.11	1.8e-43	144.5
GCA_000270185___contig_1_fragment_5_612	PF06153.11	1.8e-43	142.8
GCA_001047405___contig_3_fragment_7_818	PF06605.11	1.8e-43	144.5
MP_ONT231___contig_1_fragment_10_1290	PF06153.11	1.8e-43	142.8
GCA_025728595___contig_9_fragment_1_10	PF06153.11	1.8e-43	142.8
GCA_001047435___contig_3_fragment_1_50	PF06153.11	1.8e-43	142.8
GCA_001047405___contig_3_fragment_3_338	PF06153.11	1.8e-43	142.8
GCA_000747585___contig_2_fragment_3_105	PF04616.14	1.8e-42	141.1
GCA_025728615___contig_3_fragment_1_26	PF04466.13	2.8999999999999996e-42	140.0
GCA_000270185___contig_1_fragment_15_1578	PF00300.22	2.2999999999999996e-41	137.2
GCA_000270185___contig_1_fragment_12_1382	PF06854.11	2.3999999999999997e-41	137.1
MP_ONT231___contig_1_fragment_11_1338	PF13479.6	1.7e-40	134.4
MP_ONT231___contig_1_fragment_11_1325	PF05065.13	1.7999999999999998e-40	134.6
GCA_000270185___contig_1_fragment_16_1600	PF01595.20	3.9e-40	132.9
GCA_000270185___contig_1_fragment_6_674	PF14527.6	2.2999999999999998e-39	128.9
MP_ONT231___contig_1_fragment_7_756	PF01042.21	3.399999999999999e-39	129.2
GCA_000270185___contig_1_fragment_13_1468	PF01042.21	5.799999999999999e-39	128.4
GCA_000270185___contig_1_fragment_12_1415	PF03837.14	6.4e-39	129.0
GCA_000270185___contig_1_fragment_13_1457	PF12363.8	6.899999999999999e-39	128.3
MP_ONT231___contig_1_fragment_7_745	PF12363.8	6.899999999999999e-39	128.3
GCA_001047405___contig_3_fragment_7_833	PF03354.15	1.5e-38	128.0
GCA_001047405___contig_1_33	PF03354.15	1.5e-38	128.0
GCA_025728615___contig_3_fragment_1_1	PF01183.20	2.7999999999999995e-38	127.4
MP_ONT231___contig_1_fragment_7_740	PF10651.9	5.799999999999999e-38	125.5
GCA_000270185___contig_1_fragment_15_1581	PF13641.6	7.6e-38	126.2
MP_ONT231___contig_1_fragment_12_1402	PF07972.11	8.9e-38	124.7
GCA_001047405___contig_1_49	PF16784.5	8.9e-38	125.4
GCA_001047405___contig_3_fragment_7_849	PF16784.5	8.9e-38	125.4
GCA_001047405___contig_3_fragment_8_952	PF06265.11	8.9e-38	123.8
MP_ONT231___contig_1_fragment_4_534	PF06265.11	8.9e-38	123.8
GCA_025728595___contig_45_fragment_2_83	PF06265.11	8.9e-38	123.8
GCA_000270185___contig_1_fragment_13_1451	PF10651.9	1.2e-37	124.4
GCA_000270185___contig_1_fragment_12_1413	PF16784.5	1.4999999999999998e-37	124.6
GCA_025728615___contig_3_fragment_1_19	PF11114.8	4.3e-37	122.2
MP_ONT231___contig_1_fragment_1_87	PF04586.17	8.1e-37	122.4
MP_ONT231___contig_1_fragment_9_1158	PF04586.17	8.1e-37	122.4
GCA_000270185___contig_1_fragment_12_1420	PF03374.14	1.6e-36	120.5
GCA_025728615___contig_3_fragment_1_27	PF03592.16	2.3999999999999997e-36	120.9
MP_ONT231___contig_1_fragment_9_1183	PF03374.14	2.5e-36	119.9
MP_ONT231___contig_1_fragment_1_61	PF03374.14	2.6999999999999997e-36	119.8
GCA_000270185___contig_1_fragment_12_1379	PF05709.11	2.7999999999999998e-36	120.8
MP_ONT231___contig_1_fragment_9_1179	PF03374.14	4.2e-36	119.1
GCA_001047405___contig_1_46	PF00436.25	4.9e-36	118.5
GCA_001047405___contig_3_fragment_7_846	PF00436.25	4.9e-36	118.5
GCA_000270185___contig_1_fragment_12_1376	PF10651.9	5e-36	119.2
GCA_025728615___contig_3_fragment_1_34	PF00436.25	5.099999999999999e-36	118.5
MP_ONT231___contig_1_fragment_9_1171	PF16784.5	7.6e-36	119.1
MP_ONT231___contig_1_fragment_9_1168	PF00436.25	8.199999999999999e-36	117.8
GCA_025728615___contig_3_fragment_1_37	PF16784.5	9.499999999999999e-36	118.8
GCA_001047405___contig_1_45	PF05866.11	1e-35	118.6
GCA_001047405___contig_3_fragment_7_845	PF05866.11	1e-35	118.6
GCA_025728615___contig_3_fragment_1_14	PF06854.11	1.1999999999999998e-35	118.6
GCA_025728615___contig_3_fragment_1_44	PF03374.14	1.5e-35	117.3
GCA_001047405___contig_3_fragment_7_815	PF10651.9	2e-35	117.2
GCA_001047405___contig_1_15	PF10651.9	2e-35	117.2
GCA_000270185___contig_1_fragment_12_1408	PF05866.11	3.7e-35	116.7
GCA_000270185___contig_1_fragment_16_1590	PF06831.14	4.4e-35	115.2
MP_ONT231___contig_1_fragment_1_102	PF10651.9	4.899999999999999e-35	116.0
MP_ONT231___contig_1_fragment_11_1315	PF10651.9	5.299999999999999e-35	115.9
GCA_000270185___contig_1_fragment_15_1576	PF06177.11	9e-35	115.6
GCA_025728615___contig_3_fragment_1_12	PF05709.11	2.7999999999999995e-34	114.2
GCA_001047405___contig_3_fragment_1_119	PF13377.6	1.1e-33	112.5
GCA_001047405___contig_3_fragment_7_873	PF00005.27	2.6e-33	111.0
GCA_025728615___contig_3_fragment_1_9	PF10651.9	2.8999999999999997e-33	110.2
GCA_025728615___contig_3_fragment_1_38	PF04404.12	3.9e-33	110.0
MP_ONT231___contig_1_fragment_11_1351	PF07553.11	3.9e-33	109.1
MP_ONT231___contig_1_fragment_7_741	PF18013.1	4.099999999999999e-33	110.0
GCA_025728595___contig_45_fragment_2_84	PF01035.20	4.9999999999999996e-33	108.7
GCA_001047405___contig_3_fragment_8_953	PF01035.20	4.9999999999999996e-33	108.7
MP_ONT231___contig_1_fragment_4_535	PF01035.20	4.9999999999999996e-33	108.7
GCA_000270185___contig_1_fragment_5_615	PF06156.13	7e-33	108.9
GCA_025728595___contig_9_fragment_1_7	PF06156.13	7e-33	108.9
GCA_001047405___contig_3_fragment_3_341	PF06156.13	7e-33	108.9
MP_ONT231___contig_1_fragment_10_1287	PF06156.13	7e-33	108.9
GCA_001047435___contig_3_fragment_1_53	PF06156.13	7e-33	108.9
MP_ONT231___contig_1_fragment_11_1316	PF18013.1	8.299999999999998e-33	109.0
GCA_000270185___contig_1_fragment_12_1371	PF16938.5	9.399999999999999e-33	107.8
GCA_001047405___contig_3_fragment_7_850	PF04404.12	9.999999999999999e-33	108.7
GCA_001047405___contig_1_50	PF04404.12	9.999999999999999e-33	108.7
MP_ONT231___contig_1_fragment_7_757	PF00005.27	1.1e-32	109.0
GCA_025728645___contig_29_fragment_2_110	PF00005.27	1.1999999999999999e-32	108.8
GCA_000270185___contig_1_fragment_13_1469	PF00005.27	1.4e-32	108.6
GCA_000270185___contig_1_fragment_2_95	PF00005.27	1.5e-32	108.5
GCA_025728595___contig_9_fragment_1_2	PF00005.27	2.8e-32	107.7
MP_ONT231___contig_1_fragment_10_1288	PF04468.12	4.9000000000000003e-32	105.7
GCA_025728595___contig_9_fragment_1_8	PF04468.12	4.9000000000000003e-32	105.7
GCA_001047435___contig_3_fragment_1_52	PF04468.12	4.999999999999999e-32	105.6
GCA_001047405___contig_3_fragment_3_340	PF04468.12	4.999999999999999e-32	105.6
GCA_000270185___contig_1_fragment_5_614	PF04468.12	4.999999999999999e-32	105.6
GCA_001047405___contig_1_2	PF00589.22	5.6e-32	106.4
GCA_001047405___contig_3_fragment_7_872	PF00589.22	5.6e-32	106.4
GCA_000270185___contig_1_fragment_17_1698	PF03013.14	5.7e-32	106.0
MP_ONT231___contig_1_fragment_9_1189	PF00589.22	1.1e-31	105.5
GCA_000270185___contig_1_fragment_13_1445	PF16938.5	1.4e-31	104.1
MP_ONT231___contig_1_fragment_7_735	PF16938.5	1.4e-31	104.1
GCA_001047405___contig_1_63	PF02498.17	1.6999999999999998e-31	104.4
GCA_001047405___contig_3_fragment_7_863	PF02498.17	1.6999999999999998e-31	104.4
MP_ONT231___contig_1_fragment_11_1352	PF00589.22	1.9e-31	104.7
MP_ONT231___contig_1_fragment_11_1311	PF16938.5	2.8e-31	103.1
GCA_001047405___contig_1_19	PF05709.11	2.8999999999999996e-31	104.3
GCA_001047405___contig_3_fragment_7_819	PF05709.11	2.8999999999999996e-31	104.3
MP_ONT231___contig_1_fragment_1_107	PF16938.5	3.3999999999999997e-31	102.9
GCA_025728645___contig_29_fragment_2_108	PF18483.1	4.3e-31	104.0
MP_ONT231___contig_1_fragment_1_53	PF00589.22	7.4e-31	102.8
GCA_001047405___contig_1_10	PF16938.5	7.9e-31	101.7
GCA_025728615___contig_3_fragment_1_2	PF16938.5	7.9e-31	101.7
GCA_001047405___contig_3_fragment_7_810	PF16938.5	7.9e-31	101.7
GCA_000270185___contig_1_fragment_12_1400	PF03592.16	1.3e-30	102.2
GCA_025728695___contig_154_4	PF10651.9	1.9e-30	101.1
MP_ONT231___contig_1_fragment_1_58	PF09669.10	4.6e-30	99.6
GCA_000270185___contig_1_fragment_14_1495	PF01420.19	8.7e-30	99.7
MP_ONT231___contig_1_fragment_12_1400	PF04023.14	1.4e-29	97.8
MP_ONT231___contig_1_fragment_11_1327	PF04860.12	1.4999999999999998e-29	98.7
GCA_000270185___contig_1_fragment_15_1580	PF03170.13	2.1e-29	97.8
MP_ONT231___contig_1_fragment_1_98	PF05709.11	2.8e-29	97.8
GCA_001047405___contig_1_68	PF09669.10	4.0000000000000003e-29	96.6
GCA_001047405___contig_3_fragment_7_868	PF09669.10	4.0000000000000003e-29	96.6
GCA_025728595___contig_45_fragment_2_78	PF00486.28	7e-29	95.3
GCA_001047405___contig_3_fragment_8_946	PF00486.28	7.200000000000001e-29	95.3
MP_ONT231___contig_1_fragment_4_529	PF00486.28	7.200000000000001e-29	95.3
GCA_001047405___contig_3_fragment_8_945	PF02518.26	1.4e-28	95.2
MP_ONT231___contig_1_fragment_4_528	PF02518.26	1.4e-28	95.2
GCA_025728595___contig_45_fragment_2_77	PF02518.26	1.4e-28	95.2
GCA_000270185___contig_1_fragment_6_675	PF13462.6	2e-28	95.1
GCA_025728615___contig_3_fragment_1_23	PF06810.11	3.2000000000000003e-28	94.0
GCA_000270185___contig_1_fragment_12_1369	PF13274.6	3.7e-28	94.3
GCA_025728595___contig_9_fragment_1_6	PF00590.20	4e-28	94.4
GCA_000270185___contig_1_fragment_5_616	PF00590.20	4.5e-28	94.2
GCA_001047405___contig_3_fragment_3_342	PF00590.20	4.5e-28	94.2
GCA_001047435___contig_3_fragment_1_54	PF00590.20	4.5e-28	94.2
MP_ONT231___contig_1_fragment_10_1286	PF00590.20	4.5e-28	94.2
GCA_025728695___contig_4_5	PF08346.12	1.8000000000000004e-26	88.1
GCA_025728615___contig_3_fragment_1_36	PF07261.11	1.3e-25	84.6
GCA_025728595___contig_9_fragment_1_12	PF13662.6	1.8e-25	84.8
GCA_001047405___contig_3_fragment_8_951	PF13344.6	3e-25	83.9
MP_ONT231___contig_1_fragment_4_533	PF13344.6	3.1e-25	83.8
GCA_025728595___contig_45_fragment_2_82	PF13344.6	3.1e-25	83.8
GCA_000270185___contig_1_fragment_3_319	PF13365.6	4e-25	85.0
MP_ONT231___contig_1_fragment_9_1157	PF05065.13	7.699999999999999e-25	83.3
GCA_000270185___contig_1_fragment_3_318	PF14278.6	7.9e-25	82.6
MP_BCQMy206___contig_2_fragment_2_100	PF13419.6	9.300000000000001e-25	83.3
MP_ONT81___contig_2_fragment_2_102	PF13419.6	9.300000000000001e-25	83.3
GCA_025728635___contig_43_fragment_2_106	PF13419.6	9.300000000000001e-25	83.3
GCA_000747585___contig_2_fragment_3_103	PF13419.6	9.300000000000001e-25	83.3
GCA_001047435___contig_3_fragment_1_48	PF13662.6	1.0000000000000001e-24	82.4
GCA_001047405___contig_3_fragment_3_336	PF13662.6	1.0000000000000001e-24	82.4
GCA_000270185___contig_1_fragment_5_610	PF13662.6	1.0000000000000001e-24	82.4
GCA_025728615___contig_3_fragment_1_18	PF12691.7	1.7e-24	82.2
GCA_001047405___contig_3_fragment_7_830	PF05065.13	1.8e-24	82.1
GCA_001047405___contig_1_30	PF05065.13	1.8e-24	82.1
MP_ONT231___contig_1_fragment_1_74	PF07083.11	1.8999999999999998e-24	82.1
GCA_001047405___contig_1_48	PF09681.10	2.4e-24	81.2
GCA_001047405___contig_3_fragment_7_848	PF09681.10	2.4e-24	81.2
MP_ONT231___contig_1_fragment_1_88	PF05065.13	3.1e-24	81.3
MP_ONT231___contig_1_fragment_9_1170	PF09681.10	7.000000000000001e-24	79.6
GCA_000270185___contig_1_fragment_2_91	PF18483.1	1.1000000000000001e-23	79.8
MP_ONT231___contig_1_fragment_9_1152	PF04630.12	1.4000000000000002e-23	78.8
GCA_000270185___contig_1_fragment_6_678	PF02627.20	3.4e-22	73.9
MP_ONT231___contig_1_fragment_1_93	PF04630.12	4.1e-22	74.0
GCA_000270185___contig_1_fragment_12_1372	PF10779.9	9.6e-22	72.6
MP_ONT231___contig_1_fragment_1_106	PF10779.9	1.5999999999999999e-21	71.9
GCA_000270185___contig_1_fragment_6_681	PF01757.22	4.6999999999999995e-21	70.7
MP_ONT231___contig_1_fragment_11_1312	PF10779.9	5.600000000000001e-21	70.1
MP_ONT231___contig_1_fragment_9_1161	PF05119.12	7.600000000000001e-21	70.0
GCA_000270185___contig_1_fragment_13_1458	PF06199.11	8.000000000000001e-21	70.1
MP_ONT231___contig_1_fragment_7_746	PF06199.11	8.6e-21	70.0
GCA_000747585___contig_2_fragment_3_98	PF12833.7	9.8e-21	69.4
GCA_001047405___contig_1_25	PF04630.12	1.0000000000000001e-20	69.5
GCA_001047405___contig_3_fragment_7_825	PF04630.12	1.0000000000000001e-20	69.5
GCA_000270185___contig_1_fragment_13_1454	PF05709.11	1.9e-20	68.9
GCA_000270185___contig_1_fragment_14_1497	PF02384.16	2.2000000000000002e-20	68.7
MP_ONT231___contig_1_fragment_1_84	PF05119.12	3.1e-20	68.0
GCA_000270185___contig_1_fragment_12_1399	PF04466.13	3.2000000000000003e-20	68.0
GCA_000747585___contig_2_fragment_3_96	PF03551.14	4.0000000000000004e-20	67.2
GCA_025728635___contig_43_fragment_2_111	PF03551.14	4.0000000000000004e-20	67.2
MP_BCQMy206___contig_2_fragment_2_95	PF03551.14	4.0000000000000004e-20	67.2
MP_ONT81___contig_2_fragment_2_97	PF03551.14	4.0000000000000004e-20	67.2
GCA_001047405___contig_3_fragment_7_835	PF05119.12	6.400000000000001e-20	67.0
GCA_001047405___contig_1_35	PF05119.12	6.400000000000001e-20	67.0
GCA_025728615___contig_3_fragment_1_20	PF10665.9	7.7e-20	66.6
MP_ONT81___contig_2_fragment_2_99	PF12833.7	9e-20	66.3
MP_BCQMy206___contig_2_fragment_2_97	PF12833.7	9e-20	66.3
GCA_025728635___contig_43_fragment_2_109	PF12833.7	9e-20	66.3
MP_ONT231___contig_1_fragment_7_742	PF05709.11	1e-19	66.5
GCA_000270185___contig_1_fragment_13_1453	PF18013.1	3.1e-19	65.0
GCA_000270185___contig_1_fragment_12_1410	PF00436.25	4.6e-19	64.0
GCA_000270185___contig_1_fragment_17_1697	PF01432.20	4.9e-19	64.4
GCA_000747585___contig_2_fragment_3_104	PF04616.14	5.199999999999999e-19	64.2
MP_ONT231___contig_1_fragment_1_105	PF09693.10	9.8e-19	62.7
GCA_000270185___contig_1_fragment_12_1422	PF01381.22	1.2e-18	62.4
GCA_000270185___contig_1_fragment_12_1373	PF09693.10	1.3999999999999999e-18	62.2
GCA_025728695___contig_4_1	PF03374.14	8.9e-18	60.2
GCA_000270185___contig_1_fragment_12_1397	PF17288.2	9.300000000000001e-18	60.6
MP_ONT231___contig_1_fragment_11_1318	PF10145.9	1.5e-17	59.7
GCA_025728615___contig_3_fragment_1_4	PF09693.10	1.8e-17	58.7
GCA_001047405___contig_3_fragment_7_812	PF09693.10	1.8e-17	58.7
GCA_001047405___contig_1_12	PF09693.10	1.8e-17	58.7
GCA_000270185___contig_1_fragment_2_85	PF02595.15	6e-17	57.2
GCA_000270185___contig_1_fragment_17_1693	PF04892.12	6.3e-17	58.0
GCA_000270185___contig_1_fragment_16_1593	PF05043.13	1.8999999999999998e-16	56.0
GCA_025728645___contig_29_fragment_1_88	PF01381.22	2.3e-16	55.2
GCA_000270185___contig_1_fragment_12_1386	PF12691.7	9.999999999999999e-16	53.8
MP_ONT231___contig_1_fragment_7_750	PF13229.6	1.1e-15	53.4
GCA_000270185___contig_1_fragment_13_1462	PF13229.6	1.1e-15	53.4
GCA_000270185___contig_1_fragment_14_1493	PF00293.28	1.1e-15	53.4
MP_ONT231___contig_1_fragment_12_1401	PF00462.24	1.2e-15	53.1
GCA_000270185___contig_1_fragment_2_92	PF07523.12	1.9e-15	52.6
GCA_025728635___contig_43_fragment_2_112	PF08006.11	3e-15	51.8
MP_ONT81___contig_2_fragment_2_96	PF08006.11	3e-15	51.8
MP_BCQMy206___contig_2_fragment_2_94	PF08006.11	3e-15	51.8
GCA_000747585___contig_2_fragment_3_95	PF08006.11	4.8e-15	51.1
GCA_000270185___contig_1_fragment_12_1388	PF10665.9	6.7e-15	50.8
MP_ONT231___contig_1_fragment_11_1341	PF00176.23	7.2e-15	50.0
GCA_001047405___contig_3_fragment_7_805	PF10097.9	9.4e-15	49.9
GCA_001047405___contig_1_5	PF10097.9	9.4e-15	49.9
MP_ONT231___contig_1_fragment_9_1172	PF13479.6	1.2e-14	50.1
GCA_025728645___contig_29_fragment_1_89	PF00132.24	1.3e-14	48.9
GCA_000270185___contig_1_fragment_12_1393	PF06810.11	3.1e-14	48.6
GCA_025728645___contig_29_fragment_1_87	PF07853.11	5.400000000000001e-14	47.2
GCA_001047405___contig_3_fragment_7_859	PF08346.12	6.5e-14	47.9
GCA_001047405___contig_1_59	PF08346.12	6.5e-14	47.9
GCA_001047405___contig_3_fragment_7_865	PF00717.23	1.1e-13	46.5
GCA_001047405___contig_1_65	PF00717.23	1.1e-13	46.5
MP_ONT231___contig_1_fragment_9_1186	PF01381.22	1.2e-13	46.4
GCA_025728615___contig_3_fragment_1_45	PF01381.22	1.2e-13	46.4
GCA_000270185___contig_1_fragment_2_96	PF07242.11	1.4e-13	46.6
GCA_001047405___contig_3_fragment_8_954	PF10031.9	2.1e-13	45.7
GCA_025728595___contig_45_fragment_2_85	PF10031.9	2.1e-13	45.7
MP_ONT231___contig_1_fragment_4_536	PF10031.9	2.1e-13	45.7
MP_ONT231___contig_1_fragment_1_55	PF00717.23	2.8e-13	45.2
MP_ONT231___contig_1_fragment_9_1187	PF00717.23	4e-13	44.7
MP_ONT231___contig_1_fragment_1_71	PF13412.6	6e-13	43.8
GCA_025728615___contig_3_fragment_1_46	PF00717.23	6.8e-13	44.0
GCA_000270185___contig_1_fragment_16_1597	PF01381.22	7.4e-13	44.0
GCA_025728645___contig_29_fragment_2_111	PF07242.11	1.6e-12	43.1
GCA_000270185___contig_1_fragment_13_1466	PF00717.23	2e-12	42.5
MP_ONT231___contig_1_fragment_7_754	PF00717.23	2e-12	42.5
MP_ONT231___contig_1_fragment_11_1330	PF01844.23	2e-12	42.7
MP_ONT231___contig_1_fragment_12_1396	PF13443.6	2.3e-12	42.8
MP_ONT231___contig_1_fragment_9_1156	PF05135.13	3.1e-12	42.5
GCA_000270185___contig_1_fragment_12_1395	PF06152.11	5.1e-12	40.9
GCA_000270185___contig_1_fragment_17_1692	PF01476.20	5.9e-12	41.1
GCA_000270185___contig_1_fragment_14_1499	PF12161.8	7.4e-12	41.6
GCA_001047405___contig_3_fragment_7_871	PF01381.22	9.1e-12	40.5
GCA_001047405___contig_1_1	PF01381.22	9.1e-12	40.5
GCA_000270185___contig_1_fragment_17_1699	PF09954.9	1.1e-11	40.3
GCA_001047405___contig_1_29	PF05135.13	1.5e-11	40.3
GCA_001047405___contig_3_fragment_7_829	PF05135.13	1.5e-11	40.3
