protein	id	evalue	score
MP_BCQMy206___contig_1_fragment_4_356	VOG03262	3.4999999999999984e-275	910.3
GCA_001047595___contig_7_fragment_1_58	VOG03262	3.4999999999999984e-275	910.3
GCA_025728615___contig_1_fragment_2_29	VOG03262	3.4999999999999984e-275	910.3
MP_QEQMy132961___contig_1_fragment_14_1416	VOG03262	3.4999999999999984e-275	910.3
GCA_001047455___contig_3_fragment_3_346	VOG03262	3.4999999999999984e-275	910.3
MP_BCQMy206___contig_1_fragment_14_1458	VOG00554	1.899999999999999e-193	640.6
GCA_025728595___contig_11_12	VOG24298	2.6999999999999995e-161	533.9
GCA_003462485___contig_1_fragment_3_212	VOG00356	8.799999999999998e-157	519.4
GCA_025728695___contig_67_fragment_1_16	VOG00120	5.999999999999999e-141	466.7
MP_BCQMy206___contig_1_fragment_15_1531	VOG00120	5.999999999999999e-141	466.7
GCA_025728595___contig_13_fragment_1_179	VOG00120	5.999999999999999e-141	466.7
GCA_003462485___contig_1_fragment_2_163	VOG02447	3.9999999999999995e-133	440.5
GCA_025728675___contig_22_fragment_4_240	VOG00824	1.4999999999999995e-121	403.0
MP_BCQMy206___contig_1_fragment_12_1199	VOG00824	1.4999999999999995e-121	403.0
MP_BCQMy206___contig_1_fragment_14_1456	VOG00523	3.2999999999999994e-117	388.1
MP_BCQMy206___contig_1_fragment_14_1465	VOG00029	1.3999999999999997e-115	382.9
MP_QEQMy132961___contig_1_fragment_7_583	VOG00824	9.199999999999998e-113	374.0
MP_BCQMy206___contig_1_fragment_3_305	VOG00674	4.899999999999999e-109	361.1
GCA_025728615___contig_1_fragment_4_290	VOG00520	2.0999999999999995e-108	358.9
GCA_025728595___contig_11_10	VOG00674	4.799999999999999e-106	351.3
GCA_003462485___contig_1_fragment_3_213	VOG00356	9.999999999999998e-106	350.3
MP_QEQMy132961___contig_1_fragment_4_445	VOG00029	7.899999999999998e-102	337.5
GCA_003462485___contig_1_fragment_2_171	VOG01473	1.1999999999999998e-93	309.9
GCA_025728695___contig_67_fragment_1_17	VOG00398	3.999999999999999e-90	297.6
MP_BCQMy206___contig_1_fragment_15_1532	VOG00398	3.999999999999999e-90	297.6
GCA_025728595___contig_13_fragment_1_178	VOG00398	3.999999999999999e-90	297.6
MP_BCQMy206___contig_1_fragment_5_485	VOG13487	7.3999999999999995e-90	297.9
MP_QEQMy132961___contig_1_fragment_10_932	VOG13487	1.2999999999999998e-89	297.1
MP_BCQMy206___contig_1_fragment_11_1139	VOG13487	1.7999999999999997e-89	296.6
GCA_003462485___contig_1_fragment_2_157	VOG12267	2.3999999999999998e-89	295.1
MP_BCQMy206___contig_1_fragment_5_493	VOG04056	1.4999999999999997e-81	270.5
GCA_025728595___contig_11_16	VOG00381	8.099999999999998e-80	264.3
GCA_025728595___contig_11_17	VOG00213	8.799999999999999e-76	251.2
MP_BCQMy206___contig_1_fragment_5_482	VOG04497	8.099999999999997e-75	247.2
MP_BCQMy206___contig_1_fragment_11_1142	VOG04497	4.499999999999999e-74	244.7
MP_BCQMy206___contig_1_fragment_3_323	VOG00824	5.399999999999999e-73	242.5
MP_BCQMy206___contig_1_fragment_3_298	VOG00523	6.999999999999998e-73	241.8
MP_QEQMy132961___contig_1_fragment_10_889	VOG00041	7.499999999999999e-71	235.0
GCA_003462485___contig_1_fragment_2_141	VOG00041	9.999999999999998e-71	234.6
MP_BCQMy206___contig_1_fragment_11_1131	VOG04056	1.2999999999999998e-70	234.3
MP_QEQMy132961___contig_1_fragment_10_941	VOG21220	4.299999999999999e-68	226.0
MP_BCQMy206___contig_1_fragment_14_1481	VOG00041	1.4999999999999998e-67	224.2
MP_BCQMy206___contig_1_fragment_14_1452	VOG00381	2.2999999999999997e-67	223.3
MP_BCQMy206___contig_1_fragment_3_306	VOG00724	2.1999999999999998e-66	220.6
MP_QEQMy132961___contig_1_fragment_10_942	VOG04056	2.7e-66	219.9
MP_BCQMy206___contig_1_fragment_14_1451	VOG00213	8.199999999999998e-66	218.4
MP_BCQMy206___contig_1_fragment_3_287	VOG00041	1.7e-65	217.4
GCA_025728675___contig_22_fragment_2_138	VOG00084	7.599999999999999e-64	212.4
MP_QEQMy132961___contig_1_fragment_5_459	VOG00084	1.4999999999999996e-63	211.4
MP_BCQMy206___contig_1_fragment_5_450	VOG00041	2.9999999999999994e-61	203.4
GCA_003462485___contig_1_fragment_1_72	VOG00668	4.2e-60	199.8
GCA_025728595___contig_11_18	VOG00686	1.4999999999999997e-56	188.4
MP_BCQMy206___contig_1_fragment_12_1192	VOG02574	2.9999999999999994e-56	186.8
MP_QEQMy132961___contig_1_fragment_7_592	VOG02574	2.9999999999999994e-56	186.8
MP_QEQMy132961___contig_1_fragment_3_340	VOG05855	8.999999999999998e-56	184.9
GCA_025728615___contig_1_fragment_1_2	VOG02574	5.3e-55	182.8
MP_BCQMy206___contig_1_fragment_3_329	VOG02574	5.3e-55	182.8
GCA_025728615___contig_1_fragment_4_293	VOG20253	8e-55	181.3
GCA_025728675___contig_22_fragment_4_241	VOG13479	7.6e-54	178.6
MP_BCQMy206___contig_1_fragment_12_1198	VOG13479	7.6e-54	178.6
MP_QEQMy132961___contig_1_fragment_7_585	VOG13479	1.3e-53	177.8
MP_BCQMy206___contig_1_fragment_14_1468	VOG02922	2.8000000000000003e-53	176.4
MP_BCQMy206___contig_1_fragment_11_1115	VOG00041	3.8000000000000002e-53	176.8
MP_BCQMy206___contig_1_fragment_5_472	VOG21431	1.1e-52	174.5
GCA_003462485___contig_1_fragment_7_546	VOG11508	1.1e-52	174.7
MP_BCQMy206___contig_1_fragment_3_324	VOG13479	1.3999999999999998e-52	174.4
MP_BCQMy206___contig_1_fragment_14_1439	VOG03140	1.1e-50	167.9
MP_QEQMy132961___contig_1_fragment_10_916	VOG00404	5.6e-50	165.2
GCA_001047595___contig_7_fragment_4_430	VOG03321	1e-49	164.7
GCA_001047455___contig_3_fragment_5_722	VOG03321	1e-49	164.7
MP_QEQMy132961___contig_1_fragment_11_1040	VOG03321	1e-49	164.7
MP_BCQMy206___contig_1_fragment_5_474	VOG00404	1.1e-48	161.0
MP_BCQMy206___contig_1_fragment_11_1149	VOG00404	7.1e-48	158.4
MP_QEQMy132961___contig_1_fragment_10_911	VOG11084	2.5999999999999997e-47	156.4
MP_BCQMy206___contig_1_fragment_5_455	VOG10124	4.5e-46	153.3
GCA_025728595___contig_11_20	VOG00633	8.199999999999998e-46	152.9
MP_BCQMy206___contig_1_fragment_14_1450	VOG00686	1.1999999999999998e-44	149.2
GCA_001047455___contig_3_fragment_5_725	VOG12515	6.7e-44	145.5
GCA_001047595___contig_7_fragment_4_433	VOG12515	6.7e-44	145.5
MP_QEQMy132961___contig_1_fragment_11_1037	VOG12515	6.7e-44	145.5
MP_BCQMy206___contig_1_fragment_11_1154	VOG11084	6.9e-44	145.3
GCA_025728595___contig_11_26	VOG00149	1.2999999999999998e-43	144.6
MP_BCQMy206___contig_1_fragment_14_1474	VOG22001	4.199999999999999e-43	141.4
GCA_025728695___contig_77_fragment_1_18	VOG09023	9.2e-42	138.3
MP_BCQMy206___contig_1_fragment_1_61	VOG09023	9.2e-42	138.3
MP_BCQMy206___contig_1_fragment_14_1470	VOG00216	2.1999999999999997e-41	138.2
MP_QEQMy132961___contig_1_fragment_10_898	VOG10124	2.5e-41	137.8
GCA_003462485___contig_1_fragment_2_148	VOG10365	4.599999999999999e-41	136.8
MP_BCQMy206___contig_1_fragment_12_1204	VOG00149	8.099999999999999e-41	135.5
GCA_025728675___contig_22_fragment_4_235	VOG00149	8.099999999999999e-41	135.5
GCA_025728615___contig_1_fragment_4_286	VOG05855	1.4999999999999997e-40	134.9
MP_QEQMy132961___contig_1_fragment_4_436	VOG09038	1.8999999999999995e-40	134.3
GCA_001047595___contig_7_fragment_1_50	VOG00126	3.0999999999999997e-40	134.5
GCA_025728615___contig_1_fragment_2_21	VOG00126	3.0999999999999997e-40	134.5
MP_BCQMy206___contig_1_fragment_4_348	VOG00126	3.0999999999999997e-40	134.5
GCA_001047455___contig_3_fragment_3_338	VOG00126	3.0999999999999997e-40	134.5
MP_QEQMy132961___contig_1_fragment_14_1424	VOG00126	3.0999999999999997e-40	134.5
MP_BCQMy206___contig_1_fragment_5_452	VOG03321	3.2999999999999995e-40	133.7
MP_QEQMy132961___contig_1_fragment_7_578	VOG00149	1.3e-39	131.6
GCA_025728615___contig_1_fragment_2_28	VOG00313	2.9999999999999996e-39	131.1
MP_BCQMy206___contig_1_fragment_4_355	VOG00313	2.9999999999999996e-39	131.1
GCA_001047595___contig_7_fragment_1_57	VOG00313	3.2e-39	131.1
MP_QEQMy132961___contig_1_fragment_14_1417	VOG00313	3.2e-39	131.1
GCA_001047455___contig_3_fragment_3_345	VOG00313	3.2e-39	131.1
MP_BCQMy206___contig_1_fragment_3_313	VOG03165	4.1e-39	130.4
GCA_003966875___contig_3_15	VOG10286	5.6e-39	130.0
MP_ONT81___contig_3_13	VOG10286	5.6e-39	130.0
MP_BCQMy206___contig_1_fragment_14_1453	VOG02869	1.6e-38	128.9
MP_BCQMy206___contig_1_fragment_12_1215	VOG00385	1.6999999999999998e-38	128.1
GCA_025728675___contig_22_fragment_4_222	VOG00385	1.6999999999999998e-38	128.1
GCA_025728595___contig_11_9	VOG24297	1.8e-38	128.2
MP_QEQMy132961___contig_1_fragment_7_566	VOG00385	3.3e-38	127.1
MP_BCQMy206___contig_1_fragment_11_1141	VOG00236	1.4e-37	125.8
MP_BCQMy206___contig_1_fragment_5_494	VOG01075	2.3e-37	124.4
MP_QEQMy132961___contig_1_fragment_10_931	VOG03165	9.3e-37	122.7
MP_BCQMy206___contig_1_fragment_11_1130	VOG01075	1.3999999999999999e-36	121.8
MP_QEQMy132961___contig_1_fragment_10_943	VOG01075	1.3999999999999999e-36	121.8
MP_BCQMy206___contig_1_fragment_5_498	VOG18935	1.6e-36	121.9
MP_BCQMy206___contig_1_fragment_3_288	VOG03321	1.9e-36	121.5
MP_QEQMy132961___contig_1_fragment_10_888	VOG00385	1.9e-36	121.2
MP_BCQMy206___contig_1_fragment_5_458	VOG00572	3.2e-36	120.9
MP_BCQMy206___contig_1_fragment_11_1140	VOG03165	4.4999999999999996e-36	120.5
MP_BCQMy206___contig_1_fragment_5_483	VOG00236	6.3e-36	120.3
MP_BCQMy206___contig_1_fragment_11_1153	VOG09746	8.499999999999999e-36	119.3
GCA_025728675___contig_21_5	VOG18935	1.1e-35	119.1
MP_BCQMy206___contig_1_fragment_14_1437	VOG21441	1.4e-35	118.4
MP_QEQMy132961___contig_1_fragment_7_580	VOG01394	1.6e-35	118.3
MP_QEQMy132961___contig_1_fragment_10_947	VOG18935	1.6e-35	118.6
MP_BCQMy206___contig_1_fragment_12_1202	VOG01394	1.6e-35	118.3
GCA_025728675___contig_22_fragment_4_237	VOG01394	1.6e-35	118.3
MP_BCQMy206___contig_1_fragment_11_1126	VOG18935	1.6e-35	118.6
MP_QEQMy132961___contig_1_fragment_7_582	VOG00097	2.8e-35	118.0
MP_BCQMy206___contig_1_fragment_5_470	VOG00690	2.8e-35	117.9
MP_BCQMy206___contig_1_fragment_3_321	VOG02333	4.899999999999999e-35	117.1
MP_BCQMy206___contig_1_fragment_12_1200	VOG00097	4.899999999999999e-35	117.2
GCA_025728675___contig_22_fragment_4_239	VOG00097	4.899999999999999e-35	117.2
MP_BCQMy206___contig_1_fragment_3_314	VOG00633	7.599999999999999e-35	116.8
MP_BCQMy206___contig_1_fragment_5_462	VOG00572	1.1000000000000002e-34	115.8
MP_QEQMy132961___contig_1_fragment_10_930	VOG00236	1.4999999999999998e-34	115.8
GCA_025728615___contig_1_fragment_4_291	VOG01190	1.6e-34	115.3
GCA_001047595___contig_7_fragment_1_56	VOG14097	1.6e-34	115.0
GCA_001047455___contig_3_fragment_3_344	VOG14097	1.6e-34	115.0
MP_BCQMy206___contig_1_fragment_4_354	VOG14097	1.6e-34	115.0
GCA_025728615___contig_1_fragment_2_27	VOG14097	1.6e-34	115.0
MP_QEQMy132961___contig_1_fragment_14_1418	VOG14097	1.6e-34	115.0
MP_QEQMy132961___contig_1_fragment_3_348	VOG01181	1.7e-34	115.7
MP_ONT81___contig_3_7	VOG00520	1.8999999999999998e-34	115.1
GCA_003966875___contig_3_9	VOG00520	1.8999999999999998e-34	115.1
MP_QEQMy132961___contig_1_fragment_10_914	VOG21431	2.9999999999999996e-34	114.1
GCA_025728595___contig_11_30	VOG00097	9.3e-34	113.0
GCA_025728595___contig_11_23	VOG01134	9.3e-34	111.6
MP_QEQMy132961___contig_1_fragment_10_928	VOG04497	1.1999999999999998e-33	112.4
GCA_025728595___contig_11_7	VOG01036	1.6e-33	112.2
GCA_025728595___contig_11_28	VOG01394	2.3e-33	111.3
MP_BCQMy206___contig_1_fragment_11_1148	VOG01162	8e-33	109.4
MP_BCQMy206___contig_1_fragment_5_475	VOG01162	8.9e-33	109.2
GCA_025728595___contig_11_8	VOG12256	9.999999999999999e-33	109.3
GCA_025728595___contig_13_fragment_1_180	VOG01127	1.1e-32	108.5
GCA_025728695___contig_67_fragment_1_15	VOG01127	1.1e-32	108.5
MP_BCQMy206___contig_1_fragment_15_1530	VOG01127	1.1e-32	108.5
MP_BCQMy206___contig_1_fragment_11_1134	VOG01397	2.2999999999999998e-32	107.9
GCA_025728595___contig_11_29	VOG02632	1.2e-31	105.5
MP_QEQMy132961___contig_1_fragment_10_921	VOG00065	1.9999999999999997e-31	104.3
MP_QEQMy132961___contig_1_fragment_10_913	VOG00232	2.4e-31	104.4
MP_QEQMy132961___contig_1_fragment_10_912	VOG09746	2.4e-31	104.8
MP_BCQMy206___contig_1_fragment_11_1152	VOG00232	5.399999999999999e-31	103.3
GCA_003462485___contig_1_fragment_4_266	VOG11977	5.799999999999999e-31	103.8
MP_BCQMy206___contig_1_fragment_5_490	VOG01397	6.6e-31	103.2
MP_BCQMy206___contig_1_fragment_5_471	VOG00232	1.2e-30	102.1
MP_BCQMy206___contig_1_fragment_14_1473	VOG03500	1.9e-30	101.5
GCA_025728675___contig_21_1	VOG01075	2.8e-30	101.1
GCA_025728595___contig_11_21	VOG00186	3e-30	101.3
MP_BCQMy206___contig_1_fragment_11_1171	VOG00572	5.0000000000000004e-30	100.6
GCA_014202715___contig_6_fragment_1_90	VOG07964	1.3e-29	99.0
MP_QEQMy132961___contig_1_fragment_9_808	VOG07964	1.3e-29	99.0
MP_BCQMy206___contig_1_fragment_8_932	VOG07964	1.3e-29	99.0
GCA_025728675___contig_49_fragment_2_84	VOG07964	1.3e-29	99.0
GCA_003462485___contig_1_fragment_3_214	VOG09795	1.4e-29	98.6
MP_BCQMy206___contig_1_fragment_3_301	VOG00519	1.7000000000000001e-29	99.0
MP_BCQMy206___contig_1_fragment_5_495	VOG00452	2.1e-29	98.6
MP_QEQMy132961___contig_1_fragment_4_442	VOG09038	3.5e-29	97.1
MP_BCQMy206___contig_1_fragment_5_453	VOG20253	4.7000000000000004e-29	96.9
MP_QEQMy132961___contig_1_fragment_10_896	VOG20253	4.9000000000000004e-29	96.8
MP_BCQMy206___contig_1_fragment_11_1129	VOG00452	5.4e-29	97.3
MP_QEQMy132961___contig_1_fragment_10_944	VOG00452	5.4e-29	97.3
GCA_025728675___contig_21_2	VOG00452	5.4e-29	97.3
MP_BCQMy206___contig_1_fragment_12_1201	VOG02632	7.900000000000001e-29	96.2
GCA_025728675___contig_22_fragment_4_238	VOG02632	7.900000000000001e-29	96.2
MP_BCQMy206___contig_1_fragment_5_484	VOG03165	8.8e-29	96.6
MP_BCQMy206___contig_1_fragment_14_1442	VOG03436	2.3999999999999998e-28	94.9
MP_QEQMy132961___contig_1_fragment_10_937	VOG01397	2.8e-28	94.7
MP_QEQMy132961___contig_1_fragment_10_953	VOG23273	3.3e-28	94.1
MP_BCQMy206___contig_1_fragment_11_1120	VOG23273	3.3e-28	94.1
MP_BCQMy206___contig_1_fragment_14_1443	VOG00149	3.9e-28	94.2
GCA_025728675___contig_22_fragment_4_225	VOG00459	3.9e-28	94.3
MP_BCQMy206___contig_1_fragment_12_1212	VOG00459	3.9e-28	94.3
MP_QEQMy132961___contig_1_fragment_7_569	VOG00459	3.9e-28	94.3
MP_QEQMy132961___contig_1_fragment_10_893	VOG04616	1e-27	93.1
MP_BCQMy206___contig_1_fragment_14_1431	VOG02762	1.4e-27	92.1
MP_QEQMy132961___contig_1_fragment_10_901	VOG14084	1.7e-27	91.5
MP_BCQMy206___contig_1_fragment_3_311	VOG09810	2.5e-27	92.4
MP_QEQMy132961___contig_1_fragment_7_581	VOG02632	2.5e-27	91.2
MP_BCQMy206___contig_1_fragment_11_1176	VOG20253	4.5e-27	90.4
MP_BCQMy206___contig_1_fragment_3_316	VOG23090	5.3e-27	90.0
GCA_025728675___contig_22_fragment_1_5	VOG23273	6.8e-27	89.8
MP_QEQMy132961___contig_1_fragment_10_927	VOG00687	1.2e-26	89.2
MP_BCQMy206___contig_1_fragment_5_504	VOG23273	2.2e-26	88.1
GCA_025728595___contig_11_25	VOG00743	2.5e-26	88.1
MP_BCQMy206___contig_1_fragment_11_1143	VOG00687	3e-26	88.0
MP_BCQMy206___contig_1_fragment_14_1476	VOG17042	3.7999999999999996e-26	86.6
MP_BCQMy206___contig_1_fragment_5_481	VOG00687	1.2e-25	86.0
GCA_003462485___contig_1_fragment_1_66	VOG01191	2.1999999999999997e-25	85.3
GCA_025728675___contig_49_fragment_2_77	VOG09424	2.3e-25	84.5
MP_BCQMy206___contig_1_fragment_8_925	VOG09424	2.3e-25	84.5
MP_QEQMy132961___contig_1_fragment_9_816	VOG09424	2.3e-25	84.5
GCA_014202715___contig_6_fragment_1_82	VOG09424	2.3e-25	84.5
MP_BCQMy206___contig_1_fragment_11_1146	VOG00361	2.9e-25	85.2
MP_BCQMy206___contig_1_fragment_14_1444	VOG00743	1.1e-24	82.8
MP_QEQMy132961___contig_1_fragment_6_534	VOG00935	1.3e-24	82.6
GCA_025728595___contig_11_22	VOG00283	1.7e-24	81.8
MP_BCQMy206___contig_1_fragment_5_469	VOG10469	1.7e-24	82.8
MP_QEQMy132961___contig_1_fragment_10_917	VOG00098	6.6e-24	80.8
MP_BCQMy206___contig_1_fragment_3_302	VOG03001	8.4e-24	79.2
GCA_025728595___contig_11_27	VOG01394	2.3999999999999997e-23	78.5
GCA_025728675___contig_22_fragment_4_236	VOG00446	3.8e-23	78.1
MP_QEQMy132961___contig_1_fragment_7_579	VOG00446	3.8e-23	78.1
MP_BCQMy206___contig_1_fragment_12_1203	VOG00446	3.8e-23	78.1
MP_ONT81___contig_3_17	VOG01473	4.2e-23	77.4
GCA_003966875___contig_3_20	VOG01473	4.7999999999999993e-23	77.2
MP_ONT81___contig_3_8	VOG19011	5.3e-23	77.3
GCA_003966875___contig_3_10	VOG19011	5.3e-23	77.3
MP_QEQMy132961___contig_1_fragment_10_922	VOG00188	6.099999999999999e-23	77.4
MP_QEQMy132961___contig_1_fragment_10_935	VOG03575	7e-23	77.0
MP_BCQMy206___contig_1_fragment_5_488	VOG03575	1.4e-22	76.0
MP_BCQMy206___contig_1_fragment_11_1136	VOG03575	2.2e-22	75.4
GCA_003462485___contig_1_fragment_4_267	VOG11977	5.3e-22	74.4
GCA_025728595___contig_11_24	VOG00973	9.500000000000001e-22	73.6
MP_QEQMy132961___contig_1_fragment_10_926	VOG00962	1.1e-21	73.2
GCA_003462485___contig_1_fragment_2_168	VOG00434	1.2e-21	73.4
MP_BCQMy206___contig_1_fragment_5_480	VOG00962	2.0999999999999997e-21	72.3
GCA_025728595___contig_11_13	VOG00188	3.9e-21	71.6
MP_QEQMy132961___contig_1_fragment_10_929	VOG09810	4.6999999999999995e-21	71.7
MP_BCQMy206___contig_1_fragment_14_1455	VOG00188	5.799999999999999e-21	71.0
MP_BCQMy206___contig_1_fragment_11_1144	VOG00962	6e-21	70.8
GCA_025728615___contig_1_fragment_4_295	VOG10124	1.3000000000000001e-20	70.3
MP_BCQMy206___contig_1_fragment_14_1430	VOG23273	1.7e-20	68.7
MP_BCQMy206___contig_1_fragment_14_1475	VOG04233	2.0000000000000002e-20	68.1
MP_BCQMy206___contig_1_fragment_3_328	VOG01434	2.5e-20	68.7
GCA_025728675___contig_22_fragment_1_4	VOG01434	4.2000000000000004e-20	68.0
GCA_025728675___contig_22_fragment_4_229	VOG00188	4.8999999999999996e-20	68.0
MP_BCQMy206___contig_1_fragment_12_1209	VOG00188	4.8999999999999996e-20	68.0
GCA_025728595___contig_11_15	VOG02869	4.8999999999999996e-20	68.7
MP_QEQMy132961___contig_1_fragment_7_591	VOG01434	6.2e-20	67.5
MP_BCQMy206___contig_1_fragment_12_1193	VOG01434	6.2e-20	67.5
MP_BCQMy206___contig_1_fragment_3_289	VOG00361	1.2999999999999998e-19	66.7
MP_BCQMy206___contig_1_fragment_5_506	VOG14226	1.4e-19	65.6
GCA_003462485___contig_1_fragment_2_142	VOG02771	2.1e-19	66.2
MP_BCQMy206___contig_1_fragment_3_309	VOG00679	2.3999999999999997e-19	65.4
MP_QEQMy132961___contig_1_fragment_7_577	VOG00743	2.8e-19	65.3
MP_BCQMy206___contig_1_fragment_11_1121	VOG01434	3e-19	65.3
MP_QEQMy132961___contig_1_fragment_10_952	VOG01434	3e-19	65.3
GCA_003462485___contig_1_fragment_2_139	VOG16745	3.3999999999999997e-19	64.8
MP_BCQMy206___contig_1_fragment_5_503	VOG01434	3.3999999999999997e-19	65.1
MP_BCQMy206___contig_1_fragment_12_1205	VOG00743	3.5e-19	65.0
MP_BCQMy206___contig_1_fragment_14_1480	VOG00361	3.7e-19	65.2
MP_BCQMy206___contig_1_fragment_14_1447	VOG00283	4.400000000000001e-19	64.3
MP_BCQMy206___contig_1_fragment_14_1479	VOG02771	5.6e-19	64.9
MP_QEQMy132961___contig_1_fragment_14_1422	VOG01833	7.100000000000001e-19	64.2
GCA_001047455___contig_3_fragment_3_340	VOG01833	7.100000000000001e-19	64.2
MP_BCQMy206___contig_1_fragment_4_350	VOG01833	7.3e-19	64.2
GCA_025728615___contig_1_fragment_2_23	VOG01833	7.3e-19	64.2
GCA_001047595___contig_7_fragment_1_52	VOG01833	9.4e-19	63.8
MP_BCQMy223___contig_2_fragment_2_107	VOG00098	1.6e-18	63.3
GCA_000270185___contig_2_fragment_2_51	VOG00098	2.1e-18	62.8
GCA_001047555___contig_1_fragment_3_91	VOG00098	5.5e-18	61.5
GCA_025728675___contig_22_fragment_4_234	VOG00743	6.2e-18	61.0
MP_BCQMy206___contig_1_fragment_3_299	VOG00399	6.3e-18	60.6
GCA_025728675___contig_22_fragment_1_2	VOG00146	8.4e-18	59.6
MP_BCQMy206___contig_1_fragment_3_290	VOG02771	1.3e-17	60.5
MP_BCQMy206___contig_1_fragment_3_312	VOG00236	1.6e-17	59.8
GCA_001047595___contig_7_fragment_4_428	VOG04176	2e-17	59.3
GCA_025728695___contig_67_fragment_1_14	VOG00051	2e-17	59.1
GCA_025728695___contig_77_fragment_1_17	VOG02771	2e-17	59.8
MP_BCQMy206___contig_1_fragment_15_1529	VOG00051	2e-17	59.1
GCA_025728595___contig_13_fragment_1_181	VOG00051	2e-17	59.1
GCA_001047455___contig_3_fragment_5_720	VOG04176	2e-17	59.3
MP_BCQMy206___contig_1_fragment_1_60	VOG02771	2e-17	59.8
MP_QEQMy132961___contig_1_fragment_11_1042	VOG04176	2e-17	59.3
MP_BCQMy206___contig_1_fragment_5_487	VOG00066	2.2e-17	58.9
GCA_003462485___contig_1_fragment_3_215	VOG00313	2.4e-17	59.0
MP_BCQMy206___contig_1_fragment_11_1123	VOG00146	3.6e-17	57.6
MP_QEQMy132961___contig_1_fragment_10_950	VOG00146	3.6e-17	57.6
MP_BCQMy206___contig_1_fragment_14_1445	VOG00973	4.1e-17	58.6
MP_BCQMy206___contig_1_fragment_5_501	VOG00146	7.1e-17	56.6
GCA_003462485___contig_1_fragment_2_156	VOG03903	7.3e-17	57.5
GCA_025728615___contig_1_fragment_1_1	VOG01434	2.3e-16	55.9
MP_BCQMy206___contig_1_fragment_14_1457	VOG00399	2.7999999999999996e-16	55.3
GCA_001047555___contig_1_fragment_3_100	VOG00806	3.7e-16	54.3
GCA_000270185___contig_2_fragment_2_60	VOG00806	3.7e-16	54.3
MP_BCQMy223___contig_2_fragment_2_100	VOG00806	3.7e-16	54.3
GCA_025728595___contig_11_19	VOG02615	4.2e-16	56.1
MP_BCQMy206___contig_1_fragment_3_307	VOG00188	8.099999999999999e-16	54.3
MP_BCQMy206___contig_1_fragment_14_1440	VOG01394	9.800000000000001e-16	53.5
MP_BCQMy206___contig_1_fragment_3_317	VOG23091	1.9999999999999998e-15	53.0
GCA_003462485___contig_1_fragment_1_71	VOG01592	2.1e-15	52.5
MP_QEQMy132961___contig_1_fragment_4_440	VOG02771	2.5e-15	53.0
MP_BCQMy206___contig_1_fragment_11_1137	VOG00066	2.7e-15	52.2
MP_QEQMy132961___contig_1_fragment_6_529	VOG16745	3.1e-15	51.9
MP_BCQMy206___contig_1_fragment_3_315	VOG23089	5.1e-15	51.4
MP_BCQMy206___contig_1_fragment_5_486	VOG00181	1.3999999999999999e-14	49.8
MP_QEQMy132961___contig_1_fragment_10_958	VOG14094	1.9e-14	49.6
MP_QEQMy132961___contig_1_fragment_10_933	VOG00181	2.1000000000000002e-14	49.2
GCA_025728675___contig_22_fragment_2_134	VOG03824	2.6e-14	49.2
MP_QEQMy132961___contig_1_fragment_5_455	VOG03824	3.8e-14	48.6
MP_BCQMy206___contig_1_fragment_11_1119	VOG14094	5.3e-14	48.1
GCA_001047555___contig_1_fragment_3_105	VOG01073	6.5e-14	47.4
MP_QEQMy132961___contig_1_fragment_6_537	VOG20545	1e-13	46.3
MP_BCQMy206___contig_1_fragment_14_1441	VOG00446	1.1e-13	47.1
MP_BCQMy206___contig_1_fragment_5_502	VOG00192	1.1e-13	47.1
GCA_003462485___contig_1_fragment_4_275	VOG02771	1.2e-13	47.6
GCA_003462485___contig_1_fragment_1_74	VOG00808	1.2e-13	47.2
MP_QEQMy132961___contig_1_fragment_10_957	VOG17718	1.2e-13	47.0
MP_BCQMy206___contig_1_fragment_14_1433	VOG00146	1.3e-13	46.2
MP_BCQMy206___contig_1_fragment_11_1138	VOG00181	1.7e-13	46.2
MP_BCQMy206___contig_1_fragment_3_327	VOG00192	2e-13	46.2
GCA_003462485___contig_1_fragment_4_273	VOG00340	2.6e-13	45.3
GCA_025728615___contig_1_fragment_4_287	VOG00178	3.4999999999999997e-13	45.3
MP_BCQMy206___contig_1_fragment_5_447	VOG00468	5.3e-13	45.0
MP_BCQMy206___contig_1_fragment_14_1462	VOG03658	6.9e-13	44.5
GCA_000270185___contig_2_fragment_2_64	VOG01073	1e-12	43.4
MP_BCQMy223___contig_2_fragment_2_97	VOG01073	1e-12	43.4
GCA_025728675___contig_22_fragment_1_6	VOG04884	1.3000000000000001e-12	44.2
GCA_025728675___contig_22_fragment_1_3	VOG00192	1.3000000000000001e-12	43.6
MP_BCQMy206___contig_1_fragment_11_1172	VOG14084	1.3999999999999999e-12	43.4
MP_QEQMy132961___contig_1_fragment_10_890	VOG02771	2.1e-12	43.5
MP_BCQMy206___contig_1_fragment_11_1151	VOG01042	2.7999999999999998e-12	42.3
MP_BCQMy206___contig_1_fragment_5_477	VOG01156	3.6000000000000004e-12	42.3
MP_QEQMy132961___contig_1_fragment_7_572	VOG00188	3.7e-12	42.4
GCA_003966875___contig_3_1	VOG10140	5.2000000000000005e-12	41.2
MP_ONT81___contig_3_1	VOG10140	5.9e-12	41.0
MP_BCQMy206___contig_1_fragment_11_1175	VOG02771	5.9999999999999995e-12	42.0
GCA_003966875___contig_3_8	VOG15510	6.2e-12	41.2
MP_BCQMy206___contig_1_fragment_3_319	VOG01397	8.5e-12	40.9
MP_QEQMy132961___contig_1_fragment_7_584	VOG21997	1.0000000000000001e-11	40.3
MP_BCQMy206___contig_1_fragment_3_318	VOG00973	2.2999999999999998e-11	40.0
GCA_001047465___contig_9_fragment_3_344	VOG03262	3.5999999999999984e-275	910.3
MP_LCAL0054___contig_1_fragment_4_356	VOG03262	3.5999999999999984e-275	910.3
MP_ATCC35311___contig_1_fragment_16_1396	VOG03262	3.5999999999999984e-275	910.3
GCA_000283975___contig_1_fragment_13_1292	VOG03262	3.5999999999999984e-275	910.3
MP_LCAL0054___contig_1_fragment_7_700	VOG24298	1.3999999999999996e-160	531.6
GCA_003462485___contig_15_fragment_1_34	VOG00120	1.5999999999999996e-147	488.5
MP_ATCC35311___contig_1_fragment_8_638	VOG00639	1.9999999999999992e-143	474.3
MP_LCAL0054___contig_1_fragment_15_1523	VOG00120	6.199999999999998e-141	466.7
GCA_000283975___contig_1_fragment_14_1366	VOG00120	6.199999999999998e-141	466.7
GCA_025728635___contig_33_fragment_1_16	VOG00120	6.199999999999998e-141	466.7
MP_LCAL0054___contig_1_fragment_7_720	VOG00824	3.399999999999999e-124	411.8
GCA_000283975___contig_1_fragment_5_539	VOG00824	1.4999999999999995e-121	403.0
MP_LCAL0054___contig_1_fragment_13_1244	VOG00824	1.4999999999999995e-121	403.0
GCA_001047555___contig_9_fragment_1_86	VOG00824	9.399999999999997e-113	374.0
GCA_001047465___contig_12_fragment_1_86	VOG00824	9.399999999999997e-113	374.0
MP_ATCC35311___contig_1_fragment_7_582	VOG00824	9.399999999999997e-113	374.0
MP_LCAL0054___contig_1_fragment_3_305	VOG00674	4.999999999999999e-109	361.1
MP_LCAL0054___contig_1_fragment_7_679	VOG00520	2.1999999999999994e-108	358.9
MP_LCAL0054___contig_1_fragment_7_698	VOG00674	4.9e-106	351.3
MP_ATCC35311___contig_1_fragment_4_445	VOG00029	5.699999999999999e-102	338.0
MP_ATCC35311___contig_1_fragment_8_628	VOG10295	1.4999999999999996e-93	308.3
MP_LCAL0054___contig_1_fragment_15_1524	VOG00398	4.099999999999999e-90	297.6
GCA_025728635___contig_33_fragment_1_17	VOG00398	4.099999999999999e-90	297.6
GCA_000283975___contig_1_fragment_14_1367	VOG00398	4.099999999999999e-90	297.6
MP_LCAL0054___contig_1_fragment_5_485	VOG13487	7.599999999999998e-90	297.9
MP_LCAL0054___contig_1_fragment_12_1192	VOG13487	1.2999999999999998e-89	297.1
GCA_003462485___contig_15_fragment_1_35	VOG00398	9.999999999999997e-87	286.4
MP_LCAL0054___contig_1_fragment_5_493	VOG04056	1.6e-81	270.5
MP_LCAL0054___contig_1_fragment_7_705	VOG00381	7.199999999999999e-80	264.5
MP_ATCC35311___contig_1_fragment_8_640	VOG01829	3.1999999999999996e-77	256.0
MP_LCAL0054___contig_1_fragment_7_706	VOG00213	9.499999999999997e-76	251.2
MP_LCAL0054___contig_1_fragment_5_482	VOG04497	8.399999999999998e-75	247.2
MP_LCAL0054___contig_1_fragment_12_1195	VOG04497	4.6e-74	244.7
MP_LCAL0054___contig_1_fragment_3_323	VOG00824	5.5999999999999996e-73	242.5
MP_LCAL0054___contig_1_fragment_3_298	VOG00523	7.199999999999999e-73	241.8
MP_LCAL0054___contig_1_fragment_12_1184	VOG04056	1.3999999999999996e-70	234.2
GCA_003462485___contig_15_fragment_1_2	VOG07103	1e-69	230.9
MP_LCAL0054___contig_1_fragment_3_306	VOG00724	2.1999999999999998e-66	220.6
GCA_025728615___contig_7_fragment_1_34	VOG00041	1.7e-65	217.4
MP_LCAL0054___contig_1_fragment_3_287	VOG00041	1.7e-65	217.4
GCA_000283975___contig_1_fragment_4_438	VOG00084	7.799999999999998e-64	212.4
MP_ATCC35311___contig_1_fragment_8_654	VOG00183	1.4999999999999996e-63	210.1
MP_ATCC35311___contig_1_fragment_5_459	VOG00084	1.4999999999999996e-63	211.4
MP_ATCC35311___contig_1_fragment_8_609	VOG00520	2.1999999999999997e-63	210.5
MP_LCAL0054___contig_1_fragment_5_450	VOG00041	3.0999999999999996e-61	203.4
GCA_003462485___contig_12_fragment_1_141	VOG01437	2.5999999999999995e-59	196.6
MP_ATCC35311___contig_1_fragment_8_655	VOG01075	5.799999999999999e-57	188.7
MP_LCAL0054___contig_1_fragment_7_707	VOG00686	1.4999999999999997e-56	188.4
MP_ATCC35311___contig_1_fragment_7_591	VOG02574	3.1e-56	186.8
MP_LCAL0054___contig_1_fragment_13_1237	VOG02574	3.1e-56	186.8
GCA_001047465___contig_12_fragment_1_77	VOG02574	3.1e-56	186.8
GCA_001047555___contig_9_fragment_1_77	VOG02574	3.1e-56	186.8
MP_ATCC35311___contig_1_fragment_3_339	VOG05855	9.300000000000001e-56	184.9
MP_LCAL0054___contig_1_fragment_3_329	VOG02574	5.399999999999999e-55	182.8
MP_ATCC35311___contig_1_fragment_8_656	VOG00452	7.1e-55	182.7
MP_LCAL0054___contig_1_fragment_7_682	VOG20253	8.2e-55	181.3
MP_LCAL0054___contig_1_fragment_7_721	VOG13479	2.5999999999999997e-54	180.1
MP_ATCC35311___contig_1_fragment_7_584	VOG13479	2.9999999999999995e-54	179.9
GCA_000283975___contig_1_fragment_5_540	VOG13479	7.799999999999999e-54	178.6
MP_LCAL0054___contig_1_fragment_13_1243	VOG13479	7.799999999999999e-54	178.6
GCA_001047465___contig_12_fragment_1_84	VOG13479	1.3e-53	177.8
GCA_001047555___contig_9_fragment_1_84	VOG13479	1.3e-53	177.8
MP_LCAL0054___contig_1_fragment_7_726	VOG02574	2.5e-53	177.3
MP_LCAL0054___contig_1_fragment_12_1168	VOG00041	3.8999999999999997e-53	176.8
MP_LCAL0054___contig_1_fragment_5_472	VOG21431	1.1999999999999999e-52	174.5
MP_LCAL0054___contig_1_fragment_3_324	VOG13479	1.4999999999999998e-52	174.4
MP_ATCC35311___contig_1_fragment_12_1022	VOG03321	1.1e-49	164.7
GCA_001047465___contig_9_fragment_6_721	VOG03321	1.1e-49	164.7
MP_LCAL0054___contig_1_fragment_5_474	VOG00404	1.2e-48	161.0
MP_LCAL0054___contig_1_fragment_12_1202	VOG00404	7.3e-48	158.4
MP_LCAL0054___contig_1_fragment_5_455	VOG10124	4.6e-46	153.3
MP_LCAL0054___contig_1_fragment_7_709	VOG00633	8.400000000000001e-46	152.9
MP_ATCC35311___contig_1_fragment_8_614	VOG10124	8.7e-46	152.4
MP_ATCC35311___contig_1_fragment_8_627	VOG10294	1.4e-45	150.3
MP_ATCC35311___contig_1_fragment_8_664	VOG02574	9.3e-45	149.2
GCA_025728695___contig_120_6	VOG00520	4.1e-44	147.0
GCA_001047465___contig_9_fragment_6_724	VOG12515	6.9e-44	145.5
MP_ATCC35311___contig_1_fragment_12_1019	VOG12515	6.9e-44	145.5
MP_LCAL0054___contig_1_fragment_12_1207	VOG11084	7.099999999999999e-44	145.3
MP_LCAL0054___contig_1_fragment_7_715	VOG00149	1.2999999999999998e-43	144.6
MP_ATCC35311___contig_1_fragment_8_652	VOG10276	1.3000000000000002e-42	141.6
MP_ATCC35311___contig_1_fragment_8_653	VOG21220	1.7e-42	141.4
MP_LCAL0054___contig_1_fragment_1_61	VOG09023	9.4e-42	138.3
GCA_000283975___contig_1_fragment_1_61	VOG09023	9.4e-42	138.3
GCA_000283975___contig_1_fragment_5_534	VOG00149	8.299999999999999e-41	135.5
MP_LCAL0054___contig_1_fragment_13_1249	VOG00149	8.299999999999999e-41	135.5
MP_ATCC35311___contig_1_fragment_7_577	VOG00149	1.2e-40	135.0
MP_LCAL0054___contig_1_fragment_7_675	VOG05855	1.4999999999999997e-40	134.9
MP_ATCC35311___contig_1_fragment_4_436	VOG09038	2.5e-40	134.0
GCA_001047465___contig_9_fragment_3_336	VOG00126	3.0999999999999997e-40	134.5
MP_ATCC35311___contig_1_fragment_16_1404	VOG00126	3.0999999999999997e-40	134.5
MP_LCAL0054___contig_1_fragment_4_348	VOG00126	3.0999999999999997e-40	134.5
GCA_000283975___contig_1_fragment_13_1301	VOG00126	3.0999999999999997e-40	134.5
MP_LCAL0054___contig_1_fragment_5_452	VOG03321	3.4e-40	133.7
GCA_001047465___contig_12_fragment_1_91	VOG00149	1.3e-39	131.6
GCA_001047555___contig_9_fragment_1_91	VOG00149	1.3e-39	131.6
GCA_000283975___contig_1_fragment_13_1293	VOG00313	3.1e-39	131.1
MP_LCAL0054___contig_1_fragment_4_355	VOG00313	3.1e-39	131.1
GCA_001047465___contig_9_fragment_3_343	VOG00313	3.3e-39	131.1
MP_ATCC35311___contig_1_fragment_16_1397	VOG00313	3.3e-39	131.1
MP_LCAL0054___contig_1_fragment_3_313	VOG03165	4.2e-39	130.4
MP_BCQMy206___contig_3_13	VOG10286	5.799999999999999e-39	130.0
MP_ONT63___contig_3_13	VOG10286	5.799999999999999e-39	130.0
GCA_025728675___contig_9_12	VOG10286	5.799999999999999e-39	130.0
MP_QEQMy133751___contig_3_13	VOG10286	5.799999999999999e-39	130.0
GCA_025728615___contig_14_10	VOG10286	5.799999999999999e-39	130.0
MP_ONT141___contig_3_13	VOG10286	5.799999999999999e-39	130.0
GCA_000283975___contig_1_fragment_5_523	VOG00385	1.6999999999999998e-38	128.1
MP_LCAL0054___contig_1_fragment_13_1260	VOG00385	1.6999999999999998e-38	128.1
MP_LCAL0054___contig_1_fragment_7_697	VOG24297	1.9e-38	128.2
MP_ATCC35311___contig_1_fragment_7_566	VOG00385	2.3999999999999997e-38	127.6
GCA_001047555___contig_9_fragment_1_103	VOG00385	2.3999999999999997e-38	127.6
GCA_001047465___contig_12_fragment_1_103	VOG00385	2.3999999999999997e-38	127.6
MP_ATCC35311___contig_1_fragment_8_665	VOG14094	6.500000000000001e-38	125.9
MP_LCAL0054___contig_1_fragment_12_1194	VOG00236	1.4e-37	125.8
MP_LCAL0054___contig_1_fragment_5_494	VOG01075	2.4e-37	124.4
MP_ATCC35311___contig_1_fragment_8_658	VOG18935	8.7e-37	122.8
MP_LCAL0054___contig_1_fragment_12_1183	VOG01075	1.3999999999999999e-36	121.8
MP_LCAL0054___contig_1_fragment_5_498	VOG18935	1.6999999999999998e-36	121.9
MP_LCAL0054___contig_1_fragment_3_288	VOG03321	1.9e-36	121.5
GCA_025728615___contig_7_fragment_1_35	VOG03321	1.9e-36	121.5
MP_LCAL0054___contig_1_fragment_5_458	VOG00572	3.2e-36	120.9
MP_LCAL0054___contig_1_fragment_12_1193	VOG03165	4.599999999999999e-36	120.5
MP_LCAL0054___contig_1_fragment_5_483	VOG00236	6.499999999999999e-36	120.3
MP_LCAL0054___contig_1_fragment_12_1206	VOG09746	8.699999999999999e-36	119.3
GCA_001047465___contig_12_fragment_1_87	VOG00097	1.6e-35	118.8
MP_LCAL0054___contig_1_fragment_12_1179	VOG18935	1.6e-35	118.6
MP_ATCC35311___contig_1_fragment_7_579	VOG01394	1.6999999999999999e-35	118.3
GCA_001047555___contig_9_fragment_1_89	VOG01394	1.6999999999999999e-35	118.3
GCA_001047465___contig_12_fragment_1_89	VOG01394	1.6999999999999999e-35	118.3
GCA_000283975___contig_1_fragment_5_536	VOG01394	1.6999999999999999e-35	118.3
MP_LCAL0054___contig_1_fragment_13_1247	VOG01394	1.6999999999999999e-35	118.3
GCA_001047555___contig_9_fragment_1_87	VOG00097	2.8999999999999997e-35	118.0
MP_ATCC35311___contig_1_fragment_7_581	VOG00097	2.8999999999999997e-35	118.0
MP_LCAL0054___contig_1_fragment_5_470	VOG00690	2.8999999999999997e-35	117.9
GCA_000283975___contig_1_fragment_5_547	VOG02574	4.4e-35	117.5
MP_LCAL0054___contig_1_fragment_13_1245	VOG00097	5e-35	117.2
MP_LCAL0054___contig_1_fragment_3_321	VOG02333	5e-35	117.1
GCA_000283975___contig_1_fragment_5_538	VOG00097	5e-35	117.2
MP_LCAL0054___contig_1_fragment_3_314	VOG00633	7.8e-35	116.8
MP_LCAL0054___contig_1_fragment_5_462	VOG00572	1.1000000000000002e-34	115.8
GCA_000283975___contig_1_fragment_13_1294	VOG14097	1.6e-34	115.0
MP_LCAL0054___contig_1_fragment_4_354	VOG14097	1.6e-34	115.0
MP_ATCC35311___contig_1_fragment_16_1398	VOG14097	1.6e-34	115.0
GCA_001047465___contig_9_fragment_3_342	VOG14097	1.6e-34	115.0
MP_ATCC35311___contig_1_fragment_3_347	VOG01181	1.7e-34	115.7
MP_LCAL0054___contig_1_fragment_7_680	VOG01190	1.7e-34	115.3
GCA_025728675___contig_9_4	VOG00520	1.8999999999999998e-34	115.1
MP_QEQMy133751___contig_3_7	VOG00520	1.8999999999999998e-34	115.1
GCA_025728615___contig_14_18	VOG00520	1.8999999999999998e-34	115.1
MP_BCQMy206___contig_3_7	VOG00520	1.8999999999999998e-34	115.1
MP_ONT63___contig_3_7	VOG00520	1.8999999999999998e-34	115.1
MP_ONT141___contig_3_7	VOG00520	1.8999999999999998e-34	115.1
MP_LCAL0054___contig_1_fragment_7_719	VOG00097	2.4e-34	114.9
MP_LCAL0054___contig_1_fragment_7_712	VOG01134	9.6e-34	111.6
MP_ATCC35311___contig_1_fragment_8_620	VOG00690	2e-33	111.9
MP_LCAL0054___contig_1_fragment_7_717	VOG01394	2.3e-33	111.3
MP_LCAL0054___contig_1_fragment_7_686	VOG03676	2.9999999999999998e-33	110.7
MP_LCAL0054___contig_1_fragment_7_695	VOG01036	7.399999999999999e-33	110.1
MP_LCAL0054___contig_1_fragment_12_1201	VOG01162	8.199999999999999e-33	109.4
MP_LCAL0054___contig_1_fragment_7_696	VOG12256	8.5e-33	109.6
MP_LCAL0054___contig_1_fragment_5_475	VOG01162	9.2e-33	109.2
GCA_025728635___contig_33_fragment_1_15	VOG01127	1.1e-32	108.5
GCA_000283975___contig_1_fragment_14_1365	VOG01127	1.1e-32	108.5
MP_LCAL0054___contig_1_fragment_15_1522	VOG01127	1.1e-32	108.5
MP_LCAL0054___contig_1_fragment_12_1187	VOG01397	2.3999999999999999e-32	107.9
MP_ATCC35311___contig_1_fragment_8_647	VOG01375	3.8999999999999996e-32	106.4
MP_ATCC35311___contig_1_fragment_8_621	VOG00232	8.3e-32	106.0
MP_LCAL0054___contig_1_fragment_7_718	VOG02632	1.2e-31	105.5
MP_ATCC35311___contig_1_fragment_8_631	VOG00065	1.9999999999999997e-31	104.3
MP_LCAL0054___contig_1_fragment_12_1205	VOG00232	5.6e-31	103.3
MP_LCAL0054___contig_1_fragment_5_490	VOG01397	6.799999999999999e-31	103.2
MP_LCAL0054___contig_1_fragment_5_471	VOG00232	1.2e-30	102.1
MP_ATCC35311___contig_1_fragment_8_648	VOG00870	1.3e-30	101.7
MP_LCAL0054___contig_1_fragment_7_710	VOG00186	3.1e-30	101.3
MP_ATCC35311___contig_1_fragment_8_634	VOG02869	7e-30	100.8
GCA_003462485___contig_15_fragment_1_33	VOG01127	9.300000000000001e-30	99.0
GCA_000283975___contig_1_fragment_8_751	VOG07964	1.3e-29	99.0
GCA_025728645___contig_46_fragment_1_15	VOG07964	1.3e-29	99.0
MP_ATCC35311___contig_1_fragment_11_860	VOG07964	1.3e-29	99.0
MP_LCAL0054___contig_1_fragment_9_984	VOG07964	1.3e-29	99.0
MP_LCAL0054___contig_1_fragment_3_301	VOG00519	1.8000000000000002e-29	99.0
MP_LCAL0054___contig_1_fragment_5_495	VOG00452	2.1e-29	98.6
MP_ATCC35311___contig_1_fragment_4_442	VOG09038	3.7e-29	97.0
MP_LCAL0054___contig_1_fragment_5_453	VOG20253	4.9000000000000004e-29	96.9
MP_LCAL0054___contig_1_fragment_12_1182	VOG00452	5.5e-29	97.3
MP_LCAL0054___contig_1_fragment_13_1246	VOG02632	8.200000000000001e-29	96.2
GCA_000283975___contig_1_fragment_5_537	VOG02632	8.200000000000001e-29	96.2
MP_LCAL0054___contig_1_fragment_5_484	VOG03165	9.000000000000001e-29	96.6
MP_LCAL0054___contig_1_fragment_12_1173	VOG23273	3.3999999999999996e-28	94.1
MP_ATCC35311___contig_1_fragment_7_569	VOG00459	4e-28	94.3
GCA_001047555___contig_9_fragment_1_100	VOG00459	4e-28	94.3
GCA_001047465___contig_12_fragment_1_100	VOG00459	4e-28	94.3
MP_LCAL0054___contig_1_fragment_13_1257	VOG00459	4e-28	94.3
GCA_000283975___contig_1_fragment_5_526	VOG00459	4e-28	94.3
GCA_003462485___contig_15_fragment_1_25	VOG01036	1.1000000000000001e-27	93.1
MP_ATCC35311___contig_1_fragment_8_646	VOG04818	1.1999999999999998e-27	92.4
MP_ATCC35311___contig_1_fragment_8_612	VOG02771	1.7e-27	92.6
GCA_001047555___contig_9_fragment_1_88	VOG02632	2.5e-27	91.2
MP_ATCC35311___contig_1_fragment_7_580	VOG02632	2.5e-27	91.2
GCA_001047465___contig_12_fragment_1_88	VOG02632	2.5e-27	91.2
MP_LCAL0054___contig_1_fragment_3_311	VOG09810	2.5999999999999998e-27	92.4
MP_LCAL0054___contig_1_fragment_12_1221	VOG20253	4.6e-27	90.4
MP_LCAL0054___contig_1_fragment_3_316	VOG23090	5.4e-27	90.0
MP_LCAL0054___contig_1_fragment_5_504	VOG23273	2.2e-26	88.1
MP_LCAL0054___contig_1_fragment_7_714	VOG00743	2.5e-26	88.1
MP_LCAL0054___contig_1_fragment_7_684	VOG10124	2.7999999999999995e-26	88.8
MP_LCAL0054___contig_1_fragment_12_1196	VOG00687	3e-26	88.0
MP_LCAL0054___contig_1_fragment_5_481	VOG00687	1.2e-25	86.0
MP_ATCC35311___contig_1_fragment_11_868	VOG09424	2.4e-25	84.5
GCA_000283975___contig_1_fragment_8_758	VOG09424	2.4e-25	84.5
GCA_025728645___contig_46_fragment_1_22	VOG09424	2.4e-25	84.5
MP_LCAL0054___contig_1_fragment_9_977	VOG09424	2.4e-25	84.5
MP_LCAL0054___contig_1_fragment_12_1199	VOG00361	3e-25	85.2
MP_ATCC35311___contig_1_fragment_8_619	VOG10469	4.8e-25	84.6
GCA_001047465___contig_12_fragment_2_135	VOG00935	1.3e-24	82.6
GCA_001047555___contig_9_fragment_2_135	VOG00935	1.3e-24	82.6
MP_LCAL0054___contig_1_fragment_5_469	VOG10469	1.7e-24	82.8
MP_LCAL0054___contig_1_fragment_7_711	VOG00283	1.8e-24	81.8
MP_LCAL0054___contig_1_fragment_3_302	VOG03001	8.7e-24	79.2
MP_ATCC35311___contig_1_fragment_8_624	VOG00404	1.6000000000000002e-23	79.6
MP_LCAL0054___contig_1_fragment_7_716	VOG01394	2.4999999999999998e-23	78.5
MP_ATCC35311___contig_1_fragment_8_626	VOG00098	3.1e-23	78.6
MP_QEQMy133751___contig_3_18	VOG01473	3.6e-23	77.6
GCA_001047545___contig_4_6	VOG01473	3.6e-23	77.6
MP_ATCC35311___contig_1_fragment_8_649	VOG01483	3.7e-23	78.3
MP_ATCC35311___contig_1_fragment_7_578	VOG00446	3.9e-23	78.1
GCA_000283975___contig_1_fragment_5_535	VOG00446	3.9e-23	78.1
GCA_001047465___contig_12_fragment_1_90	VOG00446	3.9e-23	78.1
MP_LCAL0054___contig_1_fragment_13_1248	VOG00446	3.9e-23	78.1
GCA_001047555___contig_9_fragment_1_90	VOG00446	3.9e-23	78.1
MP_ONT63___contig_3_17	VOG01473	4.3e-23	77.4
MP_BCQMy206___contig_3_17	VOG01473	4.3e-23	77.4
MP_ONT141___contig_3_17	VOG01473	4.3e-23	77.4
GCA_025728675___contig_9_16	VOG01473	4.9e-23	77.2
GCA_025728615___contig_14_6	VOG01473	4.9e-23	77.2
GCA_025728615___contig_14_17	VOG19011	5.4e-23	77.3
MP_ONT63___contig_3_8	VOG19011	5.4e-23	77.3
MP_ONT141___contig_3_8	VOG19011	5.4e-23	77.3
MP_BCQMy206___contig_3_8	VOG19011	5.4e-23	77.3
GCA_025728675___contig_9_5	VOG19011	5.4e-23	77.3
MP_QEQMy133751___contig_3_8	VOG19011	5.4e-23	77.3
MP_ATCC35311___contig_1_fragment_8_632	VOG00188	6.3e-23	77.4
MP_LCAL0054___contig_1_fragment_5_488	VOG03575	1.5e-22	76.0
GCA_003462485___contig_15_fragment_1_16	VOG00935	2.2e-22	75.2
MP_LCAL0054___contig_1_fragment_12_1189	VOG03575	2.3e-22	75.4
GCA_003462485___contig_12_fragment_1_139	VOG00149	5.3e-22	74.3
GCA_003462485___contig_15_fragment_1_24	VOG04038	6.3e-22	73.7
MP_LCAL0054___contig_1_fragment_7_713	VOG00973	9.699999999999999e-22	73.6
MP_LCAL0054___contig_1_fragment_5_480	VOG00962	2.2e-21	72.3
MP_LCAL0054___contig_1_fragment_7_702	VOG00188	4.0000000000000004e-21	71.6
MP_LCAL0054___contig_1_fragment_12_1197	VOG00962	6.2000000000000004e-21	70.8
MP_ATCC35311___contig_1_fragment_8_663	VOG01434	6.6e-21	70.7
GCA_003462485___contig_15_fragment_1_28	VOG09424	2.0000000000000002e-20	68.3
MP_LCAL0054___contig_1_fragment_7_725	VOG01434	2.6000000000000002e-20	68.7
MP_LCAL0054___contig_1_fragment_3_328	VOG01434	2.6000000000000002e-20	68.7
MP_LCAL0054___contig_1_fragment_7_704	VOG02869	5e-20	68.7
GCA_000283975___contig_1_fragment_5_529	VOG00188	5.099999999999999e-20	68.0
MP_LCAL0054___contig_1_fragment_13_1254	VOG00188	5.099999999999999e-20	68.0
MP_LCAL0054___contig_1_fragment_13_1238	VOG01434	6.3e-20	67.5
GCA_000283975___contig_1_fragment_5_545	VOG01434	6.3e-20	67.5
GCA_001047465___contig_12_fragment_1_78	VOG01434	6.3e-20	67.5
GCA_001047555___contig_9_fragment_1_78	VOG01434	6.3e-20	67.5
MP_ATCC35311___contig_1_fragment_7_590	VOG01434	6.3e-20	67.5
MP_ATCC35311___contig_1_fragment_7_576	VOG00743	7.8e-20	67.1
MP_LCAL0054___contig_1_fragment_3_289	VOG00361	1.2999999999999998e-19	66.7
GCA_025728615___contig_7_fragment_1_36	VOG00361	1.2999999999999998e-19	66.7
MP_LCAL0054___contig_1_fragment_5_506	VOG14226	1.5e-19	65.6
MP_LCAL0054___contig_1_fragment_3_309	VOG00679	2.5e-19	65.4
MP_LCAL0054___contig_1_fragment_12_1174	VOG01434	3.1e-19	65.3
GCA_003462485___contig_15_fragment_1_29	VOG09424	3.3999999999999997e-19	64.2
MP_LCAL0054___contig_1_fragment_5_503	VOG01434	3.5e-19	65.1
GCA_000283975___contig_1_fragment_5_533	VOG00743	3.6e-19	65.0
GCA_001047465___contig_12_fragment_1_92	VOG00743	3.6e-19	65.0
GCA_001047555___contig_9_fragment_1_92	VOG00743	3.6e-19	65.0
MP_LCAL0054___contig_1_fragment_13_1250	VOG00743	3.6e-19	65.0
MP_ATCC35311___contig_1_fragment_16_1402	VOG01833	7.3e-19	64.2
GCA_001047465___contig_9_fragment_3_338	VOG01833	7.3e-19	64.2
MP_LCAL0054___contig_1_fragment_4_350	VOG01833	7.5e-19	64.2
GCA_000283975___contig_1_fragment_13_1299	VOG01833	7.5e-19	64.2
GCA_025728675___contig_50_fragment_1_24	VOG00098	1.6e-18	63.3
GCA_001047515___contig_4_fragment_1_23	VOG00098	2.2000000000000002e-18	62.8
GCA_000283975___contig_1_fragment_5_546	VOG02574	2.5e-18	62.5
GCA_001047405___contig_6_fragment_4_149	VOG00098	5.7000000000000005e-18	61.5
MP_LCAL0054___contig_1_fragment_3_299	VOG00399	6.4e-18	60.6
MP_LCAL0054___contig_1_fragment_3_290	VOG02771	1.3e-17	60.5
GCA_025728615___contig_7_fragment_1_37	VOG02771	1.3e-17	60.5
MP_LCAL0054___contig_1_fragment_3_312	VOG00236	1.7000000000000002e-17	59.8
GCA_000283975___contig_1_fragment_14_1364	VOG00051	2.1e-17	59.1
MP_LCAL0054___contig_1_fragment_15_1521	VOG00051	2.1e-17	59.1
GCA_001047465___contig_9_fragment_6_719	VOG04176	2.1e-17	59.3
GCA_000283975___contig_1_fragment_1_60	VOG02771	2.1e-17	59.8
MP_LCAL0054___contig_1_fragment_1_60	VOG02771	2.1e-17	59.8
GCA_025728635___contig_33_fragment_1_14	VOG00051	2.1e-17	59.1
MP_ATCC35311___contig_1_fragment_12_1024	VOG04176	2.1e-17	59.3
MP_LCAL0054___contig_1_fragment_5_487	VOG00066	2.3e-17	58.9
MP_ATCC35311___contig_1_fragment_8_610	VOG18091	2.7e-17	59.2
MP_LCAL0054___contig_1_fragment_12_1176	VOG00146	3.6e-17	57.6
MP_LCAL0054___contig_1_fragment_5_501	VOG00146	7.3e-17	56.6
GCA_001047545___contig_4_1	VOG10286	7.6e-17	57.5
MP_LCAL0054___contig_1_fragment_7_708	VOG02615	3e-16	56.6
GCA_025728675___contig_50_fragment_1_16	VOG00806	3.7999999999999996e-16	54.3
GCA_001047515___contig_4_fragment_1_32	VOG00806	3.7999999999999996e-16	54.3
GCA_001047405___contig_6_fragment_4_158	VOG00806	3.7999999999999996e-16	54.3
GCA_025728695___contig_95_8	VOG00806	3.7999999999999996e-16	54.3
MP_ATCC35311___contig_1_fragment_8_607	VOG00520	4e-16	54.7
MP_ATCC35311___contig_1_fragment_8_661	VOG00146	4.6e-16	54.1
MP_ATCC35311___contig_1_fragment_8_608	VOG00520	7.7e-16	53.7
MP_LCAL0054___contig_1_fragment_3_307	VOG00188	8.300000000000001e-16	54.3
GCA_003462485___contig_12_fragment_1_127	VOG00468	9.800000000000001e-16	53.9
MP_LCAL0054___contig_1_fragment_3_317	VOG23091	1.9999999999999998e-15	53.0
MP_ATCC35311___contig_1_fragment_4_440	VOG02771	2.6e-15	53.0
MP_LCAL0054___contig_1_fragment_12_1190	VOG00066	2.8e-15	52.2
MP_LCAL0054___contig_1_fragment_3_315	VOG23089	5.2e-15	51.4
GCA_003462485___contig_15_fragment_1_42	VOG02771	8.8e-15	51.3
MP_LCAL0054___contig_1_fragment_5_486	VOG00181	1.3999999999999999e-14	49.8
GCA_000283975___contig_1_fragment_4_434	VOG03824	2.7000000000000005e-14	49.2
MP_ATCC35311___contig_1_fragment_5_455	VOG03824	3.9e-14	48.6
MP_LCAL0054___contig_1_fragment_12_1172	VOG14094	5.400000000000001e-14	48.1
GCA_001047405___contig_6_fragment_4_163	VOG01073	6.7e-14	47.4
GCA_003462485___contig_15_fragment_1_32	VOG00051	9.2e-14	47.4
MP_LCAL0054___contig_1_fragment_5_502	VOG00192	1.1e-13	47.1
GCA_001047465___contig_12_fragment_2_132	VOG20545	1.1e-13	46.3
GCA_001047555___contig_9_fragment_2_132	VOG20545	1.1e-13	46.3
MP_ATCC35311___contig_1_fragment_8_611	VOG01271	1.4e-13	46.9
MP_LCAL0054___contig_1_fragment_12_1191	VOG00181	1.8000000000000002e-13	46.2
MP_LCAL0054___contig_1_fragment_7_724	VOG00192	2.1e-13	46.2
MP_LCAL0054___contig_1_fragment_3_327	VOG00192	2.1e-13	46.2
GCA_025728675___contig_9_6	VOG15510	3.3e-13	45.3
GCA_025728615___contig_14_16	VOG15510	3.3e-13	45.3
MP_LCAL0054___contig_1_fragment_7_676	VOG00178	3.6000000000000003e-13	45.3
MP_LCAL0054___contig_1_fragment_5_447	VOG00468	5.4e-13	45.0
GCA_003462485___contig_15_fragment_1_18	VOG20545	5.4e-13	44.0
MP_ATCC35311___contig_1_fragment_8_645	VOG00918	5.9e-13	44.7
MP_ATCC35311___contig_1_fragment_8_662	VOG00192	7.200000000000001e-13	44.5
GCA_025728615___contig_14_13	VOG15510	1e-12	43.8
GCA_025728675___contig_9_9	VOG15510	1e-12	43.8
MP_ATCC35311___contig_1_fragment_8_625	VOG00404	1e-12	44.6
GCA_025728695___contig_95_11	VOG01073	1.1e-12	43.4
GCA_025728675___contig_50_fragment_1_13	VOG01073	1.1e-12	43.4
GCA_001047515___contig_4_fragment_1_36	VOG01073	1.1e-12	43.4
GCA_003462485___contig_12_fragment_1_128	VOG00468	1.2e-12	43.9
MP_LCAL0054___contig_1_fragment_12_1204	VOG01042	2.7999999999999998e-12	42.3
MP_ATCC35311___contig_1_fragment_8_639	VOG01829	3.7e-12	41.8
MP_LCAL0054___contig_1_fragment_5_477	VOG01156	3.7e-12	42.3
GCA_001047555___contig_9_fragment_1_97	VOG00188	3.8e-12	42.4
GCA_001047465___contig_12_fragment_1_97	VOG00188	3.8e-12	42.4
GCA_025728675___contig_9_17	VOG10140	5.1e-12	41.3
GCA_025728615___contig_14_5	VOG10140	5.1e-12	41.3
MP_ATCC35311___contig_1_fragment_7_572	VOG00188	5.6999999999999995e-12	41.9
MP_ONT63___contig_3_1	VOG10140	5.9999999999999995e-12	41.0
MP_BCQMy206___contig_3_1	VOG10140	5.9999999999999995e-12	41.0
MP_ONT141___contig_3_1	VOG10140	5.9999999999999995e-12	41.0
MP_LCAL0054___contig_1_fragment_12_1220	VOG02771	6.2e-12	42.0
GCA_025728675___contig_9_3	VOG15510	6.3e-12	41.2
MP_ATCC35311___contig_1_fragment_8_643	VOG00241	7e-12	41.1
GCA_001047545___contig_4_7	VOG10140	7.6e-12	40.7
MP_QEQMy133751___contig_3_1	VOG10140	8.1e-12	40.6
MP_LCAL0054___contig_1_fragment_3_319	VOG01397	8.7e-12	40.9
GCA_001047465___contig_12_fragment_1_85	VOG21997	1.0000000000000001e-11	40.3
MP_ATCC35311___contig_1_fragment_7_583	VOG21997	1.0000000000000001e-11	40.3
GCA_001047555___contig_9_fragment_1_85	VOG21997	1.0000000000000001e-11	40.3
MP_LCAL0054___contig_1_fragment_3_318	VOG00973	2.3999999999999998e-11	40.0
MP_BCQMy225___contig_1_fragment_14_1461	VOG17046	0.0	1197.0
GCA_000747585___contig_1_fragment_5_619	VOG03262	4.599999999999997e-275	910.4
MP_BCQMy225___contig_1_fragment_4_356	VOG03262	4.899999999999997e-275	910.3
MP_BCQMy204___contig_1_fragment_4_356	VOG03262	4.899999999999997e-275	910.3
MP_BCQMy204___contig_1_fragment_14_1459	VOG00554	2.699999999999999e-193	640.6
MP_BCQMy225___contig_1_fragment_14_1464	VOG02949	2.7999999999999988e-154	510.1
GCA_001047515___contig_15_fragment_3_106	VOG00639	3.099999999999999e-143	474.1
MP_BCQMy225___contig_1_fragment_15_1529	VOG00120	8.499999999999997e-141	466.7
MP_BCQMy204___contig_1_fragment_15_1532	VOG00120	8.499999999999997e-141	466.7
MP_BCQMy225___contig_1_fragment_12_1202	VOG00824	2.099999999999999e-121	403.0
MP_BCQMy204___contig_1_fragment_12_1200	VOG00824	2.099999999999999e-121	403.0
MP_BCQMy204___contig_1_fragment_14_1457	VOG00523	4.699999999999999e-117	388.1
MP_BCQMy204___contig_1_fragment_14_1466	VOG00029	1.8999999999999997e-115	382.9
GCA_000747585___contig_1_fragment_11_1455	VOG00824	1.2999999999999995e-112	374.0
GCA_001047515___contig_15_fragment_2_50	VOG00824	1.2999999999999995e-112	374.0
MP_BCQMy225___contig_1_fragment_3_305	VOG00674	6.899999999999999e-109	361.1
MP_BCQMy204___contig_1_fragment_3_305	VOG00674	6.899999999999999e-109	361.1
MP_BCQMy225___contig_1_fragment_14_1465	VOG10295	1.5999999999999998e-107	354.5
GCA_000747585___contig_1_fragment_14_1593	VOG00029	1.0999999999999998e-101	337.5
MP_BCQMy225___contig_1_fragment_14_1469	VOG00461	3.8999999999999995e-101	335.8
GCA_001047515___contig_15_fragment_3_96	VOG10295	1.1999999999999997e-92	305.8
MP_BCQMy225___contig_1_fragment_15_1530	VOG00398	5.699999999999999e-90	297.6
MP_BCQMy204___contig_1_fragment_15_1533	VOG00398	5.699999999999999e-90	297.6
GCA_025728645___contig_1_fragment_4_367	VOG13487	9.999999999999999e-90	297.9
MP_BCQMy225___contig_1_fragment_5_485	VOG13487	9.999999999999999e-90	297.9
MP_BCQMy204___contig_1_fragment_5_485	VOG13487	9.999999999999999e-90	297.9
GCA_000747585___contig_1_fragment_8_1104	VOG13487	1.7999999999999997e-89	297.1
GCA_001047435___contig_4_fragment_1_38	VOG13487	1.7999999999999997e-89	297.1
GCA_001047525___contig_5_fragment_1_38	VOG13487	1.7999999999999997e-89	297.1
GCA_025728595___contig_19_2	VOG13487	1.7999999999999997e-89	297.1
GCA_025728615___contig_9_31	VOG13487	1.7999999999999997e-89	297.1
MP_BCQMy225___contig_1_fragment_11_1142	VOG13487	1.7999999999999997e-89	297.1
MP_BCQMy204___contig_1_fragment_11_1140	VOG13487	2.5999999999999995e-89	296.6
GCA_025728645___contig_1_fragment_4_340	VOG05099	8.099999999999999e-86	283.7
GCA_001047445___contig_9_fragment_1_7	VOG05099	7.399999999999997e-85	280.6
GCA_025728645___contig_1_fragment_4_359	VOG04056	1.3999999999999999e-83	277.8
MP_BCQMy225___contig_1_fragment_5_493	VOG04056	2.1999999999999994e-81	270.5
MP_BCQMy204___contig_1_fragment_5_493	VOG04056	2.1999999999999994e-81	270.5
GCA_001047515___contig_15_fragment_3_108	VOG01829	1.8e-76	254.0
GCA_025728645___contig_1_fragment_4_370	VOG04497	1.0999999999999999e-74	247.2
MP_BCQMy225___contig_1_fragment_5_482	VOG04497	1.0999999999999999e-74	247.2
MP_BCQMy204___contig_1_fragment_5_482	VOG04497	1.0999999999999999e-74	247.2
MP_BCQMy225___contig_1_fragment_11_1145	VOG04497	6.4e-74	244.7
MP_BCQMy204___contig_1_fragment_11_1143	VOG04497	6.4e-74	244.7
GCA_025728615___contig_9_28	VOG04497	6.4e-74	244.7
GCA_025728595___contig_19_5	VOG04497	6.4e-74	244.7
MP_BCQMy225___contig_1_fragment_3_323	VOG00824	7.599999999999999e-73	242.5
MP_BCQMy204___contig_1_fragment_3_323	VOG00824	7.599999999999999e-73	242.5
MP_BCQMy225___contig_1_fragment_3_298	VOG00523	9.799999999999998e-73	241.8
MP_BCQMy204___contig_1_fragment_3_298	VOG00523	9.799999999999998e-73	241.8
GCA_001047525___contig_5_fragment_1_80	VOG00041	1.1e-70	235.0
GCA_000747585___contig_1_fragment_8_1146	VOG00041	1.1e-70	235.0
GCA_001047435___contig_4_fragment_1_80	VOG00041	1.1e-70	235.0
MP_BCQMy204___contig_1_fragment_11_1132	VOG04056	1.7999999999999998e-70	234.3
MP_BCQMy225___contig_1_fragment_11_1134	VOG04056	1.7999999999999998e-70	234.3
MP_BCQMy225___contig_1_fragment_14_1479	VOG00041	2.3999999999999995e-68	227.3
GCA_000747585___contig_1_fragment_8_1095	VOG21220	6.099999999999999e-68	226.0
GCA_001047525___contig_5_fragment_1_29	VOG21220	6.099999999999999e-68	226.0
MP_BCQMy204___contig_1_fragment_14_1482	VOG00041	2.0999999999999995e-67	224.2
GCA_001047435___contig_4_fragment_1_29	VOG21220	2.2999999999999997e-67	224.1
MP_BCQMy204___contig_1_fragment_14_1453	VOG00381	3.2999999999999995e-67	223.3
MP_BCQMy225___contig_1_fragment_14_1455	VOG00381	1.0999999999999999e-66	221.5
MP_BCQMy225___contig_1_fragment_3_306	VOG00724	3.099999999999999e-66	220.6
MP_BCQMy204___contig_1_fragment_3_306	VOG00724	3.099999999999999e-66	220.6
GCA_000747585___contig_1_fragment_8_1094	VOG04056	3.799999999999999e-66	219.9
GCA_001047435___contig_4_fragment_1_28	VOG04056	3.799999999999999e-66	219.9
GCA_001047525___contig_5_fragment_1_28	VOG04056	3.799999999999999e-66	219.9
GCA_025728615___contig_9_39	VOG21220	9.599999999999999e-66	218.8
MP_BCQMy204___contig_1_fragment_14_1452	VOG00213	1.1999999999999997e-65	218.4
MP_BCQMy225___contig_1_fragment_14_1454	VOG00213	1.4999999999999998e-65	218.0
MP_BCQMy204___contig_1_fragment_3_287	VOG00041	2.3999999999999993e-65	217.4
MP_BCQMy225___contig_1_fragment_3_287	VOG00041	2.3999999999999993e-65	217.4
GCA_001047515___contig_15_fragment_3_123	VOG00183	2.0999999999999996e-63	210.1
GCA_001047515___contig_15_fragment_3_77	VOG00520	3.0999999999999993e-63	210.5
MP_BCQMy204___contig_1_fragment_5_450	VOG00041	4.2e-61	203.4
MP_BCQMy225___contig_1_fragment_5_450	VOG00041	4.2e-61	203.4
GCA_001047515___contig_15_fragment_3_124	VOG01075	7.899999999999999e-57	188.7
GCA_000747585___contig_1_fragment_14_1592	VOG02151	2.2999999999999996e-56	187.6
GCA_001047515___contig_15_fragment_2_59	VOG02574	4.199999999999999e-56	186.9
MP_BCQMy204___contig_1_fragment_12_1193	VOG02574	4.3e-56	186.8
GCA_000747585___contig_1_fragment_11_1446	VOG02574	4.3e-56	186.8
MP_BCQMy225___contig_1_fragment_12_1195	VOG02574	4.3e-56	186.8
GCA_000747585___contig_1_fragment_15_1698	VOG05855	1.3e-55	184.9
MP_BCQMy204___contig_1_fragment_3_329	VOG02574	7.499999999999999e-55	182.8
MP_BCQMy225___contig_1_fragment_3_329	VOG02574	7.499999999999999e-55	182.8
GCA_001047515___contig_15_fragment_3_125	VOG00452	9.7e-55	182.7
MP_BCQMy225___contig_1_fragment_14_1466	VOG10294	1.1e-54	180.2
GCA_001047515___contig_15_fragment_2_52	VOG13479	4.0999999999999995e-54	179.9
MP_BCQMy225___contig_1_fragment_12_1201	VOG13479	1.0999999999999999e-53	178.6
MP_BCQMy204___contig_1_fragment_12_1199	VOG13479	1.0999999999999999e-53	178.6
GCA_000747585___contig_1_fragment_11_1453	VOG13479	1.8e-53	177.8
MP_BCQMy204___contig_1_fragment_14_1469	VOG02922	4e-53	176.4
MP_BCQMy225___contig_1_fragment_11_1118	VOG00041	5.299999999999999e-53	176.8
MP_BCQMy204___contig_1_fragment_11_1116	VOG00041	5.299999999999999e-53	176.8
MP_BCQMy225___contig_1_fragment_5_472	VOG21431	1.6e-52	174.5
GCA_025728645___contig_1_fragment_4_379	VOG21431	1.6e-52	174.5
GCA_025728595___contig_14_7	VOG21431	1.6e-52	174.5
MP_BCQMy204___contig_1_fragment_5_472	VOG21431	1.6e-52	174.5
MP_BCQMy225___contig_1_fragment_14_1468	VOG00519	1.8e-52	174.7
MP_BCQMy225___contig_1_fragment_3_324	VOG13479	2e-52	174.4
MP_BCQMy204___contig_1_fragment_3_324	VOG13479	2e-52	174.4
MP_BCQMy204___contig_1_fragment_14_1440	VOG03140	1.5e-50	167.9
MP_BCQMy225___contig_1_fragment_14_1442	VOG03140	4.4e-50	166.3
GCA_000747585___contig_1_fragment_8_1120	VOG00404	7.799999999999999e-50	165.2
GCA_001047525___contig_5_fragment_1_53	VOG00404	7.799999999999999e-50	165.2
GCA_001047435___contig_4_fragment_1_53	VOG00404	7.799999999999999e-50	165.2
GCA_001047445___contig_9_fragment_4_284	VOG03321	1.5e-49	164.7
GCA_000747585___contig_1_fragment_7_996	VOG03321	1.5e-49	164.7
MP_BCQMy204___contig_1_fragment_5_474	VOG00404	1.6e-48	161.0
GCA_025728645___contig_1_fragment_4_377	VOG00404	1.6e-48	161.0
GCA_025728595___contig_14_5	VOG00404	1.6e-48	161.0
MP_BCQMy225___contig_1_fragment_5_474	VOG00404	1.6e-48	161.0
GCA_025728615___contig_9_20	VOG00404	9.9e-48	158.4
MP_BCQMy204___contig_1_fragment_11_1150	VOG00404	9.9e-48	158.4
MP_BCQMy225___contig_1_fragment_11_1152	VOG00404	9.9e-48	158.4
GCA_001047445___contig_9_fragment_1_1	VOG02574	2.4e-47	158.1
GCA_001047525___contig_5_fragment_1_58	VOG11084	3.7e-47	156.4
GCA_001047435___contig_4_fragment_1_58	VOG11084	3.7e-47	156.4
GCA_000747585___contig_1_fragment_8_1125	VOG11084	3.7e-47	156.4
MP_BCQMy225___contig_1_fragment_5_455	VOG10124	6.299999999999999e-46	153.3
MP_BCQMy204___contig_1_fragment_5_455	VOG10124	6.299999999999999e-46	153.3
GCA_001047515___contig_15_fragment_3_82	VOG10124	1.1999999999999998e-45	152.4
GCA_001047515___contig_15_fragment_3_95	VOG10294	1.9e-45	150.3
MP_BCQMy225___contig_1_fragment_14_1453	VOG00686	5.999999999999999e-45	150.7
MP_BCQMy204___contig_1_fragment_14_1451	VOG00686	1.6999999999999998e-44	149.2
GCA_025728615___contig_9_15	VOG11084	1.8000000000000002e-44	147.7
GCA_001047445___contig_9_fragment_4_287	VOG12515	9.5e-44	145.5
GCA_000747585___contig_1_fragment_7_999	VOG12515	9.5e-44	145.5
MP_BCQMy225___contig_1_fragment_11_1157	VOG11084	9.7e-44	145.3
MP_BCQMy204___contig_1_fragment_11_1155	VOG11084	9.7e-44	145.3
GCA_001047515___contig_15_fragment_3_133	VOG02574	5.4e-43	143.9
MP_BCQMy204___contig_1_fragment_14_1475	VOG22001	5.999999999999999e-43	141.4
GCA_001047515___contig_15_fragment_3_122	VOG21220	1.4999999999999998e-42	142.1
MP_BCQMy225___contig_1_fragment_1_61	VOG09023	1.3e-41	138.3
MP_BCQMy204___contig_1_fragment_1_61	VOG09023	1.3e-41	138.3
GCA_001047435___contig_4_fragment_1_71	VOG10124	1.7999999999999998e-41	138.8
GCA_001047525___contig_5_fragment_1_71	VOG10124	1.7999999999999998e-41	138.8
MP_BCQMy204___contig_1_fragment_14_1471	VOG00216	3.1e-41	138.2
GCA_000747585___contig_1_fragment_8_1137	VOG10124	3.5999999999999996e-41	137.8
MP_BCQMy225___contig_1_fragment_12_1207	VOG00149	1.1e-40	135.5
MP_BCQMy204___contig_1_fragment_12_1205	VOG00149	1.1e-40	135.5
GCA_001047515___contig_15_fragment_2_45	VOG00149	1.7e-40	135.0
GCA_000747585___contig_1_fragment_5_611	VOG00126	4.3e-40	134.5
MP_BCQMy204___contig_1_fragment_4_348	VOG00126	4.3e-40	134.5
MP_BCQMy225___contig_1_fragment_4_348	VOG00126	4.3e-40	134.5
MP_BCQMy225___contig_1_fragment_5_452	VOG03321	4.599999999999999e-40	133.7
MP_BCQMy204___contig_1_fragment_5_452	VOG03321	4.599999999999999e-40	133.7
GCA_000747585___contig_1_fragment_11_1460	VOG00149	1.8e-39	131.6
GCA_001047445___contig_9_fragment_1_3	VOG23062	2.2e-39	131.6
GCA_025728615___contig_9_40	VOG01075	2.3999999999999995e-39	131.4
MP_BCQMy204___contig_1_fragment_4_355	VOG00313	4.2e-39	131.1
MP_BCQMy225___contig_1_fragment_4_355	VOG00313	4.2e-39	131.1
GCA_000747585___contig_1_fragment_5_618	VOG00313	4.4999999999999994e-39	131.1
MP_BCQMy204___contig_1_fragment_3_313	VOG03165	5.799999999999999e-39	130.4
MP_BCQMy225___contig_1_fragment_3_313	VOG03165	5.799999999999999e-39	130.4
GCA_025728645___contig_10_10	VOG10286	7.899999999999999e-39	130.0
GCA_001047445___contig_9_fragment_1_2	VOG14094	1.5e-38	128.4
MP_BCQMy204___contig_1_fragment_14_1454	VOG02869	2.2e-38	128.9
MP_BCQMy204___contig_1_fragment_12_1216	VOG00385	2.3999999999999997e-38	128.1
MP_BCQMy225___contig_1_fragment_12_1218	VOG00385	2.3999999999999997e-38	128.1
MP_BCQMy225___contig_1_fragment_14_1456	VOG02869	3.3e-38	128.4
GCA_000747585___contig_1_fragment_11_1472	VOG00385	3.3999999999999997e-38	127.6
GCA_001047515___contig_15_fragment_2_33	VOG00385	3.3999999999999997e-38	127.6
GCA_001047515___contig_15_fragment_3_134	VOG14094	8.9e-38	125.9
MP_BCQMy204___contig_1_fragment_11_1142	VOG00236	1.9e-37	125.8
MP_BCQMy225___contig_1_fragment_11_1144	VOG00236	1.9e-37	125.8
GCA_025728615___contig_9_29	VOG00236	1.9e-37	125.8
GCA_025728595___contig_19_4	VOG00236	2e-37	125.7
MP_BCQMy204___contig_1_fragment_5_494	VOG01075	3.3000000000000002e-37	124.4
GCA_025728645___contig_1_fragment_4_358	VOG01075	3.3000000000000002e-37	124.4
MP_BCQMy225___contig_1_fragment_5_494	VOG01075	3.3000000000000002e-37	124.4
GCA_001047515___contig_15_fragment_3_127	VOG18935	1.1999999999999998e-36	122.8
GCA_001047435___contig_4_fragment_1_39	VOG03165	1.3e-36	122.7
GCA_001047525___contig_5_fragment_1_39	VOG03165	1.3e-36	122.7
GCA_000747585___contig_1_fragment_8_1105	VOG03165	1.3e-36	122.7
MP_BCQMy225___contig_1_fragment_11_1133	VOG01075	2e-36	121.8
GCA_001047435___contig_4_fragment_1_27	VOG01075	2e-36	121.8
MP_BCQMy204___contig_1_fragment_11_1131	VOG01075	2e-36	121.8
GCA_001047525___contig_5_fragment_1_27	VOG01075	2e-36	121.8
GCA_000747585___contig_1_fragment_8_1093	VOG01075	2e-36	121.8
GCA_025728645___contig_1_fragment_4_354	VOG18935	2.2999999999999996e-36	121.9
MP_BCQMy204___contig_1_fragment_5_498	VOG18935	2.2999999999999996e-36	121.9
MP_BCQMy225___contig_1_fragment_5_498	VOG18935	2.2999999999999996e-36	121.9
MP_BCQMy204___contig_1_fragment_3_288	VOG03321	2.6e-36	121.5
MP_BCQMy225___contig_1_fragment_3_288	VOG03321	2.6e-36	121.5
GCA_001047525___contig_5_fragment_1_81	VOG00385	2.6999999999999997e-36	121.2
GCA_000747585___contig_1_fragment_8_1147	VOG00385	2.6999999999999997e-36	121.2
GCA_001047435___contig_4_fragment_1_81	VOG00385	2.6999999999999997e-36	121.2
MP_BCQMy225___contig_1_fragment_5_458	VOG00572	4.4e-36	120.9
MP_BCQMy204___contig_1_fragment_5_458	VOG00572	4.4e-36	120.9
MP_BCQMy225___contig_1_fragment_11_1143	VOG03165	6.3e-36	120.5
MP_BCQMy204___contig_1_fragment_11_1141	VOG03165	6.3e-36	120.5
GCA_025728615___contig_9_30	VOG03165	6.3e-36	120.5
GCA_025728595___contig_19_3	VOG03165	6.3e-36	120.5
GCA_025728645___contig_1_fragment_4_369	VOG00236	8.9e-36	120.3
MP_BCQMy204___contig_1_fragment_5_483	VOG00236	8.9e-36	120.3
MP_BCQMy225___contig_1_fragment_5_483	VOG00236	8.9e-36	120.3
MP_BCQMy225___contig_1_fragment_11_1156	VOG09746	1.1999999999999998e-35	119.3
MP_BCQMy204___contig_1_fragment_11_1154	VOG09746	1.1999999999999998e-35	119.3
MP_BCQMy225___contig_1_fragment_14_1440	VOG21441	1.4e-35	118.9
MP_BCQMy204___contig_1_fragment_14_1438	VOG21441	1.8999999999999998e-35	118.4
GCA_000747585___contig_1_fragment_8_1089	VOG18935	2.3e-35	118.6
MP_BCQMy225___contig_1_fragment_11_1129	VOG18935	2.3e-35	118.6
MP_BCQMy204___contig_1_fragment_12_1203	VOG01394	2.3e-35	118.3
GCA_000747585___contig_1_fragment_11_1458	VOG01394	2.3e-35	118.3
GCA_001047515___contig_15_fragment_2_47	VOG01394	2.3e-35	118.3
MP_BCQMy204___contig_1_fragment_11_1127	VOG18935	2.3e-35	118.6
GCA_001047525___contig_5_fragment_1_23	VOG18935	2.3e-35	118.6
GCA_001047435___contig_4_fragment_1_23	VOG18935	2.3e-35	118.6
MP_BCQMy225___contig_1_fragment_12_1205	VOG01394	2.3e-35	118.3
GCA_025728615___contig_9_44	VOG18935	2.3999999999999996e-35	118.5
GCA_025728615___contig_9_16	VOG09746	3.5e-35	117.8
MP_BCQMy225___contig_1_fragment_5_470	VOG00690	3.9e-35	117.9
GCA_001047515___contig_15_fragment_2_49	VOG00097	3.9e-35	118.0
GCA_025728595___contig_14_9	VOG00690	3.9e-35	117.9
GCA_000747585___contig_1_fragment_11_1456	VOG00097	3.9e-35	118.0
MP_BCQMy204___contig_1_fragment_5_470	VOG00690	3.9e-35	117.9
GCA_025728645___contig_1_fragment_4_381	VOG00690	3.9e-35	117.9
MP_BCQMy204___contig_1_fragment_3_321	VOG02333	6.799999999999999e-35	117.1
MP_BCQMy225___contig_1_fragment_3_321	VOG02333	6.799999999999999e-35	117.1
MP_BCQMy204___contig_1_fragment_12_1201	VOG00097	6.9e-35	117.2
MP_BCQMy225___contig_1_fragment_12_1203	VOG00097	6.9e-35	117.2
MP_BCQMy204___contig_1_fragment_3_314	VOG00633	1.1000000000000002e-34	116.8
MP_BCQMy225___contig_1_fragment_3_314	VOG00633	1.1000000000000002e-34	116.8
MP_BCQMy225___contig_1_fragment_5_462	VOG00572	1.6e-34	115.8
MP_BCQMy204___contig_1_fragment_5_462	VOG00572	1.6e-34	115.8
GCA_001047435___contig_4_fragment_1_40	VOG00236	2.1e-34	115.8
GCA_000747585___contig_1_fragment_8_1106	VOG00236	2.1e-34	115.8
GCA_001047525___contig_5_fragment_1_40	VOG00236	2.1e-34	115.8
MP_BCQMy204___contig_1_fragment_4_354	VOG14097	2.2000000000000003e-34	115.0
MP_BCQMy225___contig_1_fragment_4_354	VOG14097	2.2000000000000003e-34	115.0
GCA_000747585___contig_1_fragment_5_617	VOG14097	2.2000000000000003e-34	115.0
GCA_000747585___contig_1_fragment_15_1690	VOG01181	2.4e-34	115.7
GCA_025728645___contig_10_18	VOG00520	2.7e-34	115.1
GCA_001047435___contig_4_fragment_1_55	VOG21431	7.699999999999999e-34	113.3
GCA_001047525___contig_5_fragment_1_55	VOG21431	7.699999999999999e-34	113.3
GCA_000747585___contig_1_fragment_8_1122	VOG21431	7.699999999999999e-34	113.3
GCA_001047525___contig_5_fragment_1_42	VOG04497	1.7e-33	112.4
GCA_001047435___contig_4_fragment_1_42	VOG04497	1.7e-33	112.4
GCA_000747585___contig_1_fragment_8_1108	VOG04497	1.7e-33	112.4
GCA_001047515___contig_15_fragment_3_88	VOG00690	2.7e-33	111.9
GCA_025728615___contig_9_21	VOG01162	1.1e-32	109.4
MP_BCQMy225___contig_1_fragment_11_1151	VOG01162	1.1e-32	109.4
MP_BCQMy204___contig_1_fragment_11_1149	VOG01162	1.1e-32	109.4
MP_BCQMy204___contig_1_fragment_5_475	VOG01162	1.3e-32	109.2
MP_BCQMy225___contig_1_fragment_5_475	VOG01162	1.3e-32	109.2
GCA_025728595___contig_14_4	VOG01162	1.3e-32	109.2
GCA_025728645___contig_1_fragment_4_376	VOG01162	1.3e-32	109.2
MP_BCQMy225___contig_1_fragment_15_1528	VOG01127	1.5e-32	108.5
MP_BCQMy204___contig_1_fragment_15_1531	VOG01127	1.5e-32	108.5
MP_BCQMy225___contig_1_fragment_14_1458	VOG17047	3.2e-32	106.5
MP_BCQMy225___contig_1_fragment_11_1137	VOG01397	3.2999999999999997e-32	107.9
MP_BCQMy204___contig_1_fragment_11_1135	VOG01397	3.2999999999999997e-32	107.9
GCA_025728645___contig_1_fragment_4_342	VOG11403	3.6e-32	107.7
GCA_001047515___contig_15_fragment_3_115	VOG01375	5.4e-32	106.4
GCA_001047515___contig_15_fragment_3_89	VOG00232	1.1e-31	106.0
GCA_001047515___contig_15_fragment_3_121	VOG10276	1.5999999999999999e-31	105.8
GCA_001047525___contig_5_fragment_1_49	VOG00065	2.1e-31	104.7
GCA_001047515___contig_15_fragment_3_99	VOG00065	2.1e-31	104.7
GCA_001047435___contig_4_fragment_1_49	VOG00065	2.1e-31	104.7
GCA_000747585___contig_1_fragment_8_1115	VOG00065	2.8e-31	104.3
GCA_001047525___contig_5_fragment_1_56	VOG00232	3.3999999999999997e-31	104.4
GCA_001047435___contig_4_fragment_1_56	VOG00232	3.3999999999999997e-31	104.4
GCA_001047525___contig_5_fragment_1_57	VOG09746	3.3999999999999997e-31	104.8
GCA_001047435___contig_4_fragment_1_57	VOG09746	3.3999999999999997e-31	104.8
GCA_000747585___contig_1_fragment_8_1124	VOG09746	3.3999999999999997e-31	104.8
GCA_000747585___contig_1_fragment_8_1123	VOG00232	3.3999999999999997e-31	104.4
MP_BCQMy225___contig_1_fragment_11_1155	VOG00232	7.6e-31	103.3
MP_BCQMy204___contig_1_fragment_11_1153	VOG00232	7.6e-31	103.3
GCA_025728615___contig_9_17	VOG00232	7.6e-31	103.3
GCA_025728645___contig_1_fragment_4_362	VOG01397	9.299999999999999e-31	103.2
MP_BCQMy225___contig_1_fragment_5_490	VOG01397	9.299999999999999e-31	103.2
MP_BCQMy204___contig_1_fragment_5_490	VOG01397	9.299999999999999e-31	103.2
MP_BCQMy204___contig_1_fragment_5_471	VOG00232	1.7e-30	102.1
GCA_025728645___contig_1_fragment_4_380	VOG00232	1.7e-30	102.1
GCA_025728595___contig_14_8	VOG00232	1.7e-30	102.1
MP_BCQMy225___contig_1_fragment_5_471	VOG00232	1.7e-30	102.1
GCA_001047515___contig_15_fragment_3_116	VOG00870	1.8e-30	101.7
MP_BCQMy204___contig_1_fragment_14_1474	VOG03500	2.6e-30	101.5
MP_BCQMy225___contig_1_fragment_14_1467	VOG17043	4.0999999999999996e-30	101.1
MP_BCQMy204___contig_1_fragment_11_1172	VOG00572	7e-30	100.6
MP_BCQMy225___contig_1_fragment_11_1174	VOG00572	7e-30	100.6
GCA_025728615___contig_9_36	VOG01397	1.4999999999999998e-29	99.2
MP_BCQMy204___contig_1_fragment_8_933	VOG07964	1.8000000000000002e-29	99.0
GCA_000747585___contig_1_fragment_9_1227	VOG07964	1.8000000000000002e-29	99.0
GCA_001047445___contig_9_fragment_5_445	VOG07964	1.8000000000000002e-29	99.0
MP_BCQMy225___contig_1_fragment_8_933	VOG07964	1.8000000000000002e-29	99.0
MP_BCQMy225___contig_1_fragment_3_301	VOG00519	2.5e-29	99.0
MP_BCQMy204___contig_1_fragment_3_301	VOG00519	2.5e-29	99.0
MP_BCQMy204___contig_1_fragment_5_495	VOG00452	2.8999999999999997e-29	98.6
GCA_025728645___contig_1_fragment_4_357	VOG00452	2.8999999999999997e-29	98.6
MP_BCQMy225___contig_1_fragment_5_495	VOG00452	2.8999999999999997e-29	98.6
GCA_001047515___contig_15_fragment_3_102	VOG02869	4.9000000000000004e-29	98.5
GCA_000747585___contig_1_fragment_14_1596	VOG09038	5e-29	97.1
GCA_001047435___contig_4_fragment_1_41	VOG04497	5.7e-29	97.7
GCA_001047525___contig_5_fragment_1_41	VOG04497	5.7e-29	97.7
MP_BCQMy204___contig_1_fragment_5_453	VOG20253	6.7e-29	96.9
MP_BCQMy225___contig_1_fragment_5_453	VOG20253	6.7e-29	96.9
GCA_000747585___contig_1_fragment_8_1139	VOG20253	6.9e-29	96.8
GCA_001047435___contig_4_fragment_1_73	VOG20253	7.4e-29	96.8
GCA_001047525___contig_5_fragment_1_73	VOG20253	7.4e-29	96.8
GCA_001047435___contig_4_fragment_1_26	VOG00452	7.499999999999999e-29	97.3
GCA_000747585___contig_1_fragment_8_1092	VOG00452	7.499999999999999e-29	97.3
MP_BCQMy204___contig_1_fragment_11_1130	VOG00452	7.499999999999999e-29	97.3
MP_BCQMy225___contig_1_fragment_11_1132	VOG00452	7.499999999999999e-29	97.3
GCA_001047525___contig_5_fragment_1_26	VOG00452	7.499999999999999e-29	97.3
MP_BCQMy225___contig_1_fragment_12_1204	VOG02632	1.1e-28	96.2
MP_BCQMy204___contig_1_fragment_12_1202	VOG02632	1.1e-28	96.2
GCA_025728645___contig_1_fragment_4_368	VOG03165	1.1999999999999999e-28	96.6
MP_BCQMy204___contig_1_fragment_5_484	VOG03165	1.1999999999999999e-28	96.6
MP_BCQMy225___contig_1_fragment_5_484	VOG03165	1.1999999999999999e-28	96.6
GCA_025728615___contig_9_41	VOG00452	1.3000000000000002e-28	96.5
MP_BCQMy225___contig_1_fragment_14_1445	VOG03436	3.3999999999999996e-28	94.9
MP_BCQMy204___contig_1_fragment_14_1443	VOG03436	3.3999999999999996e-28	94.9
GCA_000747585___contig_1_fragment_8_1099	VOG01397	3.9e-28	94.7
GCA_001047435___contig_4_fragment_1_33	VOG01397	3.9e-28	94.7
GCA_001047525___contig_5_fragment_1_33	VOG01397	3.9e-28	94.7
MP_BCQMy225___contig_1_fragment_11_1123	VOG23273	4.6e-28	94.1
MP_BCQMy204___contig_1_fragment_11_1121	VOG23273	4.6e-28	94.1
GCA_000747585___contig_1_fragment_8_1083	VOG23273	4.7000000000000005e-28	94.1
GCA_001047435___contig_4_fragment_1_17	VOG23273	4.7000000000000005e-28	94.1
GCA_001047525___contig_5_fragment_1_17	VOG23273	4.7000000000000005e-28	94.1
MP_BCQMy225___contig_1_fragment_14_1446	VOG00149	5.400000000000001e-28	94.2
MP_BCQMy204___contig_1_fragment_14_1444	VOG00149	5.400000000000001e-28	94.2
MP_BCQMy225___contig_1_fragment_12_1215	VOG00459	5.500000000000001e-28	94.3
MP_BCQMy204___contig_1_fragment_12_1213	VOG00459	5.500000000000001e-28	94.3
GCA_001047515___contig_15_fragment_2_36	VOG00459	5.500000000000001e-28	94.3
GCA_000747585___contig_1_fragment_11_1469	VOG00459	5.500000000000001e-28	94.3
GCA_025728675___contig_13_3	VOG10124	8.1e-28	94.3
GCA_000747585___contig_1_fragment_8_1142	VOG04616	1.5e-27	93.1
GCA_001047525___contig_5_fragment_1_76	VOG04616	1.5e-27	93.1
GCA_001047435___contig_4_fragment_1_76	VOG04616	1.5e-27	93.1
GCA_001047515___contig_15_fragment_3_114	VOG04818	1.6e-27	92.4
GCA_001047515___contig_15_fragment_3_80	VOG02771	2e-27	92.8
MP_BCQMy225___contig_1_fragment_14_1434	VOG02762	2e-27	92.1
MP_BCQMy204___contig_1_fragment_14_1432	VOG02762	2e-27	92.1
GCA_001047525___contig_5_fragment_1_67	VOG14084	2.3999999999999997e-27	91.5
GCA_001047435___contig_4_fragment_1_67	VOG14084	2.3999999999999997e-27	91.5
GCA_000747585___contig_1_fragment_8_1134	VOG14084	2.3999999999999997e-27	91.5
MP_BCQMy225___contig_1_fragment_14_1457	VOG04514	2.8999999999999997e-27	92.0
GCA_000747585___contig_1_fragment_11_1457	VOG02632	3.5e-27	91.2
GCA_001047515___contig_15_fragment_2_48	VOG02632	3.5e-27	91.2
MP_BCQMy204___contig_1_fragment_3_311	VOG09810	3.6e-27	92.4
MP_BCQMy225___contig_1_fragment_3_311	VOG09810	3.6e-27	92.4
MP_BCQMy225___contig_1_fragment_11_1179	VOG20253	6.3e-27	90.4
MP_BCQMy204___contig_1_fragment_11_1177	VOG20253	6.3e-27	90.4
MP_BCQMy225___contig_1_fragment_3_316	VOG23090	7.4e-27	90.0
MP_BCQMy204___contig_1_fragment_3_316	VOG23090	7.4e-27	90.0
GCA_001047525___contig_5_fragment_1_43	VOG00687	1.7e-26	89.2
GCA_001047435___contig_4_fragment_1_43	VOG00687	1.7e-26	89.2
GCA_000747585___contig_1_fragment_8_1109	VOG00687	1.7e-26	89.2
MP_BCQMy204___contig_1_fragment_5_504	VOG23273	3e-26	88.1
MP_BCQMy225___contig_1_fragment_5_504	VOG23273	3e-26	88.1
GCA_025728645___contig_1_fragment_4_348	VOG23273	3e-26	88.1
MP_BCQMy225___contig_1_fragment_11_1146	VOG00687	4.200000000000001e-26	88.0
MP_BCQMy204___contig_1_fragment_11_1144	VOG00687	4.200000000000001e-26	88.0
GCA_025728595___contig_19_6	VOG00687	4.200000000000001e-26	88.0
MP_BCQMy204___contig_1_fragment_14_1477	VOG17042	5.400000000000001e-26	86.6
MP_BCQMy204___contig_1_fragment_5_481	VOG00687	1.7000000000000002e-25	86.0
MP_BCQMy225___contig_1_fragment_5_481	VOG00687	1.7000000000000002e-25	86.0
GCA_025728615___contig_9_27	VOG00687	1.7000000000000002e-25	86.0
GCA_001047445___contig_9_fragment_5_437	VOG09424	3.3000000000000003e-25	84.5
MP_BCQMy204___contig_1_fragment_8_926	VOG09424	3.3000000000000003e-25	84.5
MP_BCQMy225___contig_1_fragment_8_926	VOG09424	3.3000000000000003e-25	84.5
GCA_000747585___contig_1_fragment_9_1219	VOG09424	3.3000000000000003e-25	84.5
GCA_025728645___contig_1_fragment_4_371	VOG00687	3.4999999999999997e-25	85.0
MP_BCQMy225___contig_1_fragment_11_1149	VOG00361	4.0999999999999994e-25	85.2
MP_BCQMy204___contig_1_fragment_11_1147	VOG00361	4.0999999999999994e-25	85.2
GCA_025728615___contig_9_23	VOG00361	4.0999999999999994e-25	85.2
GCA_001047515___contig_15_fragment_3_87	VOG10469	7.1e-25	84.5
MP_BCQMy225___contig_1_fragment_14_1474	VOG17042	9.7e-25	82.5
GCA_025728595___contig_43_1	VOG01397	1.3999999999999999e-24	83.1
MP_BCQMy225___contig_1_fragment_14_1447	VOG00743	1.6e-24	82.8
MP_BCQMy204___contig_1_fragment_14_1445	VOG00743	1.6e-24	82.8
GCA_000747585___contig_1_fragment_12_1504	VOG00935	1.8e-24	82.6
MP_BCQMy204___contig_1_fragment_5_469	VOG10469	2.4e-24	82.8
GCA_025728645___contig_1_fragment_4_382	VOG10469	2.4e-24	82.8
MP_BCQMy225___contig_1_fragment_5_469	VOG10469	2.4e-24	82.8
GCA_025728595___contig_14_10	VOG10469	2.4e-24	82.8
GCA_001047515___contig_15_fragment_1_1	VOG00935	2.7999999999999998e-24	81.9
GCA_025728675___contig_13_1	VOG20253	8.199999999999999e-24	80.2
GCA_001047525___contig_5_fragment_1_52	VOG00098	9.300000000000001e-24	80.8
GCA_000747585___contig_1_fragment_8_1119	VOG00098	9.300000000000001e-24	80.8
GCA_001047435___contig_4_fragment_1_52	VOG00098	9.300000000000001e-24	80.8
MP_BCQMy204___contig_1_fragment_3_302	VOG03001	1.1999999999999998e-23	79.2
MP_BCQMy225___contig_1_fragment_3_302	VOG03001	1.1999999999999998e-23	79.2
GCA_001047515___contig_15_fragment_3_92	VOG00404	2.1e-23	79.6
GCA_001047515___contig_15_fragment_3_94	VOG00098	4.3e-23	78.6
GCA_001047515___contig_15_fragment_3_117	VOG01483	5.1e-23	78.3
GCA_000747585___contig_1_fragment_11_1459	VOG00446	5.4e-23	78.1
GCA_001047515___contig_15_fragment_2_46	VOG00446	5.4e-23	78.1
MP_BCQMy204___contig_1_fragment_12_1204	VOG00446	5.4e-23	78.1
MP_BCQMy225___contig_1_fragment_12_1206	VOG00446	5.4e-23	78.1
GCA_025728645___contig_10_6	VOG01473	6.700000000000001e-23	77.2
GCA_025728645___contig_10_17	VOG19011	7.4e-23	77.3
GCA_000747585___contig_1_fragment_8_1114	VOG00188	8.6e-23	77.4
GCA_001047435___contig_4_fragment_1_48	VOG00188	8.6e-23	77.4
GCA_001047525___contig_5_fragment_1_48	VOG00188	8.6e-23	77.4
GCA_001047515___contig_15_fragment_3_100	VOG00188	8.6e-23	77.4
GCA_001047435___contig_4_fragment_1_35	VOG03575	9.9e-23	77.0
GCA_001047525___contig_5_fragment_1_35	VOG03575	9.9e-23	77.0
MP_BCQMy225___contig_1_fragment_14_1470	VOG00194	9.9e-23	77.8
GCA_000747585___contig_1_fragment_8_1101	VOG03575	9.9e-23	77.0
GCA_003462485___contig_5_2	VOG00719	1.3e-22	77.2
MP_BCQMy204___contig_1_fragment_5_488	VOG03575	1.9999999999999999e-22	76.0
GCA_025728645___contig_1_fragment_4_364	VOG03575	1.9999999999999999e-22	76.0
MP_BCQMy225___contig_1_fragment_5_488	VOG03575	1.9999999999999999e-22	76.0
MP_BCQMy225___contig_1_fragment_11_1139	VOG03575	3.1e-22	75.4
GCA_025728615___contig_9_34	VOG03575	3.1e-22	75.4
MP_BCQMy204___contig_1_fragment_11_1137	VOG03575	3.1e-22	75.4
GCA_001047525___contig_5_fragment_1_44	VOG00962	1.5999999999999999e-21	73.2
GCA_000747585___contig_1_fragment_8_1110	VOG00962	1.5999999999999999e-21	73.2
GCA_001047435___contig_4_fragment_1_44	VOG00962	1.5999999999999999e-21	73.2
MP_BCQMy225___contig_1_fragment_5_480	VOG00962	3e-21	72.3
GCA_025728645___contig_1_fragment_4_372	VOG00962	3e-21	72.3
MP_BCQMy204___contig_1_fragment_5_480	VOG00962	3e-21	72.3
GCA_025728615___contig_9_26	VOG00962	3.8000000000000005e-21	72.0
GCA_000747585___contig_1_fragment_8_1107	VOG09810	6.6e-21	71.7
MP_BCQMy204___contig_1_fragment_14_1456	VOG00188	8.2e-21	71.0
MP_BCQMy204___contig_1_fragment_11_1145	VOG00962	8.5e-21	70.8
MP_BCQMy225___contig_1_fragment_11_1147	VOG00962	8.5e-21	70.8
GCA_001047515___contig_15_fragment_3_132	VOG01434	9.000000000000001e-21	70.7
MP_BCQMy204___contig_1_fragment_14_1431	VOG23273	2.3e-20	68.7
MP_BCQMy204___contig_1_fragment_14_1476	VOG04233	2.7999999999999997e-20	68.1
MP_BCQMy225___contig_1_fragment_3_328	VOG01434	3.6000000000000003e-20	68.7
MP_BCQMy204___contig_1_fragment_3_328	VOG01434	3.6000000000000003e-20	68.7
MP_BCQMy225___contig_1_fragment_14_1473	VOG04233	4.3e-20	67.5
MP_BCQMy225___contig_1_fragment_12_1212	VOG00188	7e-20	68.0
MP_BCQMy204___contig_1_fragment_12_1210	VOG00188	7e-20	68.0
MP_BCQMy225___contig_1_fragment_12_1196	VOG01434	8.699999999999999e-20	67.5
GCA_000747585___contig_1_fragment_11_1447	VOG01434	8.699999999999999e-20	67.5
GCA_001047515___contig_15_fragment_2_58	VOG01434	8.699999999999999e-20	67.5
MP_BCQMy204___contig_1_fragment_12_1194	VOG01434	8.699999999999999e-20	67.5
MP_BCQMy225___contig_1_fragment_3_289	VOG00361	1.8e-19	66.7
MP_BCQMy204___contig_1_fragment_3_289	VOG00361	1.8e-19	66.7
MP_BCQMy225___contig_1_fragment_5_506	VOG14226	2e-19	65.6
GCA_025728645___contig_1_fragment_4_346	VOG14226	2e-19	65.6
MP_BCQMy204___contig_1_fragment_5_506	VOG14226	2e-19	65.6
MP_BCQMy225___contig_1_fragment_3_309	VOG00679	3.3999999999999997e-19	65.4
MP_BCQMy204___contig_1_fragment_3_309	VOG00679	3.3999999999999997e-19	65.4
GCA_000747585___contig_1_fragment_8_1084	VOG01434	4.2e-19	65.3
GCA_001047435___contig_4_fragment_1_18	VOG01434	4.2e-19	65.3
GCA_001047525___contig_5_fragment_1_18	VOG01434	4.2e-19	65.3
MP_BCQMy225___contig_1_fragment_11_1124	VOG01434	4.2e-19	65.3
MP_BCQMy204___contig_1_fragment_11_1122	VOG01434	4.2e-19	65.3
MP_BCQMy225___contig_1_fragment_5_503	VOG01434	4.7999999999999995e-19	65.1
MP_BCQMy204___contig_1_fragment_5_503	VOG01434	4.7999999999999995e-19	65.1
MP_BCQMy225___contig_1_fragment_12_1208	VOG00743	4.9e-19	65.0
MP_BCQMy204___contig_1_fragment_12_1206	VOG00743	4.9e-19	65.0
GCA_000747585___contig_1_fragment_11_1461	VOG00743	4.9e-19	65.0
MP_BCQMy204___contig_1_fragment_14_1481	VOG00361	5.199999999999999e-19	65.2
MP_BCQMy204___contig_1_fragment_14_1448	VOG00283	6.2e-19	64.3
MP_BCQMy204___contig_1_fragment_14_1480	VOG02771	7.9e-19	64.9
MP_BCQMy225___contig_1_fragment_14_1450	VOG00283	8.4e-19	63.9
MP_BCQMy204___contig_1_fragment_4_350	VOG01833	1e-18	64.2
GCA_000747585___contig_1_fragment_5_613	VOG01833	1e-18	64.2
MP_BCQMy225___contig_1_fragment_4_350	VOG01833	1e-18	64.2
MP_BCQMy225___contig_1_fragment_14_1477	VOG02771	1.3999999999999999e-18	64.1
MP_BCQMy225___contig_1_fragment_14_1478	VOG00361	1.6e-18	63.6
MP_ONT63___contig_2_fragment_2_103	VOG00098	2.2000000000000002e-18	63.3
MP_BCQMy204___contig_2_fragment_2_108	VOG00098	2.2000000000000002e-18	63.3
MP_BCQMy225___contig_1_fragment_14_1459	VOG00098	3.7e-18	62.5
GCA_001047445___contig_9_fragment_1_4	VOG14226	3.7e-18	61.5
GCA_001047515___contig_15_fragment_2_44	VOG00743	8.7e-18	61.0
MP_BCQMy204___contig_1_fragment_3_299	VOG00399	8.800000000000001e-18	60.6
MP_BCQMy225___contig_1_fragment_3_299	VOG00399	8.800000000000001e-18	60.6
MP_BCQMy225___contig_1_fragment_3_290	VOG02771	1.8e-17	60.5
MP_BCQMy204___contig_1_fragment_3_290	VOG02771	1.8e-17	60.5
MP_BCQMy225___contig_1_fragment_3_312	VOG00236	2.3e-17	59.8
MP_BCQMy204___contig_1_fragment_3_312	VOG00236	2.3e-17	59.8
MP_BCQMy225___contig_1_fragment_15_1527	VOG00051	2.8000000000000005e-17	59.1
MP_BCQMy204___contig_1_fragment_15_1530	VOG00051	2.8000000000000005e-17	59.1
GCA_000747585___contig_1_fragment_7_994	VOG04176	2.8000000000000005e-17	59.3
GCA_001047445___contig_9_fragment_4_282	VOG04176	2.8000000000000005e-17	59.3
MP_BCQMy225___contig_1_fragment_1_60	VOG02771	2.8000000000000005e-17	59.8
MP_BCQMy204___contig_1_fragment_1_60	VOG02771	2.8000000000000005e-17	59.8
MP_BCQMy225___contig_1_fragment_14_1433	VOG22709	3e-17	59.0
MP_BCQMy225___contig_1_fragment_14_1448	VOG00973	3.2e-17	59.5
MP_BCQMy204___contig_1_fragment_5_487	VOG00066	3.2e-17	58.9
MP_BCQMy225___contig_1_fragment_5_487	VOG00066	3.2e-17	58.9
GCA_025728645___contig_1_fragment_4_365	VOG00066	3.2e-17	58.9
GCA_001047515___contig_15_fragment_3_78	VOG18091	4.4e-17	58.9
GCA_001047435___contig_4_fragment_1_20	VOG00146	5e-17	57.6
MP_BCQMy225___contig_1_fragment_11_1126	VOG00146	5e-17	57.6
MP_BCQMy204___contig_1_fragment_11_1124	VOG00146	5e-17	57.6
GCA_001047525___contig_5_fragment_1_20	VOG00146	5e-17	57.6
GCA_000747585___contig_1_fragment_8_1086	VOG00146	5e-17	57.6
GCA_003462485___contig_5_3	VOG03965	5.699999999999999e-17	58.2
MP_BCQMy204___contig_1_fragment_14_1446	VOG00973	5.799999999999999e-17	58.6
GCA_025728645___contig_1_fragment_4_351	VOG00146	1e-16	56.6
MP_BCQMy204___contig_1_fragment_5_501	VOG00146	1e-16	56.6
MP_BCQMy225___contig_1_fragment_5_501	VOG00146	1e-16	56.6
MP_BCQMy204___contig_1_fragment_14_1458	VOG00399	3.9e-16	55.3
MP_BCQMy204___contig_2_fragment_2_101	VOG00806	5.2e-16	54.3
MP_ONT63___contig_2_fragment_2_96	VOG00806	5.2e-16	54.3
GCA_001047515___contig_15_fragment_3_130	VOG00146	6.3e-16	54.1
MP_BCQMy204___contig_1_fragment_3_307	VOG00188	1.1e-15	54.3
GCA_001047515___contig_15_fragment_3_76	VOG00520	1.1e-15	53.7
MP_BCQMy225___contig_1_fragment_3_307	VOG00188	1.1e-15	54.3
MP_BCQMy204___contig_1_fragment_14_1441	VOG01394	1.4e-15	53.5
MP_BCQMy225___contig_1_fragment_14_1443	VOG01394	1.4e-15	53.5
GCA_025728645___contig_1_fragment_4_349	VOG01434	1.9999999999999998e-15	53.3
MP_BCQMy225___contig_1_fragment_3_317	VOG23091	2.8e-15	53.0
MP_BCQMy204___contig_1_fragment_3_317	VOG23091	2.8e-15	53.0
GCA_000747585___contig_1_fragment_14_1598	VOG02771	3.5e-15	53.0
MP_BCQMy225___contig_1_fragment_11_1140	VOG00066	3.8e-15	52.2
MP_BCQMy204___contig_1_fragment_11_1138	VOG00066	3.8e-15	52.2
GCA_025728615___contig_9_33	VOG00066	3.8e-15	52.2
MP_BCQMy204___contig_1_fragment_3_315	VOG23089	7.2e-15	51.4
MP_BCQMy225___contig_1_fragment_3_315	VOG23089	7.2e-15	51.4
GCA_025728645___contig_1_fragment_4_366	VOG00181	1.9e-14	49.8
MP_BCQMy225___contig_1_fragment_5_486	VOG00181	1.9e-14	49.8
MP_BCQMy204___contig_1_fragment_5_486	VOG00181	1.9e-14	49.8
GCA_001047525___contig_5_fragment_1_12	VOG14094	2.7000000000000005e-14	49.6
GCA_001047435___contig_4_fragment_1_12	VOG14094	2.7000000000000005e-14	49.6
GCA_000747585___contig_1_fragment_8_1078	VOG14094	2.7000000000000005e-14	49.6
GCA_000747585___contig_1_fragment_8_1103	VOG00181	2.8999999999999996e-14	49.2
GCA_001047525___contig_5_fragment_1_37	VOG00181	3.4e-14	49.0
GCA_001047435___contig_4_fragment_1_37	VOG00181	3.4e-14	49.0
MP_BCQMy204___contig_1_fragment_11_1120	VOG14094	7.5e-14	48.1
MP_BCQMy225___contig_1_fragment_11_1122	VOG14094	7.5e-14	48.1
MP_BCQMy204___contig_1_fragment_14_1442	VOG00446	1.5e-13	47.1
GCA_025728645___contig_1_fragment_4_350	VOG00192	1.5e-13	47.1
MP_BCQMy225___contig_1_fragment_5_502	VOG00192	1.5e-13	47.1
MP_BCQMy204___contig_1_fragment_5_502	VOG00192	1.5e-13	47.1
GCA_000747585___contig_1_fragment_12_1501	VOG20545	1.5e-13	46.3
MP_BCQMy225___contig_1_fragment_14_1444	VOG00446	1.5e-13	47.1
GCA_001047525___contig_5_fragment_1_13	VOG17718	1.7e-13	47.0
GCA_001047435___contig_4_fragment_1_13	VOG17718	1.7e-13	47.0
GCA_000747585___contig_1_fragment_8_1079	VOG17718	1.7e-13	47.0
MP_BCQMy204___contig_1_fragment_14_1434	VOG00146	1.8000000000000002e-13	46.2
MP_BCQMy225___contig_1_fragment_14_1436	VOG00146	1.8000000000000002e-13	46.2
MP_BCQMy225___contig_1_fragment_11_1141	VOG00181	2.4e-13	46.2
GCA_025728615___contig_9_32	VOG00181	2.4e-13	46.2
MP_BCQMy204___contig_1_fragment_11_1139	VOG00181	2.4e-13	46.2
MP_BCQMy225___contig_1_fragment_3_327	VOG00192	2.8e-13	46.2
MP_BCQMy204___contig_1_fragment_3_327	VOG00192	2.8e-13	46.2
GCA_001047515___contig_15_fragment_3_74	VOG00520	3e-13	45.6
GCA_025728645___contig_10_16	VOG15510	4.5000000000000005e-13	45.3
GCA_001047515___contig_15_fragment_3_79	VOG01271	4.5000000000000005e-13	45.7
MP_BCQMy225___contig_1_fragment_5_447	VOG00468	7.4e-13	45.0
MP_BCQMy204___contig_1_fragment_5_447	VOG00468	7.4e-13	45.0
GCA_001047515___contig_15_fragment_3_113	VOG00918	8.100000000000001e-13	44.7
MP_BCQMy204___contig_1_fragment_14_1463	VOG03658	9.8e-13	44.5
GCA_001047515___contig_15_fragment_3_131	VOG00192	9.8e-13	44.5
GCA_025728645___contig_10_13	VOG15510	1.3999999999999999e-12	43.8
GCA_001047515___contig_15_fragment_3_93	VOG00404	1.3999999999999999e-12	44.6
MP_ONT63___contig_2_fragment_2_93	VOG01073	1.4999999999999999e-12	43.4
MP_BCQMy204___contig_2_fragment_2_98	VOG01073	1.4999999999999999e-12	43.4
MP_BCQMy204___contig_1_fragment_11_1173	VOG14084	1.9e-12	43.4
MP_BCQMy225___contig_1_fragment_11_1175	VOG14084	1.9e-12	43.4
MP_BCQMy225___contig_1_fragment_14_1471	VOG04466	2.7999999999999998e-12	42.4
GCA_000747585___contig_1_fragment_8_1145	VOG02771	2.9e-12	43.5
GCA_025728675___contig_13_2	VOG02771	3.1e-12	43.4
GCA_001047525___contig_5_fragment_1_79	VOG02771	3.3e-12	43.3
GCA_001047435___contig_4_fragment_1_79	VOG02771	3.3e-12	43.3
MP_BCQMy225___contig_1_fragment_11_1154	VOG01042	3.9e-12	42.3
MP_BCQMy204___contig_1_fragment_11_1152	VOG01042	3.9e-12	42.3
GCA_025728615___contig_9_18	VOG01042	3.9e-12	42.3
GCA_025728595___contig_14_2	VOG01156	5.1e-12	42.3
GCA_025728645___contig_1_fragment_4_374	VOG01156	5.1e-12	42.3
MP_BCQMy204___contig_1_fragment_5_477	VOG01156	5.1e-12	42.3
MP_BCQMy225___contig_1_fragment_5_477	VOG01156	5.1e-12	42.3
GCA_001047515___contig_15_fragment_3_107	VOG01829	5.1e-12	41.8
GCA_000747585___contig_1_fragment_11_1466	VOG00188	5.3e-12	42.4
GCA_025728645___contig_10_5	VOG10140	7e-12	41.3
GCA_001047515___contig_15_fragment_2_40	VOG00188	7.8e-12	41.9
MP_BCQMy204___contig_1_fragment_11_1176	VOG02771	8.5e-12	42.0
MP_BCQMy225___contig_1_fragment_11_1178	VOG02771	8.5e-12	42.0
GCA_001047515___contig_15_fragment_3_111	VOG00241	1.1e-11	40.9
MP_BCQMy225___contig_1_fragment_3_319	VOG01397	1.1999999999999999e-11	40.9
MP_BCQMy204___contig_1_fragment_3_319	VOG01397	1.1999999999999999e-11	40.9
GCA_000747585___contig_1_fragment_11_1454	VOG21997	1.4e-11	40.3
GCA_001047515___contig_15_fragment_2_51	VOG21997	1.4e-11	40.3
MP_BCQMy225___contig_1_fragment_3_318	VOG00973	3.3e-11	40.0
MP_BCQMy204___contig_1_fragment_3_318	VOG00973	3.3e-11	40.0
GCA_025728645___contig_35_fragment_2_100	VOG03262	2.7999999999999987e-275	910.3
GCA_003966875___contig_1_fragment_12_1238	VOG03262	2.7999999999999987e-275	910.3
GCA_014202715___contig_2_fragment_6_366	VOG00639	1.4999999999999995e-143	474.3
GCA_001047595___contig_10_fragment_2_87	VOG00639	1.7999999999999997e-143	474.1
GCA_003966875___contig_1_fragment_13_1310	VOG00120	4.899999999999999e-141	466.7
GCA_025728645___contig_21_fragment_1_179	VOG00120	4.899999999999999e-141	466.7
GCA_003966875___contig_1_fragment_4_519	VOG00824	1.1999999999999998e-121	403.0
GCA_001047435___contig_7_fragment_1_86	VOG00824	7.399999999999997e-113	374.0
GCA_014202715___contig_2_fragment_5_309	VOG00824	7.399999999999997e-113	374.0
GCA_001047545___contig_10_fragment_1_85	VOG00824	7.399999999999997e-113	374.0
GCA_001047595___contig_10_fragment_3_144	VOG00824	7.399999999999997e-113	374.0
GCA_001047595___contig_10_fragment_6_285	VOG00029	4.499999999999999e-102	338.0
GCA_014202715___contig_2_fragment_2_170	VOG00029	4.499999999999999e-102	338.0
GCA_001047525___contig_8_fragment_2_17	VOG00029	6.399999999999998e-102	337.5
GCA_001047545___contig_10_fragment_4_225	VOG00029	6.399999999999998e-102	337.5
GCA_014202715___contig_2_fragment_6_356	VOG10295	6.799999999999999e-93	305.8
GCA_001047595___contig_10_fragment_2_97	VOG10295	6.799999999999999e-93	305.8
GCA_025728645___contig_21_fragment_1_178	VOG00398	3.299999999999999e-90	297.6
GCA_003966875___contig_1_fragment_13_1311	VOG00398	3.299999999999999e-90	297.6
GCA_001047545___contig_7_fragment_1_38	VOG13487	9.999999999999999e-90	297.1
GCA_025728675___contig_11_9	VOG13487	9.999999999999999e-90	297.1
GCA_014202715___contig_2_fragment_6_368	VOG01829	2.4999999999999994e-77	256.0
GCA_001047595___contig_10_fragment_2_85	VOG01829	2.4999999999999994e-77	256.0
GCA_001047545___contig_7_fragment_1_80	VOG00041	6.099999999999999e-71	235.0
GCA_001047545___contig_7_fragment_1_29	VOG21220	3.4999999999999993e-68	226.0
GCA_001047545___contig_7_fragment_1_28	VOG04056	2.1999999999999998e-66	219.9
GCA_001047595___contig_10_fragment_5_271	VOG00084	1.1999999999999998e-63	211.4
GCA_014202715___contig_2_fragment_6_381	VOG00183	1.1999999999999998e-63	210.1
GCA_001047595___contig_10_fragment_2_71	VOG00183	1.1999999999999998e-63	210.1
GCA_001047525___contig_8_fragment_1_4	VOG00084	1.1999999999999998e-63	211.4
GCA_014202715___contig_2_fragment_3_184	VOG00084	1.1999999999999998e-63	211.4
GCA_001047545___contig_10_fragment_3_212	VOG00084	1.1999999999999998e-63	211.4
GCA_001047595___contig_10_fragment_2_117	VOG00520	1.7999999999999998e-63	210.5
GCA_014202715___contig_2_fragment_6_337	VOG00520	1.7999999999999998e-63	210.5
GCA_025728645___contig_35_fragment_1_6	VOG00041	2.3999999999999997e-61	203.4
GCA_001047595___contig_10_fragment_2_70	VOG01075	4.5e-57	188.7
GCA_014202715___contig_2_fragment_6_382	VOG01075	4.5e-57	188.7
GCA_001047545___contig_10_fragment_4_224	VOG02151	1.3e-56	187.6
GCA_001047595___contig_10_fragment_6_284	VOG02151	1.3e-56	187.6
GCA_001047525___contig_8_fragment_2_16	VOG02151	1.3e-56	187.6
GCA_001047545___contig_10_fragment_1_76	VOG02574	2.5e-56	186.8
GCA_001047435___contig_7_fragment_1_77	VOG02574	2.5e-56	186.8
GCA_001047595___contig_10_fragment_3_135	VOG02574	2.5e-56	186.8
GCA_003966875___contig_1_fragment_4_526	VOG02574	2.5e-56	186.8
GCA_014202715___contig_2_fragment_5_318	VOG02574	2.5e-56	186.8
GCA_001047525___contig_8_fragment_3_122	VOG05855	8e-56	184.8
GCA_001047545___contig_10_fragment_5_330	VOG05855	8e-56	184.8
GCA_014202715___contig_2_fragment_1_64	VOG05855	8e-56	184.8
GCA_025728645___contig_35_fragment_3_127	VOG02574	3.399999999999999e-55	183.1
GCA_014202715___contig_2_fragment_6_383	VOG00452	5.6000000000000004e-55	182.7
GCA_001047595___contig_10_fragment_2_69	VOG00452	5.6000000000000004e-55	182.7
GCA_014202715___contig_2_fragment_5_311	VOG13479	2.2999999999999996e-54	179.9
GCA_001047595___contig_10_fragment_3_142	VOG13479	2.2999999999999996e-54	179.9
GCA_003966875___contig_1_fragment_4_520	VOG13479	6.1e-54	178.6
GCA_001047545___contig_10_fragment_1_83	VOG13479	1e-53	177.8
GCA_001047435___contig_7_fragment_1_84	VOG13479	1e-53	177.8
GCA_001047545___contig_7_fragment_1_53	VOG00404	4.5e-50	165.2
GCA_001047515___contig_11_fragment_4_433	VOG03321	8.399999999999999e-50	164.7
GCA_001047545___contig_7_fragment_1_58	VOG11084	2.0999999999999996e-47	156.4
GCA_001047595___contig_10_fragment_2_112	VOG10124	6.9000000000000005e-46	152.4
GCA_014202715___contig_2_fragment_6_342	VOG10124	6.9000000000000005e-46	152.4
GCA_001047595___contig_10_fragment_2_98	VOG10294	1.1e-45	150.3
GCA_014202715___contig_2_fragment_6_355	VOG10294	1.1e-45	150.3
GCA_001047595___contig_10_fragment_2_61	VOG02574	7.299999999999999e-45	149.2
GCA_014202715___contig_2_fragment_6_391	VOG02574	7.299999999999999e-45	149.2
GCA_025728645___contig_35_fragment_1_1	VOG10124	1.6e-44	148.0
GCA_001047515___contig_11_fragment_4_436	VOG12515	5.5e-44	145.5
GCA_001047595___contig_10_fragment_2_73	VOG10276	1e-42	141.6
GCA_014202715___contig_2_fragment_6_379	VOG10276	1e-42	141.6
GCA_001047525___contig_8_fragment_1_1	VOG07103	1.1e-42	141.2
GCA_014202715___contig_2_fragment_6_380	VOG21220	1.3000000000000002e-42	141.4
GCA_001047595___contig_10_fragment_2_72	VOG21220	1.6e-42	141.2
GCA_003966875___contig_1_fragment_1_61	VOG09023	7.4e-42	138.3
GCA_025728635___contig_39_fragment_1_89	VOG09023	7.4e-42	138.3
GCA_001047545___contig_7_fragment_1_71	VOG10124	1e-41	138.8
GCA_003966875___contig_1_fragment_4_514	VOG00149	6.6e-41	135.5
GCA_001047595___contig_10_fragment_3_149	VOG00149	9.699999999999998e-41	135.0
GCA_014202715___contig_2_fragment_5_304	VOG00149	9.699999999999998e-41	135.0
GCA_014202715___contig_2_fragment_2_161	VOG09038	1.8999999999999995e-40	134.0
GCA_025728645___contig_35_fragment_2_108	VOG00126	2.5e-40	134.5
GCA_003966875___contig_1_fragment_12_1246	VOG00126	2.5e-40	134.5
GCA_025728645___contig_35_fragment_1_4	VOG03321	2.7e-40	133.7
GCA_001047545___contig_10_fragment_1_90	VOG00149	1e-39	131.6
GCA_001047435___contig_7_fragment_1_91	VOG00149	1e-39	131.6
GCA_025728645___contig_35_fragment_2_101	VOG00313	2.3999999999999995e-39	131.1
GCA_003966875___contig_1_fragment_12_1239	VOG00313	2.3999999999999995e-39	131.1
MP_BCQMy224___contig_3_13	VOG10286	4.4999999999999994e-39	130.0
MP_AB35___contig_3_14	VOG10286	4.4999999999999994e-39	130.0
GCA_003966875___contig_1_fragment_4_503	VOG00385	1.3999999999999997e-38	128.1
GCA_001047545___contig_10_fragment_1_103	VOG00385	1.9e-38	127.6
GCA_014202715___contig_2_fragment_5_292	VOG00385	1.9e-38	127.6
GCA_001047435___contig_7_fragment_1_103	VOG00385	1.9e-38	127.6
GCA_001047595___contig_10_fragment_3_160	VOG00385	2.2999999999999998e-38	127.3
GCA_014202715___contig_2_fragment_6_392	VOG14094	5.099999999999999e-38	125.9
GCA_001047595___contig_10_fragment_2_60	VOG14094	5.099999999999999e-38	125.9
GCA_025728675___contig_11_11	VOG00236	1.1e-37	125.8
GCA_014202715___contig_2_fragment_6_385	VOG18935	6.899999999999999e-37	122.8
GCA_001047595___contig_10_fragment_2_67	VOG18935	6.899999999999999e-37	122.8
GCA_001047545___contig_7_fragment_1_39	VOG03165	7.6e-37	122.7
GCA_001047545___contig_7_fragment_1_27	VOG01075	1.1e-36	121.8
GCA_025728675___contig_23_6	VOG03321	1.4999999999999997e-36	121.5
GCA_001047545___contig_7_fragment_1_81	VOG00385	1.6e-36	121.2
GCA_025728675___contig_11_10	VOG03165	3.6e-36	120.5
GCA_001047435___contig_7_fragment_1_89	VOG01394	1.2999999999999998e-35	118.3
GCA_001047545___contig_10_fragment_1_88	VOG01394	1.2999999999999998e-35	118.3
GCA_001047595___contig_10_fragment_3_147	VOG01394	1.2999999999999998e-35	118.3
GCA_003966875___contig_1_fragment_4_516	VOG01394	1.2999999999999998e-35	118.3
GCA_001047545___contig_7_fragment_1_23	VOG18935	1.2999999999999998e-35	118.6
GCA_014202715___contig_2_fragment_5_306	VOG01394	1.2999999999999998e-35	118.3
GCA_014202715___contig_2_fragment_5_308	VOG00097	2.2e-35	118.0
GCA_001047595___contig_10_fragment_3_145	VOG00097	2.2e-35	118.0
GCA_001047545___contig_10_fragment_1_86	VOG00097	2.2e-35	118.0
GCA_001047435___contig_7_fragment_1_87	VOG00097	2.2e-35	118.0
GCA_003966875___contig_1_fragment_4_518	VOG00097	4e-35	117.2
GCA_001047545___contig_7_fragment_1_40	VOG00236	1.2e-34	115.8
GCA_003966875___contig_1_fragment_12_1240	VOG14097	1.3e-34	115.0
GCA_025728645___contig_35_fragment_2_102	VOG14097	1.3e-34	115.0
GCA_014202715___contig_2_fragment_1_72	VOG01181	1.3999999999999998e-34	115.7
GCA_001047525___contig_8_fragment_3_114	VOG01181	1.3999999999999998e-34	115.7
GCA_001047545___contig_10_fragment_5_322	VOG01181	1.3999999999999998e-34	115.7
MP_AB35___contig_3_8	VOG00520	1.4999999999999998e-34	115.1
MP_BCQMy224___contig_3_7	VOG00520	1.4999999999999998e-34	115.1
GCA_001047545___contig_7_fragment_1_55	VOG21431	4.400000000000001e-34	113.3
GCA_001047545___contig_7_fragment_1_42	VOG04497	1e-33	112.4
GCA_001047595___contig_10_fragment_2_106	VOG00690	1.4999999999999999e-33	111.9
GCA_014202715___contig_2_fragment_6_348	VOG00690	1.4999999999999999e-33	111.9
GCA_003966875___contig_1_fragment_13_1309	VOG01127	8.699999999999999e-33	108.5
GCA_025728645___contig_21_fragment_1_180	VOG01127	8.699999999999999e-33	108.5
GCA_025728675___contig_11_4	VOG01397	1.8999999999999998e-32	107.9
GCA_001047595___contig_10_fragment_2_78	VOG01375	3.1e-32	106.4
GCA_014202715___contig_2_fragment_6_375	VOG01375	3.1e-32	106.4
GCA_014202715___contig_2_fragment_6_349	VOG00232	6.599999999999999e-32	106.0
GCA_001047595___contig_10_fragment_2_105	VOG00232	6.599999999999999e-32	106.0
GCA_001047545___contig_7_fragment_1_49	VOG00065	1.2e-31	104.7
GCA_014202715___contig_2_fragment_6_359	VOG00065	1.2e-31	104.7
GCA_001047595___contig_10_fragment_2_94	VOG00065	1.2e-31	104.7
GCA_001047545___contig_7_fragment_1_57	VOG09746	1.9e-31	104.8
GCA_001047545___contig_7_fragment_1_56	VOG00232	1.9999999999999997e-31	104.4
GCA_014202715___contig_2_fragment_6_376	VOG00870	1.1000000000000001e-30	101.7
GCA_001047595___contig_10_fragment_2_77	VOG00870	1.1000000000000001e-30	101.7
GCA_001047595___contig_10_fragment_2_91	VOG02869	5.5e-30	100.8
GCA_014202715___contig_2_fragment_6_362	VOG02869	5.5e-30	100.8
GCA_003966875___contig_1_fragment_7_724	VOG07964	1.0000000000000001e-29	99.0
GCA_001047545___contig_10_fragment_4_228	VOG09038	2.8999999999999997e-29	97.1
GCA_001047525___contig_8_fragment_2_20	VOG09038	2.8999999999999997e-29	97.1
GCA_001047595___contig_10_fragment_6_288	VOG09038	2.8999999999999997e-29	97.0
GCA_014202715___contig_2_fragment_2_167	VOG09038	2.8999999999999997e-29	97.0
GCA_001047545___contig_7_fragment_1_41	VOG04497	3.3e-29	97.7
GCA_025728645___contig_35_fragment_1_3	VOG20253	3.8e-29	96.9
GCA_001047545___contig_7_fragment_1_26	VOG00452	4.3000000000000004e-29	97.3
GCA_001047545___contig_7_fragment_1_73	VOG20253	4.3000000000000004e-29	96.8
GCA_003966875___contig_1_fragment_4_517	VOG02632	6.4e-29	96.2
GCA_001047545___contig_7_fragment_1_33	VOG01397	2.2e-28	94.7
GCA_025728675___contig_26_5	VOG23273	2.3999999999999998e-28	94.3
GCA_001047545___contig_7_fragment_1_17	VOG23273	2.7000000000000003e-28	94.1
GCA_003966875___contig_1_fragment_4_506	VOG00459	3.1e-28	94.3
GCA_001047435___contig_7_fragment_1_100	VOG00459	3.1e-28	94.3
GCA_001047545___contig_10_fragment_1_100	VOG00459	3.1e-28	94.3
GCA_014202715___contig_2_fragment_5_295	VOG00459	3.1e-28	94.3
GCA_001047545___contig_7_fragment_1_76	VOG04616	8.300000000000001e-28	93.1
GCA_014202715___contig_2_fragment_6_374	VOG04818	9.2e-28	92.4
GCA_001047595___contig_10_fragment_2_79	VOG04818	9.2e-28	92.4
GCA_001047595___contig_10_fragment_2_114	VOG02771	1.2999999999999999e-27	92.6
GCA_014202715___contig_2_fragment_6_340	VOG02771	1.2999999999999999e-27	92.6
GCA_001047595___contig_10_fragment_3_157	VOG00459	1.4e-27	92.2
GCA_001047545___contig_7_fragment_1_67	VOG14084	1.4e-27	91.5
GCA_014202715___contig_2_fragment_5_307	VOG02632	2e-27	91.2
GCA_001047435___contig_7_fragment_1_88	VOG02632	2e-27	91.2
GCA_001047545___contig_10_fragment_1_87	VOG02632	2e-27	91.2
GCA_001047595___contig_10_fragment_3_146	VOG02632	2e-27	91.2
GCA_001047545___contig_7_fragment_1_43	VOG00687	1e-26	89.2
GCA_003966875___contig_1_fragment_7_731	VOG09424	1.9000000000000001e-25	84.5
GCA_014202715___contig_2_fragment_6_347	VOG10469	4.0999999999999994e-25	84.5
GCA_001047595___contig_10_fragment_2_107	VOG10469	4.0999999999999994e-25	84.5
GCA_001047545___contig_10_fragment_2_135	VOG00935	1.0000000000000001e-24	82.6
GCA_001047435___contig_7_fragment_2_135	VOG00935	1.0000000000000001e-24	82.6
GCA_014202715___contig_2_fragment_4_260	VOG00935	1.0000000000000001e-24	82.6
GCA_001047595___contig_10_fragment_2_101	VOG00404	2.7e-24	81.7
GCA_001047545___contig_7_fragment_1_52	VOG00098	5.3e-24	80.8
GCA_014202715___contig_2_fragment_6_352	VOG00404	1.1999999999999998e-23	79.6
GCA_014202715___contig_2_fragment_6_354	VOG00098	2.4999999999999998e-23	78.6
GCA_001047595___contig_10_fragment_2_99	VOG00098	2.4999999999999998e-23	78.6
GCA_014202715___contig_2_fragment_6_377	VOG01483	2.8999999999999996e-23	78.3
GCA_001047595___contig_10_fragment_2_76	VOG01483	2.8999999999999996e-23	78.3
GCA_014202715___contig_2_fragment_5_305	VOG00446	3.1e-23	78.1
GCA_003966875___contig_1_fragment_4_515	VOG00446	3.1e-23	78.1
GCA_001047595___contig_10_fragment_3_148	VOG00446	3.1e-23	78.1
GCA_001047545___contig_10_fragment_1_89	VOG00446	3.1e-23	78.1
GCA_001047435___contig_7_fragment_1_90	VOG00446	3.1e-23	78.1
MP_BCQMy224___contig_3_17	VOG01473	3.3999999999999995e-23	77.4
MP_AB35___contig_3_19	VOG01473	3.3999999999999995e-23	77.4
MP_BCQMy224___contig_3_8	VOG19011	4.3e-23	77.3
MP_AB35___contig_3_9	VOG19011	4.3e-23	77.3
GCA_001047545___contig_7_fragment_1_48	VOG00188	4.9e-23	77.4
GCA_001047595___contig_10_fragment_2_93	VOG00188	4.9e-23	77.4
GCA_014202715___contig_2_fragment_6_360	VOG00188	4.9e-23	77.4
GCA_001047545___contig_7_fragment_1_35	VOG03575	5.700000000000001e-23	77.0
GCA_025728675___contig_11_6	VOG03575	1.8000000000000001e-22	75.4
GCA_001047545___contig_7_fragment_1_44	VOG00962	9.099999999999999e-22	73.2
GCA_014202715___contig_2_fragment_6_390	VOG01434	5.2e-21	70.7
GCA_001047595___contig_10_fragment_2_62	VOG01434	5.2e-21	70.7
GCA_001047595___contig_10_fragment_4_193	VOG00935	7.3e-21	69.9
GCA_025728645___contig_35_fragment_3_128	VOG01434	2.0000000000000002e-20	68.7
GCA_003966875___contig_1_fragment_4_509	VOG00188	4.0000000000000004e-20	68.0
GCA_014202715___contig_2_fragment_5_317	VOG01434	5e-20	67.5
GCA_001047435___contig_7_fragment_1_78	VOG01434	5e-20	67.5
GCA_001047595___contig_10_fragment_3_136	VOG01434	5e-20	67.5
GCA_003966875___contig_1_fragment_4_525	VOG01434	5e-20	67.5
GCA_001047545___contig_10_fragment_1_77	VOG01434	5e-20	67.5
GCA_025728675___contig_23_5	VOG00361	1e-19	66.7
GCA_001047545___contig_7_fragment_1_18	VOG01434	2.3999999999999997e-19	65.3
GCA_025728675___contig_26_4	VOG01434	2.3999999999999997e-19	65.3
GCA_003966875___contig_1_fragment_4_513	VOG00743	2.8e-19	65.0
GCA_001047435___contig_7_fragment_1_92	VOG00743	2.8e-19	65.0
GCA_003966875___contig_1_fragment_12_1244	VOG01833	5.899999999999999e-19	64.2
GCA_025728645___contig_35_fragment_2_106	VOG01833	5.899999999999999e-19	64.2
GCA_014202715___contig_2_fragment_5_303	VOG00743	1e-18	63.2
MP_BC9___contig_2_fragment_2_108	VOG00098	1.3000000000000002e-18	63.3
GCA_009731445___contig_2_fragment_3_113	VOG00098	4.5e-18	61.5
GCA_001047545___contig_10_fragment_1_91	VOG00743	5e-18	61.0
GCA_001047595___contig_10_fragment_3_150	VOG00743	5e-18	61.0
GCA_025728675___contig_11_1	VOG22086	7.3e-18	59.6
GCA_025728675___contig_23_4	VOG02771	1e-17	60.5
GCA_003966875___contig_1_fragment_13_1308	VOG00051	1.6e-17	59.1
GCA_025728645___contig_21_fragment_1_181	VOG00051	1.6e-17	59.1
GCA_001047515___contig_11_fragment_4_431	VOG04176	1.6e-17	59.3
GCA_003966875___contig_1_fragment_1_60	VOG02771	1.6e-17	59.8
GCA_025728635___contig_39_fragment_1_88	VOG02771	1.6e-17	59.8
GCA_014202715___contig_2_fragment_6_338	VOG18091	2.1e-17	59.2
GCA_001047595___contig_10_fragment_2_116	VOG18091	2.5e-17	58.9
GCA_025728675___contig_26_2	VOG00146	2.8999999999999997e-17	57.6
GCA_001047545___contig_7_fragment_1_20	VOG00146	2.8999999999999997e-17	57.6
GCA_009731445___contig_2_fragment_3_104	VOG00806	3e-16	54.3
MP_BC9___contig_2_fragment_2_101	VOG00806	3e-16	54.3
GCA_001047595___contig_10_fragment_2_64	VOG00146	3.6000000000000003e-16	54.1
GCA_014202715___contig_2_fragment_6_388	VOG00146	3.6000000000000003e-16	54.1
GCA_014202715___contig_2_fragment_6_336	VOG00520	6.1e-16	53.7
GCA_001047595___contig_10_fragment_2_118	VOG00520	6.1e-16	53.7
GCA_014202715___contig_2_fragment_4_255	VOG16745	9.999999999999999e-16	53.2
GCA_025728675___contig_11_7	VOG00066	2.2e-15	52.2
GCA_001047595___contig_10_fragment_6_290	VOG02771	2.3e-15	52.8
GCA_001047545___contig_10_fragment_4_230	VOG02771	2.3e-15	52.8
GCA_001047525___contig_8_fragment_2_22	VOG02771	2.3e-15	52.8
GCA_014202715___contig_2_fragment_2_165	VOG02771	2.3e-15	52.8
GCA_001047545___contig_7_fragment_1_12	VOG14094	1.5e-14	49.6
GCA_001047545___contig_7_fragment_1_37	VOG00181	1.9e-14	49.0
GCA_001047525___contig_8_fragment_1_8	VOG03824	3e-14	48.6
GCA_001047545___contig_10_fragment_3_216	VOG03824	3e-14	48.6
GCA_001047595___contig_10_fragment_5_275	VOG03824	3e-14	48.6
GCA_014202715___contig_2_fragment_3_180	VOG03824	3e-14	48.6
GCA_009731445___contig_2_fragment_3_99	VOG01073	5.3e-14	47.4
GCA_001047545___contig_10_fragment_2_132	VOG20545	8.400000000000001e-14	46.3
GCA_001047435___contig_7_fragment_2_132	VOG20545	8.400000000000001e-14	46.3
GCA_001047545___contig_7_fragment_1_13	VOG17718	9.699999999999999e-14	47.0
GCA_014202715___contig_2_fragment_6_339	VOG01271	1.1e-13	46.9
GCA_025728675___contig_11_8	VOG00181	1.4e-13	46.2
GCA_025728645___contig_35_fragment_3_129	VOG00192	1.6e-13	46.2
GCA_014202715___contig_2_fragment_6_334	VOG00520	1.7e-13	45.6
GCA_001047595___contig_10_fragment_2_120	VOG00520	1.7e-13	45.6
GCA_001047595___contig_10_fragment_2_115	VOG01271	2.6e-13	45.7
GCA_025728645___contig_35_fragment_1_9	VOG00468	4.3000000000000004e-13	45.0
GCA_001047595___contig_10_fragment_2_80	VOG00918	4.7e-13	44.7
GCA_014202715___contig_2_fragment_6_373	VOG00918	4.7e-13	44.7
GCA_014202715___contig_2_fragment_6_389	VOG00192	5.6e-13	44.5
GCA_001047595___contig_10_fragment_2_63	VOG00192	5.6e-13	44.5
GCA_014202715___contig_2_fragment_6_353	VOG00404	7.900000000000001e-13	44.6
GCA_001047595___contig_10_fragment_2_100	VOG00404	7.900000000000001e-13	44.6
MP_BC9___contig_2_fragment_2_98	VOG01073	8.3e-13	43.4
GCA_001047545___contig_7_fragment_1_79	VOG02771	1.9e-12	43.3
GCA_014202715___contig_2_fragment_6_367	VOG01829	2.9e-12	41.8
GCA_001047595___contig_10_fragment_2_86	VOG01829	2.9e-12	41.8
GCA_001047545___contig_10_fragment_1_96	VOG00188	2.9999999999999997e-12	42.4
GCA_001047435___contig_7_fragment_1_97	VOG00188	2.9999999999999997e-12	42.4
GCA_014202715___contig_2_fragment_5_299	VOG00188	4.5e-12	41.9
GCA_001047595___contig_10_fragment_3_154	VOG00188	4.5e-12	41.9
MP_AB35___contig_3_1	VOG10140	4.7000000000000006e-12	41.0
MP_BCQMy224___contig_3_1	VOG10140	4.7000000000000006e-12	41.0
GCA_014202715___contig_2_fragment_6_371	VOG00241	5.5e-12	41.1
GCA_001047595___contig_10_fragment_2_82	VOG00241	5.5e-12	41.1
GCA_001047435___contig_7_fragment_1_85	VOG21997	8.1e-12	40.3
GCA_001047545___contig_10_fragment_1_84	VOG21997	8.1e-12	40.3
GCA_001047595___contig_10_fragment_3_143	VOG21997	8.1e-12	40.3
GCA_014202715___contig_2_fragment_5_310	VOG21997	8.1e-12	40.3
GCA_009731445___contig_1_fragment_3_331	VOG03262	3.299999999999998e-275	910.3
MP_BCQMy205___contig_1_fragment_4_356	VOG03262	3.299999999999998e-275	910.3
MP_BCQMy205___contig_1_fragment_14_1457	VOG00554	1.7999999999999992e-193	640.6
MP_BCQMy205___contig_1_fragment_15_1530	VOG00120	5.699999999999998e-141	466.7
GCA_025728615___contig_22_fragment_1_180	VOG00120	5.699999999999998e-141	466.7
MP_BCQMy205___contig_1_fragment_12_1198	VOG00824	1.3999999999999996e-121	403.0
MP_BCQMy205___contig_1_fragment_14_1455	VOG00523	3.0999999999999998e-117	388.1
MP_BCQMy205___contig_1_fragment_14_1464	VOG00029	1.2999999999999996e-115	382.9
GCA_009731445___contig_1_fragment_9_1165	VOG00824	8.599999999999999e-113	374.0
GCA_001047455___contig_5_fragment_1_85	VOG00824	8.599999999999999e-113	374.0
GCA_025728645___contig_9_10	VOG00674	4.599999999999998e-109	361.1
MP_BCQMy205___contig_1_fragment_3_305	VOG00674	4.599999999999998e-109	361.1
GCA_001047435___contig_8_fragment_2_17	VOG00029	7.4e-102	337.5
GCA_001047455___contig_5_fragment_4_225	VOG00029	7.4e-102	337.5
GCA_009731445___contig_1_fragment_12_1302	VOG00029	7.4e-102	337.5
MP_BCQMy205___contig_1_fragment_15_1531	VOG00398	3.799999999999999e-90	297.6
GCA_025728615___contig_22_fragment_1_179	VOG00398	3.799999999999999e-90	297.6
MP_BCQMy205___contig_1_fragment_5_485	VOG13487	6.9e-90	297.9
GCA_025728635___contig_1_fragment_4_368	VOG13487	6.9e-90	297.9
GCA_009731445___contig_1_fragment_6_816	VOG13487	1.1999999999999999e-89	297.1
MP_BCQMy205___contig_1_fragment_11_1138	VOG13487	1.7e-89	296.6
GCA_025728635___contig_1_fragment_4_341	VOG05099	5.4e-86	283.7
GCA_025728635___contig_1_fragment_4_360	VOG04056	8.999999999999998e-84	277.8
MP_BCQMy205___contig_1_fragment_5_493	VOG04056	1.4e-81	270.5
MP_BCQMy205___contig_1_fragment_5_482	VOG04497	7.599999999999998e-75	247.2
GCA_025728635___contig_1_fragment_4_371	VOG04497	7.599999999999998e-75	247.2
MP_BCQMy205___contig_1_fragment_11_1141	VOG04497	4.2e-74	244.7
MP_BCQMy205___contig_1_fragment_3_323	VOG00824	5.0999999999999994e-73	242.5
GCA_025728645___contig_9_3	VOG00523	6.499999999999999e-73	241.8
MP_BCQMy205___contig_1_fragment_3_298	VOG00523	6.499999999999999e-73	241.8
GCA_009731445___contig_1_fragment_6_858	VOG00041	6.999999999999998e-71	235.0
MP_BCQMy205___contig_1_fragment_11_1130	VOG04056	1.1999999999999997e-70	234.3
GCA_009731445___contig_1_fragment_6_807	VOG21220	4.099999999999999e-68	226.0
MP_BCQMy205___contig_1_fragment_14_1480	VOG00041	1.3999999999999997e-67	224.2
MP_BCQMy205___contig_1_fragment_14_1451	VOG00381	2.1999999999999998e-67	223.3
GCA_025728645___contig_9_11	VOG00724	1.9999999999999997e-66	220.6
MP_BCQMy205___contig_1_fragment_3_306	VOG00724	1.9999999999999997e-66	220.6
GCA_009731445___contig_1_fragment_6_806	VOG04056	2.5e-66	219.9
MP_BCQMy205___contig_1_fragment_14_1450	VOG00213	7.699999999999999e-66	218.4
MP_BCQMy205___contig_1_fragment_3_287	VOG00041	1.5999999999999998e-65	217.4
GCA_001047435___contig_8_fragment_1_4	VOG00084	1.3999999999999999e-63	211.4
GCA_001047455___contig_5_fragment_3_212	VOG00084	1.3999999999999999e-63	211.4
MP_BCQMy205___contig_1_fragment_5_450	VOG00041	2.8e-61	203.4
GCA_025728645___contig_9_27	VOG00824	3.2e-60	200.1
GCA_009731445___contig_1_fragment_12_1301	VOG02151	1.4999999999999997e-56	187.6
GCA_001047435___contig_8_fragment_2_16	VOG02151	1.4999999999999997e-56	187.6
GCA_001047455___contig_5_fragment_4_224	VOG02151	1.4999999999999997e-56	187.6
MP_BCQMy205___contig_1_fragment_12_1191	VOG02574	2.7999999999999995e-56	186.8
GCA_009731445___contig_1_fragment_9_1156	VOG02574	2.7999999999999995e-56	186.8
GCA_001047455___contig_5_fragment_1_76	VOG02574	2.7999999999999995e-56	186.8
GCA_009731445___contig_1_fragment_13_1407	VOG05855	8.499999999999998e-56	184.9
GCA_001047435___contig_8_fragment_3_123	VOG05855	9.300000000000001e-56	184.8
GCA_001047455___contig_5_fragment_5_330	VOG05855	9.300000000000001e-56	184.8
MP_BCQMy205___contig_1_fragment_3_329	VOG02574	4.9999999999999994e-55	182.8
MP_BCQMy205___contig_1_fragment_12_1197	VOG13479	7.1e-54	178.6
GCA_009731445___contig_1_fragment_9_1163	VOG13479	1.1999999999999998e-53	177.8
MP_BCQMy205___contig_1_fragment_14_1467	VOG02922	2.6e-53	176.4
MP_BCQMy205___contig_1_fragment_11_1114	VOG00041	3.4999999999999995e-53	176.8
GCA_025728695___contig_128_2	VOG00041	6.3e-53	176.0
GCA_025728635___contig_1_fragment_4_380	VOG21431	1.1e-52	174.5
MP_BCQMy205___contig_1_fragment_5_472	VOG21431	1.1e-52	174.5
MP_BCQMy205___contig_1_fragment_3_324	VOG13479	1.3999999999999998e-52	174.4
MP_BCQMy205___contig_1_fragment_14_1438	VOG03140	9.8e-51	167.9
GCA_009731445___contig_1_fragment_6_832	VOG00404	5.2e-50	165.2
GCA_009731445___contig_1_fragment_5_707	VOG03321	9.699999999999999e-50	164.7
MP_BCQMy205___contig_1_fragment_5_474	VOG00404	1.1e-48	161.0
GCA_025728635___contig_1_fragment_4_378	VOG00404	1.1e-48	161.0
MP_BCQMy205___contig_1_fragment_11_1148	VOG00404	6.599999999999999e-48	158.4
GCA_009731445___contig_1_fragment_6_837	VOG11084	2.5e-47	156.4
MP_BCQMy205___contig_1_fragment_5_455	VOG10124	4.2000000000000005e-46	153.3
MP_BCQMy205___contig_1_fragment_14_1449	VOG00686	1.0999999999999999e-44	149.2
GCA_009731445___contig_1_fragment_5_710	VOG12515	6.3e-44	145.5
MP_BCQMy205___contig_1_fragment_11_1153	VOG11084	6.499999999999999e-44	145.3
MP_BCQMy205___contig_1_fragment_14_1473	VOG22001	4e-43	141.4
GCA_001047435___contig_8_fragment_1_1	VOG07103	1.3000000000000002e-42	141.2
MP_BCQMy205___contig_1_fragment_1_61	VOG09023	8.599999999999999e-42	138.3
MP_BCQMy205___contig_1_fragment_14_1469	VOG00216	2.0999999999999996e-41	138.2
GCA_009731445___contig_1_fragment_6_849	VOG10124	2.3999999999999997e-41	137.8
MP_BCQMy205___contig_1_fragment_12_1203	VOG00149	7.6e-41	135.5
MP_BCQMy205___contig_1_fragment_4_348	VOG00126	2.9e-40	134.5
GCA_009731445___contig_1_fragment_3_323	VOG00126	2.9e-40	134.5
MP_BCQMy205___contig_1_fragment_5_452	VOG03321	3.0999999999999997e-40	133.7
GCA_001047455___contig_5_fragment_1_90	VOG00149	1.1999999999999998e-39	131.6
GCA_009731445___contig_1_fragment_9_1170	VOG00149	1.1999999999999998e-39	131.6
MP_BCQMy205___contig_1_fragment_4_355	VOG00313	2.8e-39	131.1
GCA_009731445___contig_1_fragment_3_330	VOG00313	2.9999999999999996e-39	131.1
MP_BCQMy205___contig_1_fragment_3_313	VOG03165	3.8e-39	130.4
MP_ONT143___contig_3_14	VOG10286	5.3e-39	130.0
MP_ONT231___contig_3_13	VOG10286	5.3e-39	130.0
MP_LCAL0054___contig_3_13	VOG10286	5.3e-39	130.0
MP_BCQMy205___contig_1_fragment_14_1452	VOG02869	1.5e-38	128.9
MP_BCQMy205___contig_1_fragment_12_1214	VOG00385	1.6e-38	128.1
GCA_001047455___contig_5_fragment_1_103	VOG00385	2.2e-38	127.6
GCA_009731445___contig_1_fragment_9_1182	VOG00385	2.2e-38	127.6
GCA_025728645___contig_9_17	VOG03165	2.5e-38	127.8
MP_BCQMy205___contig_1_fragment_11_1140	VOG00236	1.3000000000000001e-37	125.8
MP_BCQMy205___contig_1_fragment_5_494	VOG01075	2.2e-37	124.4
GCA_025728635___contig_1_fragment_4_359	VOG01075	2.2e-37	124.4
GCA_009731445___contig_1_fragment_6_817	VOG03165	8.8e-37	122.7
GCA_009731445___contig_1_fragment_6_805	VOG01075	1.3e-36	121.8
MP_BCQMy205___contig_1_fragment_11_1129	VOG01075	1.3e-36	121.8
MP_BCQMy205___contig_1_fragment_5_498	VOG18935	1.4999999999999997e-36	121.9
GCA_025728635___contig_1_fragment_4_355	VOG18935	1.4999999999999997e-36	121.9
GCA_009731445___contig_1_fragment_6_859	VOG00385	1.8e-36	121.2
MP_BCQMy205___contig_1_fragment_3_288	VOG03321	1.8e-36	121.5
MP_BCQMy205___contig_1_fragment_5_458	VOG00572	2.9999999999999995e-36	120.9
MP_BCQMy205___contig_1_fragment_11_1139	VOG03165	4.2e-36	120.5
MP_BCQMy205___contig_1_fragment_5_483	VOG00236	5.999999999999999e-36	120.3
GCA_025728635___contig_1_fragment_4_370	VOG00236	5.999999999999999e-36	120.3
MP_BCQMy205___contig_1_fragment_11_1152	VOG09746	8e-36	119.3
MP_BCQMy205___contig_1_fragment_14_1436	VOG21441	1.2999999999999998e-35	118.4
MP_BCQMy205___contig_1_fragment_11_1125	VOG18935	1.5e-35	118.6
GCA_009731445___contig_1_fragment_9_1168	VOG01394	1.5e-35	118.3
GCA_001047455___contig_5_fragment_1_88	VOG01394	1.5e-35	118.3
MP_BCQMy205___contig_1_fragment_12_1201	VOG01394	1.5e-35	118.3
GCA_025728635___contig_1_fragment_4_382	VOG00690	2.5999999999999995e-35	117.9
GCA_001047455___contig_5_fragment_1_86	VOG00097	2.5999999999999995e-35	118.0
MP_BCQMy205___contig_1_fragment_5_470	VOG00690	2.5999999999999995e-35	117.9
GCA_009731445___contig_1_fragment_9_1166	VOG00097	2.5999999999999995e-35	118.0
MP_BCQMy205___contig_1_fragment_12_1199	VOG00097	4.6e-35	117.2
GCA_025728645___contig_9_25	VOG02333	4.6e-35	117.1
MP_BCQMy205___contig_1_fragment_3_321	VOG02333	4.6e-35	117.1
MP_BCQMy205___contig_1_fragment_3_314	VOG00633	7.1e-35	116.8
GCA_025728645___contig_9_18	VOG00633	7.1e-35	116.8
MP_BCQMy205___contig_1_fragment_5_462	VOG00572	1e-34	115.8
GCA_009731445___contig_1_fragment_6_818	VOG00236	1.3999999999999998e-34	115.8
MP_BCQMy205___contig_1_fragment_4_354	VOG14097	1.4999999999999998e-34	115.0
GCA_009731445___contig_1_fragment_3_329	VOG14097	1.4999999999999998e-34	115.0
GCA_009731445___contig_1_fragment_13_1399	VOG01181	1.6e-34	115.7
GCA_001047455___contig_5_fragment_5_322	VOG01181	1.6e-34	115.7
GCA_001047435___contig_8_fragment_3_115	VOG01181	1.6e-34	115.7
MP_ONT143___contig_3_7	VOG00520	1.8e-34	115.1
MP_LCAL0054___contig_3_7	VOG00520	1.8e-34	115.1
MP_ONT231___contig_3_7	VOG00520	1.8e-34	115.1
GCA_009731445___contig_1_fragment_6_834	VOG21431	5.099999999999999e-34	113.3
GCA_001047395___contig_9_fragment_3_77	VOG10286	8.199999999999999e-34	113.0
GCA_009731445___contig_1_fragment_6_820	VOG04497	1.1999999999999998e-33	112.4
MP_BCQMy205___contig_1_fragment_11_1147	VOG01162	7.5e-33	109.4
MP_BCQMy205___contig_1_fragment_5_475	VOG01162	8.4e-33	109.2
GCA_025728635___contig_1_fragment_4_377	VOG01162	8.4e-33	109.2
GCA_025728615___contig_22_fragment_1_181	VOG01127	9.999999999999999e-33	108.5
MP_BCQMy205___contig_1_fragment_15_1529	VOG01127	9.999999999999999e-33	108.5
MP_BCQMy205___contig_1_fragment_11_1133	VOG01397	2.2e-32	107.9
GCA_025728635___contig_1_fragment_4_343	VOG11403	2.3999999999999999e-32	107.7
GCA_009731445___contig_1_fragment_6_827	VOG00065	1.7999999999999998e-31	104.3
GCA_009731445___contig_1_fragment_6_836	VOG09746	2.2e-31	104.8
GCA_009731445___contig_1_fragment_6_835	VOG00232	2.3e-31	104.4
MP_BCQMy205___contig_1_fragment_11_1151	VOG00232	5.1e-31	103.3
GCA_025728595___contig_25_4	VOG01397	6.2e-31	103.2
GCA_025728635___contig_1_fragment_4_363	VOG01397	6.2e-31	103.2
MP_BCQMy205___contig_1_fragment_5_490	VOG01397	6.2e-31	103.2
GCA_025728635___contig_1_fragment_4_381	VOG00232	1.1000000000000001e-30	102.1
MP_BCQMy205___contig_1_fragment_5_471	VOG00232	1.1000000000000001e-30	102.1
MP_BCQMy205___contig_1_fragment_14_1472	VOG03500	1.7e-30	101.5
MP_BCQMy205___contig_1_fragment_11_1170	VOG00572	4.7000000000000004e-30	100.6
MP_BCQMy205___contig_1_fragment_8_931	VOG07964	1.2e-29	99.0
GCA_009731445___contig_1_fragment_7_939	VOG07964	1.2e-29	99.0
MP_BCQMy205___contig_1_fragment_3_301	VOG00519	1.6e-29	99.0
GCA_025728645___contig_9_6	VOG00519	1.6e-29	99.0
GCA_025728635___contig_1_fragment_4_358	VOG00452	1.9e-29	98.6
MP_BCQMy205___contig_1_fragment_5_495	VOG00452	1.9e-29	98.6
GCA_001047455___contig_5_fragment_4_228	VOG09038	3.3e-29	97.1
GCA_001047435___contig_8_fragment_2_20	VOG09038	3.3e-29	97.1
GCA_009731445___contig_1_fragment_12_1305	VOG09038	3.3e-29	97.1
MP_BCQMy205___contig_1_fragment_5_453	VOG20253	4.4e-29	96.9
GCA_009731445___contig_1_fragment_6_851	VOG20253	4.6e-29	96.8
GCA_009731445___contig_1_fragment_6_804	VOG00452	5e-29	97.3
MP_BCQMy205___contig_1_fragment_11_1128	VOG00452	5e-29	97.3
GCA_025728675___contig_18_5	VOG01397	5.7e-29	96.8
MP_BCQMy205___contig_1_fragment_12_1200	VOG02632	7.4e-29	96.2
GCA_025728635___contig_1_fragment_4_369	VOG03165	8.3e-29	96.6
MP_BCQMy205___contig_1_fragment_5_484	VOG03165	8.3e-29	96.6
MP_BCQMy205___contig_1_fragment_14_1441	VOG03436	2.2e-28	94.9
GCA_009731445___contig_1_fragment_6_811	VOG01397	2.6000000000000004e-28	94.7
MP_BCQMy205___contig_1_fragment_11_1119	VOG23273	3.1e-28	94.1
GCA_009731445___contig_1_fragment_6_794	VOG23273	3.1e-28	94.1
GCA_001047455___contig_5_fragment_1_100	VOG00459	3.6000000000000003e-28	94.3
GCA_009731445___contig_1_fragment_9_1179	VOG00459	3.6000000000000003e-28	94.3
MP_BCQMy205___contig_1_fragment_14_1442	VOG00149	3.6000000000000003e-28	94.2
MP_BCQMy205___contig_1_fragment_12_1211	VOG00459	3.6000000000000003e-28	94.3
GCA_009731445___contig_1_fragment_6_854	VOG04616	9.799999999999999e-28	93.1
MP_BCQMy205___contig_1_fragment_14_1430	VOG02762	1.2999999999999999e-27	92.1
GCA_009731445___contig_1_fragment_6_846	VOG14084	1.6e-27	91.5
GCA_009731445___contig_1_fragment_9_1167	VOG02632	2.3e-27	91.2
GCA_001047455___contig_5_fragment_1_87	VOG02632	2.3e-27	91.2
GCA_025728645___contig_9_15	VOG09810	2.3999999999999997e-27	92.4
MP_BCQMy205___contig_1_fragment_3_311	VOG09810	2.3999999999999997e-27	92.4
MP_BCQMy205___contig_1_fragment_11_1175	VOG20253	4.1999999999999996e-27	90.4
MP_BCQMy205___contig_1_fragment_3_316	VOG23090	4.9e-27	90.0
GCA_025728645___contig_9_20	VOG23090	4.9e-27	90.0
GCA_009731445___contig_1_fragment_6_821	VOG00687	1.2e-26	89.2
MP_BCQMy205___contig_1_fragment_5_504	VOG23273	2e-26	88.1
GCA_025728635___contig_1_fragment_4_349	VOG23273	2e-26	88.1
MP_BCQMy205___contig_1_fragment_11_1142	VOG00687	2.7999999999999995e-26	88.0
MP_BCQMy205___contig_1_fragment_14_1475	VOG17042	3.6000000000000007e-26	86.6
MP_BCQMy205___contig_1_fragment_5_481	VOG00687	1.0999999999999999e-25	86.0
MP_BCQMy205___contig_1_fragment_8_924	VOG09424	2.1999999999999997e-25	84.5
GCA_009731445___contig_1_fragment_7_931	VOG09424	2.1999999999999997e-25	84.5
GCA_025728635___contig_1_fragment_4_372	VOG00687	2.4e-25	85.0
MP_BCQMy205___contig_1_fragment_11_1145	VOG00361	2.7e-25	85.2
GCA_001047455___contig_5_fragment_1_83	VOG13479	7.1e-25	83.4
MP_BCQMy205___contig_1_fragment_14_1443	VOG00743	1.0000000000000001e-24	82.8
GCA_009731445___contig_1_fragment_10_1214	VOG00935	1.2e-24	82.6
GCA_001047455___contig_5_fragment_2_135	VOG00935	1.2e-24	82.6
MP_BCQMy205___contig_1_fragment_5_469	VOG10469	1.6e-24	82.8
GCA_025728635___contig_1_fragment_4_383	VOG10469	1.6e-24	82.8
GCA_009731445___contig_1_fragment_6_831	VOG00098	6.2e-24	80.8
MP_BCQMy205___contig_1_fragment_3_302	VOG03001	7.9e-24	79.2
GCA_025728595___contig_25_1	VOG21220	2e-23	78.2
GCA_001047455___contig_5_fragment_1_89	VOG00446	3.6e-23	78.1
GCA_009731445___contig_1_fragment_9_1169	VOG00446	3.6e-23	78.1
MP_BCQMy205___contig_1_fragment_12_1202	VOG00446	3.6e-23	78.1
MP_LCAL0054___contig_3_17	VOG01473	4e-23	77.4
MP_ONT231___contig_3_17	VOG01473	4e-23	77.4
MP_ONT143___contig_3_18	VOG01473	4e-23	77.4
MP_ONT231___contig_3_8	VOG19011	4.9e-23	77.3
MP_ONT143___contig_3_8	VOG19011	4.9e-23	77.3
MP_LCAL0054___contig_3_8	VOG19011	4.9e-23	77.3
GCA_009731445___contig_1_fragment_6_826	VOG00188	5.700000000000001e-23	77.4
GCA_009731445___contig_1_fragment_6_813	VOG03575	6.6e-23	77.0
GCA_025728635___contig_1_fragment_4_365	VOG03575	1.4e-22	76.0
MP_BCQMy205___contig_1_fragment_5_488	VOG03575	1.4e-22	76.0
MP_BCQMy205___contig_1_fragment_11_1135	VOG03575	2.1000000000000003e-22	75.4
GCA_025728645___contig_9_7	VOG03001	3.8e-22	73.8
GCA_025728675___contig_18_7	VOG03575	9.4e-22	73.3
GCA_009731445___contig_1_fragment_6_822	VOG00962	1.1e-21	73.2
MP_BCQMy205___contig_1_fragment_5_480	VOG00962	2.0000000000000002e-21	72.3
GCA_025728635___contig_1_fragment_4_373	VOG00962	2.0000000000000002e-21	72.3
GCA_009731445___contig_1_fragment_6_819	VOG09810	4.4e-21	71.7
MP_BCQMy205___contig_1_fragment_14_1454	VOG00188	5.4e-21	71.0
MP_BCQMy205___contig_1_fragment_11_1143	VOG00962	5.7e-21	70.8
MP_BCQMy205___contig_1_fragment_14_1429	VOG23273	1.6000000000000002e-20	68.7
MP_BCQMy205___contig_1_fragment_14_1474	VOG04233	1.9e-20	68.1
MP_BCQMy205___contig_1_fragment_3_328	VOG01434	2.4e-20	68.7
MP_BCQMy205___contig_1_fragment_12_1208	VOG00188	4.6e-20	68.0
GCA_001047455___contig_5_fragment_1_77	VOG01434	5.8e-20	67.5
GCA_009731445___contig_1_fragment_9_1157	VOG01434	5.8e-20	67.5
MP_BCQMy205___contig_1_fragment_12_1192	VOG01434	5.8e-20	67.5
GCA_025728695___contig_128_1	VOG14226	9.9e-20	66.0
MP_BCQMy205___contig_1_fragment_3_289	VOG00361	1.1999999999999999e-19	66.7
GCA_025728695___contig_141_2	VOG00361	1.1999999999999999e-19	66.7
GCA_025728635___contig_1_fragment_4_347	VOG14226	1.2999999999999998e-19	65.6
MP_BCQMy205___contig_1_fragment_5_506	VOG14226	1.2999999999999998e-19	65.6
MP_BCQMy205___contig_1_fragment_3_309	VOG00679	2.3e-19	65.4
GCA_025728645___contig_9_13	VOG00679	2.3e-19	65.4
GCA_009731445___contig_1_fragment_9_1171	VOG00743	2.5999999999999996e-19	65.3
MP_BCQMy205___contig_1_fragment_11_1120	VOG01434	2.8e-19	65.3
GCA_009731445___contig_1_fragment_6_795	VOG01434	2.8e-19	65.3
MP_BCQMy205___contig_1_fragment_5_503	VOG01434	3.2000000000000003e-19	65.1
MP_BCQMy205___contig_1_fragment_12_1204	VOG00743	3.3e-19	65.0
MP_BCQMy205___contig_1_fragment_14_1479	VOG00361	3.5e-19	65.2
MP_BCQMy205___contig_1_fragment_14_1446	VOG00283	4.1000000000000003e-19	64.3
MP_BCQMy205___contig_1_fragment_14_1478	VOG02771	5.199999999999999e-19	64.9
GCA_009731445___contig_1_fragment_3_325	VOG01833	6.7e-19	64.2
MP_BCQMy205___contig_1_fragment_4_350	VOG01833	6.9e-19	64.2
MP_AB35___contig_2_fragment_2_111	VOG00098	1.5e-18	63.3
MP_BCQMy205___contig_2_fragment_2_108	VOG00098	1.5e-18	63.3
MP_LCAL0064___contig_2_fragment_2_107	VOG00098	1.5e-18	63.3
GCA_025728615___contig_49_fragment_2_64	VOG00098	1.5e-18	63.3
GCA_001047395___contig_9_fragment_1_27	VOG00098	5.200000000000001e-18	61.5
GCA_001047455___contig_5_fragment_1_91	VOG00743	5.8e-18	61.0
GCA_025728645___contig_9_4	VOG00399	5.9e-18	60.6
MP_BCQMy205___contig_1_fragment_3_299	VOG00399	5.9e-18	60.6
MP_BCQMy205___contig_1_fragment_3_290	VOG02771	1.2e-17	60.5
GCA_025728695___contig_141_3	VOG02771	1.2e-17	60.5
MP_BCQMy205___contig_1_fragment_3_312	VOG00236	1.5e-17	59.8
GCA_025728645___contig_9_16	VOG00236	1.5e-17	59.8
MP_BCQMy205___contig_1_fragment_1_60	VOG02771	1.9e-17	59.8
MP_BCQMy205___contig_1_fragment_15_1528	VOG00051	1.9e-17	59.1
GCA_009731445___contig_1_fragment_5_705	VOG04176	1.9e-17	59.3
GCA_025728615___contig_22_fragment_1_182	VOG00051	1.9e-17	59.1
MP_BCQMy205___contig_1_fragment_5_487	VOG00066	2.1e-17	58.9
GCA_025728635___contig_1_fragment_4_366	VOG00066	2.1e-17	58.9
GCA_009731445___contig_1_fragment_6_797	VOG00146	3.3e-17	57.6
MP_BCQMy205___contig_1_fragment_11_1122	VOG00146	3.3e-17	57.6
MP_BCQMy205___contig_1_fragment_14_1444	VOG00973	3.9e-17	58.6
MP_BCQMy205___contig_1_fragment_5_501	VOG00146	6.6e-17	56.6
GCA_025728635___contig_1_fragment_4_352	VOG00146	6.6e-17	56.6
MP_BCQMy205___contig_1_fragment_14_1456	VOG00399	2.6e-16	55.3
MP_LCAL0064___contig_2_fragment_2_100	VOG00806	3.4e-16	54.3
MP_BCQMy205___contig_2_fragment_2_101	VOG00806	3.4e-16	54.3
MP_AB35___contig_2_fragment_2_104	VOG00806	3.4e-16	54.3
GCA_025728615___contig_49_fragment_2_71	VOG00806	3.4e-16	54.3
GCA_001047395___contig_9_fragment_1_18	VOG00806	3.4e-16	54.3
GCA_025728645___contig_9_12	VOG00188	7.599999999999999e-16	54.3
MP_BCQMy205___contig_1_fragment_3_307	VOG00188	7.599999999999999e-16	54.3
MP_BCQMy205___contig_1_fragment_14_1439	VOG01394	9.2e-16	53.5
GCA_025728635___contig_1_fragment_4_350	VOG01434	1.4e-15	53.3
MP_BCQMy205___contig_1_fragment_3_317	VOG23091	1.9e-15	53.0
GCA_025728645___contig_9_21	VOG23091	1.9e-15	53.0
GCA_025728645___contig_27_4	VOG00146	2.1e-15	51.8
GCA_009731445___contig_1_fragment_12_1307	VOG02771	2.4e-15	53.0
GCA_001047435___contig_8_fragment_1_8	VOG03824	2.4e-15	52.5
MP_BCQMy205___contig_1_fragment_11_1136	VOG00066	2.6e-15	52.2
GCA_001047435___contig_8_fragment_2_22	VOG02771	2.7e-15	52.8
GCA_001047455___contig_5_fragment_4_230	VOG02771	2.7e-15	52.8
MP_BCQMy205___contig_1_fragment_3_315	VOG23089	4.8e-15	51.4
GCA_025728645___contig_9_19	VOG23089	5.6e-15	51.1
MP_BCQMy205___contig_1_fragment_5_486	VOG00181	1.3e-14	49.8
GCA_025728635___contig_1_fragment_4_367	VOG00181	1.3e-14	49.8
GCA_009731445___contig_1_fragment_6_789	VOG14094	1.8000000000000002e-14	49.6
GCA_009731445___contig_1_fragment_6_815	VOG00181	2e-14	49.2
GCA_025728695___contig_128_5	VOG14094	2.6e-14	49.1
GCA_001047455___contig_5_fragment_3_216	VOG03824	3.5e-14	48.6
MP_BCQMy205___contig_1_fragment_11_1118	VOG14094	5e-14	48.1
GCA_025728675___contig_18_1	VOG22086	5.700000000000001e-14	46.9
GCA_001047395___contig_9_fragment_1_13	VOG01073	6.1e-14	47.4
GCA_001047455___contig_5_fragment_2_132	VOG20545	9.800000000000001e-14	46.3
GCA_009731445___contig_1_fragment_10_1211	VOG20545	9.800000000000001e-14	46.3
MP_BCQMy205___contig_1_fragment_5_502	VOG00192	1e-13	47.1
GCA_025728635___contig_1_fragment_4_351	VOG00192	1e-13	47.1
MP_BCQMy205___contig_1_fragment_14_1440	VOG00446	1e-13	47.1
GCA_009731445___contig_1_fragment_6_790	VOG17718	1.1e-13	47.0
MP_BCQMy205___contig_1_fragment_14_1432	VOG00146	1.2e-13	46.2
MP_BCQMy205___contig_1_fragment_11_1137	VOG00181	1.6e-13	46.2
MP_BCQMy205___contig_1_fragment_3_327	VOG00192	1.9e-13	46.2
MP_BCQMy205___contig_1_fragment_5_447	VOG00468	4.9e-13	45.0
MP_BCQMy205___contig_1_fragment_14_1461	VOG03658	6.500000000000001e-13	44.5
MP_LCAL0064___contig_2_fragment_2_97	VOG01073	9.7e-13	43.4
MP_BCQMy205___contig_2_fragment_2_98	VOG01073	9.7e-13	43.4
MP_AB35___contig_2_fragment_2_101	VOG01073	9.7e-13	43.4
GCA_025728615___contig_49_fragment_2_74	VOG01073	9.7e-13	43.4
MP_BCQMy205___contig_1_fragment_11_1171	VOG14084	1.3000000000000001e-12	43.4
GCA_009731445___contig_1_fragment_6_857	VOG02771	1.9e-12	43.5
MP_BCQMy205___contig_1_fragment_11_1150	VOG01042	2.6000000000000002e-12	42.3
MP_BCQMy205___contig_1_fragment_5_477	VOG01156	3.3999999999999996e-12	42.3
GCA_025728635___contig_1_fragment_4_375	VOG01156	3.3999999999999996e-12	42.3
GCA_001047455___contig_5_fragment_1_96	VOG00188	3.5e-12	42.4
GCA_009731445___contig_1_fragment_9_1176	VOG00188	3.5e-12	42.4
MP_LCAL0054___contig_3_1	VOG10140	5.5e-12	41.0
MP_ONT143___contig_3_1	VOG10140	5.5e-12	41.0
MP_ONT231___contig_3_1	VOG10140	5.5e-12	41.0
MP_BCQMy205___contig_1_fragment_11_1174	VOG02771	5.5999999999999996e-12	42.0
GCA_025728645___contig_9_23	VOG01397	7.9e-12	40.9
MP_BCQMy205___contig_1_fragment_3_319	VOG01397	7.9e-12	40.9
GCA_009731445___contig_1_fragment_9_1164	VOG21997	9.400000000000001e-12	40.3
GCA_001047455___contig_5_fragment_1_84	VOG21997	9.400000000000001e-12	40.3
MP_BCQMy205___contig_1_fragment_3_318	VOG00973	2.2e-11	40.0
GCA_025728645___contig_9_22	VOG00973	2.2e-11	40.0
MP_LCAL0064___contig_1_fragment_4_356	VOG03262	3.0999999999999984e-275	910.3
GCA_025728695___contig_1_fragment_1_22	VOG03262	3.0999999999999984e-275	910.3
GCA_025728675___contig_42_fragment_1_99	VOG03262	3.0999999999999984e-275	910.3
GCA_004001205___contig_1_fragment_4_613	VOG03262	3.0999999999999984e-275	910.3
GCA_025728645___contig_8_20	VOG24298	2.3999999999999992e-161	533.9
MP_LCAL0064___contig_1_fragment_7_700	VOG24298	1.1999999999999996e-160	531.6
GCA_004001205___contig_1_fragment_11_1369	VOG00639	1.8999999999999997e-143	474.1
MP_LCAL0064___contig_1_fragment_15_1523	VOG00120	5.299999999999998e-141	466.7
MP_LCAL0064___contig_1_fragment_7_720	VOG00824	2.8999999999999994e-124	411.8
MP_LCAL0064___contig_1_fragment_13_1244	VOG00824	1.2999999999999997e-121	403.0
GCA_004001205___contig_1_fragment_12_1424	VOG00824	8.099999999999999e-113	374.0
MP_LCAL0064___contig_1_fragment_3_305	VOG00674	4.299999999999999e-109	361.1
GCA_025728675___contig_42_fragment_2_146	VOG00674	4.299999999999999e-109	361.1
MP_LCAL0064___contig_1_fragment_7_679	VOG00520	1.8999999999999995e-108	358.9
GCA_025728635___contig_25_11	VOG00520	1.8999999999999995e-108	358.9
GCA_025728645___contig_8_22	VOG00674	4.1999999999999996e-106	351.3
MP_LCAL0064___contig_1_fragment_7_698	VOG00674	4.1999999999999996e-106	351.3
GCA_004001205___contig_1_fragment_15_1562	VOG00029	4.9e-102	338.0
GCA_001047465___contig_13_fragment_2_17	VOG00029	6.899999999999999e-102	337.5
GCA_004001205___contig_1_fragment_11_1379	VOG10295	1.3e-93	308.3
MP_LCAL0064___contig_1_fragment_15_1524	VOG00398	3.5e-90	297.6
MP_LCAL0064___contig_1_fragment_5_485	VOG13487	6.499999999999999e-90	297.9
MP_LCAL0064___contig_1_fragment_12_1192	VOG13487	1.0999999999999997e-89	297.1
MP_LCAL0064___contig_1_fragment_5_493	VOG04056	1.2999999999999997e-81	270.5
GCA_025728645___contig_8_16	VOG00381	6.099999999999999e-80	264.5
MP_LCAL0064___contig_1_fragment_7_705	VOG00381	6.099999999999999e-80	264.5
GCA_025728645___contig_8_1	VOG00824	1.8e-77	257.1
GCA_004001205___contig_1_fragment_11_1367	VOG01829	1.0999999999999998e-76	254.0
GCA_025728645___contig_8_15	VOG00213	6.599999999999998e-76	251.5
MP_LCAL0064___contig_1_fragment_7_706	VOG00213	8.099999999999999e-76	251.2
MP_LCAL0064___contig_1_fragment_5_482	VOG04497	7.099999999999998e-75	247.2
MP_LCAL0064___contig_1_fragment_12_1195	VOG04497	4e-74	244.7
MP_LCAL0064___contig_1_fragment_3_323	VOG00824	4.699999999999999e-73	242.5
GCA_025728675___contig_42_fragment_2_129	VOG00824	4.699999999999999e-73	242.5
MP_LCAL0064___contig_1_fragment_3_298	VOG00523	6.099999999999999e-73	241.8
GCA_025728675___contig_42_fragment_2_153	VOG00523	6.099999999999999e-73	241.8
MP_LCAL0064___contig_1_fragment_12_1184	VOG04056	1.1999999999999997e-70	234.2
MP_LCAL0064___contig_1_fragment_3_306	VOG00724	1.8999999999999996e-66	220.6
GCA_025728675___contig_42_fragment_2_145	VOG00724	1.8999999999999996e-66	220.6
MP_LCAL0064___contig_1_fragment_3_287	VOG00041	1.4999999999999998e-65	217.4
GCA_004001205___contig_1_fragment_14_1548	VOG00084	1.2999999999999998e-63	211.4
GCA_001047465___contig_13_fragment_1_4	VOG00084	1.2999999999999998e-63	211.4
GCA_004001205___contig_1_fragment_11_1353	VOG00183	1.2999999999999998e-63	210.1
GCA_004001205___contig_1_fragment_11_1398	VOG00520	1.8999999999999998e-63	210.5
MP_LCAL0064___contig_1_fragment_5_450	VOG00041	2.6e-61	203.4
GCA_004001205___contig_1_fragment_11_1352	VOG01075	4.9e-57	188.7
MP_LCAL0064___contig_1_fragment_7_707	VOG00686	1.3e-56	188.4
GCA_025728645___contig_8_14	VOG00686	1.3e-56	188.4
GCA_001047465___contig_13_fragment_2_16	VOG02151	1.3999999999999997e-56	187.6
GCA_004001205___contig_1_fragment_15_1561	VOG02151	1.3999999999999997e-56	187.6
GCA_004001205___contig_1_fragment_12_1415	VOG02574	2.6e-56	186.9
MP_LCAL0064___contig_1_fragment_13_1237	VOG02574	2.7e-56	186.8
GCA_001047465___contig_13_fragment_3_123	VOG05855	8.7e-56	184.8
MP_LCAL0064___contig_1_fragment_3_329	VOG02574	4.5999999999999995e-55	182.8
GCA_025728675___contig_42_fragment_2_123	VOG02574	4.5999999999999995e-55	182.8
GCA_004001205___contig_1_fragment_11_1351	VOG00452	6.099999999999999e-55	182.7
MP_LCAL0064___contig_1_fragment_7_682	VOG20253	6.999999999999999e-55	181.3
GCA_025728635___contig_25_8	VOG20253	6.999999999999999e-55	181.3
MP_LCAL0064___contig_1_fragment_7_721	VOG13479	2.2e-54	180.1
GCA_004001205___contig_1_fragment_12_1422	VOG13479	2.5e-54	179.9
MP_LCAL0064___contig_1_fragment_13_1243	VOG13479	6.7e-54	178.6
MP_LCAL0064___contig_1_fragment_7_726	VOG02574	2.1999999999999997e-53	177.3
MP_LCAL0064___contig_1_fragment_12_1168	VOG00041	3.3e-53	176.8
GCA_025728615___contig_2_fragment_1_3	VOG00041	3.3e-53	176.8
MP_LCAL0064___contig_1_fragment_5_472	VOG21431	1e-52	174.5
MP_LCAL0064___contig_1_fragment_3_324	VOG13479	1.3000000000000001e-52	174.4
GCA_025728675___contig_42_fragment_2_128	VOG13479	1.3000000000000001e-52	174.4
GCA_004001205___contig_1_fragment_7_985	VOG03321	9.099999999999998e-50	164.7
GCA_025728595___contig_27_1	VOG02574	2.1e-49	164.2
MP_LCAL0064___contig_1_fragment_5_474	VOG00404	9.799999999999999e-49	161.0
MP_LCAL0064___contig_1_fragment_12_1202	VOG00404	6.2e-48	158.4
MP_LCAL0064___contig_1_fragment_5_455	VOG10124	3.8999999999999995e-46	153.3
MP_LCAL0064___contig_1_fragment_7_709	VOG00633	7.2e-46	152.9
GCA_025728645___contig_8_12	VOG00633	7.2e-46	152.9
GCA_004001205___contig_1_fragment_11_1393	VOG10124	7.499999999999999e-46	152.4
GCA_004001205___contig_1_fragment_11_1380	VOG10294	1.1999999999999998e-45	150.3
GCA_004001205___contig_1_fragment_7_988	VOG12515	5.9e-44	145.5
MP_LCAL0064___contig_1_fragment_12_1207	VOG11084	5.999999999999999e-44	145.3
GCA_025728645___contig_8_6	VOG00149	1.1e-43	144.6
MP_LCAL0064___contig_1_fragment_7_715	VOG00149	1.1e-43	144.6
GCA_004001205___contig_1_fragment_11_1343	VOG02574	3.3e-43	143.9
GCA_001047465___contig_13_fragment_1_1	VOG07103	1.1999999999999999e-42	141.2
MP_LCAL0064___contig_1_fragment_1_61	VOG09023	8e-42	138.3
GCA_004001205___contig_1_fragment_11_1354	VOG21220	5.699999999999999e-41	136.2
MP_LCAL0064___contig_1_fragment_13_1249	VOG00149	7.099999999999999e-41	135.5
GCA_004001205___contig_1_fragment_12_1429	VOG00149	1e-40	135.0
MP_LCAL0064___contig_1_fragment_7_675	VOG05855	1.3e-40	134.9
MP_LCAL0064___contig_1_fragment_4_348	VOG00126	2.7e-40	134.5
GCA_025728695___contig_1_fragment_1_14	VOG00126	2.7e-40	134.5
GCA_025728675___contig_42_fragment_1_107	VOG00126	2.7e-40	134.5
GCA_004001205___contig_1_fragment_4_605	VOG00126	2.7e-40	134.5
MP_LCAL0064___contig_1_fragment_5_452	VOG03321	2.9e-40	133.7
GCA_025728675___contig_42_fragment_1_100	VOG00313	2.6e-39	131.1
GCA_025728695___contig_1_fragment_1_21	VOG00313	2.6e-39	131.1
MP_LCAL0064___contig_1_fragment_4_355	VOG00313	2.6e-39	131.1
GCA_004001205___contig_1_fragment_4_612	VOG00313	2.8e-39	131.1
MP_LCAL0064___contig_1_fragment_3_313	VOG03165	3.6e-39	130.4
GCA_025728595___contig_12_10	VOG10286	4.9e-39	130.0
MP_BC9___contig_3_13	VOG10286	4.9e-39	130.0
MP_LCAL0064___contig_3_13	VOG10286	4.9e-39	130.0
GCA_004001225___contig_3_14	VOG10286	4.9e-39	130.0
MP_BCQMy204___contig_3_13	VOG10286	4.9e-39	130.0
MP_LCAL0064___contig_1_fragment_13_1260	VOG00385	1.5e-38	128.1
MP_LCAL0064___contig_1_fragment_7_697	VOG24297	1.6e-38	128.2
GCA_025728645___contig_8_23	VOG24297	1.6e-38	128.2
GCA_004001205___contig_1_fragment_12_1440	VOG00385	2.1e-38	127.6
GCA_025728675___contig_42_fragment_2_139	VOG03165	2.2999999999999998e-38	127.8
GCA_001047595___contig_13_fragment_1_12	VOG00385	2.8999999999999994e-38	127.1
GCA_004001205___contig_1_fragment_11_1342	VOG14094	5.599999999999999e-38	125.9
MP_LCAL0064___contig_1_fragment_12_1194	VOG00236	1.2e-37	125.8
MP_LCAL0064___contig_1_fragment_5_494	VOG01075	2e-37	124.4
GCA_004001205___contig_1_fragment_11_1349	VOG18935	7.399999999999999e-37	122.8
MP_LCAL0064___contig_1_fragment_12_1183	VOG01075	1.1999999999999998e-36	121.8
MP_LCAL0064___contig_1_fragment_5_498	VOG18935	1.3999999999999999e-36	121.9
MP_LCAL0064___contig_1_fragment_3_288	VOG03321	1.6e-36	121.5
MP_LCAL0064___contig_1_fragment_5_458	VOG00572	2.7999999999999998e-36	120.9
MP_LCAL0064___contig_1_fragment_12_1193	VOG03165	3.8999999999999994e-36	120.5
MP_LCAL0064___contig_1_fragment_5_483	VOG00236	5.5999999999999995e-36	120.3
MP_LCAL0064___contig_1_fragment_12_1206	VOG09746	7.4e-36	119.3
MP_LCAL0064___contig_1_fragment_12_1179	VOG18935	1.4e-35	118.6
MP_LCAL0064___contig_1_fragment_13_1247	VOG01394	1.4e-35	118.3
GCA_004001205___contig_1_fragment_12_1427	VOG01394	1.4e-35	118.3
GCA_004001205___contig_1_fragment_12_1425	VOG00097	2.3999999999999996e-35	118.0
MP_LCAL0064___contig_1_fragment_5_470	VOG00690	2.3999999999999996e-35	117.9
MP_LCAL0064___contig_1_fragment_13_1245	VOG00097	4.2999999999999996e-35	117.2
GCA_025728675___contig_42_fragment_2_131	VOG02333	4.2999999999999996e-35	117.1
MP_LCAL0064___contig_1_fragment_3_321	VOG02333	4.2999999999999996e-35	117.1
GCA_025728675___contig_42_fragment_2_138	VOG00633	6.7e-35	116.8
MP_LCAL0064___contig_1_fragment_3_314	VOG00633	6.7e-35	116.8
MP_LCAL0064___contig_1_fragment_5_462	VOG00572	9.7e-35	115.8
GCA_004001205___contig_1_fragment_4_611	VOG14097	1.3999999999999998e-34	115.0
GCA_025728635___contig_25_10	VOG01190	1.3999999999999998e-34	115.3
GCA_025728675___contig_42_fragment_1_101	VOG14097	1.3999999999999998e-34	115.0
GCA_025728695___contig_1_fragment_1_20	VOG14097	1.3999999999999998e-34	115.0
MP_LCAL0064___contig_1_fragment_7_680	VOG01190	1.3999999999999998e-34	115.3
MP_LCAL0064___contig_1_fragment_4_354	VOG14097	1.3999999999999998e-34	115.0
GCA_001047465___contig_13_fragment_3_115	VOG01181	1.4999999999999998e-34	115.7
GCA_025728595___contig_12_18	VOG00520	1.7e-34	115.1
MP_BC9___contig_3_7	VOG00520	1.7e-34	115.1
MP_LCAL0064___contig_3_7	VOG00520	1.7e-34	115.1
GCA_004001225___contig_3_8	VOG00520	1.7e-34	115.1
MP_BCQMy204___contig_3_7	VOG00520	1.7e-34	115.1
MP_LCAL0064___contig_1_fragment_7_719	VOG00097	2.1e-34	114.9
GCA_025728645___contig_8_2	VOG00097	2.1e-34	114.9
MP_LCAL0064___contig_1_fragment_7_712	VOG01134	8.199999999999999e-34	111.6
GCA_025728645___contig_8_9	VOG01134	8.199999999999999e-34	111.6
GCA_025728645___contig_8_25	VOG01036	1.4000000000000001e-33	112.2
GCA_004001205___contig_1_fragment_11_1387	VOG00690	1.7e-33	111.9
GCA_025728645___contig_8_4	VOG01394	2e-33	111.3
MP_LCAL0064___contig_1_fragment_7_717	VOG01394	2e-33	111.3
GCA_025728635___contig_25_4	VOG03676	2.6e-33	110.7
MP_LCAL0064___contig_1_fragment_7_686	VOG03676	2.6e-33	110.7
MP_LCAL0064___contig_1_fragment_7_695	VOG01036	6.3e-33	110.1
MP_LCAL0064___contig_1_fragment_12_1201	VOG01162	7e-33	109.4
MP_LCAL0064___contig_1_fragment_7_696	VOG12256	7.199999999999999e-33	109.6
MP_LCAL0064___contig_1_fragment_5_475	VOG01162	7.8e-33	109.2
GCA_025728645___contig_8_24	VOG12256	8.9e-33	109.3
MP_LCAL0064___contig_1_fragment_15_1522	VOG01127	9.399999999999999e-33	108.5
MP_LCAL0064___contig_1_fragment_12_1187	VOG01397	1.9999999999999998e-32	107.9
GCA_004001205___contig_1_fragment_11_1360	VOG01375	3.2999999999999997e-32	106.4
GCA_004001205___contig_1_fragment_11_1386	VOG00232	7.099999999999999e-32	106.0
GCA_004001205___contig_1_fragment_11_1355	VOG10276	7.599999999999999e-32	106.2
GCA_025728645___contig_8_3	VOG02632	9.999999999999999e-32	105.5
MP_LCAL0064___contig_1_fragment_7_718	VOG02632	9.999999999999999e-32	105.5
GCA_004001205___contig_1_fragment_11_1376	VOG00065	1.6999999999999998e-31	104.3
MP_LCAL0064___contig_1_fragment_12_1205	VOG00232	4.7e-31	103.3
MP_LCAL0064___contig_1_fragment_5_490	VOG01397	5.799999999999999e-31	103.2
GCA_004001205___contig_1_fragment_11_1359	VOG00870	1.1000000000000001e-30	101.7
MP_LCAL0064___contig_1_fragment_5_471	VOG00232	1.1000000000000001e-30	102.1
MP_LCAL0064___contig_1_fragment_7_710	VOG00186	2.6e-30	101.3
GCA_025728645___contig_8_11	VOG00186	2.6e-30	101.3
GCA_004001205___contig_1_fragment_11_1373	VOG02869	6e-30	100.8
MP_LCAL0064___contig_1_fragment_9_984	VOG07964	1.1e-29	99.0
GCA_004001205___contig_1_fragment_8_1146	VOG07964	1.1e-29	99.0
MP_LCAL0064___contig_1_fragment_3_301	VOG00519	1.4999999999999998e-29	99.0
GCA_025728675___contig_42_fragment_2_150	VOG00519	1.4999999999999998e-29	99.0
GCA_004001205___contig_1_fragment_15_1565	VOG09038	1.6e-29	98.0
MP_LCAL0064___contig_1_fragment_5_495	VOG00452	1.8000000000000002e-29	98.6
GCA_001047465___contig_13_fragment_2_20	VOG09038	3.0999999999999997e-29	97.1
MP_LCAL0064___contig_1_fragment_5_453	VOG20253	4.1000000000000003e-29	96.9
MP_LCAL0064___contig_1_fragment_12_1182	VOG00452	4.7000000000000004e-29	97.3
MP_LCAL0064___contig_1_fragment_13_1246	VOG02632	7e-29	96.2
MP_LCAL0064___contig_1_fragment_5_484	VOG03165	7.7e-29	96.6
MP_LCAL0064___contig_1_fragment_12_1173	VOG23273	2.9e-28	94.1
GCA_004001205___contig_1_fragment_12_1437	VOG00459	3.3999999999999996e-28	94.3
MP_LCAL0064___contig_1_fragment_13_1257	VOG00459	3.3999999999999996e-28	94.3
GCA_004001205___contig_1_fragment_11_1361	VOG04818	9.9e-28	92.4
GCA_004001205___contig_1_fragment_11_1395	VOG02771	1.4e-27	92.6
GCA_004001205___contig_1_fragment_12_1426	VOG02632	2.2000000000000002e-27	91.2
GCA_025728675___contig_42_fragment_2_141	VOG09810	2.2000000000000002e-27	92.4
MP_LCAL0064___contig_1_fragment_3_311	VOG09810	2.2000000000000002e-27	92.4
MP_LCAL0064___contig_1_fragment_12_1221	VOG20253	3.9000000000000004e-27	90.4
GCA_025728675___contig_42_fragment_2_136	VOG23090	4.6e-27	90.0
MP_LCAL0064___contig_1_fragment_3_316	VOG23090	4.6e-27	90.0
MP_LCAL0064___contig_1_fragment_5_504	VOG23273	1.8999999999999998e-26	88.1
MP_LCAL0064___contig_1_fragment_7_714	VOG00743	2.2e-26	88.1
GCA_025728645___contig_8_7	VOG00743	2.2e-26	88.1
GCA_025728635___contig_25_6	VOG10124	2.4e-26	88.8
MP_LCAL0064___contig_1_fragment_7_684	VOG10124	2.4e-26	88.8
MP_LCAL0064___contig_1_fragment_12_1196	VOG00687	2.6e-26	88.0
MP_LCAL0064___contig_1_fragment_5_481	VOG00687	1e-25	86.0
GCA_004001205___contig_1_fragment_8_1138	VOG09424	2e-25	84.5
MP_LCAL0064___contig_1_fragment_9_977	VOG09424	2e-25	84.5
GCA_025728595___contig_22_2	VOG00361	2.6e-25	85.2
MP_LCAL0064___contig_1_fragment_12_1199	VOG00361	2.6e-25	85.2
GCA_004001205___contig_1_fragment_11_1388	VOG10469	4.0999999999999994e-25	84.6
GCA_025728645___contig_8_10	VOG00283	1.4999999999999998e-24	81.8
MP_LCAL0064___contig_1_fragment_5_469	VOG10469	1.4999999999999998e-24	82.8
MP_LCAL0064___contig_1_fragment_7_711	VOG00283	1.4999999999999998e-24	81.8
GCA_004001205___contig_1_fragment_13_1472	VOG00935	1.8e-24	81.9
GCA_001047595___contig_13_fragment_1_10	VOG00385	2.6e-24	80.9
MP_LCAL0064___contig_1_fragment_3_302	VOG03001	7.4e-24	79.2
GCA_004001205___contig_1_fragment_11_1383	VOG00404	1.3e-23	79.6
MP_LCAL0064___contig_1_fragment_7_716	VOG01394	2.1e-23	78.5
GCA_025728645___contig_8_5	VOG01394	2.1e-23	78.5
GCA_004001205___contig_1_fragment_11_1381	VOG00098	2.7e-23	78.6
GCA_004001205___contig_1_fragment_11_1358	VOG01483	3.2000000000000003e-23	78.3
GCA_004001205___contig_1_fragment_12_1428	VOG00446	3.3e-23	78.1
MP_LCAL0064___contig_1_fragment_13_1248	VOG00446	3.3e-23	78.1
GCA_004001225___contig_3_19	VOG01473	3.5e-23	77.4
MP_LCAL0064___contig_3_18	VOG01473	3.7e-23	77.4
MP_BCQMy204___contig_3_17	VOG01473	3.7e-23	77.4
MP_BC9___contig_3_17	VOG01473	3.7e-23	77.4
GCA_025728595___contig_12_6	VOG01473	4.2e-23	77.2
MP_LCAL0064___contig_3_8	VOG19011	4.5999999999999996e-23	77.3
MP_BCQMy204___contig_3_8	VOG19011	4.5999999999999996e-23	77.3
MP_BC9___contig_3_8	VOG19011	4.5999999999999996e-23	77.3
GCA_025728595___contig_12_17	VOG19011	4.5999999999999996e-23	77.3
GCA_004001225___contig_3_9	VOG19011	4.5999999999999996e-23	77.3
GCA_004001205___contig_1_fragment_11_1375	VOG00188	5.4e-23	77.4
MP_LCAL0064___contig_1_fragment_5_488	VOG03575	1.3e-22	76.0
MP_LCAL0064___contig_1_fragment_12_1189	VOG03575	1.9999999999999999e-22	75.4
GCA_025728675___contig_42_fragment_2_149	VOG03001	3.5000000000000005e-22	73.8
GCA_025728645___contig_8_8	VOG00973	8.300000000000001e-22	73.6
MP_LCAL0064___contig_1_fragment_7_713	VOG00973	8.300000000000001e-22	73.6
MP_LCAL0064___contig_1_fragment_5_480	VOG00962	1.9000000000000003e-21	72.3
GCA_025728645___contig_8_19	VOG00188	3.4e-21	71.6
MP_LCAL0064___contig_1_fragment_7_702	VOG00188	3.4e-21	71.6
MP_LCAL0064___contig_1_fragment_12_1197	VOG00962	5.3e-21	70.8
GCA_004001205___contig_1_fragment_11_1344	VOG01434	5.600000000000001e-21	70.7
GCA_025728595___contig_27_2	VOG01434	5.600000000000001e-21	70.7
MP_LCAL0064___contig_1_fragment_3_328	VOG01434	2.2000000000000002e-20	68.7
GCA_025728675___contig_42_fragment_2_124	VOG01434	2.2000000000000002e-20	68.7
MP_LCAL0064___contig_1_fragment_7_725	VOG01434	2.2000000000000002e-20	68.7
MP_LCAL0064___contig_1_fragment_7_704	VOG02869	4.3e-20	68.7
GCA_025728645___contig_8_17	VOG02869	4.3e-20	68.7
MP_LCAL0064___contig_1_fragment_13_1254	VOG00188	4.3e-20	68.0
MP_LCAL0064___contig_1_fragment_13_1238	VOG01434	5.4e-20	67.5
GCA_004001205___contig_1_fragment_12_1416	VOG01434	5.4e-20	67.5
GCA_025728615___contig_2_fragment_1_4	VOG14226	9.2e-20	66.0
MP_LCAL0064___contig_1_fragment_3_289	VOG00361	1.1000000000000002e-19	66.7
MP_LCAL0064___contig_1_fragment_5_506	VOG14226	1.2999999999999998e-19	65.6
GCA_025728675___contig_42_fragment_2_143	VOG00679	2.1e-19	65.4
MP_LCAL0064___contig_1_fragment_3_309	VOG00679	2.1e-19	65.4
MP_LCAL0064___contig_1_fragment_12_1174	VOG01434	2.5999999999999996e-19	65.3
MP_LCAL0064___contig_1_fragment_5_503	VOG01434	3e-19	65.1
GCA_004001205___contig_1_fragment_12_1430	VOG00743	3.1e-19	65.0
MP_LCAL0064___contig_1_fragment_13_1250	VOG00743	3.1e-19	65.0
GCA_004001205___contig_1_fragment_4_607	VOG01833	6.2e-19	64.2
MP_LCAL0064___contig_1_fragment_4_350	VOG01833	6.400000000000001e-19	64.2
GCA_025728695___contig_1_fragment_1_16	VOG01833	6.400000000000001e-19	64.2
GCA_025728675___contig_42_fragment_1_105	VOG01833	6.400000000000001e-19	64.2
MP_BCQMy224___contig_2_fragment_2_107	VOG00098	1.3999999999999999e-18	63.3
GCA_004001225___contig_2_fragment_3_112	VOG00098	4.9e-18	61.5
GCA_001047545___contig_11_fragment_2_54	VOG00098	4.9e-18	61.5
GCA_001047435___contig_10_fragment_3_63	VOG00098	4.9e-18	61.5
MP_LCAL0064___contig_1_fragment_3_299	VOG00399	5.5e-18	60.6
GCA_025728675___contig_42_fragment_2_152	VOG00399	5.5e-18	60.6
MP_LCAL0064___contig_1_fragment_3_290	VOG02771	1.1e-17	60.5
MP_LCAL0064___contig_1_fragment_3_312	VOG00236	1.4000000000000003e-17	59.8
GCA_025728675___contig_42_fragment_2_140	VOG00236	1.4000000000000003e-17	59.8
MP_LCAL0064___contig_1_fragment_15_1521	VOG00051	1.8e-17	59.1
GCA_004001205___contig_1_fragment_7_983	VOG04176	1.8e-17	59.3
MP_LCAL0064___contig_1_fragment_1_60	VOG02771	1.8e-17	59.8
MP_LCAL0064___contig_1_fragment_5_487	VOG00066	2e-17	58.9
GCA_004001205___contig_1_fragment_11_1397	VOG18091	2.7e-17	58.9
MP_LCAL0064___contig_1_fragment_12_1176	VOG00146	3.1e-17	57.6
MP_LCAL0064___contig_1_fragment_5_501	VOG00146	6.2e-17	56.6
MP_LCAL0064___contig_1_fragment_7_708	VOG02615	2.5e-16	56.6
GCA_001047435___contig_10_fragment_3_72	VOG00806	3.2e-16	54.3
GCA_001047545___contig_11_fragment_2_63	VOG00806	3.2e-16	54.3
GCA_004001225___contig_2_fragment_3_103	VOG00806	3.2e-16	54.3
MP_BCQMy224___contig_2_fragment_2_100	VOG00806	3.2e-16	54.3
GCA_025728645___contig_8_13	VOG02615	3.6000000000000003e-16	56.1
GCA_004001205___contig_1_fragment_11_1346	VOG00146	3.9e-16	54.1
GCA_004001205___contig_1_fragment_11_1399	VOG00520	6.6e-16	53.7
MP_LCAL0064___contig_1_fragment_3_307	VOG00188	7.1e-16	54.3
GCA_025728675___contig_42_fragment_2_144	VOG00188	7.1e-16	54.3
GCA_025728595___contig_27_4	VOG00146	9.5e-16	52.9
MP_LCAL0064___contig_1_fragment_3_317	VOG23091	1.7e-15	53.0
GCA_025728675___contig_42_fragment_2_135	VOG23091	1.7e-15	53.0
GCA_004001205___contig_1_fragment_15_1567	VOG02771	2.2e-15	53.0
GCA_001047465___contig_13_fragment_1_8	VOG03824	2.2e-15	52.5
MP_LCAL0064___contig_1_fragment_12_1190	VOG00066	2.4e-15	52.2
GCA_001047465___contig_13_fragment_2_22	VOG02771	2.5e-15	52.8
MP_LCAL0064___contig_1_fragment_3_315	VOG23089	4.5e-15	51.4
GCA_025728675___contig_42_fragment_2_137	VOG23089	5.3e-15	51.1
MP_LCAL0064___contig_1_fragment_5_486	VOG00181	1.2e-14	49.8
GCA_004001205___contig_1_fragment_14_1552	VOG03824	3.3000000000000005e-14	48.6
MP_LCAL0064___contig_1_fragment_12_1172	VOG14094	4.6e-14	48.1
GCA_004001225___contig_2_fragment_3_98	VOG01073	5.700000000000001e-14	47.4
GCA_001047435___contig_10_fragment_3_77	VOG01073	5.700000000000001e-14	47.4
GCA_001047545___contig_11_fragment_2_68	VOG01073	5.700000000000001e-14	47.4
MP_LCAL0064___contig_1_fragment_5_502	VOG00192	9.4e-14	47.1
MP_LCAL0064___contig_1_fragment_12_1191	VOG00181	1.5e-13	46.2
GCA_025728675___contig_42_fragment_2_125	VOG00192	1.7e-13	46.2
MP_LCAL0064___contig_1_fragment_3_327	VOG00192	1.7e-13	46.2
MP_LCAL0064___contig_1_fragment_7_724	VOG00192	1.7e-13	46.2
GCA_004001205___contig_1_fragment_11_1396	VOG01271	2.8e-13	45.7
GCA_025728595___contig_12_16	VOG15510	2.8e-13	45.3
GCA_004001205___contig_1_fragment_11_1385	VOG21431	3e-13	45.2
MP_LCAL0064___contig_1_fragment_7_676	VOG00178	3e-13	45.3
MP_LCAL0064___contig_1_fragment_5_447	VOG00468	4.6e-13	45.0
GCA_004001205___contig_1_fragment_11_1362	VOG00918	5e-13	44.7
GCA_004001205___contig_1_fragment_11_1345	VOG00192	6.1e-13	44.5
GCA_004001205___contig_1_fragment_11_1382	VOG00404	8.499999999999999e-13	44.6
GCA_025728595___contig_12_13	VOG15510	8.499999999999999e-13	43.8
MP_BCQMy224___contig_2_fragment_2_97	VOG01073	9.000000000000001e-13	43.4
MP_LCAL0064___contig_1_fragment_12_1204	VOG01042	2.4e-12	42.3
GCA_004001205___contig_1_fragment_11_1368	VOG01829	3.2e-12	41.8
MP_LCAL0064___contig_1_fragment_5_477	VOG01156	3.2e-12	42.3
GCA_025728595___contig_12_5	VOG10140	4.4e-12	41.3
GCA_004001205___contig_1_fragment_12_1434	VOG00188	4.9e-12	41.9
MP_BCQMy204___contig_3_1	VOG10140	5.1e-12	41.0
MP_LCAL0064___contig_3_1	VOG10140	5.1e-12	41.0
MP_BC9___contig_3_1	VOG10140	5.1e-12	41.0
MP_LCAL0064___contig_1_fragment_12_1220	VOG02771	5.3e-12	42.0
GCA_004001225___contig_3_7	VOG15510	5.4000000000000004e-12	41.2
GCA_004001225___contig_3_1	VOG10140	6.900000000000001e-12	40.6
GCA_004001205___contig_1_fragment_11_1364	VOG00241	7.099999999999999e-12	40.9
GCA_004001205___contig_1_fragment_3_496	VOG01073	7.200000000000001e-12	40.5
GCA_025728675___contig_42_fragment_2_133	VOG01397	7.4e-12	40.9
MP_LCAL0064___contig_1_fragment_3_319	VOG01397	7.4e-12	40.9
GCA_004001205___contig_1_fragment_12_1423	VOG21997	8.8e-12	40.3
GCA_025728675___contig_42_fragment_2_134	VOG00973	2.0000000000000002e-11	40.0
MP_LCAL0064___contig_1_fragment_3_318	VOG00973	2.0000000000000002e-11	40.0
MP_BCQMy224___contig_1_fragment_14_1460	VOG17046	0.0	1197.0
MP_ONT63___contig_1_fragment_13_1350	VOG03262	5.1999999999999966e-275	910.3
MP_BCQMy302___contig_1_fragment_4_356	VOG03262	5.1999999999999966e-275	910.3
MP_BCQMy224___contig_1_fragment_4_356	VOG03262	5.1999999999999966e-275	910.3
GCA_025728635___contig_53_fragment_2_32	VOG03262	5.1999999999999966e-275	910.3
MP_ONT63___contig_1_fragment_1_77	VOG24298	1.0999999999999996e-169	562.3
MP_BCQMy302___contig_1_fragment_7_699	VOG24298	4.099999999999998e-161	533.9
MP_BCQMy224___contig_1_fragment_14_1463	VOG02949	2.9999999999999996e-154	510.1
MP_BCQMy302___contig_1_fragment_15_1533	VOG00120	8.999999999999999e-141	466.7
MP_BCQMy224___contig_1_fragment_15_1528	VOG00120	8.999999999999999e-141	466.7
MP_ONT63___contig_1_fragment_15_1470	VOG00120	8.999999999999999e-141	466.7
MP_BCQMy302___contig_1_fragment_7_719	VOG00824	4.899999999999999e-124	411.8
MP_BCQMy302___contig_1_fragment_13_1254	VOG00824	2.1999999999999994e-121	403.0
MP_BCQMy224___contig_1_fragment_12_1201	VOG00824	2.1999999999999994e-121	403.0
MP_ONT63___contig_1_fragment_4_571	VOG00824	2.2999999999999993e-121	403.0
GCA_001047405___contig_4_fragment_1_85	VOG00824	1.3999999999999994e-112	374.0
MP_ONT63___contig_1_fragment_14_1401	VOG00674	7.299999999999998e-109	361.1
GCA_025728595___contig_10_18	VOG00674	7.299999999999998e-109	361.1
GCA_025728615___contig_13_10	VOG00674	7.299999999999998e-109	361.1
GCA_025728635___contig_22_18	VOG00674	7.299999999999998e-109	361.1
MP_BCQMy224___contig_1_fragment_3_305	VOG00674	7.299999999999998e-109	361.1
MP_BCQMy302___contig_1_fragment_3_305	VOG00674	7.299999999999998e-109	361.1
MP_BCQMy302___contig_1_fragment_7_678	VOG00520	3.1999999999999996e-108	358.9
GCA_025728595___contig_34_fragment_1_11	VOG00520	3.1999999999999996e-108	358.9
MP_BCQMy224___contig_1_fragment_14_1464	VOG10295	1.6999999999999997e-107	354.5
MP_ONT63___contig_1_fragment_1_76	VOG00674	2.999999999999999e-107	355.8
MP_BCQMy302___contig_1_fragment_7_697	VOG00674	7.099999999999998e-106	351.3
GCA_001047405___contig_4_fragment_4_225	VOG00029	1.1999999999999997e-101	337.5
MP_BCQMy224___contig_1_fragment_14_1468	VOG00461	4.099999999999999e-101	335.8
MP_BCQMy302___contig_1_fragment_15_1534	VOG00398	5.9999999999999995e-90	297.6
MP_ONT63___contig_1_fragment_15_1471	VOG00398	5.9999999999999995e-90	297.6
MP_BCQMy224___contig_1_fragment_15_1529	VOG00398	5.9999999999999995e-90	297.6
MP_ONT63___contig_1_fragment_1_88	VOG13487	9.999999999999999e-90	298.0
MP_BCQMy224___contig_1_fragment_5_485	VOG13487	1.0999999999999997e-89	297.9
MP_BCQMy302___contig_1_fragment_5_485	VOG13487	1.0999999999999997e-89	297.9
MP_ONT63___contig_1_fragment_12_1224	VOG13487	1.0999999999999997e-89	297.9
MP_BCQMy224___contig_1_fragment_11_1141	VOG13487	1.8999999999999997e-89	297.1
GCA_001047455___contig_4_fragment_1_38	VOG13487	1.8999999999999997e-89	297.1
MP_BCQMy302___contig_1_fragment_12_1194	VOG13487	2.3999999999999998e-89	296.8
GCA_025728595___contig_34_fragment_3_178	VOG05099	1.4e-85	283.1
MP_ONT63___contig_1_fragment_12_1197	VOG05099	1.4e-85	283.1
MP_BCQMy224___contig_1_fragment_5_493	VOG04056	2.3e-81	270.5
MP_BCQMy302___contig_1_fragment_5_493	VOG04056	2.3e-81	270.5
MP_BCQMy302___contig_1_fragment_7_704	VOG00381	9.999999999999997e-80	264.5
MP_BCQMy302___contig_1_fragment_7_705	VOG00213	1.1999999999999996e-75	251.4
MP_BCQMy302___contig_1_fragment_12_1197	VOG04497	5.099999999999999e-75	248.4
MP_ONT63___contig_1_fragment_12_1227	VOG04497	1.1999999999999998e-74	247.2
MP_BCQMy224___contig_1_fragment_5_482	VOG04497	1.1999999999999998e-74	247.2
MP_BCQMy302___contig_1_fragment_5_482	VOG04497	1.1999999999999998e-74	247.2
MP_ONT63___contig_1_fragment_1_85	VOG04497	4.6e-74	245.3
MP_BCQMy224___contig_1_fragment_11_1144	VOG04497	6.7e-74	244.7
MP_BCQMy302___contig_1_fragment_3_323	VOG00824	8.099999999999999e-73	242.5
MP_BCQMy224___contig_1_fragment_3_323	VOG00824	8.099999999999999e-73	242.5
MP_ONT63___contig_1_fragment_14_1383	VOG00824	8.099999999999999e-73	242.5
MP_BCQMy224___contig_1_fragment_3_298	VOG00523	9.999999999999998e-73	241.8
MP_BCQMy302___contig_1_fragment_3_298	VOG00523	9.999999999999998e-73	241.8
MP_ONT63___contig_1_fragment_14_1408	VOG00523	9.999999999999998e-73	241.8
GCA_025728635___contig_22_25	VOG00523	9.999999999999998e-73	241.8
GCA_025728595___contig_10_25	VOG00523	9.999999999999998e-73	241.8
GCA_025728615___contig_13_3	VOG00523	9.999999999999998e-73	241.8
GCA_025728595___contig_10_1	VOG00824	1.6999999999999996e-71	238.1
MP_ONT63___contig_1_fragment_12_1216	VOG04056	1.3999999999999996e-70	234.7
MP_ONT63___contig_1_fragment_1_97	VOG04056	1.3999999999999996e-70	234.7
MP_BCQMy224___contig_1_fragment_11_1133	VOG04056	1.8999999999999996e-70	234.3
GCA_001047455___contig_4_fragment_1_80	VOG00041	8.699999999999998e-70	232.1
MP_BCQMy224___contig_1_fragment_14_1478	VOG00041	2.6e-68	227.3
GCA_001047455___contig_4_fragment_1_29	VOG21220	6.499999999999999e-68	226.0
MP_BCQMy224___contig_1_fragment_14_1454	VOG00381	1.1999999999999999e-66	221.5
GCA_025728595___contig_10_17	VOG00724	3.2999999999999994e-66	220.6
GCA_025728615___contig_13_11	VOG00724	3.2999999999999994e-66	220.6
GCA_025728635___contig_22_17	VOG00724	3.2999999999999994e-66	220.6
MP_BCQMy224___contig_1_fragment_3_306	VOG00724	3.2999999999999994e-66	220.6
MP_ONT63___contig_1_fragment_14_1400	VOG00724	3.2999999999999994e-66	220.6
MP_BCQMy302___contig_1_fragment_3_306	VOG00724	3.2999999999999994e-66	220.6
GCA_001047455___contig_4_fragment_1_28	VOG04056	3.9999999999999994e-66	219.9
MP_BCQMy302___contig_1_fragment_12_1186	VOG21220	1e-65	218.8
MP_BCQMy224___contig_1_fragment_14_1453	VOG00213	1.5999999999999998e-65	218.0
MP_BCQMy224___contig_1_fragment_3_287	VOG00041	2.4999999999999995e-65	217.4
MP_BCQMy302___contig_1_fragment_3_287	VOG00041	2.4999999999999995e-65	217.4
MP_ONT63___contig_1_fragment_14_1419	VOG00041	2.4999999999999995e-65	217.4
MP_ONT63___contig_1_fragment_12_1239	VOG01757	2.0999999999999998e-64	214.4
MP_ONT63___contig_1_fragment_1_53	VOG00041	3.699999999999999e-64	213.6
GCA_001047405___contig_4_fragment_3_212	VOG00084	2.1999999999999997e-63	211.4
MP_BCQMy302___contig_1_fragment_5_450	VOG00041	4.5e-61	203.4
GCA_025728635___contig_53_fragment_3_126	VOG00041	4.5e-61	203.4
MP_BCQMy224___contig_1_fragment_5_450	VOG00041	4.5e-61	203.4
MP_ONT63___contig_1_fragment_12_1256	VOG00041	4.5e-61	203.4
GCA_025728635___contig_22_1	VOG00824	5.200000000000001e-60	200.1
GCA_025728615___contig_13_27	VOG00824	5.200000000000001e-60	200.1
MP_BCQMy302___contig_1_fragment_7_706	VOG00686	2.2e-56	188.4
GCA_001047405___contig_4_fragment_4_224	VOG02151	2.3999999999999996e-56	187.6
GCA_001047405___contig_4_fragment_1_76	VOG02574	4.499999999999999e-56	186.8
MP_BCQMy302___contig_1_fragment_13_1247	VOG02574	4.499999999999999e-56	186.8
MP_ONT63___contig_1_fragment_4_578	VOG02574	4.499999999999999e-56	186.8
MP_BCQMy224___contig_1_fragment_12_1194	VOG02574	4.499999999999999e-56	186.8
GCA_001047405___contig_4_fragment_5_330	VOG05855	1.4999999999999999e-55	184.8
GCA_025728635___contig_53_fragment_1_5	VOG02574	6.3e-55	183.1
MP_BCQMy224___contig_1_fragment_3_329	VOG02574	7.9e-55	182.8
MP_BCQMy302___contig_1_fragment_3_329	VOG02574	7.9e-55	182.8
MP_ONT63___contig_1_fragment_14_1377	VOG02574	7.9e-55	182.8
GCA_025728595___contig_34_fragment_1_8	VOG20253	1.1999999999999999e-54	181.3
MP_BCQMy224___contig_1_fragment_14_1465	VOG10294	1.1999999999999999e-54	180.2
MP_BCQMy302___contig_1_fragment_7_681	VOG20253	1.1999999999999999e-54	181.3
MP_BCQMy302___contig_1_fragment_7_720	VOG13479	3.7e-54	180.1
MP_BCQMy302___contig_1_fragment_13_1253	VOG13479	1.0999999999999999e-53	178.6
MP_ONT63___contig_1_fragment_4_572	VOG13479	1.0999999999999999e-53	178.6
MP_BCQMy224___contig_1_fragment_12_1200	VOG13479	1.0999999999999999e-53	178.6
GCA_001047405___contig_4_fragment_1_83	VOG13479	1.9000000000000001e-53	177.8
MP_BCQMy302___contig_1_fragment_7_728	VOG02574	3.6999999999999994e-53	177.3
MP_BCQMy224___contig_1_fragment_11_1117	VOG00041	5.600000000000001e-53	176.8
MP_BCQMy302___contig_1_fragment_12_1171	VOG00041	1e-52	176.0
MP_BCQMy302___contig_1_fragment_5_472	VOG21431	1.6999999999999997e-52	174.5
MP_BCQMy224___contig_1_fragment_5_472	VOG21431	1.6999999999999997e-52	174.5
MP_BCQMy224___contig_1_fragment_14_1467	VOG00519	2e-52	174.7
MP_BCQMy224___contig_1_fragment_3_324	VOG13479	2.2e-52	174.4
MP_BCQMy302___contig_1_fragment_3_324	VOG13479	2.2e-52	174.4
MP_ONT63___contig_1_fragment_14_1382	VOG13479	2.2e-52	174.4
MP_BCQMy224___contig_1_fragment_14_1441	VOG03140	4.699999999999999e-50	166.3
GCA_001047455___contig_4_fragment_1_53	VOG00404	8.3000000000000005e-50	165.2
GCA_003462485___contig_4_2	VOG00385	2.1e-49	164.8
MP_ONT63___contig_1_fragment_12_1235	VOG00404	1.6999999999999998e-48	161.0
MP_BCQMy224___contig_1_fragment_5_474	VOG00404	1.6999999999999998e-48	161.0
MP_BCQMy302___contig_1_fragment_5_474	VOG00404	1.6999999999999998e-48	161.0
MP_BCQMy224___contig_1_fragment_11_1151	VOG00404	1.0999999999999999e-47	158.4
MP_BCQMy302___contig_1_fragment_12_1204	VOG00404	1.0999999999999999e-47	158.4
MP_ONT63___contig_1_fragment_12_1240	VOG11084	3.3999999999999997e-47	156.6
GCA_001047455___contig_4_fragment_1_58	VOG11084	3.9000000000000003e-47	156.4
MP_BCQMy224___contig_1_fragment_5_455	VOG10124	6.7e-46	153.3
MP_BCQMy302___contig_1_fragment_5_455	VOG10124	6.7e-46	153.3
MP_BCQMy302___contig_1_fragment_7_708	VOG00633	1.1999999999999998e-45	152.9
MP_BCQMy224___contig_1_fragment_14_1452	VOG00686	6.4e-45	150.7
GCA_025728635___contig_53_fragment_3_131	VOG10124	2.9e-44	148.0
MP_BCQMy224___contig_1_fragment_11_1156	VOG11084	1e-43	145.3
MP_BCQMy302___contig_1_fragment_12_1209	VOG11084	1e-43	145.3
MP_BCQMy302___contig_1_fragment_7_714	VOG00149	1.9e-43	144.6
MP_BCQMy302___contig_1_fragment_1_61	VOG09023	1.4e-41	138.3
MP_BCQMy224___contig_1_fragment_1_61	VOG09023	1.4e-41	138.3
MP_ONT63___contig_1_fragment_12_1243	VOG02181	1.5e-41	138.6
GCA_001047455___contig_4_fragment_1_71	VOG10124	1.9e-41	138.8
MP_ONT63___contig_1_fragment_4_566	VOG00149	1.2e-40	135.5
MP_BCQMy224___contig_1_fragment_12_1206	VOG00149	1.2e-40	135.5
MP_BCQMy302___contig_1_fragment_13_1259	VOG00149	1.2e-40	135.5
GCA_025728595___contig_34_fragment_1_15	VOG05855	2.2e-40	134.9
MP_BCQMy302___contig_1_fragment_7_674	VOG05855	2.2e-40	134.9
GCA_025728635___contig_53_fragment_2_24	VOG00126	4.599999999999999e-40	134.5
MP_BCQMy224___contig_1_fragment_4_348	VOG00126	4.599999999999999e-40	134.5
MP_ONT63___contig_1_fragment_13_1358	VOG00126	4.599999999999999e-40	134.5
MP_BCQMy302___contig_1_fragment_4_348	VOG00126	4.599999999999999e-40	134.5
GCA_025728635___contig_53_fragment_3_128	VOG03321	4.9e-40	133.7
MP_BCQMy302___contig_1_fragment_5_452	VOG03321	4.9e-40	133.7
MP_BCQMy224___contig_1_fragment_5_452	VOG03321	4.9e-40	133.7
GCA_001047405___contig_4_fragment_1_90	VOG00149	1.9e-39	131.6
MP_BCQMy302___contig_1_fragment_12_1185	VOG01075	2.5e-39	131.4
GCA_025728635___contig_53_fragment_2_31	VOG00313	4.4e-39	131.1
MP_BCQMy302___contig_1_fragment_4_355	VOG00313	4.4e-39	131.1
MP_ONT63___contig_1_fragment_13_1351	VOG00313	4.4e-39	131.1
MP_BCQMy224___contig_1_fragment_4_355	VOG00313	4.4e-39	131.1
MP_ONT63___contig_1_fragment_14_1393	VOG03165	6.1e-39	130.4
MP_BCQMy302___contig_1_fragment_3_313	VOG03165	6.1e-39	130.4
MP_BCQMy224___contig_1_fragment_3_313	VOG03165	6.1e-39	130.4
GCA_001047455___contig_8_9	VOG10286	8.4e-39	130.0
MP_BCQMy205___contig_3_13	VOG10286	8.4e-39	130.0
MP_ONT63___contig_1_fragment_4_555	VOG00385	2.5e-38	128.1
MP_BCQMy302___contig_1_fragment_13_1270	VOG00385	2.5e-38	128.1
MP_BCQMy224___contig_1_fragment_12_1217	VOG00385	2.5e-38	128.1
MP_BCQMy302___contig_1_fragment_7_696	VOG24297	2.7999999999999995e-38	128.2
MP_ONT63___contig_1_fragment_1_54	VOG02135	3.1e-38	127.8
MP_BCQMy224___contig_1_fragment_14_1455	VOG02869	3.3999999999999997e-38	128.4
GCA_001047405___contig_4_fragment_1_103	VOG00385	3.6e-38	127.6
GCA_025728635___contig_22_11	VOG03165	3.9e-38	127.8
GCA_025728595___contig_10_11	VOG03165	3.9e-38	127.8
GCA_025728615___contig_13_17	VOG03165	3.9e-38	127.8
MP_ONT63___contig_1_fragment_1_75	VOG24297	6.1e-38	127.0
MP_ONT63___contig_1_fragment_1_61	VOG00572	1.3000000000000001e-37	126.1
MP_BCQMy224___contig_1_fragment_11_1143	VOG00236	2.0999999999999997e-37	125.8
MP_BCQMy302___contig_1_fragment_5_494	VOG01075	3.3999999999999998e-37	124.4
MP_BCQMy224___contig_1_fragment_5_494	VOG01075	3.3999999999999998e-37	124.4
MP_ONT63___contig_1_fragment_12_1215	VOG01075	1e-36	122.9
MP_ONT63___contig_1_fragment_1_98	VOG01075	1e-36	122.9
GCA_001047455___contig_4_fragment_1_39	VOG03165	1.3999999999999999e-36	122.7
MP_BCQMy224___contig_1_fragment_11_1132	VOG01075	2.1e-36	121.8
GCA_001047455___contig_4_fragment_1_27	VOG01075	2.1e-36	121.8
MP_ONT63___contig_1_fragment_1_103	VOG18935	2.3999999999999997e-36	121.9
MP_BCQMy302___contig_1_fragment_5_498	VOG18935	2.5e-36	121.9
MP_BCQMy224___contig_1_fragment_5_498	VOG18935	2.5e-36	121.9
GCA_025728595___contig_34_fragment_3_192	VOG18935	2.5e-36	121.9
MP_ONT63___contig_1_fragment_12_1211	VOG18935	2.5e-36	121.9
MP_BCQMy302___contig_1_fragment_3_288	VOG03321	2.7999999999999998e-36	121.5
MP_ONT63___contig_1_fragment_14_1418	VOG03321	2.7999999999999998e-36	121.5
MP_BCQMy224___contig_1_fragment_3_288	VOG03321	2.7999999999999998e-36	121.5
GCA_001047455___contig_4_fragment_1_81	VOG00385	2.8999999999999998e-36	121.2
MP_BCQMy302___contig_1_fragment_5_458	VOG00572	4.7e-36	120.9
MP_ONT63___contig_1_fragment_12_1250	VOG00572	4.7e-36	120.9
MP_BCQMy224___contig_1_fragment_5_458	VOG00572	4.7e-36	120.9
MP_ONT63___contig_1_fragment_1_67	VOG02181	4.7e-36	120.6
MP_BCQMy302___contig_1_fragment_12_1196	VOG00236	6.2e-36	120.9
MP_BCQMy224___contig_1_fragment_11_1142	VOG03165	6.6e-36	120.5
MP_BCQMy302___contig_1_fragment_5_483	VOG00236	9.499999999999999e-36	120.3
MP_BCQMy224___contig_1_fragment_5_483	VOG00236	9.499999999999999e-36	120.3
MP_ONT63___contig_1_fragment_12_1226	VOG00236	9.499999999999999e-36	120.3
MP_ONT63___contig_1_fragment_1_72	VOG01036	9.8e-36	120.0
MP_BCQMy302___contig_1_fragment_12_1208	VOG09746	1.2999999999999998e-35	119.3
MP_BCQMy224___contig_1_fragment_11_1155	VOG09746	1.2999999999999998e-35	119.3
MP_BCQMy224___contig_1_fragment_14_1439	VOG21441	1.5e-35	118.9
MP_ONT63___contig_1_fragment_4_568	VOG01394	2.3999999999999996e-35	118.3
MP_BCQMy224___contig_1_fragment_11_1128	VOG18935	2.3999999999999996e-35	118.6
GCA_001047455___contig_4_fragment_1_23	VOG18935	2.3999999999999996e-35	118.6
MP_BCQMy224___contig_1_fragment_12_1204	VOG01394	2.3999999999999996e-35	118.3
MP_BCQMy302___contig_1_fragment_13_1257	VOG01394	2.3999999999999996e-35	118.3
MP_BCQMy302___contig_1_fragment_12_1181	VOG18935	2.5e-35	118.5
GCA_001047405___contig_4_fragment_1_88	VOG01394	2.5e-35	118.3
GCA_025728675___contig_17_5	VOG18935	3.0999999999999996e-35	118.3
GCA_001047405___contig_4_fragment_1_86	VOG00097	4.1e-35	118.0
MP_BCQMy224___contig_1_fragment_5_470	VOG00690	4.1e-35	117.9
MP_BCQMy302___contig_1_fragment_5_470	VOG00690	4.1e-35	117.9
GCA_025728595___contig_10_3	VOG02333	7.199999999999999e-35	117.1
GCA_025728615___contig_13_25	VOG02333	7.199999999999999e-35	117.1
GCA_025728635___contig_22_3	VOG02333	7.199999999999999e-35	117.1
MP_BCQMy224___contig_1_fragment_3_321	VOG02333	7.199999999999999e-35	117.1
MP_BCQMy302___contig_1_fragment_3_321	VOG02333	7.199999999999999e-35	117.1
MP_ONT63___contig_1_fragment_14_1385	VOG02333	7.199999999999999e-35	117.1
MP_ONT63___contig_1_fragment_4_570	VOG00097	7.3e-35	117.2
MP_BCQMy224___contig_1_fragment_12_1202	VOG00097	7.3e-35	117.2
MP_BCQMy302___contig_1_fragment_13_1255	VOG00097	7.3e-35	117.2
MP_ONT63___contig_1_fragment_1_86	VOG00236	9.4e-35	117.0
GCA_025728615___contig_13_18	VOG00633	1.1000000000000002e-34	116.8
MP_BCQMy302___contig_1_fragment_3_314	VOG00633	1.1000000000000002e-34	116.8
GCA_025728635___contig_22_10	VOG00633	1.1000000000000002e-34	116.8
MP_ONT63___contig_1_fragment_14_1392	VOG00633	1.1000000000000002e-34	116.8
MP_BCQMy224___contig_1_fragment_3_314	VOG00633	1.1000000000000002e-34	116.8
GCA_025728595___contig_10_10	VOG00633	1.1000000000000002e-34	116.8
MP_ONT63___contig_1_fragment_12_1246	VOG00572	1.7e-34	115.8
MP_BCQMy302___contig_1_fragment_5_462	VOG00572	1.7e-34	115.8
MP_BCQMy224___contig_1_fragment_5_462	VOG00572	1.7e-34	115.8
GCA_001047455___contig_4_fragment_1_40	VOG00236	2.2000000000000003e-34	115.8
MP_ONT63___contig_1_fragment_13_1352	VOG14097	2.2999999999999997e-34	115.0
MP_BCQMy302___contig_1_fragment_4_354	VOG14097	2.2999999999999997e-34	115.0
MP_BCQMy224___contig_1_fragment_4_354	VOG14097	2.2999999999999997e-34	115.0
GCA_025728635___contig_53_fragment_2_30	VOG14097	2.2999999999999997e-34	115.0
GCA_025728595___contig_34_fragment_1_10	VOG01190	2.4e-34	115.3
MP_BCQMy302___contig_1_fragment_7_679	VOG01190	2.4e-34	115.3
GCA_001047405___contig_4_fragment_5_322	VOG01181	2.5e-34	115.7
MP_BCQMy205___contig_3_7	VOG00520	2.7999999999999995e-34	115.1
GCA_001047455___contig_8_3	VOG00520	2.7999999999999995e-34	115.1
MP_BCQMy302___contig_1_fragment_7_718	VOG00097	3.5000000000000003e-34	114.9
GCA_001047455___contig_4_fragment_1_55	VOG21431	8.1e-34	113.3
MP_BCQMy302___contig_1_fragment_7_711	VOG01134	1.4000000000000001e-33	111.6
GCA_001047455___contig_4_fragment_1_42	VOG04497	1.7999999999999998e-33	112.4
MP_BCQMy302___contig_1_fragment_7_694	VOG01036	2.4999999999999998e-33	112.2
MP_BCQMy302___contig_1_fragment_7_716	VOG01394	3.4e-33	111.3
GCA_025728595___contig_34_fragment_1_4	VOG03676	4.4e-33	110.7
MP_BCQMy302___contig_1_fragment_7_685	VOG03676	4.4e-33	110.7
MP_ONT63___contig_1_fragment_12_1237	VOG21431	6.0999999999999995e-33	110.4
MP_BCQMy224___contig_1_fragment_11_1150	VOG01162	1.1999999999999999e-32	109.4
MP_BCQMy302___contig_1_fragment_12_1203	VOG01162	1.1999999999999999e-32	109.4
MP_BCQMy302___contig_1_fragment_7_695	VOG12256	1.1999999999999999e-32	109.6
MP_BCQMy302___contig_1_fragment_5_475	VOG01162	1.3e-32	109.2
MP_BCQMy224___contig_1_fragment_5_475	VOG01162	1.3e-32	109.2
MP_ONT63___contig_1_fragment_12_1234	VOG01162	1.3e-32	109.2
MP_BCQMy224___contig_1_fragment_15_1527	VOG01127	1.6e-32	108.5
MP_BCQMy302___contig_1_fragment_15_1532	VOG01127	1.6e-32	108.5
MP_ONT63___contig_1_fragment_15_1469	VOG01127	1.6e-32	108.5
MP_ONT63___contig_1_fragment_1_74	VOG12256	1.8e-32	109.0
MP_BCQMy224___contig_1_fragment_14_1457	VOG17047	3.4e-32	106.5
MP_BCQMy224___contig_1_fragment_11_1136	VOG01397	3.5e-32	107.9
MP_ONT63___contig_1_fragment_12_1199	VOG11403	3.7999999999999995e-32	107.7
GCA_025728595___contig_34_fragment_3_180	VOG11403	3.7999999999999995e-32	107.7
GCA_025728675___contig_17_1	VOG01075	1.1e-31	106.4
MP_BCQMy302___contig_1_fragment_7_717	VOG02632	1.6999999999999998e-31	105.5
GCA_001047455___contig_4_fragment_1_49	VOG00065	2.2e-31	104.7
GCA_001047455___contig_4_fragment_1_56	VOG00232	3.5999999999999996e-31	104.4
GCA_001047455___contig_4_fragment_1_57	VOG09746	3.5999999999999996e-31	104.8
MP_BCQMy224___contig_1_fragment_11_1154	VOG00232	8.1e-31	103.3
MP_BCQMy302___contig_1_fragment_12_1207	VOG00232	8.1e-31	103.3
MP_BCQMy224___contig_1_fragment_5_490	VOG01397	9.9e-31	103.2
MP_BCQMy302___contig_1_fragment_5_490	VOG01397	9.9e-31	103.2
MP_ONT63___contig_1_fragment_12_1219	VOG01397	9.9e-31	103.2
MP_BCQMy224___contig_1_fragment_5_471	VOG00232	1.8e-30	102.1
MP_BCQMy302___contig_1_fragment_5_471	VOG00232	1.8e-30	102.1
GCA_003462485___contig_6_5	VOG09038	2.6e-30	101.4
MP_BCQMy224___contig_1_fragment_14_1466	VOG17043	4.4000000000000004e-30	101.1
MP_BCQMy302___contig_1_fragment_7_709	VOG00186	4.4000000000000004e-30	101.3
MP_ONT63___contig_1_fragment_12_1238	VOG00232	6.399999999999999e-30	100.3
MP_BCQMy302___contig_1_fragment_12_1226	VOG00572	7.4e-30	100.6
MP_BCQMy224___contig_1_fragment_11_1173	VOG00572	7.4e-30	100.6
MP_ONT63___contig_1_fragment_1_100	VOG00452	9.800000000000001e-30	100.3
MP_ONT63___contig_1_fragment_12_1214	VOG00452	9.800000000000001e-30	100.3
MP_BCQMy302___contig_1_fragment_12_1189	VOG01397	1.6e-29	99.2
MP_ONT63___contig_1_fragment_7_777	VOG07964	1.9e-29	99.0
MP_BCQMy224___contig_1_fragment_8_932	VOG07964	1.9e-29	99.0
MP_BCQMy302___contig_1_fragment_9_987	VOG07964	1.9e-29	99.0
GCA_025728595___contig_10_22	VOG00519	2.6e-29	99.0
GCA_025728615___contig_13_6	VOG00519	2.6e-29	99.0
MP_BCQMy224___contig_1_fragment_3_301	VOG00519	2.6e-29	99.0
MP_ONT63___contig_1_fragment_14_1405	VOG00519	2.6e-29	99.0
MP_BCQMy302___contig_1_fragment_3_301	VOG00519	2.6e-29	99.0
GCA_025728635___contig_22_22	VOG00519	2.6e-29	99.0
MP_BCQMy224___contig_1_fragment_5_495	VOG00452	3.0999999999999997e-29	98.6
MP_BCQMy302___contig_1_fragment_5_495	VOG00452	3.0999999999999997e-29	98.6
GCA_001047405___contig_4_fragment_4_228	VOG09038	5.3e-29	97.1
GCA_001047455___contig_4_fragment_1_41	VOG04497	5.999999999999999e-29	97.7
GCA_025728635___contig_53_fragment_3_129	VOG20253	7.099999999999999e-29	96.9
MP_BCQMy224___contig_1_fragment_5_453	VOG20253	7.099999999999999e-29	96.9
MP_BCQMy302___contig_1_fragment_5_453	VOG20253	7.099999999999999e-29	96.9
MP_ONT63___contig_1_fragment_1_58	VOG01520	7.3e-29	97.3
GCA_001047455___contig_4_fragment_1_73	VOG20253	7.900000000000001e-29	96.8
GCA_001047455___contig_4_fragment_1_26	VOG00452	8.000000000000001e-29	97.3
MP_BCQMy224___contig_1_fragment_11_1131	VOG00452	8.000000000000001e-29	97.3
MP_BCQMy302___contig_1_fragment_12_1195	VOG03165	8.8e-29	97.2
MP_ONT63___contig_1_fragment_1_93	VOG01397	9.099999999999999e-29	96.8
MP_ONT63___contig_1_fragment_4_569	VOG02632	1.1999999999999999e-28	96.2
MP_BCQMy224___contig_1_fragment_12_1203	VOG02632	1.1999999999999999e-28	96.2
MP_BCQMy302___contig_1_fragment_13_1256	VOG02632	1.1999999999999999e-28	96.2
MP_ONT63___contig_1_fragment_12_1254	VOG20253	1.1999999999999999e-28	96.1
MP_ONT63___contig_1_fragment_1_87	VOG03165	1.3000000000000002e-28	96.6
MP_ONT63___contig_1_fragment_12_1225	VOG03165	1.3000000000000002e-28	96.6
MP_BCQMy302___contig_1_fragment_5_484	VOG03165	1.3000000000000002e-28	96.6
MP_BCQMy224___contig_1_fragment_5_484	VOG03165	1.3000000000000002e-28	96.6
MP_BCQMy302___contig_1_fragment_12_1184	VOG00452	1.4e-28	96.5
MP_BCQMy224___contig_1_fragment_14_1444	VOG03436	3.6000000000000003e-28	94.9
GCA_001047455___contig_4_fragment_1_33	VOG01397	4.1e-28	94.7
MP_BCQMy224___contig_1_fragment_11_1122	VOG23273	4.899999999999999e-28	94.1
GCA_001047455___contig_4_fragment_1_17	VOG23273	5e-28	94.1
MP_BCQMy224___contig_1_fragment_14_1445	VOG00149	5.8e-28	94.2
MP_ONT63___contig_1_fragment_4_558	VOG00459	5.8e-28	94.3
GCA_001047405___contig_4_fragment_1_100	VOG00459	5.8e-28	94.3
MP_BCQMy302___contig_1_fragment_13_1267	VOG00459	5.8e-28	94.3
MP_BCQMy224___contig_1_fragment_12_1214	VOG00459	5.8e-28	94.3
GCA_025728675___contig_17_2	VOG00452	5.9e-28	94.4
MP_ONT63___contig_1_fragment_1_99	VOG00452	8.1e-28	93.9
MP_ONT63___contig_1_fragment_1_55	VOG20253	1.2999999999999999e-27	92.8
GCA_001047455___contig_4_fragment_1_76	VOG04616	1.5e-27	93.1
MP_BCQMy224___contig_1_fragment_14_1433	VOG02762	2.0999999999999998e-27	92.1
GCA_001047455___contig_4_fragment_1_67	VOG14084	2.5999999999999998e-27	91.5
MP_BCQMy224___contig_1_fragment_14_1456	VOG04514	3.0999999999999995e-27	92.0
GCA_001047405___contig_4_fragment_1_87	VOG02632	3.7e-27	91.2
MP_ONT63___contig_1_fragment_14_1395	VOG09810	3.8e-27	92.4
GCA_025728595___contig_10_13	VOG09810	3.8e-27	92.4
GCA_025728615___contig_13_15	VOG09810	3.8e-27	92.4
GCA_025728635___contig_22_13	VOG09810	3.8e-27	92.4
MP_BCQMy302___contig_1_fragment_3_311	VOG09810	3.8e-27	92.4
MP_BCQMy224___contig_1_fragment_3_311	VOG09810	3.8e-27	92.4
MP_BCQMy224___contig_1_fragment_11_1178	VOG20253	6.7e-27	90.4
MP_BCQMy302___contig_1_fragment_12_1231	VOG20253	6.7e-27	90.4
MP_BCQMy224___contig_1_fragment_3_316	VOG23090	7.800000000000001e-27	90.0
GCA_025728635___contig_22_8	VOG23090	7.800000000000001e-27	90.0
MP_ONT63___contig_1_fragment_14_1390	VOG23090	7.800000000000001e-27	90.0
GCA_025728615___contig_13_20	VOG23090	7.800000000000001e-27	90.0
GCA_025728595___contig_10_8	VOG23090	7.800000000000001e-27	90.0
MP_BCQMy302___contig_1_fragment_3_316	VOG23090	7.800000000000001e-27	90.0
MP_ONT63___contig_1_fragment_1_84	VOG00687	1.3999999999999998e-26	89.6
GCA_001047455___contig_4_fragment_1_43	VOG00687	1.8000000000000004e-26	89.2
MP_BCQMy224___contig_1_fragment_5_504	VOG23273	3.2e-26	88.1
MP_ONT63___contig_1_fragment_1_109	VOG23273	3.2e-26	88.2
GCA_025728595___contig_34_fragment_3_186	VOG23273	3.2e-26	88.1
MP_ONT63___contig_1_fragment_12_1205	VOG23273	3.2e-26	88.1
MP_BCQMy302___contig_1_fragment_5_503	VOG23273	3.2e-26	88.1
MP_BCQMy302___contig_1_fragment_7_713	VOG00743	3.7000000000000004e-26	88.1
GCA_025728595___contig_34_fragment_1_6	VOG10124	4.0999999999999993e-26	88.8
MP_BCQMy302___contig_1_fragment_7_683	VOG10124	4.0999999999999993e-26	88.8
MP_BCQMy224___contig_1_fragment_11_1145	VOG00687	4.4e-26	88.0
GCA_025728645___contig_23_1	VOG00572	4.9000000000000005e-26	88.0
MP_BCQMy302___contig_1_fragment_12_1198	VOG00687	5.599999999999999e-26	87.6
MP_BCQMy302___contig_1_fragment_5_481	VOG00687	1.8e-25	86.0
MP_BCQMy224___contig_1_fragment_5_481	VOG00687	1.8e-25	86.0
MP_ONT63___contig_1_fragment_12_1228	VOG00687	1.8e-25	86.0
MP_BCQMy224___contig_1_fragment_8_925	VOG09424	3.4999999999999997e-25	84.5
MP_BCQMy302___contig_1_fragment_9_980	VOG09424	3.4999999999999997e-25	84.5
MP_ONT63___contig_1_fragment_7_784	VOG09424	3.4999999999999997e-25	84.5
MP_BCQMy302___contig_1_fragment_12_1201	VOG00361	4.3999999999999995e-25	85.2
MP_BCQMy224___contig_1_fragment_11_1148	VOG00361	4.3999999999999995e-25	85.2
MP_ONT63___contig_1_fragment_12_1251	VOG14084	4.5e-25	84.2
MP_BCQMy224___contig_1_fragment_14_1473	VOG17042	1.0000000000000001e-24	82.5
MP_BCQMy224___contig_1_fragment_14_1446	VOG00743	1.7e-24	82.8
GCA_001047405___contig_4_fragment_2_135	VOG00935	1.8999999999999998e-24	82.6
MP_BCQMy224___contig_1_fragment_5_469	VOG10469	2.5e-24	82.8
MP_BCQMy302___contig_1_fragment_5_469	VOG10469	2.5e-24	82.8
MP_BCQMy302___contig_1_fragment_7_710	VOG00283	2.6e-24	81.8
GCA_001047455___contig_4_fragment_1_52	VOG00098	9.8e-24	80.8
MP_ONT63___contig_1_fragment_14_1404	VOG03001	1.3e-23	79.2
MP_BCQMy302___contig_1_fragment_3_302	VOG03001	1.3e-23	79.2
MP_BCQMy224___contig_1_fragment_3_302	VOG03001	1.3e-23	79.2
MP_BCQMy302___contig_1_fragment_7_715	VOG01394	3.6e-23	78.5
GCA_001047455___contig_8_14	VOG01473	5.3e-23	77.6
GCA_001047405___contig_4_fragment_1_89	VOG00446	5.700000000000001e-23	78.1
MP_BCQMy302___contig_1_fragment_13_1258	VOG00446	5.700000000000001e-23	78.1
MP_ONT63___contig_1_fragment_4_567	VOG00446	5.700000000000001e-23	78.1
MP_BCQMy224___contig_1_fragment_12_1205	VOG00446	5.700000000000001e-23	78.1
MP_BCQMy205___contig_3_17	VOG01473	6.3e-23	77.4
GCA_001047455___contig_8_4	VOG19011	7.899999999999999e-23	77.3
MP_BCQMy205___contig_3_8	VOG19011	7.899999999999999e-23	77.3
GCA_001047455___contig_4_fragment_1_48	VOG00188	9.1e-23	77.4
GCA_001047455___contig_4_fragment_1_35	VOG03575	9.999999999999999e-23	77.0
MP_BCQMy224___contig_1_fragment_14_1469	VOG00194	9.999999999999999e-23	77.8
MP_ONT63___contig_1_fragment_1_80	VOG00188	1.1e-22	77.2
MP_BCQMy302___contig_1_fragment_5_488	VOG03575	2.2e-22	76.0
MP_BCQMy224___contig_1_fragment_5_488	VOG03575	2.2e-22	76.0
MP_ONT63___contig_1_fragment_12_1221	VOG03575	2.2e-22	76.0
MP_BCQMy302___contig_1_fragment_12_1191	VOG03575	3.3e-22	75.4
MP_BCQMy224___contig_1_fragment_11_1138	VOG03575	3.3e-22	75.4
GCA_025728635___contig_22_21	VOG03001	6e-22	73.8
GCA_025728615___contig_13_7	VOG03001	6e-22	73.8
GCA_025728595___contig_10_21	VOG03001	6e-22	73.8
MP_ONT63___contig_1_fragment_1_78	VOG00065	1.1e-21	73.4
MP_BCQMy302___contig_1_fragment_7_712	VOG00973	1.4000000000000002e-21	73.6
MP_ONT63___contig_1_fragment_1_91	VOG03575	1.5e-21	73.3
GCA_001047455___contig_4_fragment_1_44	VOG00962	1.7e-21	73.2
MP_BCQMy224___contig_1_fragment_5_480	VOG00962	3.1999999999999998e-21	72.3
MP_BCQMy302___contig_1_fragment_5_480	VOG00962	3.1999999999999998e-21	72.3
MP_ONT63___contig_1_fragment_12_1229	VOG00962	3.1999999999999998e-21	72.3
MP_ONT63___contig_1_fragment_1_83	VOG00962	3.1999999999999998e-21	72.3
MP_BCQMy302___contig_1_fragment_7_701	VOG00188	5.7e-21	71.6
MP_BCQMy302___contig_1_fragment_12_1199	VOG00962	9.000000000000001e-21	70.8
MP_BCQMy224___contig_1_fragment_11_1146	VOG00962	9.000000000000001e-21	70.8
GCA_025728635___contig_34_2	VOG01434	9.5e-21	70.7
MP_BCQMy302___contig_1_fragment_7_727	VOG01434	9.5e-21	70.7
MP_BCQMy224___contig_1_fragment_3_328	VOG01434	3.8e-20	68.7
MP_ONT63___contig_1_fragment_14_1378	VOG01434	3.8e-20	68.7
GCA_025728635___contig_53_fragment_1_4	VOG01434	3.8e-20	68.7
MP_BCQMy302___contig_1_fragment_3_328	VOG01434	3.8e-20	68.7
MP_BCQMy302___contig_1_fragment_12_1177	VOG01434	3.9e-20	68.7
MP_ONT63___contig_1_fragment_1_108	VOG01434	4.5e-20	68.5
MP_BCQMy224___contig_1_fragment_14_1472	VOG04233	4.6e-20	67.5
MP_BCQMy302___contig_1_fragment_7_703	VOG02869	7.299999999999999e-20	68.7
MP_BCQMy224___contig_1_fragment_12_1211	VOG00188	7.4e-20	68.0
MP_ONT63___contig_1_fragment_4_561	VOG00188	7.4e-20	68.0
MP_BCQMy302___contig_1_fragment_13_1264	VOG00188	7.4e-20	68.0
GCA_001047405___contig_4_fragment_1_77	VOG01434	9.2e-20	67.5
MP_BCQMy224___contig_1_fragment_12_1195	VOG01434	9.2e-20	67.5
MP_BCQMy302___contig_1_fragment_13_1248	VOG01434	9.2e-20	67.5
MP_ONT63___contig_1_fragment_4_577	VOG01434	9.2e-20	67.5
MP_ONT63___contig_1_fragment_14_1417	VOG00361	1.9e-19	66.7
MP_BCQMy302___contig_1_fragment_3_289	VOG00361	1.9e-19	66.7
MP_BCQMy224___contig_1_fragment_3_289	VOG00361	1.9e-19	66.7
MP_ONT63___contig_1_fragment_12_1203	VOG14226	2.1e-19	65.6
GCA_025728595___contig_34_fragment_3_184	VOG14226	2.1e-19	65.6
MP_BCQMy302___contig_1_fragment_5_505	VOG14226	2.1e-19	65.6
MP_BCQMy224___contig_1_fragment_5_506	VOG14226	2.1e-19	65.6
MP_BCQMy302___contig_1_fragment_3_309	VOG00679	3.6e-19	65.4
MP_BCQMy224___contig_1_fragment_3_309	VOG00679	3.6e-19	65.4
GCA_025728635___contig_22_15	VOG00679	3.6e-19	65.4
GCA_025728615___contig_13_13	VOG00679	3.6e-19	65.4
MP_ONT63___contig_1_fragment_14_1397	VOG00679	3.6e-19	65.4
GCA_025728595___contig_10_15	VOG00679	3.6e-19	65.4
MP_BCQMy224___contig_1_fragment_11_1123	VOG01434	4.5e-19	65.3
GCA_001047455___contig_4_fragment_1_18	VOG01434	4.5e-19	65.3
MP_ONT63___contig_1_fragment_12_1206	VOG01434	5e-19	65.1
MP_BCQMy224___contig_1_fragment_5_503	VOG01434	5e-19	65.1
GCA_025728595___contig_34_fragment_3_187	VOG01434	5e-19	65.1
MP_ONT63___contig_1_fragment_4_565	VOG00743	5.199999999999999e-19	65.0
MP_BCQMy302___contig_1_fragment_13_1260	VOG00743	5.199999999999999e-19	65.0
MP_BCQMy224___contig_1_fragment_12_1207	VOG00743	5.199999999999999e-19	65.0
MP_BCQMy224___contig_1_fragment_14_1449	VOG00283	8.9e-19	63.9
MP_BCQMy224___contig_1_fragment_4_350	VOG01833	1.1000000000000001e-18	64.2
GCA_025728635___contig_53_fragment_2_26	VOG01833	1.1000000000000001e-18	64.2
MP_ONT63___contig_1_fragment_13_1356	VOG01833	1.1000000000000001e-18	64.2
MP_BCQMy302___contig_1_fragment_4_350	VOG01833	1.1000000000000001e-18	64.2
MP_BCQMy224___contig_1_fragment_14_1476	VOG02771	1.3999999999999999e-18	64.1
MP_BCQMy224___contig_1_fragment_14_1477	VOG00361	1.7000000000000002e-18	63.6
MP_ONT231___contig_2_fragment_2_104	VOG00098	2.3e-18	63.3
GCA_025728645___contig_57_fragment_1_23	VOG00098	2.3e-18	63.3
MP_BCQMy302___contig_2_fragment_2_108	VOG00098	2.3e-18	63.3
GCA_003462485___contig_4_6	VOG24335	2.7000000000000003e-18	62.4
GCA_001047445___contig_4_fragment_1_26	VOG00098	3.2e-18	62.8
MP_ATCC35311___contig_2_fragment_3_110	VOG00098	3.2e-18	62.8
MP_BCQMy224___contig_1_fragment_14_1458	VOG00098	3.9e-18	62.5
MP_BCQMy302___contig_1_fragment_3_299	VOG00399	6.2e-18	61.1
GCA_001047465___contig_1_fragment_2_53	VOG00098	8.3e-18	61.5
GCA_001047525___contig_10_fragment_2_30	VOG00098	8.3e-18	61.5
GCA_001047405___contig_4_fragment_1_91	VOG00743	9.2e-18	61.0
GCA_025728635___contig_22_24	VOG00399	9.300000000000001e-18	60.6
MP_ONT63___contig_1_fragment_14_1407	VOG00399	9.300000000000001e-18	60.6
MP_BCQMy224___contig_1_fragment_3_299	VOG00399	9.300000000000001e-18	60.6
GCA_025728615___contig_13_4	VOG00399	9.300000000000001e-18	60.6
GCA_025728595___contig_10_24	VOG00399	9.300000000000001e-18	60.6
MP_BCQMy224___contig_1_fragment_3_290	VOG02771	1.9e-17	60.5
MP_ONT63___contig_1_fragment_14_1416	VOG02771	1.9e-17	60.5
MP_BCQMy302___contig_1_fragment_3_290	VOG02771	1.9e-17	60.5
GCA_025728635___contig_22_12	VOG00236	2.5e-17	59.8
GCA_025728595___contig_10_12	VOG00236	2.5e-17	59.8
MP_BCQMy224___contig_1_fragment_3_312	VOG00236	2.5e-17	59.8
MP_ONT63___contig_1_fragment_14_1394	VOG00236	2.5e-17	59.8
GCA_025728615___contig_13_16	VOG00236	2.5e-17	59.8
MP_BCQMy302___contig_1_fragment_3_312	VOG00236	2.5e-17	59.8
MP_BCQMy224___contig_1_fragment_15_1526	VOG00051	3e-17	59.1
MP_BCQMy224___contig_1_fragment_1_60	VOG02771	3e-17	59.8
MP_BCQMy302___contig_1_fragment_1_60	VOG02771	3e-17	59.8
MP_ONT63___contig_1_fragment_15_1468	VOG00051	3e-17	59.1
MP_BCQMy302___contig_1_fragment_15_1531	VOG00051	3e-17	59.1
MP_BCQMy224___contig_1_fragment_14_1432	VOG22709	3.2e-17	59.0
MP_BCQMy302___contig_1_fragment_5_487	VOG00066	3.3e-17	58.9
MP_ONT63___contig_1_fragment_12_1222	VOG00066	3.3e-17	58.9
MP_BCQMy224___contig_1_fragment_5_487	VOG00066	3.3e-17	58.9
MP_BCQMy224___contig_1_fragment_14_1447	VOG00973	3.4000000000000004e-17	59.5
GCA_001047455___contig_4_fragment_1_20	VOG00146	5.3000000000000005e-17	57.6
MP_BCQMy224___contig_1_fragment_11_1125	VOG00146	5.3000000000000005e-17	57.6
MP_ONT63___contig_1_fragment_1_106	VOG00146	8.8e-17	56.9
GCA_025728595___contig_34_fragment_3_189	VOG00146	1.1000000000000001e-16	56.6
MP_BCQMy224___contig_1_fragment_5_501	VOG00146	1.1000000000000001e-16	56.6
MP_BCQMy302___contig_1_fragment_5_501	VOG00146	1.1000000000000001e-16	56.6
MP_ONT63___contig_1_fragment_12_1208	VOG00146	1.1000000000000001e-16	56.6
MP_BCQMy302___contig_1_fragment_7_707	VOG02615	4.3e-16	56.6
MP_ATCC35311___contig_2_fragment_3_101	VOG00806	5.5e-16	54.3
GCA_001047465___contig_1_fragment_2_62	VOG00806	5.5e-16	54.3
GCA_001047525___contig_10_fragment_2_39	VOG00806	5.5e-16	54.3
GCA_025728645___contig_57_fragment_1_16	VOG00806	5.5e-16	54.3
MP_ONT231___contig_2_fragment_2_97	VOG00806	5.5e-16	54.3
GCA_001047445___contig_4_fragment_1_17	VOG00806	5.5e-16	54.3
MP_BCQMy302___contig_2_fragment_2_101	VOG00806	5.5e-16	54.3
GCA_025728595___contig_10_16	VOG00188	1.2e-15	54.3
GCA_025728615___contig_13_12	VOG00188	1.2e-15	54.3
GCA_025728635___contig_22_16	VOG00188	1.2e-15	54.3
MP_BCQMy224___contig_1_fragment_3_307	VOG00188	1.2e-15	54.3
MP_BCQMy302___contig_1_fragment_3_307	VOG00188	1.2e-15	54.3
MP_ONT63___contig_1_fragment_14_1399	VOG00188	1.2e-15	54.3
MP_BCQMy224___contig_1_fragment_14_1442	VOG01394	1.5e-15	53.5
GCA_025728635___contig_34_4	VOG00146	1.6e-15	52.9
MP_BCQMy302___contig_1_fragment_7_725	VOG00146	1.6e-15	52.9
GCA_025728615___contig_13_21	VOG23091	3e-15	53.0
GCA_025728635___contig_22_7	VOG23091	3e-15	53.0
MP_ONT63___contig_1_fragment_14_1389	VOG23091	3e-15	53.0
GCA_025728595___contig_10_7	VOG23091	3e-15	53.0
MP_BCQMy302___contig_1_fragment_3_317	VOG23091	3e-15	53.0
MP_BCQMy224___contig_1_fragment_3_317	VOG23091	3e-15	53.0
MP_BCQMy224___contig_1_fragment_11_1139	VOG00066	4.1e-15	52.2
GCA_001047405___contig_4_fragment_4_230	VOG02771	4.2e-15	52.8
MP_BCQMy302___contig_1_fragment_3_315	VOG23089	7.6e-15	51.4
MP_BCQMy224___contig_1_fragment_3_315	VOG23089	7.6e-15	51.4
MP_ONT63___contig_1_fragment_14_1391	VOG23089	7.6e-15	51.4
GCA_025728635___contig_22_9	VOG23089	8.9e-15	51.1
GCA_025728595___contig_10_9	VOG23089	8.9e-15	51.1
GCA_025728615___contig_13_19	VOG23089	8.9e-15	51.1
GCA_003462485___contig_6_8	VOG04930	1.1e-14	51.2
MP_BCQMy302___contig_1_fragment_5_486	VOG00181	2e-14	49.8
MP_BCQMy224___contig_1_fragment_5_486	VOG00181	2e-14	49.8
MP_ONT63___contig_1_fragment_12_1223	VOG00181	2e-14	49.8
GCA_001047455___contig_4_fragment_1_12	VOG14094	2.7999999999999997e-14	49.6
GCA_001047455___contig_4_fragment_1_37	VOG00181	3.5e-14	49.0
MP_BCQMy302___contig_1_fragment_12_1174	VOG14094	4.0999999999999996e-14	49.1
GCA_001047405___contig_4_fragment_3_216	VOG03824	5.5999999999999995e-14	48.6
MP_BCQMy224___contig_1_fragment_11_1121	VOG14094	7.9e-14	48.1
GCA_025728635___contig_34_1	VOG02574	8.900000000000001e-14	48.1
GCA_001047465___contig_1_fragment_2_67	VOG01073	9.699999999999999e-14	47.4
GCA_001047525___contig_10_fragment_2_44	VOG01073	9.699999999999999e-14	47.4
MP_ONT63___contig_1_fragment_12_1207	VOG00192	1.6e-13	47.1
MP_BCQMy224___contig_1_fragment_5_502	VOG00192	1.6e-13	47.1
GCA_025728595___contig_34_fragment_3_188	VOG00192	1.6e-13	47.1
MP_BCQMy302___contig_1_fragment_5_502	VOG00192	1.6e-13	47.1
GCA_001047405___contig_4_fragment_2_132	VOG20545	1.6e-13	46.3
MP_BCQMy302___contig_1_fragment_12_1193	VOG00181	1.6e-13	46.9
MP_ONT63___contig_1_fragment_1_89	VOG00181	1.6e-13	46.9
MP_BCQMy224___contig_1_fragment_14_1443	VOG00446	1.6e-13	47.1
GCA_001047455___contig_4_fragment_1_13	VOG17718	1.8000000000000002e-13	47.0
MP_BCQMy224___contig_1_fragment_14_1435	VOG00146	1.9e-13	46.2
MP_BCQMy224___contig_1_fragment_11_1140	VOG00181	2.6e-13	46.2
GCA_025728635___contig_53_fragment_1_3	VOG00192	3e-13	46.2
MP_BCQMy224___contig_1_fragment_3_327	VOG00192	3e-13	46.2
MP_BCQMy302___contig_1_fragment_3_327	VOG00192	3e-13	46.2
MP_ONT63___contig_1_fragment_14_1379	VOG00192	3e-13	46.2
MP_ONT63___contig_1_fragment_1_107	VOG00192	4.5000000000000005e-13	45.7
GCA_003462485___contig_4_3	VOG00340	4.7e-13	45.0
MP_BCQMy302___contig_1_fragment_7_675	VOG00178	5.2e-13	45.3
GCA_025728595___contig_34_fragment_1_14	VOG00178	5.2e-13	45.3
MP_BCQMy302___contig_1_fragment_12_1178	VOG00192	6.999999999999999e-13	45.0
MP_BCQMy302___contig_1_fragment_5_447	VOG00468	7.900000000000001e-13	45.0
MP_BCQMy224___contig_1_fragment_5_447	VOG00468	7.900000000000001e-13	45.0
GCA_025728635___contig_53_fragment_3_123	VOG00468	7.900000000000001e-13	45.0
MP_BCQMy302___contig_1_fragment_12_1175	VOG23273	1.3000000000000001e-12	43.2
GCA_001047445___contig_4_fragment_1_13	VOG01073	1.4999999999999999e-12	43.4
MP_ONT231___contig_2_fragment_2_94	VOG01073	1.4999999999999999e-12	43.4
GCA_025728645___contig_57_fragment_1_13	VOG01073	1.4999999999999999e-12	43.4
MP_BCQMy302___contig_2_fragment_2_98	VOG01073	1.4999999999999999e-12	43.4
MP_ATCC35311___contig_2_fragment_3_97	VOG01073	1.4999999999999999e-12	43.4
MP_BCQMy302___contig_1_fragment_12_1227	VOG14084	2e-12	43.4
MP_BCQMy224___contig_1_fragment_11_1174	VOG14084	2e-12	43.4
MP_BCQMy224___contig_1_fragment_14_1470	VOG04466	2.9999999999999997e-12	42.4
GCA_001047455___contig_4_fragment_1_79	VOG02771	3.5e-12	43.3
MP_BCQMy302___contig_1_fragment_12_1206	VOG01042	4.1e-12	42.3
MP_BCQMy224___contig_1_fragment_11_1153	VOG01042	4.1e-12	42.3
MP_BCQMy302___contig_1_fragment_5_477	VOG01156	5.4000000000000004e-12	42.3
MP_BCQMy224___contig_1_fragment_5_477	VOG01156	5.4000000000000004e-12	42.3
MP_ONT63___contig_1_fragment_12_1232	VOG01156	5.4000000000000004e-12	42.3
GCA_001047405___contig_4_fragment_1_96	VOG00188	5.5999999999999996e-12	42.4
GCA_025728645___contig_23_5	VOG10124	5.5999999999999996e-12	42.7
MP_BCQMy205___contig_3_1	VOG10140	8.7e-12	41.0
MP_BCQMy302___contig_1_fragment_12_1230	VOG02771	9e-12	42.0
MP_BCQMy224___contig_1_fragment_11_1177	VOG02771	9e-12	42.0
GCA_001047455___contig_8_15	VOG10140	1.1e-11	40.7
GCA_025728635___contig_22_5	VOG01397	1.2999999999999999e-11	40.9
GCA_025728595___contig_10_5	VOG01397	1.2999999999999999e-11	40.9
MP_ONT63___contig_1_fragment_14_1387	VOG01397	1.2999999999999999e-11	40.9
MP_BCQMy224___contig_1_fragment_3_319	VOG01397	1.2999999999999999e-11	40.9
GCA_025728615___contig_13_23	VOG01397	1.2999999999999999e-11	40.9
MP_BCQMy302___contig_1_fragment_3_319	VOG01397	1.2999999999999999e-11	40.9
GCA_001047405___contig_4_fragment_1_84	VOG21997	1.5e-11	40.3
MP_ONT63___contig_1_fragment_12_1253	VOG02771	2.7e-11	40.5
GCA_025728595___contig_10_6	VOG00973	3.5e-11	40.0
GCA_025728615___contig_13_22	VOG00973	3.5e-11	40.0
GCA_025728635___contig_22_6	VOG00973	3.5e-11	40.0
MP_BCQMy224___contig_1_fragment_3_318	VOG00973	3.5e-11	40.0
MP_BCQMy302___contig_1_fragment_3_318	VOG00973	3.5e-11	40.0
MP_ONT63___contig_1_fragment_14_1388	VOG00973	3.5e-11	40.0
MP_QEQMy133751___contig_1_fragment_14_1416	VOG03262	3.799999999999998e-275	910.3
MP_ONT141___contig_1_fragment_13_1345	VOG03262	3.799999999999998e-275	910.3
MP_AB35___contig_1_fragment_4_357	VOG03262	3.799999999999998e-275	910.3
GCA_014202715___contig_1_fragment_5_445	VOG03262	3.799999999999998e-275	910.3
MP_ONT141___contig_1_fragment_1_74	VOG24298	7.799999999999997e-170	562.3
MP_AB35___contig_1_fragment_7_701	VOG24298	2.999999999999999e-161	533.9
GCA_025728695___contig_102_10	VOG24298	2.999999999999999e-161	533.9
MP_AB35___contig_1_fragment_15_1534	VOG00120	6.499999999999998e-141	466.7
MP_ONT141___contig_1_fragment_15_1465	VOG00120	6.499999999999998e-141	466.7
MP_AB35___contig_1_fragment_7_721	VOG00824	3.499999999999999e-124	411.8
MP_ONT141___contig_1_fragment_4_567	VOG00824	1.5999999999999999e-121	403.0
MP_AB35___contig_1_fragment_13_1255	VOG00824	1.5999999999999999e-121	403.0
MP_QEQMy133751___contig_1_fragment_7_583	VOG00824	9.899999999999997e-113	374.0
GCA_025728635___contig_26_fragment_1_1	VOG00824	2.4999999999999993e-112	372.6
MP_AB35___contig_1_fragment_3_306	VOG00674	5.299999999999998e-109	361.1
GCA_025728695___contig_87_18	VOG00674	5.299999999999998e-109	361.1
MP_ONT141___contig_1_fragment_14_1396	VOG00674	5.299999999999998e-109	361.1
MP_AB35___contig_1_fragment_7_680	VOG00520	2.2999999999999996e-108	358.9
GCA_025728645___contig_12_10	VOG00520	2.2999999999999996e-108	358.9
MP_ONT141___contig_1_fragment_1_73	VOG00674	2.1999999999999995e-107	355.8
GCA_025728695___contig_102_8	VOG00674	5.2e-106	351.3
MP_AB35___contig_1_fragment_7_699	VOG00674	5.2e-106	351.3
MP_QEQMy133751___contig_1_fragment_4_445	VOG00029	8.499999999999998e-102	337.5
GCA_025728695___contig_13_fragment_1_31	VOG01473	2.4999999999999995e-93	309.0
MP_AB35___contig_1_fragment_15_1535	VOG00398	4.4e-90	297.6
MP_ONT141___contig_1_fragment_15_1466	VOG00398	4.4e-90	297.6
MP_ONT141___contig_1_fragment_1_85	VOG13487	7.2000000000000005e-90	298.0
MP_ONT141___contig_1_fragment_12_1220	VOG13487	7.999999999999998e-90	297.9
MP_AB35___contig_1_fragment_5_486	VOG13487	7.999999999999998e-90	297.9
MP_AB35___contig_1_fragment_12_1195	VOG13487	1.4e-89	297.1
MP_QEQMy133751___contig_1_fragment_10_932	VOG13487	1.4e-89	297.1
MP_ONT141___contig_1_fragment_12_1193	VOG05099	1e-85	283.1
GCA_025728595___contig_17_1	VOG04056	1.3e-82	274.1
MP_AB35___contig_1_fragment_5_494	VOG04056	1.7e-81	270.5
MP_ONT141___contig_1_fragment_12_1212	VOG04056	1.7e-81	270.5
MP_AB35___contig_1_fragment_7_706	VOG00381	7.499999999999998e-80	264.5
GCA_025728695___contig_102_14	VOG00381	7.499999999999998e-80	264.5
GCA_025728695___contig_102_15	VOG00213	8.199999999999998e-76	251.5
MP_AB35___contig_1_fragment_7_707	VOG00213	1.2999999999999996e-75	250.8
MP_AB35___contig_1_fragment_5_483	VOG04497	8.799999999999999e-75	247.2
MP_ONT141___contig_1_fragment_1_82	VOG04497	3.3999999999999997e-74	245.3
MP_ONT141___contig_1_fragment_12_1223	VOG04497	3.3999999999999997e-74	245.3
MP_AB35___contig_1_fragment_12_1198	VOG04497	4.8999999999999995e-74	244.7
MP_AB35___contig_1_fragment_3_324	VOG00824	5.799999999999999e-73	242.5
MP_ONT141___contig_1_fragment_14_1378	VOG00824	5.799999999999999e-73	242.5
MP_ONT141___contig_1_fragment_14_1403	VOG00523	7.499999999999998e-73	241.8
GCA_025728695___contig_87_25	VOG00523	7.499999999999998e-73	241.8
MP_AB35___contig_1_fragment_3_299	VOG00523	7.499999999999998e-73	241.8
MP_QEQMy133751___contig_1_fragment_10_889	VOG00041	8.099999999999999e-71	235.0
MP_ONT141___contig_1_fragment_1_94	VOG04056	9.999999999999998e-71	234.7
MP_AB35___contig_1_fragment_12_1187	VOG04056	1.3999999999999996e-70	234.3
MP_QEQMy133751___contig_1_fragment_10_941	VOG21220	4.7e-68	226.0
MP_ONT141___contig_1_fragment_14_1395	VOG00724	2.3999999999999997e-66	220.6
GCA_025728695___contig_87_17	VOG00724	2.3999999999999997e-66	220.6
MP_AB35___contig_1_fragment_3_307	VOG00724	2.3999999999999997e-66	220.6
MP_QEQMy133751___contig_1_fragment_10_942	VOG04056	2.899999999999999e-66	219.9
MP_ONT141___contig_1_fragment_14_1414	VOG00041	1.7999999999999997e-65	217.4
MP_AB35___contig_1_fragment_3_288	VOG00041	1.7999999999999997e-65	217.4
MP_ONT141___contig_1_fragment_12_1235	VOG01757	1.4999999999999997e-64	214.4
MP_ONT141___contig_1_fragment_1_53	VOG00041	2.7e-64	213.6
GCA_025728635___contig_26_fragment_2_103	VOG00084	8.199999999999997e-64	212.4
MP_QEQMy133751___contig_1_fragment_5_459	VOG00084	1.5999999999999997e-63	211.4
MP_AB35___contig_1_fragment_5_451	VOG00041	3.2e-61	203.4
MP_ONT141___contig_1_fragment_12_1251	VOG00041	3.2e-61	203.4
GCA_025728695___contig_102_16	VOG00686	1.6e-56	188.4
MP_AB35___contig_1_fragment_7_708	VOG00686	1.6e-56	188.4
MP_ONT141___contig_1_fragment_4_574	VOG02574	3.3e-56	186.8
MP_QEQMy133751___contig_1_fragment_7_592	VOG02574	3.3e-56	186.8
MP_AB35___contig_1_fragment_13_1248	VOG02574	3.3e-56	186.8
MP_QEQMy133751___contig_1_fragment_3_340	VOG05855	9.8e-56	184.9
MP_ONT141___contig_1_fragment_14_1372	VOG02574	5.700000000000001e-55	182.8
MP_AB35___contig_1_fragment_3_330	VOG02574	5.700000000000001e-55	182.8
MP_AB35___contig_1_fragment_7_683	VOG20253	8.6e-55	181.3
GCA_025728645___contig_12_7	VOG20253	8.6e-55	181.3
MP_AB35___contig_1_fragment_7_722	VOG13479	2.7e-54	180.1
MP_AB35___contig_1_fragment_13_1254	VOG13479	8.199999999999999e-54	178.6
MP_ONT141___contig_1_fragment_4_568	VOG13479	8.199999999999999e-54	178.6
MP_QEQMy133751___contig_1_fragment_7_585	VOG13479	1.4000000000000002e-53	177.8
MP_AB35___contig_1_fragment_7_730	VOG02574	2.7e-53	177.3
MP_AB35___contig_1_fragment_12_1171	VOG00041	4.0999999999999996e-53	176.8
MP_AB35___contig_1_fragment_5_473	VOG21431	1.1999999999999999e-52	174.5
MP_AB35___contig_1_fragment_3_325	VOG13479	1.6e-52	174.4
MP_ONT141___contig_1_fragment_14_1377	VOG13479	1.6e-52	174.4
GCA_025728695___contig_87_1	VOG00824	3.7e-52	173.7
MP_QEQMy133751___contig_1_fragment_10_916	VOG00404	6e-50	165.2
GCA_014202715___contig_1_fragment_1_71	VOG03321	1.1e-49	164.7
GCA_001047545___contig_6_fragment_3_437	VOG03321	1.1e-49	164.7
MP_QEQMy133751___contig_1_fragment_11_1040	VOG03321	1.1e-49	164.7
MP_AB35___contig_1_fragment_5_475	VOG00404	1.2e-48	161.0
MP_ONT141___contig_1_fragment_12_1231	VOG00404	2e-48	160.3
MP_AB35___contig_1_fragment_12_1205	VOG00404	7.599999999999999e-48	158.4
MP_ONT141___contig_1_fragment_12_1236	VOG11084	2.5e-47	156.6
MP_QEQMy133751___contig_1_fragment_10_911	VOG11084	2.9e-47	156.4
MP_AB35___contig_1_fragment_5_456	VOG10124	4.7999999999999995e-46	153.3
GCA_025728595___contig_21_3	VOG10124	4.7999999999999995e-46	153.3
MP_AB35___contig_1_fragment_7_710	VOG00633	8.8e-46	152.9
GCA_025728695___contig_122_8	VOG00633	8.8e-46	152.9
MP_ONT141___contig_1_fragment_1_58	VOG10124	1.4e-45	151.8
GCA_014202715___contig_1_fragment_1_68	VOG12515	7.3e-44	145.5
MP_QEQMy133751___contig_1_fragment_11_1037	VOG12515	7.3e-44	145.5
GCA_001047545___contig_6_fragment_3_440	VOG12515	7.3e-44	145.5
MP_AB35___contig_1_fragment_12_1210	VOG11084	7.4e-44	145.3
GCA_025728695___contig_122_2	VOG00149	1.4e-43	144.6
MP_AB35___contig_1_fragment_7_716	VOG00149	1.4e-43	144.6
GCA_025728695___contig_13_fragment_1_32	VOG05802	2.1e-42	141.3
GCA_025728595___contig_23_fragment_2_119	VOG09023	9.900000000000001e-42	138.3
MP_AB35___contig_1_fragment_1_61	VOG09023	9.900000000000001e-42	138.3
MP_ONT141___contig_1_fragment_12_1239	VOG02181	1.0999999999999999e-41	138.6
MP_QEQMy133751___contig_1_fragment_10_898	VOG10124	2.8e-41	137.8
GCA_025728635___contig_26_fragment_1_6	VOG00149	8.799999999999999e-41	135.5
MP_AB35___contig_1_fragment_13_1260	VOG00149	8.799999999999999e-41	135.5
MP_ONT141___contig_1_fragment_4_562	VOG00149	8.799999999999999e-41	135.5
MP_AB35___contig_1_fragment_7_676	VOG05855	1.6e-40	134.9
MP_QEQMy133751___contig_1_fragment_4_436	VOG09038	2.0999999999999998e-40	134.3
GCA_014202715___contig_1_fragment_5_454	VOG00126	3.2999999999999995e-40	134.5
MP_AB35___contig_1_fragment_4_349	VOG00126	3.2999999999999995e-40	134.5
MP_ONT141___contig_1_fragment_13_1353	VOG00126	3.2999999999999995e-40	134.5
MP_QEQMy133751___contig_1_fragment_14_1424	VOG00126	3.2999999999999995e-40	134.5
MP_AB35___contig_1_fragment_5_453	VOG03321	3.5999999999999997e-40	133.7
MP_QEQMy133751___contig_1_fragment_7_578	VOG00149	1.4e-39	131.6
MP_AB35___contig_1_fragment_4_356	VOG00313	3.2e-39	131.1
MP_ONT141___contig_1_fragment_13_1346	VOG00313	3.2e-39	131.1
GCA_014202715___contig_1_fragment_5_446	VOG00313	3.399999999999999e-39	131.1
MP_QEQMy133751___contig_1_fragment_14_1417	VOG00313	3.399999999999999e-39	131.1
MP_ONT141___contig_1_fragment_14_1388	VOG03165	4.4e-39	130.4
MP_AB35___contig_1_fragment_3_314	VOG03165	4.4e-39	130.4
GCA_025728635___contig_26_fragment_1_19	VOG00385	1.8e-38	128.1
GCA_025728695___contig_97_fragment_1_9	VOG00385	1.8e-38	128.1
MP_AB35___contig_1_fragment_13_1271	VOG00385	1.8e-38	128.1
MP_ONT141___contig_1_fragment_4_551	VOG00385	1.8e-38	128.1
GCA_025728695___contig_102_7	VOG24297	2e-38	128.2
MP_AB35___contig_1_fragment_7_698	VOG24297	2e-38	128.2
MP_ONT141___contig_1_fragment_1_54	VOG02135	2.5e-38	127.7
GCA_025728695___contig_87_11	VOG03165	2.7999999999999995e-38	127.8
MP_QEQMy133751___contig_1_fragment_7_566	VOG00385	3.6e-38	127.1
MP_ONT141___contig_1_fragment_1_72	VOG24297	4.4e-38	127.0
MP_AB35___contig_1_fragment_12_1197	VOG00236	1.4999999999999998e-37	125.8
GCA_025728595___contig_17_2	VOG01075	2e-37	124.7
MP_ONT141___contig_1_fragment_12_1211	VOG01075	2.5e-37	124.4
MP_AB35___contig_1_fragment_5_495	VOG01075	2.5e-37	124.4
MP_ONT141___contig_1_fragment_1_95	VOG01075	7.3e-37	122.9
MP_QEQMy133751___contig_1_fragment_10_931	VOG03165	1e-36	122.7
MP_QEQMy133751___contig_1_fragment_10_943	VOG01075	1.4999999999999997e-36	121.8
MP_AB35___contig_1_fragment_12_1186	VOG01075	1.4999999999999997e-36	121.8
MP_ONT141___contig_1_fragment_1_99	VOG18935	1.8e-36	121.9
MP_AB35___contig_1_fragment_5_499	VOG18935	1.8e-36	121.9
MP_ONT141___contig_1_fragment_12_1207	VOG18935	1.8e-36	121.9
MP_ONT141___contig_1_fragment_14_1413	VOG03321	2e-36	121.5
MP_AB35___contig_1_fragment_3_289	VOG03321	2e-36	121.5
MP_QEQMy133751___contig_1_fragment_10_888	VOG00385	2.1e-36	121.2
MP_ONT141___contig_1_fragment_12_1221	VOG03165	2.3999999999999997e-36	121.5
GCA_025728595___contig_21_7	VOG00572	3.3999999999999996e-36	120.9
MP_AB35___contig_1_fragment_5_459	VOG00572	3.3999999999999996e-36	120.9
MP_ONT141___contig_1_fragment_1_64	VOG02181	3.3999999999999996e-36	120.6
MP_AB35___contig_1_fragment_12_1196	VOG03165	4.799999999999999e-36	120.5
MP_AB35___contig_1_fragment_5_484	VOG00236	6.9e-36	120.3
MP_ONT141___contig_1_fragment_1_69	VOG01036	7.099999999999998e-36	120.0
MP_AB35___contig_1_fragment_12_1209	VOG09746	9.199999999999999e-36	119.3
GCA_025728695___contig_13_fragment_1_36	VOG07846	1.2999999999999998e-35	118.9
MP_AB35___contig_1_fragment_12_1182	VOG18935	1.6999999999999999e-35	118.6
MP_ONT141___contig_1_fragment_12_1222	VOG00236	1.6999999999999999e-35	119.0
MP_QEQMy133751___contig_1_fragment_10_947	VOG18935	1.6999999999999999e-35	118.6
MP_AB35___contig_1_fragment_13_1258	VOG01394	1.7999999999999998e-35	118.3
MP_QEQMy133751___contig_1_fragment_7_580	VOG01394	1.7999999999999998e-35	118.3
MP_ONT141___contig_1_fragment_4_564	VOG01394	1.7999999999999998e-35	118.3
GCA_025728635___contig_26_fragment_1_4	VOG01394	1.7999999999999998e-35	118.3
MP_QEQMy133751___contig_1_fragment_7_582	VOG00097	3e-35	118.0
MP_AB35___contig_1_fragment_5_471	VOG00690	3e-35	117.9
MP_ONT141___contig_1_fragment_4_566	VOG00097	5.299999999999999e-35	117.2
GCA_025728695___contig_87_3	VOG02333	5.299999999999999e-35	117.1
MP_AB35___contig_1_fragment_3_322	VOG02333	5.299999999999999e-35	117.1
MP_ONT141___contig_1_fragment_14_1380	VOG02333	5.299999999999999e-35	117.1
MP_AB35___contig_1_fragment_13_1256	VOG00097	5.299999999999999e-35	117.2
GCA_025728635___contig_26_fragment_1_2	VOG00097	5.299999999999999e-35	117.2
MP_ONT141___contig_1_fragment_1_83	VOG00236	6.799999999999999e-35	117.0
GCA_025728695___contig_13_fragment_1_37	VOG09871	7.3e-35	116.2
MP_AB35___contig_1_fragment_3_315	VOG00633	8.2e-35	116.8
MP_ONT141___contig_1_fragment_14_1387	VOG00633	8.2e-35	116.8
GCA_025728695___contig_87_10	VOG00633	8.2e-35	116.8
MP_ONT141___contig_1_fragment_12_1242	VOG00572	1.2e-34	115.8
MP_AB35___contig_1_fragment_5_463	VOG00572	1.2e-34	115.8
MP_QEQMy133751___contig_1_fragment_10_930	VOG00236	1.6e-34	115.8
MP_QEQMy133751___contig_1_fragment_14_1418	VOG14097	1.7e-34	115.0
MP_ONT141___contig_1_fragment_13_1347	VOG14097	1.7e-34	115.0
MP_AB35___contig_1_fragment_4_355	VOG14097	1.7e-34	115.0
GCA_014202715___contig_1_fragment_5_447	VOG14097	1.7e-34	115.0
MP_AB35___contig_1_fragment_7_681	VOG01190	1.8e-34	115.3
MP_QEQMy133751___contig_1_fragment_3_348	VOG01181	1.8e-34	115.7
GCA_025728645___contig_12_9	VOG01190	1.8e-34	115.3
MP_AB35___contig_1_fragment_7_720	VOG00097	2.6e-34	114.9
MP_QEQMy133751___contig_1_fragment_10_914	VOG21431	3.2e-34	114.1
GCA_025728695___contig_122_5	VOG01134	1e-33	111.6
MP_AB35___contig_1_fragment_7_713	VOG01134	1e-33	111.6
MP_QEQMy133751___contig_1_fragment_10_928	VOG04497	1.3e-33	112.4
MP_ONT141___contig_1_fragment_12_1230	VOG01162	1.4999999999999999e-33	111.8
GCA_025728695___contig_102_5	VOG01036	1.7999999999999998e-33	112.2
MP_AB35___contig_1_fragment_7_696	VOG01036	1.7999999999999998e-33	112.2
MP_AB35___contig_1_fragment_7_718	VOG01394	2.4999999999999998e-33	111.3
MP_AB35___contig_1_fragment_7_687	VOG03676	3.2e-33	110.7
GCA_025728645___contig_12_3	VOG03676	3.2e-33	110.7
MP_ONT141___contig_1_fragment_12_1233	VOG21431	4.4e-33	110.4
MP_AB35___contig_1_fragment_12_1204	VOG01162	8.599999999999999e-33	109.4
MP_AB35___contig_1_fragment_7_697	VOG12256	8.9e-33	109.6
MP_AB35___contig_1_fragment_5_476	VOG01162	9.7e-33	109.2
GCA_025728695___contig_102_6	VOG12256	1.1e-32	109.3
MP_AB35___contig_1_fragment_15_1533	VOG01127	1.1999999999999999e-32	108.5
MP_ONT141___contig_1_fragment_15_1464	VOG01127	1.1999999999999999e-32	108.5
MP_ONT141___contig_1_fragment_1_71	VOG12256	1.3e-32	109.0
MP_AB35___contig_1_fragment_12_1190	VOG01397	2.4999999999999997e-32	107.9
MP_ONT141___contig_1_fragment_12_1195	VOG11403	2.8e-32	107.7
MP_AB35___contig_1_fragment_7_719	VOG02632	1.3e-31	105.5
MP_QEQMy133751___contig_1_fragment_10_921	VOG00065	2.1e-31	104.3
MP_QEQMy133751___contig_1_fragment_10_913	VOG00232	2.6e-31	104.4
MP_QEQMy133751___contig_1_fragment_10_912	VOG09746	2.6e-31	104.8
MP_AB35___contig_1_fragment_12_1208	VOG00232	5.8999999999999994e-31	103.3
MP_ONT141___contig_1_fragment_12_1215	VOG01397	7.199999999999999e-31	103.2
MP_AB35___contig_1_fragment_5_491	VOG01397	7.199999999999999e-31	103.2
MP_AB35___contig_1_fragment_5_472	VOG00232	1.3e-30	102.1
MP_AB35___contig_1_fragment_7_711	VOG00186	3.1999999999999996e-30	101.3
GCA_025728695___contig_122_7	VOG00186	3.1999999999999996e-30	101.3
MP_ONT141___contig_1_fragment_12_1234	VOG00232	4.7000000000000004e-30	100.3
MP_AB35___contig_1_fragment_12_1227	VOG00572	5.400000000000001e-30	100.6
MP_ONT141___contig_1_fragment_1_96	VOG00452	7.1e-30	100.3
GCA_025728615___contig_37_fragment_1_85	VOG07964	1.4e-29	99.0
MP_AB35___contig_1_fragment_9_988	VOG07964	1.4e-29	99.0
MP_ONT141___contig_1_fragment_7_774	VOG07964	1.4e-29	99.0
MP_QEQMy133751___contig_1_fragment_9_808	VOG07964	1.4e-29	99.0
GCA_025728595___contig_17_3	VOG00452	1.4999999999999998e-29	99.2
MP_AB35___contig_1_fragment_3_302	VOG00519	1.9e-29	99.0
MP_ONT141___contig_1_fragment_14_1400	VOG00519	1.9e-29	99.0
GCA_025728695___contig_87_22	VOG00519	1.9e-29	99.0
MP_ONT141___contig_1_fragment_12_1210	VOG00452	2.2e-29	98.6
MP_AB35___contig_1_fragment_5_496	VOG00452	2.2e-29	98.6
MP_QEQMy133751___contig_1_fragment_4_442	VOG09038	3.8e-29	97.1
MP_AB35___contig_1_fragment_5_454	VOG20253	5.1e-29	96.9
MP_QEQMy133751___contig_1_fragment_10_896	VOG20253	5.3e-29	96.8
MP_AB35___contig_1_fragment_12_1185	VOG00452	5.799999999999999e-29	97.3
MP_QEQMy133751___contig_1_fragment_10_944	VOG00452	5.799999999999999e-29	97.3
MP_ONT141___contig_1_fragment_1_90	VOG01397	6.6e-29	96.8
MP_ONT141___contig_1_fragment_4_565	VOG02632	8.600000000000001e-29	96.2
MP_AB35___contig_1_fragment_13_1257	VOG02632	8.600000000000001e-29	96.2
GCA_025728635___contig_26_fragment_1_3	VOG02632	8.600000000000001e-29	96.2
MP_ONT141___contig_1_fragment_12_1249	VOG20253	8.899999999999999e-29	96.1
MP_AB35___contig_1_fragment_5_485	VOG03165	9.5e-29	96.6
MP_ONT141___contig_1_fragment_1_84	VOG03165	9.5e-29	96.6
MP_QEQMy133751___contig_1_fragment_10_937	VOG01397	2.9999999999999996e-28	94.7
MP_ONT141___contig_1_fragment_1_55	VOG02771	3.3e-28	95.0
MP_AB35___contig_1_fragment_12_1176	VOG23273	3.6000000000000003e-28	94.1
MP_QEQMy133751___contig_1_fragment_10_953	VOG23273	3.6000000000000003e-28	94.1
MP_QEQMy133751___contig_1_fragment_7_569	VOG00459	4.2e-28	94.3
MP_ONT141___contig_1_fragment_4_554	VOG00459	4.2e-28	94.3
GCA_025728695___contig_97_fragment_1_6	VOG00459	4.2e-28	94.3
GCA_025728635___contig_26_fragment_1_16	VOG00459	4.2e-28	94.3
MP_AB35___contig_1_fragment_13_1268	VOG00459	4.2e-28	94.3
MP_QEQMy133751___contig_1_fragment_10_893	VOG04616	1.1000000000000001e-27	93.1
MP_QEQMy133751___contig_1_fragment_10_901	VOG14084	1.9e-27	91.5
MP_QEQMy133751___contig_1_fragment_7_581	VOG02632	2.7e-27	91.2
GCA_025728695___contig_87_13	VOG09810	2.8e-27	92.4
MP_AB35___contig_1_fragment_3_312	VOG09810	2.8e-27	92.4
MP_ONT141___contig_1_fragment_14_1390	VOG09810	2.8e-27	92.4
MP_AB35___contig_1_fragment_12_1232	VOG20253	4.9e-27	90.4
MP_ONT141___contig_1_fragment_14_1385	VOG23090	5.7000000000000004e-27	90.0
GCA_025728695___contig_87_8	VOG23090	5.7000000000000004e-27	90.0
MP_AB35___contig_1_fragment_3_317	VOG23090	5.7000000000000004e-27	90.0
MP_ONT141___contig_1_fragment_12_1224	VOG00687	9.9e-27	89.6
MP_ONT141___contig_1_fragment_1_81	VOG00687	9.9e-27	89.6
MP_QEQMy133751___contig_1_fragment_10_927	VOG00687	1.3e-26	89.2
MP_ONT141___contig_1_fragment_1_105	VOG23273	2.3e-26	88.2
MP_AB35___contig_1_fragment_5_505	VOG23273	2.3e-26	88.1
MP_ONT141___contig_1_fragment_12_1201	VOG23273	2.3e-26	88.1
GCA_025728695___contig_122_3	VOG00743	2.7000000000000004e-26	88.1
MP_AB35___contig_1_fragment_7_715	VOG00743	2.7000000000000004e-26	88.1
MP_AB35___contig_1_fragment_7_685	VOG10124	3e-26	88.8
GCA_025728645___contig_12_5	VOG10124	3e-26	88.8
MP_AB35___contig_1_fragment_12_1199	VOG00687	3.2e-26	88.0
GCA_025728695___contig_13_fragment_1_38	VOG10319	1e-25	85.9
MP_AB35___contig_1_fragment_5_482	VOG00687	1.3e-25	86.0
GCA_025728615___contig_37_fragment_1_92	VOG09424	2.5000000000000003e-25	84.5
MP_ONT141___contig_1_fragment_7_781	VOG09424	2.5000000000000003e-25	84.5
MP_QEQMy133751___contig_1_fragment_9_816	VOG09424	2.5000000000000003e-25	84.5
MP_AB35___contig_1_fragment_9_981	VOG09424	2.5000000000000003e-25	84.5
MP_AB35___contig_1_fragment_12_1202	VOG00361	3.2e-25	85.2
MP_ONT141___contig_1_fragment_12_1246	VOG14084	3.3000000000000003e-25	84.2
MP_QEQMy133751___contig_1_fragment_6_534	VOG00935	1.3999999999999999e-24	82.6
MP_AB35___contig_1_fragment_5_470	VOG10469	1.8e-24	82.8
MP_AB35___contig_1_fragment_7_712	VOG00283	1.8999999999999998e-24	81.8
GCA_025728695___contig_122_6	VOG00283	1.8999999999999998e-24	81.8
MP_QEQMy133751___contig_1_fragment_10_917	VOG00098	7.1e-24	80.8
MP_AB35___contig_1_fragment_3_303	VOG03001	9.1e-24	79.2
MP_ONT141___contig_1_fragment_14_1399	VOG03001	9.1e-24	79.2
MP_AB35___contig_1_fragment_7_717	VOG01394	2.6e-23	78.5
GCA_025728695___contig_122_1	VOG01394	2.6e-23	78.5
GCA_025728635___contig_26_fragment_1_5	VOG00446	4.0999999999999997e-23	78.1
MP_AB35___contig_1_fragment_13_1259	VOG00446	4.0999999999999997e-23	78.1
MP_QEQMy133751___contig_1_fragment_7_579	VOG00446	4.0999999999999997e-23	78.1
MP_ONT141___contig_1_fragment_4_563	VOG00446	4.0999999999999997e-23	78.1
GCA_025728695___contig_111_2	VOG01473	4.5999999999999996e-23	77.4
MP_QEQMy133751___contig_1_fragment_10_922	VOG00188	6.6e-23	77.4
MP_QEQMy133751___contig_1_fragment_10_935	VOG03575	7.6e-23	77.0
MP_ONT141___contig_1_fragment_1_77	VOG00188	7.899999999999999e-23	77.2
MP_ONT141___contig_1_fragment_12_1217	VOG03575	1.6e-22	76.0
MP_AB35___contig_1_fragment_5_489	VOG03575	1.6e-22	76.0
MP_AB35___contig_1_fragment_12_1192	VOG03575	2.4e-22	75.4
GCA_025728695___contig_87_21	VOG03001	4.299999999999999e-22	73.8
MP_ONT141___contig_1_fragment_1_75	VOG00065	8.300000000000001e-22	73.4
GCA_025728695___contig_122_4	VOG00973	1.0000000000000001e-21	73.6
MP_AB35___contig_1_fragment_7_714	VOG00973	1.0000000000000001e-21	73.6
MP_ONT141___contig_1_fragment_1_88	VOG03575	1.1e-21	73.3
GCA_025728695___contig_13_fragment_1_30	VOG04471	1.1e-21	73.2
MP_QEQMy133751___contig_1_fragment_10_926	VOG00962	1.2e-21	73.2
MP_ONT141___contig_1_fragment_1_80	VOG00962	2.3e-21	72.3
MP_ONT141___contig_1_fragment_12_1225	VOG00962	2.3e-21	72.3
MP_AB35___contig_1_fragment_5_481	VOG00962	2.3e-21	72.3
GCA_025728695___contig_102_11	VOG00188	4.1999999999999995e-21	71.6
MP_AB35___contig_1_fragment_7_703	VOG00188	4.1999999999999995e-21	71.6
MP_QEQMy133751___contig_1_fragment_10_929	VOG09810	5.1e-21	71.7
MP_AB35___contig_1_fragment_12_1200	VOG00962	6.5000000000000006e-21	70.8
MP_AB35___contig_1_fragment_7_729	VOG01434	6.9e-21	70.7
MP_ONT141___contig_1_fragment_14_1373	VOG01434	2.7e-20	68.7
MP_AB35___contig_1_fragment_3_329	VOG01434	2.7e-20	68.7
MP_ONT141___contig_1_fragment_1_104	VOG01434	3.3e-20	68.5
GCA_025728695___contig_102_13	VOG02869	5.2999999999999996e-20	68.7
MP_AB35___contig_1_fragment_7_705	VOG02869	5.2999999999999996e-20	68.7
MP_AB35___contig_1_fragment_13_1265	VOG00188	5.4e-20	68.0
GCA_025728695___contig_97_fragment_1_3	VOG00188	5.4e-20	68.0
MP_ONT141___contig_1_fragment_4_557	VOG00188	5.4e-20	68.0
GCA_025728635___contig_26_fragment_1_12	VOG00188	5.4e-20	68.0
MP_QEQMy133751___contig_1_fragment_7_591	VOG01434	6.7e-20	67.5
MP_ONT141___contig_1_fragment_4_573	VOG01434	6.7e-20	67.5
MP_AB35___contig_1_fragment_13_1249	VOG01434	6.7e-20	67.5
GCA_025728595___contig_21_1	VOG00459	8.300000000000001e-20	67.2
MP_ONT141___contig_1_fragment_14_1412	VOG00361	1.4e-19	66.7
MP_AB35___contig_1_fragment_3_290	VOG00361	1.4e-19	66.7
MP_AB35___contig_1_fragment_5_507	VOG14226	1.6000000000000002e-19	65.6
MP_ONT141___contig_1_fragment_12_1199	VOG14226	1.6000000000000002e-19	65.6
MP_AB35___contig_1_fragment_3_310	VOG00679	2.5999999999999996e-19	65.4
MP_ONT141___contig_1_fragment_14_1392	VOG00679	2.5999999999999996e-19	65.4
GCA_025728695___contig_87_15	VOG00679	2.5999999999999996e-19	65.4
MP_QEQMy133751___contig_1_fragment_7_577	VOG00743	3e-19	65.3
MP_AB35___contig_1_fragment_12_1177	VOG01434	3.3e-19	65.3
MP_QEQMy133751___contig_1_fragment_10_952	VOG01434	3.3e-19	65.3
MP_AB35___contig_1_fragment_5_504	VOG01434	3.6e-19	65.1
MP_ONT141___contig_1_fragment_12_1202	VOG01434	3.6e-19	65.1
MP_ONT141___contig_1_fragment_4_561	VOG00743	3.8e-19	65.0
MP_AB35___contig_1_fragment_13_1261	VOG00743	3.8e-19	65.0
MP_QEQMy133751___contig_1_fragment_14_1422	VOG01833	7.7e-19	64.2
GCA_014202715___contig_1_fragment_5_452	VOG01833	7.7e-19	64.2
MP_AB35___contig_1_fragment_4_351	VOG01833	7.9e-19	64.2
MP_ONT141___contig_1_fragment_13_1351	VOG01833	7.9e-19	64.2
GCA_000283975___contig_2_fragment_2_53	VOG00098	1.7000000000000002e-18	63.3
MP_BCQMy225___contig_2_fragment_2_109	VOG00098	1.7000000000000002e-18	63.3
GCA_001047455___contig_7_fragment_3_91	VOG00098	6e-18	61.5
MP_QEQMy132961___contig_2_fragment_3_114	VOG00098	6e-18	61.5
GCA_025728635___contig_26_fragment_1_7	VOG00743	6.7000000000000006e-18	61.0
GCA_025728695___contig_87_24	VOG00399	6.800000000000001e-18	60.6
MP_AB35___contig_1_fragment_3_300	VOG00399	6.800000000000001e-18	60.6
MP_ONT141___contig_1_fragment_14_1402	VOG00399	6.800000000000001e-18	60.6
MP_ONT141___contig_1_fragment_14_1411	VOG02771	1.4000000000000003e-17	60.5
MP_AB35___contig_1_fragment_3_291	VOG02771	1.4000000000000003e-17	60.5
MP_ONT141___contig_1_fragment_14_1389	VOG00236	1.8e-17	59.8
MP_AB35___contig_1_fragment_3_313	VOG00236	1.8e-17	59.8
GCA_025728695___contig_87_12	VOG00236	1.8e-17	59.8
MP_ONT141___contig_1_fragment_15_1463	VOG00051	2.2e-17	59.1
MP_QEQMy133751___contig_1_fragment_11_1042	VOG04176	2.2e-17	59.3
GCA_001047545___contig_6_fragment_3_435	VOG04176	2.2e-17	59.3
MP_AB35___contig_1_fragment_15_1532	VOG00051	2.2e-17	59.1
GCA_025728595___contig_23_fragment_2_120	VOG02771	2.2e-17	59.8
MP_AB35___contig_1_fragment_1_60	VOG02771	2.2e-17	59.8
GCA_014202715___contig_1_fragment_1_73	VOG04176	2.2e-17	59.3
MP_AB35___contig_1_fragment_5_488	VOG00066	2.4e-17	58.9
MP_ONT141___contig_1_fragment_12_1218	VOG00066	2.4e-17	58.9
MP_QEQMy133751___contig_1_fragment_10_950	VOG00146	3.8e-17	57.6
MP_AB35___contig_1_fragment_12_1179	VOG00146	3.8e-17	57.6
MP_ONT141___contig_1_fragment_1_102	VOG00146	6.4e-17	56.9
MP_ONT141___contig_1_fragment_12_1204	VOG00146	7.700000000000001e-17	56.6
MP_AB35___contig_1_fragment_5_502	VOG00146	7.700000000000001e-17	56.6
MP_AB35___contig_1_fragment_7_709	VOG02615	3.1e-16	56.6
GCA_025728695___contig_122_9	VOG02615	3.1e-16	56.6
MP_QEQMy132961___contig_2_fragment_3_105	VOG00806	4e-16	54.3
MP_BCQMy225___contig_2_fragment_2_102	VOG00806	4e-16	54.3
GCA_001047455___contig_7_fragment_3_100	VOG00806	4e-16	54.3
GCA_000283975___contig_2_fragment_2_61	VOG00806	4e-16	54.3
GCA_025728695___contig_87_16	VOG00188	8.699999999999999e-16	54.3
MP_ONT141___contig_1_fragment_14_1394	VOG00188	8.699999999999999e-16	54.3
MP_AB35___contig_1_fragment_3_308	VOG00188	8.699999999999999e-16	54.3
MP_AB35___contig_1_fragment_7_727	VOG00146	1.2e-15	52.9
MP_ONT141___contig_1_fragment_14_1384	VOG23091	2.1e-15	53.0
GCA_025728695___contig_87_7	VOG23091	2.1e-15	53.0
MP_AB35___contig_1_fragment_3_318	VOG23091	2.1e-15	53.0
MP_QEQMy133751___contig_1_fragment_4_440	VOG02771	2.7e-15	53.0
MP_AB35___contig_1_fragment_12_1193	VOG00066	3e-15	52.2
MP_QEQMy133751___contig_1_fragment_6_529	VOG16745	3.3e-15	51.9
MP_ONT141___contig_1_fragment_14_1386	VOG23089	5.5e-15	51.4
MP_AB35___contig_1_fragment_3_316	VOG23089	5.5e-15	51.4
GCA_025728695___contig_87_9	VOG23089	6.5e-15	51.1
MP_ONT141___contig_1_fragment_12_1219	VOG00181	1.5e-14	49.8
MP_AB35___contig_1_fragment_5_487	VOG00181	1.5e-14	49.8
MP_QEQMy133751___contig_1_fragment_10_958	VOG14094	2e-14	49.6
MP_QEQMy133751___contig_1_fragment_10_933	VOG00181	2.3e-14	49.2
GCA_025728635___contig_26_fragment_2_107	VOG03824	2.7999999999999997e-14	49.2
MP_ONT141___contig_1_fragment_1_56	VOG00004	3e-14	48.9
MP_QEQMy133751___contig_1_fragment_5_455	VOG03824	4.0999999999999996e-14	48.6
MP_AB35___contig_1_fragment_12_1175	VOG14094	5.700000000000001e-14	48.1
GCA_001047455___contig_7_fragment_3_105	VOG01073	7e-14	47.4
MP_QEQMy132961___contig_2_fragment_3_100	VOG01073	7e-14	47.4
MP_QEQMy133751___contig_1_fragment_6_537	VOG20545	1.1e-13	46.3
MP_ONT141___contig_1_fragment_1_86	VOG00181	1.2e-13	46.9
MP_AB35___contig_1_fragment_5_503	VOG00192	1.2e-13	47.1
MP_ONT141___contig_1_fragment_12_1203	VOG00192	1.2e-13	47.1
MP_QEQMy133751___contig_1_fragment_10_957	VOG17718	1.3e-13	47.0
MP_AB35___contig_1_fragment_12_1194	VOG00181	1.9e-13	46.2
MP_AB35___contig_1_fragment_3_328	VOG00192	2.2e-13	46.2
MP_ONT141___contig_1_fragment_14_1374	VOG00192	2.2e-13	46.2
MP_ONT141___contig_1_fragment_1_103	VOG00192	3.2e-13	45.7
MP_AB35___contig_1_fragment_7_677	VOG00178	3.7e-13	45.3
MP_AB35___contig_1_fragment_5_448	VOG00468	5.7e-13	45.0
GCA_000283975___contig_2_fragment_2_64	VOG01073	1.1e-12	43.4
MP_BCQMy225___contig_2_fragment_2_99	VOG01073	1.1e-12	43.4
MP_AB35___contig_1_fragment_12_1228	VOG14084	1.4999999999999999e-12	43.4
MP_QEQMy133751___contig_1_fragment_10_890	VOG02771	2.2e-12	43.5
MP_AB35___contig_1_fragment_12_1207	VOG01042	2.9999999999999997e-12	42.3
MP_ONT141___contig_1_fragment_12_1228	VOG01156	3.9e-12	42.3
MP_AB35___contig_1_fragment_5_478	VOG01156	3.9e-12	42.3
MP_QEQMy133751___contig_1_fragment_7_572	VOG00188	4e-12	42.4
GCA_025728695___contig_111_3	VOG10140	5.4000000000000004e-12	41.3
MP_AB35___contig_1_fragment_12_1231	VOG02771	6.499999999999999e-12	42.0
MP_ONT141___contig_1_fragment_14_1382	VOG01397	9.2e-12	40.9
MP_AB35___contig_1_fragment_3_320	VOG01397	9.2e-12	40.9
GCA_025728695___contig_87_5	VOG01397	9.2e-12	40.9
MP_QEQMy133751___contig_1_fragment_7_584	VOG21997	1.1e-11	40.3
MP_ONT141___contig_1_fragment_12_1248	VOG02771	2.0000000000000002e-11	40.5
MP_ONT141___contig_1_fragment_14_1383	VOG00973	2.5e-11	40.0
MP_AB35___contig_1_fragment_3_319	VOG00973	2.5e-11	40.0
GCA_025728695___contig_87_6	VOG00973	2.5e-11	40.0
GCA_025728615___contig_51_fragment_1_52	VOG17046	0.0	1197.0
MP_BC9___contig_1_fragment_4_356	VOG03262	2.7999999999999987e-275	910.3
MP_BC9___contig_1_fragment_7_700	VOG24298	2.1999999999999996e-161	533.9
GCA_025728615___contig_51_fragment_1_49	VOG02949	1.6999999999999996e-154	510.1
GCA_025728675___contig_12_fragment_1_16	VOG00120	4.899999999999999e-141	466.7
MP_BC9___contig_1_fragment_15_1531	VOG00120	4.899999999999999e-141	466.7
MP_BC9___contig_1_fragment_7_720	VOG00824	2.6999999999999998e-124	411.8
MP_BC9___contig_1_fragment_13_1252	VOG00824	1.1999999999999998e-121	403.0
GCA_001047395___contig_6_fragment_1_85	VOG00824	7.499999999999999e-113	374.0
MP_BC9___contig_1_fragment_3_305	VOG00674	3.9999999999999995e-109	361.1
MP_BC9___contig_1_fragment_7_679	VOG00520	1.8e-108	358.9
GCA_025728615___contig_51_fragment_1_48	VOG10295	9.099999999999997e-108	354.5
MP_BC9___contig_1_fragment_7_698	VOG00674	3.8999999999999986e-106	351.3
GCA_025728615___contig_12_fragment_3_231	VOG00824	2.3999999999999995e-104	345.8
GCA_001047395___contig_6_fragment_4_225	VOG00029	6.399999999999998e-102	337.5
GCA_025728615___contig_51_fragment_1_44	VOG00461	2.2999999999999996e-101	335.8
GCA_025728675___contig_12_fragment_1_17	VOG00398	3.299999999999999e-90	297.6
MP_BC9___contig_1_fragment_15_1532	VOG00398	3.299999999999999e-90	297.6
MP_BC9___contig_1_fragment_5_485	VOG13487	5.9999999999999995e-90	297.9
GCA_001047555___contig_7_fragment_1_38	VOG13487	9.999999999999999e-90	297.1
MP_BC9___contig_1_fragment_12_1192	VOG13487	1.2999999999999998e-89	296.8
MP_BC9___contig_1_fragment_5_493	VOG04056	1.1999999999999997e-81	270.5
MP_BC9___contig_1_fragment_7_705	VOG00381	5.699999999999999e-80	264.5
MP_BC9___contig_1_fragment_7_706	VOG00213	6.4e-76	251.4
MP_BC9___contig_1_fragment_12_1195	VOG04497	2.7999999999999995e-75	248.4
MP_BC9___contig_1_fragment_5_482	VOG04497	6.699999999999999e-75	247.2
MP_BC9___contig_1_fragment_3_323	VOG00824	4.399999999999999e-73	242.5
MP_BC9___contig_1_fragment_3_298	VOG00523	5.699999999999999e-73	241.8
GCA_001047555___contig_7_fragment_1_80	VOG00041	6.099999999999999e-71	235.0
GCA_025728615___contig_10_fragment_1_13	VOG00041	6.099999999999999e-71	235.0
GCA_025728615___contig_51_fragment_1_34	VOG00041	1.3999999999999996e-68	227.3
GCA_001047555___contig_7_fragment_1_29	VOG21220	3.5999999999999997e-68	226.0
GCA_025728615___contig_51_fragment_1_58	VOG00381	6.499999999999998e-67	221.5
MP_BC9___contig_1_fragment_3_306	VOG00724	1.7999999999999998e-66	220.6
GCA_001047555___contig_7_fragment_1_28	VOG04056	2.1999999999999998e-66	219.9
MP_BC9___contig_1_fragment_12_1184	VOG21220	5.499999999999999e-66	218.8
GCA_025728615___contig_51_fragment_1_59	VOG00213	8.9e-66	218.0
MP_BC9___contig_1_fragment_3_287	VOG00041	1.3999999999999998e-65	217.4
GCA_025728615___contig_12_fragment_1_129	VOG00084	6.199999999999999e-64	212.4
GCA_001047395___contig_6_fragment_3_212	VOG00084	1.1999999999999998e-63	211.4
MP_BC9___contig_1_fragment_5_450	VOG00041	2.5e-61	203.4
MP_BC9___contig_1_fragment_7_707	VOG00686	1.1999999999999998e-56	188.4
GCA_001047395___contig_6_fragment_4_224	VOG02151	1.3e-56	187.6
GCA_001047395___contig_6_fragment_1_76	VOG02574	2.5e-56	186.8
MP_BC9___contig_1_fragment_13_1245	VOG02574	2.5e-56	186.8
GCA_001047395___contig_6_fragment_5_330	VOG05855	8.099999999999999e-56	184.8
MP_BC9___contig_1_fragment_3_329	VOG02574	4.3e-55	182.8
GCA_025728615___contig_51_fragment_1_47	VOG10294	6.4e-55	180.2
MP_BC9___contig_1_fragment_7_682	VOG20253	6.499999999999999e-55	181.3
MP_BC9___contig_1_fragment_7_721	VOG13479	1.9999999999999998e-54	180.1
MP_BC9___contig_1_fragment_13_1251	VOG13479	6.2e-54	178.6
GCA_001047395___contig_6_fragment_1_83	VOG13479	1e-53	177.8
MP_BC9___contig_1_fragment_7_729	VOG02574	2.2999999999999997e-53	177.1
MP_BC9___contig_1_fragment_12_1170	VOG00041	5.5e-53	176.0
MP_BC9___contig_1_fragment_5_472	VOG21431	9.4e-53	174.5
GCA_025728615___contig_51_fragment_1_45	VOG00519	1.1e-52	174.7
MP_BC9___contig_1_fragment_3_324	VOG13479	1.1999999999999999e-52	174.4
GCA_025728595___contig_24_1	VOG02574	3e-51	170.1
GCA_025728615___contig_51_fragment_1_71	VOG03140	2.6e-50	166.3
GCA_001047555___contig_7_fragment_1_53	VOG00404	4.5e-50	165.2
MP_BC9___contig_1_fragment_5_474	VOG00404	9.2e-49	161.0
MP_BC9___contig_1_fragment_12_1202	VOG00404	5.799999999999999e-48	158.4
GCA_025728675___contig_10_4	VOG00404	5.799999999999999e-48	158.4
GCA_001047555___contig_7_fragment_1_58	VOG11084	2.1999999999999997e-47	156.4
MP_BC9___contig_1_fragment_5_455	VOG10124	3.7000000000000006e-46	153.3
MP_BC9___contig_1_fragment_7_709	VOG00633	6.7e-46	152.9
GCA_025728615___contig_51_fragment_1_60	VOG00686	3.4999999999999994e-45	150.7
MP_BC9___contig_1_fragment_12_1207	VOG11084	5.599999999999999e-44	145.3
GCA_025728675___contig_10_9	VOG11084	5.599999999999999e-44	145.3
MP_BC9___contig_1_fragment_7_715	VOG00149	1e-43	144.6
MP_BC9___contig_1_fragment_1_61	VOG09023	7.5e-42	138.3
GCA_001047555___contig_7_fragment_1_71	VOG10124	1.0999999999999999e-41	138.8
MP_BC9___contig_1_fragment_13_1257	VOG00149	6.6e-41	135.5
GCA_025728615___contig_12_fragment_3_226	VOG00149	6.6e-41	135.5
MP_BC9___contig_1_fragment_7_675	VOG05855	1.2e-40	134.9
MP_BC9___contig_1_fragment_4_348	VOG00126	2.5e-40	134.5
MP_BC9___contig_1_fragment_5_452	VOG03321	2.7e-40	133.7
GCA_001047395___contig_6_fragment_1_90	VOG00149	1e-39	131.6
MP_BC9___contig_1_fragment_12_1183	VOG01075	1.4e-39	131.4
MP_BC9___contig_1_fragment_4_355	VOG00313	2.3999999999999995e-39	131.1
MP_BC9___contig_1_fragment_3_313	VOG03165	3.399999999999999e-39	130.4
GCA_025728695___contig_125_3	VOG10286	4.5999999999999995e-39	130.0
GCA_025728635___contig_23_10	VOG10286	4.5999999999999995e-39	130.0
GCA_025728615___contig_12_fragment_3_213	VOG00385	1.3999999999999997e-38	128.1
MP_BC9___contig_1_fragment_13_1268	VOG00385	1.3999999999999997e-38	128.1
MP_BC9___contig_1_fragment_7_697	VOG24297	1.5e-38	128.2
GCA_025728615___contig_51_fragment_1_57	VOG02869	1.9e-38	128.4
GCA_001047395___contig_6_fragment_1_103	VOG00385	1.9e-38	127.6
MP_BC9___contig_1_fragment_5_494	VOG01075	1.9e-37	124.4
GCA_001047555___contig_7_fragment_1_39	VOG03165	7.6e-37	122.7
GCA_001047555___contig_7_fragment_1_27	VOG01075	1.1e-36	121.8
MP_BC9___contig_1_fragment_5_498	VOG18935	1.3e-36	121.9
MP_BC9___contig_1_fragment_3_288	VOG03321	1.4999999999999997e-36	121.5
GCA_025728645___contig_17_6	VOG03321	1.4999999999999997e-36	121.5
GCA_001047555___contig_7_fragment_1_81	VOG00385	1.6e-36	121.2
MP_BC9___contig_1_fragment_5_458	VOG00572	2.6e-36	120.9
MP_BC9___contig_1_fragment_12_1194	VOG00236	3.3999999999999996e-36	120.9
MP_BC9___contig_1_fragment_5_483	VOG00236	5.2e-36	120.3
GCA_025728675___contig_10_8	VOG09746	6.9e-36	119.3
MP_BC9___contig_1_fragment_12_1206	VOG09746	6.9e-36	119.3
GCA_025728615___contig_51_fragment_1_73	VOG21441	8e-36	118.9
GCA_001047395___contig_6_fragment_1_88	VOG01394	1.2999999999999998e-35	118.3
MP_BC9___contig_1_fragment_13_1255	VOG01394	1.2999999999999998e-35	118.3
GCA_025728615___contig_12_fragment_3_228	VOG01394	1.2999999999999998e-35	118.3
GCA_001047555___contig_7_fragment_1_23	VOG18935	1.2999999999999998e-35	118.6
MP_BC9___contig_1_fragment_12_1179	VOG18935	1.4e-35	118.5
MP_BC9___contig_1_fragment_5_470	VOG00690	2.3e-35	117.9
GCA_001047395___contig_6_fragment_1_86	VOG00097	2.3e-35	118.0
GCA_025728615___contig_12_fragment_3_230	VOG00097	4e-35	117.2
MP_BC9___contig_1_fragment_13_1253	VOG00097	4e-35	117.2
MP_BC9___contig_1_fragment_3_321	VOG02333	4e-35	117.1
MP_BC9___contig_1_fragment_3_314	VOG00633	6.199999999999999e-35	116.8
MP_BC9___contig_1_fragment_5_462	VOG00572	9.1e-35	115.8
GCA_001047555___contig_7_fragment_1_40	VOG00236	1.2e-34	115.8
MP_BC9___contig_1_fragment_4_354	VOG14097	1.3e-34	115.0
MP_BC9___contig_1_fragment_7_680	VOG01190	1.3e-34	115.3
GCA_001047395___contig_6_fragment_5_322	VOG01181	1.3999999999999998e-34	115.7
GCA_025728635___contig_23_18	VOG00520	1.6e-34	115.1
MP_BC9___contig_1_fragment_7_719	VOG00097	1.8999999999999998e-34	114.9
GCA_001047555___contig_7_fragment_1_55	VOG21431	4.400000000000001e-34	113.3
MP_BC9___contig_1_fragment_7_712	VOG01134	7.599999999999999e-34	111.6
GCA_001047555___contig_7_fragment_1_42	VOG04497	1e-33	112.4
MP_BC9___contig_1_fragment_7_695	VOG01036	1.3e-33	112.2
MP_BC9___contig_1_fragment_7_717	VOG01394	1.9e-33	111.3
MP_BC9___contig_1_fragment_7_686	VOG03676	2.3999999999999997e-33	110.7
MP_BC9___contig_1_fragment_12_1201	VOG01162	6.5e-33	109.4
GCA_025728675___contig_10_3	VOG01162	6.5e-33	109.4
MP_BC9___contig_1_fragment_7_696	VOG12256	6.7e-33	109.6
MP_BC9___contig_1_fragment_5_475	VOG01162	7.299999999999999e-33	109.2
GCA_025728675___contig_12_fragment_1_15	VOG01127	8.8e-33	108.5
MP_BC9___contig_1_fragment_15_1530	VOG01127	8.8e-33	108.5
GCA_025728615___contig_51_fragment_1_55	VOG17047	1.8999999999999998e-32	106.5
GCA_025728635___contig_32_5	VOG00572	2.9e-32	107.6
MP_BC9___contig_1_fragment_7_718	VOG02632	9.599999999999999e-32	105.5
GCA_001047555___contig_7_fragment_1_49	VOG00065	1.2e-31	104.7
GCA_001047555___contig_7_fragment_1_57	VOG09746	1.9e-31	104.8
GCA_001047555___contig_7_fragment_1_56	VOG00232	1.9999999999999997e-31	104.4
GCA_025728675___contig_10_7	VOG00232	4.4e-31	103.3
MP_BC9___contig_1_fragment_12_1205	VOG00232	4.4e-31	103.3
MP_BC9___contig_1_fragment_5_490	VOG01397	5.399999999999999e-31	103.2
MP_BC9___contig_1_fragment_5_471	VOG00232	9.9e-31	102.1
MP_BC9___contig_1_fragment_7_710	VOG00186	2.4e-30	101.3
GCA_025728615___contig_51_fragment_1_46	VOG17043	2.4e-30	101.1
MP_BC9___contig_1_fragment_12_1224	VOG00572	4.0999999999999996e-30	100.6
MP_BC9___contig_1_fragment_12_1187	VOG01397	8.800000000000001e-30	99.2
MP_BC9___contig_1_fragment_9_987	VOG07964	1.0000000000000001e-29	99.0
GCA_025728635___contig_64_fragment_1_14	VOG07964	1.0000000000000001e-29	99.0
GCA_001047595___contig_8_fragment_1_90	VOG07964	1.0000000000000001e-29	99.0
MP_BC9___contig_1_fragment_3_301	VOG00519	1.4e-29	99.0
MP_BC9___contig_1_fragment_5_495	VOG00452	1.7000000000000001e-29	98.6
GCA_001047395___contig_6_fragment_4_228	VOG09038	2.8999999999999997e-29	97.1
GCA_001047555___contig_7_fragment_1_41	VOG04497	3.3e-29	97.7
MP_BC9___contig_1_fragment_5_453	VOG20253	3.9e-29	96.9
GCA_001047555___contig_7_fragment_1_73	VOG20253	4.3000000000000004e-29	96.8
GCA_025728615___contig_10_fragment_1_20	VOG20253	4.3000000000000004e-29	96.8
GCA_001047555___contig_7_fragment_1_26	VOG00452	4.4e-29	97.3
MP_BC9___contig_1_fragment_12_1193	VOG03165	4.8e-29	97.2
GCA_025728615___contig_12_fragment_3_229	VOG02632	6.500000000000001e-29	96.2
MP_BC9___contig_1_fragment_13_1254	VOG02632	6.500000000000001e-29	96.2
MP_BC9___contig_1_fragment_5_484	VOG03165	7.200000000000001e-29	96.6
MP_BC9___contig_1_fragment_12_1182	VOG00452	7.6e-29	96.5
GCA_025728615___contig_51_fragment_1_68	VOG03436	2e-28	94.9
GCA_001047555___contig_7_fragment_1_33	VOG01397	2.2e-28	94.7
GCA_001047555___contig_7_fragment_1_17	VOG23273	2.7000000000000003e-28	94.1
GCA_025728615___contig_51_fragment_1_67	VOG00149	3.2000000000000003e-28	94.2
GCA_001047395___contig_6_fragment_1_100	VOG00459	3.2000000000000003e-28	94.3
GCA_025728615___contig_12_fragment_3_216	VOG00459	3.2000000000000003e-28	94.3
MP_BC9___contig_1_fragment_13_1265	VOG00459	3.2000000000000003e-28	94.3
GCA_001047555___contig_7_fragment_1_76	VOG04616	8.4e-28	93.1
GCA_025728615___contig_10_fragment_1_17	VOG04616	8.4e-28	93.1
GCA_025728615___contig_51_fragment_1_79	VOG02762	1.1000000000000001e-27	92.1
GCA_001047555___contig_7_fragment_1_67	VOG14084	1.4e-27	91.5
GCA_025728615___contig_51_fragment_1_56	VOG04514	1.7e-27	92.0
GCA_001047395___contig_6_fragment_1_87	VOG02632	2e-27	91.2
MP_BC9___contig_1_fragment_3_311	VOG09810	2.0999999999999998e-27	92.4
MP_BC9___contig_1_fragment_12_1229	VOG20253	3.7e-27	90.4
MP_BC9___contig_1_fragment_3_316	VOG23090	4.3e-27	90.0
MP_BC9___contig_1_fragment_12_1174	VOG23273	5.3e-27	89.8
GCA_001047555___contig_7_fragment_1_43	VOG00687	1e-26	89.2
MP_BC9___contig_1_fragment_5_504	VOG23273	1.8000000000000004e-26	88.1
MP_BC9___contig_1_fragment_7_714	VOG00743	2e-26	88.1
MP_BC9___contig_1_fragment_7_684	VOG10124	2.2e-26	88.8
GCA_025728635___contig_32_1	VOG00572	2.7000000000000004e-26	88.0
MP_BC9___contig_1_fragment_12_1196	VOG00687	3.1000000000000004e-26	87.6
MP_BC9___contig_1_fragment_5_481	VOG00687	9.800000000000001e-26	86.0
GCA_025728635___contig_64_fragment_1_21	VOG09424	1.9000000000000001e-25	84.5
GCA_001047595___contig_8_fragment_1_82	VOG09424	1.9000000000000001e-25	84.5
MP_BC9___contig_1_fragment_9_980	VOG09424	1.9000000000000001e-25	84.5
MP_BC9___contig_1_fragment_12_1199	VOG00361	2.4e-25	85.2
GCA_025728675___contig_10_1	VOG00361	2.4e-25	85.2
GCA_025728615___contig_51_fragment_1_39	VOG17042	5.600000000000001e-25	82.5
GCA_025728615___contig_51_fragment_1_66	VOG00743	9.1e-25	82.8
GCA_001047395___contig_6_fragment_2_135	VOG00935	1.0000000000000001e-24	82.6
MP_BC9___contig_1_fragment_7_711	VOG00283	1.3999999999999999e-24	81.8
MP_BC9___contig_1_fragment_5_469	VOG10469	1.3999999999999999e-24	82.8
GCA_001047555___contig_7_fragment_1_52	VOG00098	5.4e-24	80.8
MP_BC9___contig_1_fragment_3_302	VOG03001	6.9e-24	79.2
MP_BC9___contig_1_fragment_7_716	VOG01394	2e-23	78.5
MP_BC9___contig_1_fragment_13_1256	VOG00446	3.1e-23	78.1
GCA_025728615___contig_12_fragment_3_227	VOG00446	3.1e-23	78.1
GCA_001047395___contig_6_fragment_1_89	VOG00446	3.1e-23	78.1
GCA_025728635___contig_23_6	VOG01473	3.9e-23	77.2
GCA_025728635___contig_23_17	VOG19011	4.3e-23	77.3
GCA_001047555___contig_7_fragment_1_48	VOG00188	4.9999999999999997e-23	77.4
GCA_001047555___contig_7_fragment_1_35	VOG03575	5.700000000000001e-23	77.0
GCA_025728615___contig_51_fragment_1_43	VOG00194	5.700000000000001e-23	77.8
MP_BC9___contig_1_fragment_5_488	VOG03575	1.2e-22	76.0
MP_BC9___contig_1_fragment_12_1189	VOG03575	1.8000000000000001e-22	75.4
MP_BC9___contig_1_fragment_7_713	VOG00973	7.699999999999999e-22	73.6
GCA_001047555___contig_7_fragment_1_44	VOG00962	9.2e-22	73.2
MP_BC9___contig_1_fragment_5_480	VOG00962	1.7e-21	72.3
MP_BC9___contig_1_fragment_7_702	VOG00188	3.1000000000000002e-21	71.6
MP_BC9___contig_1_fragment_12_1197	VOG00962	4.9e-21	70.8
MP_BC9___contig_1_fragment_7_728	VOG01434	5.2e-21	70.7
MP_BC9___contig_1_fragment_12_1175	VOG01434	2.1000000000000002e-20	68.7
MP_BC9___contig_1_fragment_3_328	VOG01434	2.1000000000000002e-20	68.7
GCA_025728595___contig_24_2	VOG01434	2.1000000000000002e-20	68.7
GCA_025728615___contig_51_fragment_1_40	VOG04233	2.5e-20	67.5
MP_BC9___contig_1_fragment_7_704	VOG02869	4.0000000000000004e-20	68.7
GCA_025728615___contig_12_fragment_3_220	VOG00188	4.0000000000000004e-20	68.0
MP_BC9___contig_1_fragment_13_1262	VOG00188	4.0000000000000004e-20	68.0
GCA_001047395___contig_6_fragment_1_77	VOG01434	5e-20	67.5
MP_BC9___contig_1_fragment_13_1246	VOG01434	5e-20	67.5
MP_BC9___contig_1_fragment_3_289	VOG00361	1e-19	66.7
GCA_025728645___contig_17_5	VOG00361	1e-19	66.7
MP_BC9___contig_1_fragment_5_506	VOG14226	1.1999999999999999e-19	65.6
MP_BC9___contig_1_fragment_3_309	VOG00679	2e-19	65.4
GCA_001047555___contig_7_fragment_1_18	VOG01434	2.5e-19	65.3
MP_BC9___contig_1_fragment_5_503	VOG01434	2.8e-19	65.1
MP_BC9___contig_1_fragment_13_1258	VOG00743	2.9e-19	65.0
GCA_025728615___contig_51_fragment_1_63	VOG00283	4.9e-19	63.9
MP_BC9___contig_1_fragment_4_350	VOG01833	6e-19	64.2
GCA_025728615___contig_51_fragment_1_36	VOG02771	7.9e-19	64.1
GCA_025728595___contig_75_fragment_1_23	VOG00098	1.3000000000000002e-18	63.3
MP_ONT141___contig_2_fragment_2_108	VOG00098	1.3000000000000002e-18	63.3
GCA_003966875___contig_2_fragment_2_109	VOG00098	1.3000000000000002e-18	63.3
MP_ONT143___contig_2_fragment_2_108	VOG00098	1.3000000000000002e-18	63.3
GCA_025728615___contig_51_fragment_1_54	VOG00098	2.1e-18	62.5
MP_QEQMy133751___contig_2_fragment_3_111	VOG00098	4.5e-18	61.5
GCA_025728615___contig_12_fragment_3_225	VOG00743	5.1e-18	61.0
GCA_001047395___contig_6_fragment_1_91	VOG00743	5.1e-18	61.0
MP_BC9___contig_1_fragment_3_299	VOG00399	5.1e-18	60.6
MP_BC9___contig_1_fragment_3_290	VOG02771	1e-17	60.5
GCA_025728645___contig_17_4	VOG02771	1e-17	60.5
MP_BC9___contig_1_fragment_3_312	VOG00236	1.3e-17	59.8
MP_BC9___contig_1_fragment_1_60	VOG02771	1.6e-17	59.8
MP_BC9___contig_1_fragment_15_1529	VOG00051	1.6e-17	59.1
GCA_025728675___contig_12_fragment_1_14	VOG00051	1.6e-17	59.1
GCA_025728615___contig_51_fragment_1_35	VOG00361	1.6e-17	59.5
GCA_025728615___contig_51_fragment_1_65	VOG00973	1.8e-17	59.5
GCA_025728615___contig_51_fragment_1_80	VOG22709	1.8e-17	59.0
MP_BC9___contig_1_fragment_5_487	VOG00066	1.8e-17	58.9
GCA_001047555___contig_7_fragment_1_20	VOG00146	2.8999999999999997e-17	57.6
MP_BC9___contig_1_fragment_5_501	VOG00146	5.799999999999999e-17	56.6
MP_BC9___contig_1_fragment_7_708	VOG02615	2.4e-16	56.6
MP_QEQMy133751___contig_2_fragment_3_102	VOG00806	3e-16	54.3
MP_ONT143___contig_2_fragment_2_101	VOG00806	3e-16	54.3
MP_ONT141___contig_2_fragment_2_101	VOG00806	3e-16	54.3
GCA_025728595___contig_75_fragment_1_16	VOG00806	3e-16	54.3
GCA_003966875___contig_2_fragment_2_102	VOG00806	3e-16	54.3
MP_BC9___contig_1_fragment_3_307	VOG00188	6.6e-16	54.3
GCA_025728615___contig_51_fragment_1_70	VOG01394	8e-16	53.5
MP_BC9___contig_1_fragment_7_726	VOG00146	8.9e-16	52.9
MP_BC9___contig_1_fragment_3_317	VOG23091	1.6e-15	53.0
GCA_001047395___contig_6_fragment_4_230	VOG02771	2.3e-15	52.8
MP_BC9___contig_1_fragment_3_315	VOG23089	4.2e-15	51.4
MP_BC9___contig_1_fragment_5_486	VOG00181	1.1e-14	49.8
GCA_001047555___contig_7_fragment_1_12	VOG14094	1.5e-14	49.6
GCA_001047555___contig_7_fragment_1_37	VOG00181	1.9e-14	49.0
GCA_025728615___contig_12_fragment_1_125	VOG03824	2.1000000000000002e-14	49.2
MP_BC9___contig_1_fragment_12_1173	VOG14094	2.2e-14	49.1
GCA_001047395___contig_6_fragment_3_216	VOG03824	3.1e-14	48.6
MP_QEQMy133751___contig_2_fragment_3_97	VOG01073	5.3e-14	47.4
GCA_001047395___contig_6_fragment_2_132	VOG20545	8.5e-14	46.3
MP_BC9___contig_1_fragment_12_1191	VOG00181	8.7e-14	46.9
MP_BC9___contig_1_fragment_5_502	VOG00192	8.8e-14	47.1
GCA_025728615___contig_51_fragment_1_69	VOG00446	9.000000000000001e-14	47.1
GCA_001047555___contig_7_fragment_1_13	VOG17718	9.800000000000001e-14	47.0
GCA_025728615___contig_51_fragment_1_77	VOG00146	1e-13	46.2
MP_BC9___contig_1_fragment_3_327	VOG00192	1.6e-13	46.2
GCA_025728595___contig_24_3	VOG00192	1.6e-13	46.2
GCA_025728635___contig_23_16	VOG15510	2.6e-13	45.3
MP_BC9___contig_1_fragment_7_676	VOG00178	2.8e-13	45.3
MP_BC9___contig_1_fragment_12_1176	VOG00192	3.8e-13	45.0
MP_BC9___contig_1_fragment_5_447	VOG00468	4.3000000000000004e-13	45.0
GCA_025728635___contig_23_13	VOG15510	7.900000000000001e-13	43.8
GCA_025728595___contig_75_fragment_1_13	VOG01073	8.4e-13	43.4
MP_ONT143___contig_2_fragment_2_98	VOG01073	8.4e-13	43.4
MP_ONT141___contig_2_fragment_2_98	VOG01073	8.4e-13	43.4
GCA_003966875___contig_2_fragment_2_99	VOG01073	8.4e-13	43.4
MP_BC9___contig_1_fragment_12_1225	VOG14084	1.1e-12	43.4
GCA_025728615___contig_51_fragment_1_42	VOG04466	1.6e-12	42.4
GCA_025728615___contig_10_fragment_1_14	VOG02771	1.9e-12	43.3
GCA_001047555___contig_7_fragment_1_79	VOG02771	1.9e-12	43.3
GCA_025728675___contig_10_6	VOG01042	2.3e-12	42.3
MP_BC9___contig_1_fragment_12_1204	VOG01042	2.3e-12	42.3
MP_BC9___contig_1_fragment_5_477	VOG01156	2.9e-12	42.3
GCA_001047395___contig_6_fragment_1_96	VOG00188	2.9999999999999997e-12	42.4
GCA_025728635___contig_23_5	VOG10140	4.1e-12	41.3
MP_BC9___contig_1_fragment_12_1228	VOG02771	4.9e-12	42.0
GCA_025728635___contig_23_19	VOG15510	5.0000000000000005e-12	41.2
MP_BC9___contig_1_fragment_3_319	VOG01397	6.900000000000001e-12	40.9
GCA_001047395___contig_6_fragment_1_84	VOG21997	8.2e-12	40.3
MP_BC9___contig_1_fragment_3_318	VOG00973	1.9e-11	40.0
GCA_029024925___contig_1_fragment_23_1869	VOG04796	7.899999999999997e-278	919.8
GCA_001047395___contig_3_fragment_3_344	VOG03262	3.4999999999999984e-275	910.4
MP_ONT81___contig_1_fragment_13_1348	VOG03262	3.699999999999998e-275	910.3
GCA_001047525___contig_4_fragment_1_57	VOG03262	3.699999999999998e-275	910.3
GCA_029024925___contig_1_fragment_12_1112	VOG04796	1.7999999999999993e-194	644.2
GCA_025728675___contig_3_fragment_1_4	VOG24298	3.3999999999999985e-166	550.3
GCA_025728615___contig_11_20	VOG24298	2.8999999999999987e-161	533.9
GCA_029024925___contig_1_fragment_4_418	VOG21677	1.0999999999999997e-152	505.9
MP_ONT81___contig_1_fragment_4_558	VOG00639	1.8999999999999993e-146	484.3
MP_ONT81___contig_1_fragment_15_1468	VOG00120	6.499999999999998e-141	466.7
GCA_029024925___contig_1_fragment_23_1871	VOG00452	7.999999999999998e-141	466.4
GCA_029024925___contig_1_fragment_3_392	VOG01516	4.599999999999998e-137	453.9
MP_ONT81___contig_1_fragment_3_513	VOG00824	1.5999999999999999e-121	403.0
GCA_029024925___contig_1_fragment_16_1331	VOG00688	3.0999999999999994e-121	399.7
GCA_029024925___contig_1_fragment_23_1908	VOG23107	7.399999999999999e-121	396.1
MP_ONT81___contig_1_fragment_4_534	VOG00520	9.199999999999997e-118	389.9
GCA_029024925___contig_1_fragment_23_1892	VOG14487	3.7e-114	375.8
GCA_001047525___contig_7_fragment_1_86	VOG00824	9.899999999999997e-113	374.0
MP_ONT81___contig_1_fragment_14_1399	VOG00674	5.299999999999998e-109	361.1
GCA_025728615___contig_11_22	VOG00674	5.099999999999999e-106	351.3
GCA_025728615___contig_11_1	VOG00824	3.999999999999999e-105	348.8
GCA_025728675___contig_3_fragment_1_5	VOG00674	1.899999999999999e-104	346.1
MP_ONT81___contig_1_fragment_4_559	VOG01829	3.4999999999999997e-104	344.8
GCA_001047555___contig_10_fragment_2_17	VOG00029	8.399999999999998e-102	337.5
GCA_029024925___contig_1_fragment_2_375	VOG00982	4.399999999999999e-99	327.9
GCA_029024925___contig_1_fragment_32_2473	VOG00520	4.499999999999999e-99	328.3
GCA_029024925___contig_1_fragment_32_2453	VOG04697	2.2999999999999995e-92	304.5
GCA_029024925___contig_1_fragment_12_1111	VOG00452	3.299999999999999e-92	305.9
MP_ONT81___contig_1_fragment_4_551	VOG10295	3.4999999999999993e-91	300.6
GCA_029024925___contig_1_fragment_22_1728	VOG02857	4.199999999999999e-91	302.2
MP_ONT81___contig_1_fragment_15_1469	VOG00398	4.299999999999999e-90	297.6
MP_ONT81___contig_1_fragment_12_1219	VOG13487	7.899999999999998e-90	297.9
GCA_025728595___contig_15_6	VOG13487	7.899999999999998e-90	297.9
GCA_001047395___contig_3_fragment_6_827	VOG13487	1.4e-89	297.1
GCA_029024925___contig_1_fragment_23_1911	VOG12256	1.8999999999999996e-86	285.8
MP_ONT81___contig_1_fragment_12_1192	VOG05099	1e-85	283.1
GCA_029024925___contig_1_fragment_23_1872	VOG00097	3.5999999999999994e-83	275.0
MP_ONT81___contig_1_fragment_12_1211	VOG04056	1.6e-81	270.5
GCA_029024925___contig_1_fragment_23_1882	VOG00744	1.6e-80	266.9
GCA_025728615___contig_11_16	VOG00381	7.499999999999998e-80	264.5
GCA_029024925___contig_1_fragment_23_1924	VOG16906	2.2e-78	259.3
GCA_025728615___contig_11_15	VOG00213	9.499999999999997e-76	251.2
GCA_029024925___contig_1_fragment_32_2430	VOG00824	1.4999999999999997e-75	251.1
GCA_029024925___contig_1_fragment_23_1889	VOG00213	3.8999999999999996e-75	249.2
GCA_025728595___contig_15_3	VOG04497	8.699999999999999e-75	247.2
MP_ONT81___contig_1_fragment_12_1222	VOG04497	8.699999999999999e-75	247.2
GCA_029024925___contig_1_fragment_23_1905	VOG18102	3.0999999999999998e-74	242.2
MP_ONT81___contig_1_fragment_14_1381	VOG00824	5.799999999999999e-73	242.5
MP_ONT81___contig_1_fragment_14_1406	VOG00523	7.499999999999998e-73	241.8
GCA_001047395___contig_3_fragment_6_869	VOG00041	7.999999999999998e-71	235.0
GCA_029024925___contig_1_fragment_23_1906	VOG03112	3.399999999999999e-70	230.8
GCA_001047395___contig_3_fragment_6_818	VOG21220	4.7e-68	226.0
MP_ONT81___contig_1_fragment_4_570	VOG00183	2.3999999999999993e-67	222.8
GCA_025728675___contig_3_fragment_1_29	VOG00041	3.3999999999999994e-67	223.1
GCA_029024925___contig_1_fragment_12_1110	VOG00097	1.9999999999999997e-66	220.2
MP_ONT81___contig_1_fragment_14_1398	VOG00724	2.2999999999999997e-66	220.6
GCA_001047395___contig_3_fragment_6_817	VOG04056	2.899999999999999e-66	219.9
MP_ONT81___contig_1_fragment_14_1417	VOG00041	1.7999999999999997e-65	217.4
GCA_029024925___contig_1_fragment_22_1759	VOG19010	5.599999999999999e-65	212.2
GCA_029024925___contig_1_fragment_15_1313	VOG00668	6.599999999999999e-65	215.8
GCA_029024925___contig_1_fragment_23_1901	VOG04341	7.699999999999999e-65	214.0
GCA_029024925___contig_1_fragment_16_1330	VOG00385	2.3999999999999996e-64	213.7
GCA_029024925___contig_1_fragment_22_1730	VOG02632	2.5999999999999997e-64	213.7
GCA_001047555___contig_10_fragment_1_4	VOG00084	1.5999999999999997e-63	211.4
GCA_029024925___contig_1_fragment_32_2449	VOG04341	1.9999999999999996e-63	209.4
MP_ONT81___contig_1_fragment_12_1254	VOG00041	3.2e-61	203.4
GCA_029024925___contig_1_fragment_23_1894	VOG02633	5e-61	201.7
GCA_029024925___contig_1_fragment_2_377	VOG11977	1.9e-59	197.6
GCA_029024925___contig_1_fragment_3_394	VOG11977	1.9e-59	197.6
GCA_029024925___contig_1_fragment_4_432	VOG11977	1.9e-59	197.6
GCA_029024925___contig_1_fragment_32_2455	VOG11977	1.9e-59	197.6
GCA_029024925___contig_1_fragment_20_1596	VOG11977	1.9e-59	197.6
GCA_029024925___contig_1_fragment_23_1922	VOG02135	2.0999999999999995e-59	196.6
GCA_029024925___contig_1_fragment_22_1744	VOG00381	1.7e-58	194.1
GCA_029024925___contig_1_fragment_23_1913	VOG23106	1.4e-57	187.6
GCA_029024925___contig_1_fragment_21_1611	VOG17783	1.7999999999999998e-57	190.7
GCA_029024925___contig_1_fragment_23_1876	VOG03436	6.4e-57	188.1
GCA_025728615___contig_11_14	VOG00686	1.6e-56	188.4
GCA_001047555___contig_10_fragment_2_16	VOG02151	1.7e-56	187.6
GCA_001047525___contig_7_fragment_1_77	VOG02574	3.3e-56	186.8
MP_ONT81___contig_1_fragment_3_520	VOG02574	3.3e-56	186.8
MP_ONT81___contig_1_fragment_4_572	VOG01142	6.8e-56	186.2
GCA_029024925___contig_1_fragment_3_389	VOG17783	7.799999999999999e-56	185.3
GCA_029024925___contig_1_fragment_23_1907	VOG18101	8.199999999999998e-56	181.7
GCA_029024925___contig_1_fragment_22_1758	VOG24782	1.1e-55	181.6
GCA_001047555___contig_10_fragment_3_122	VOG05855	1.1e-55	184.8
GCA_029024925___contig_1_fragment_23_1888	VOG00686	1.7999999999999997e-55	185.0
MP_ONT81___contig_1_fragment_14_1375	VOG02574	4.799999999999999e-55	183.0
MP_ONT81___contig_1_fragment_4_571	VOG01075	4.8999999999999996e-55	182.5
GCA_029024925___contig_1_fragment_2_363	VOG00041	5.2e-55	183.0
MP_ONT81___contig_1_fragment_3_514	VOG13479	8.1e-54	178.6
GCA_001047525___contig_7_fragment_1_84	VOG13479	1.4000000000000002e-53	177.8
GCA_025728595___contig_16_2	VOG00041	4e-53	176.8
GCA_029024925___contig_1_fragment_19_1586	VOG17783	9.8e-53	175.1
MP_ONT81___contig_1_fragment_12_1232	VOG21431	1.1999999999999999e-52	174.5
MP_ONT81___contig_1_fragment_14_1380	VOG13479	1.4999999999999998e-52	174.4
GCA_029024925___contig_1_fragment_22_1756	VOG01132	2.4999999999999996e-52	173.7
GCA_029024925___contig_1_fragment_2_376	VOG02199	2.7999999999999996e-52	173.6
GCA_029024925___contig_1_fragment_12_1101	VOG01901	1.8e-51	170.9
GCA_029024925___contig_1_fragment_19_1578	VOG00041	3.9e-51	170.3
GCA_001047395___contig_3_fragment_6_843	VOG00404	6e-50	165.2
GCA_029024925___contig_1_fragment_33_2537	VOG00041	8.5e-50	165.9
GCA_001047525___contig_4_fragment_4_434	VOG03321	1.1e-49	164.7
GCA_001047395___contig_3_fragment_5_719	VOG03321	1.1e-49	164.7
GCA_029024925___contig_1_fragment_20_1599	VOG17783	3.6e-49	163.4
MP_ONT81___contig_1_fragment_4_549	VOG00404	3.899999999999999e-49	162.6
MP_ONT81___contig_1_fragment_12_1230	VOG00404	1.2e-48	161.0
GCA_029024925___contig_1_fragment_2_374	VOG22616	1.2e-47	158.2
GCA_029024925___contig_1_fragment_32_2452	VOG00041	1.2999999999999998e-47	158.7
GCA_001047395___contig_3_fragment_6_848	VOG11084	2.8e-47	156.4
MP_ONT81___contig_1_fragment_4_544	VOG11084	5.9e-47	155.4
GCA_029024925___contig_1_fragment_32_2460	VOG01901	1.1999999999999999e-46	155.1
GCA_029024925___contig_1_fragment_22_1753	VOG03001	1.8e-46	152.0
MP_ONT81___contig_1_fragment_4_550	VOG10294	4.299999999999999e-46	152.0
MP_ONT81___contig_1_fragment_12_1249	VOG10124	4.7999999999999995e-46	153.3
GCA_025728615___contig_11_12	VOG00633	8.8e-46	152.9
GCA_029024925___contig_1_fragment_32_2440	VOG03165	1.8e-45	151.4
GCA_029024925___contig_1_fragment_23_1870	VOG17048	2.2999999999999996e-45	148.3
GCA_029024925___contig_1_fragment_22_1750	VOG01162	4.199999999999999e-45	149.3
GCA_001047525___contig_4_fragment_4_437	VOG12515	7.200000000000001e-44	145.5
GCA_001047395___contig_3_fragment_5_722	VOG12515	7.200000000000001e-44	145.5
GCA_025728615___contig_11_6	VOG00149	1.4e-43	144.6
GCA_029024925___contig_1_fragment_23_1877	VOG00149	1.6999999999999998e-43	144.3
GCA_029024925___contig_1_fragment_32_2432	VOG19271	2e-43	144.6
MP_ONT81___contig_1_fragment_4_539	VOG10124	5.7e-43	143.3
GCA_001047555___contig_10_fragment_1_1	VOG07103	1.4999999999999998e-42	141.2
GCA_029024925___contig_1_fragment_23_1897	VOG01162	1.8e-42	140.7
GCA_025728675___contig_3_fragment_1_25	VOG10124	2.7e-41	137.8
GCA_001047395___contig_3_fragment_6_860	VOG10124	2.7e-41	137.8
MP_ONT81___contig_1_fragment_3_508	VOG00149	8.7e-41	135.5
GCA_029024925___contig_1_fragment_23_1880	VOG01134	1.7e-40	133.4
GCA_029024925___contig_1_fragment_4_417	VOG21677	2.2e-40	134.2
GCA_029024925___contig_1_fragment_23_1883	VOG02815	2.7e-40	132.7
GCA_001047395___contig_3_fragment_3_336	VOG00126	3.2999999999999995e-40	134.5
GCA_001047525___contig_4_fragment_1_49	VOG00126	3.2999999999999995e-40	134.5
MP_ONT81___contig_1_fragment_13_1356	VOG00126	3.2999999999999995e-40	134.5
MP_ONT81___contig_1_fragment_12_1252	VOG03321	3.5e-40	133.7
GCA_001047525___contig_7_fragment_1_91	VOG00149	1.4e-39	131.6
MP_ONT81___contig_1_fragment_4_569	VOG10276	1.9e-39	131.3
GCA_029024925___contig_1_fragment_32_2461	VOG01042	2.8999999999999996e-39	131.0
MP_ONT81___contig_1_fragment_13_1349	VOG00313	3.2e-39	131.1
GCA_001047525___contig_4_fragment_1_56	VOG00313	3.399999999999999e-39	131.1
GCA_001047395___contig_3_fragment_3_343	VOG00313	3.399999999999999e-39	131.1
MP_ONT81___contig_1_fragment_14_1391	VOG03165	4.4e-39	130.4
MP_ONT81___contig_1_fragment_4_556	VOG01694	1.3e-38	128.4
GCA_029024925___contig_1_fragment_19_1590	VOG00758	1.3e-38	129.4
MP_ONT81___contig_1_fragment_3_497	VOG00385	1.8e-38	128.1
GCA_025728615___contig_11_23	VOG24297	2e-38	128.2
GCA_001047525___contig_7_fragment_1_103	VOG00385	2.6e-38	127.6
GCA_029024925___contig_1_fragment_22_1760	VOG18100	3.5e-38	125.0
GCA_029024925___contig_1_fragment_22_1761	VOG04233	4e-38	124.9
GCA_029024925___contig_1_fragment_23_1921	VOG00785	6.6e-38	125.7
GCA_029024925___contig_1_fragment_4_416	VOG21677	8.9e-38	125.5
GCA_029024925___contig_1_fragment_23_1893	VOG18879	1.4999999999999998e-37	123.4
GCA_029024925___contig_1_fragment_23_1899	VOG17045	2.3e-37	123.1
MP_ONT81___contig_1_fragment_12_1210	VOG01075	2.5e-37	124.4
GCA_029024925___contig_1_fragment_23_1912	VOG09746	3.3999999999999998e-37	124.0
GCA_025728675___contig_3_fragment_1_6	VOG24297	6.899999999999999e-37	123.1
GCA_029024925___contig_1_fragment_2_365	VOG17662	9.799999999999999e-37	122.4
GCA_001047395___contig_3_fragment_6_828	VOG03165	1e-36	122.7
GCA_029024925___contig_1_fragment_32_2462	VOG00690	1.3e-36	122.4
GCA_001047395___contig_3_fragment_6_816	VOG01075	1.4999999999999997e-36	121.8
MP_ONT81___contig_1_fragment_12_1206	VOG18935	1.8e-36	121.9
GCA_025728695___contig_139_4	VOG18935	1.8e-36	121.9
MP_ONT81___contig_1_fragment_14_1416	VOG03321	2e-36	121.5
GCA_001047395___contig_3_fragment_6_870	VOG00385	2.1e-36	121.2
GCA_029024925___contig_1_fragment_32_2465	VOG24782	2.6999999999999997e-36	119.5
GCA_029024925___contig_1_fragment_23_1903	VOG17044	2.6999999999999997e-36	119.0
GCA_029024925___contig_1_fragment_23_1923	VOG02284	3.3999999999999996e-36	119.8
MP_ONT81___contig_1_fragment_12_1246	VOG00572	3.3999999999999996e-36	120.9
GCA_029024925___contig_1_fragment_32_2439	VOG00633	3.6e-36	121.2
MP_ONT81___contig_1_fragment_4_563	VOG04818	4.599999999999999e-36	119.5
GCA_029024925___contig_1_fragment_22_1743	VOG00213	4.9e-36	120.3
GCA_025728675___contig_3_fragment_1_10	VOG01036	5.099999999999999e-36	120.5
GCA_025728595___contig_15_4	VOG00236	6.799999999999999e-36	120.3
MP_ONT81___contig_1_fragment_12_1221	VOG00236	6.799999999999999e-36	120.3
GCA_029024925___contig_1_fragment_23_1890	VOG09810	9.3e-36	120.2
GCA_001047395___contig_3_fragment_6_812	VOG18935	1.6999999999999999e-35	118.6
GCA_025728595___contig_16_13	VOG18935	1.6999999999999999e-35	118.6
MP_ONT81___contig_1_fragment_3_510	VOG01394	1.6999999999999999e-35	118.3
GCA_001047525___contig_7_fragment_1_89	VOG01394	1.7999999999999998e-35	118.3
MP_ONT81___contig_1_fragment_4_574	VOG18935	2.3e-35	118.2
GCA_001047525___contig_7_fragment_1_87	VOG00097	3e-35	118.0
GCA_029024925___contig_1_fragment_23_1918	VOG00572	4e-35	117.4
MP_ONT81___contig_1_fragment_3_512	VOG00097	5.199999999999999e-35	117.2
MP_ONT81___contig_1_fragment_14_1383	VOG02333	5.199999999999999e-35	117.1
MP_ONT81___contig_1_fragment_14_1390	VOG00633	8.2e-35	116.8
MP_ONT81___contig_1_fragment_12_1242	VOG00572	1.2e-34	115.8
GCA_029024925___contig_1_fragment_23_1900	VOG17005	1.4999999999999998e-34	113.6
MP_ONT81___contig_1_fragment_4_547	VOG21431	1.4999999999999998e-34	115.2
GCA_001047395___contig_3_fragment_6_829	VOG00236	1.6e-34	115.8
MP_ONT81___contig_1_fragment_13_1350	VOG14097	1.7e-34	115.0
GCA_001047525___contig_4_fragment_1_55	VOG14097	1.7e-34	115.0
GCA_001047395___contig_3_fragment_3_342	VOG14097	1.7e-34	115.0
GCA_001047555___contig_10_fragment_3_114	VOG01181	1.8e-34	115.7
GCA_025728615___contig_11_2	VOG00097	2.5e-34	114.9
MP_ONT81___contig_1_fragment_12_1234	VOG00690	2.8999999999999998e-34	114.7
GCA_001047395___contig_3_fragment_6_845	VOG21431	5.7999999999999995e-34	113.3
MP_ONT81___contig_1_fragment_4_565	VOG00870	8.5e-34	112.1
GCA_025728675___contig_3_fragment_1_7	VOG12256	9.9e-34	112.7
GCA_025728615___contig_11_9	VOG01134	1e-33	111.6
GCA_001047395___contig_3_fragment_6_831	VOG04497	1.3e-33	112.4
GCA_029024925___contig_1_fragment_23_1910	VOG00232	1.6e-33	111.7
GCA_025728615___contig_11_25	VOG01036	1.7999999999999998e-33	112.2
GCA_029024925___contig_1_fragment_32_2437	VOG23090	2.3e-33	110.5
GCA_025728615___contig_11_4	VOG01394	2.3999999999999997e-33	111.3
GCA_029024925___contig_1_fragment_12_1098	VOG00785	4.099999999999999e-33	110.1
MP_ONT81___contig_1_fragment_4_545	VOG09746	4.5e-33	110.6
GCA_029024925___contig_1_fragment_22_1742	VOG00686	7.6e-33	110.5
GCA_029024925___contig_1_fragment_3_398	VOG10286	9.2e-33	109.7
MP_ONT81___contig_1_fragment_12_1229	VOG01162	9.599999999999999e-33	109.2
GCA_025728615___contig_11_24	VOG12256	1.1e-32	109.3
MP_ONT81___contig_1_fragment_15_1467	VOG01127	1.1999999999999999e-32	108.5
GCA_029024925___contig_1_fragment_32_2450	VOG00234	1.1999999999999999e-32	108.8
GCA_029024925___contig_1_fragment_23_1878	VOG00743	1.6e-32	108.2
GCA_029024925___contig_1_fragment_16_1332	VOG01033	1.7e-32	109.0
GCA_029024925___contig_1_fragment_12_1113	VOG10103	2.1e-32	107.6
MP_ONT81___contig_1_fragment_12_1194	VOG11403	2.7e-32	107.7
GCA_029024925___contig_1_fragment_22_1755	VOG10469	3.2e-32	108.2
GCA_029024925___contig_1_fragment_23_1873	VOG02632	3.7999999999999995e-32	107.3
GCA_029024925___contig_1_fragment_23_1916	VOG04233	3.9999999999999997e-32	105.7
GCA_029024925___contig_1_fragment_32_2447	VOG17045	4.2999999999999994e-32	106.2
GCA_029024925___contig_1_fragment_3_393	VOG17783	4.2999999999999994e-32	107.1
GCA_029024925___contig_1_fragment_23_1895	VOG00153	5.9e-32	107.0
GCA_029024925___contig_1_fragment_23_1868	VOG01708	6.5e-32	105.3
GCA_025728615___contig_11_3	VOG02632	1.3e-31	105.5
GCA_001047395___contig_3_fragment_6_838	VOG00065	2.1e-31	104.3
GCA_029024925___contig_1_fragment_23_1914	VOG18100	2.4e-31	103.1
GCA_001047395___contig_3_fragment_6_846	VOG00232	2.6e-31	104.4
GCA_001047395___contig_3_fragment_6_847	VOG09746	2.6e-31	104.8
MP_ONT81___contig_1_fragment_12_1214	VOG01397	7.1e-31	103.2
MP_ONT81___contig_1_fragment_12_1233	VOG00232	1.3e-30	102.1
GCA_029024925___contig_1_fragment_14_1193	VOG00385	1.5e-30	101.8
GCA_029024925___contig_1_fragment_22_1738	VOG11223	2.1e-30	101.4
GCA_029024925___contig_1_fragment_21_1619	VOG01702	3e-30	101.6
GCA_025728615___contig_11_11	VOG00186	3.1999999999999996e-30	101.3
GCA_029024925___contig_1_fragment_23_1902	VOG00234	3.3e-30	100.9
MP_ONT81___contig_1_fragment_4_546	VOG00232	3.4e-30	100.7
GCA_029024925___contig_1_fragment_26_2006	VOG20545	5.1e-30	100.4
GCA_029024925___contig_1_fragment_4_425	VOG00520	5.3000000000000004e-30	100.5
GCA_029024925___contig_1_fragment_22_1729	VOG00097	1.2e-29	99.6
MP_ONT81___contig_1_fragment_7_773	VOG07964	1.4e-29	99.0
MP_ONT81___contig_1_fragment_4_564	VOG01375	1.8000000000000002e-29	97.8
MP_ONT81___contig_1_fragment_14_1403	VOG00519	1.9e-29	99.0
GCA_029024925___contig_1_fragment_23_1864	VOG23031	1.9e-29	98.3
MP_ONT81___contig_1_fragment_12_1209	VOG00452	2.2e-29	98.6
GCA_029024925___contig_1_fragment_32_2468	VOG19008	2.6e-29	96.7
GCA_001047555___contig_10_fragment_2_20	VOG09038	3.8e-29	97.1
MP_ONT81___contig_1_fragment_12_1251	VOG20253	5.1e-29	96.9
GCA_025728675___contig_3_fragment_1_27	VOG20253	5.3e-29	96.8
GCA_001047395___contig_3_fragment_6_862	VOG20253	5.3e-29	96.8
GCA_001047395___contig_3_fragment_6_815	VOG00452	5.7e-29	97.3
GCA_029024925___contig_1_fragment_23_1904	VOG09910	6.4e-29	96.3
GCA_029024925___contig_1_fragment_21_1613	VOG03088	7.4e-29	96.6
GCA_029024925___contig_1_fragment_23_1915	VOG23105	8.3e-29	95.0
MP_ONT81___contig_1_fragment_4_537	VOG20253	8.3e-29	96.2
GCA_029024925___contig_1_fragment_22_1720	VOG02762	8.4e-29	96.2
MP_ONT81___contig_1_fragment_3_511	VOG02632	8.499999999999999e-29	96.2
MP_ONT81___contig_1_fragment_12_1220	VOG03165	9.400000000000001e-29	96.6
GCA_025728595___contig_15_5	VOG03165	9.400000000000001e-29	96.6
GCA_029024925___contig_1_fragment_21_1628	VOG17629	1.1999999999999999e-28	96.0
GCA_001047395___contig_3_fragment_6_822	VOG01397	2.9999999999999996e-28	94.7
GCA_029024925___contig_1_fragment_4_415	VOG00520	3.1e-28	94.7
GCA_025728595___contig_16_7	VOG23273	3.5e-28	94.1
GCA_001047395___contig_3_fragment_6_806	VOG23273	3.6000000000000003e-28	94.1
MP_ONT81___contig_1_fragment_3_500	VOG00459	4.2e-28	94.3
GCA_001047525___contig_7_fragment_1_100	VOG00459	4.2e-28	94.3
GCA_029024925___contig_1_fragment_2_379	VOG00758	1.1000000000000001e-27	93.3
GCA_029024925___contig_1_fragment_23_1875	VOG00446	1.1000000000000001e-27	93.0
GCA_001047395___contig_3_fragment_6_865	VOG04616	1.1000000000000001e-27	93.1
GCA_029024925___contig_1_fragment_2_366	VOG17783	1.1999999999999998e-27	92.5
GCA_025728675___contig_3_fragment_1_22	VOG14084	1.9e-27	91.5
GCA_001047395___contig_3_fragment_6_857	VOG14084	1.9e-27	91.5
GCA_029024925___contig_1_fragment_32_2422	VOG02762	1.9e-27	91.8
MP_ONT81___contig_1_fragment_4_581	VOG23273	2e-27	91.7
GCA_029024925___contig_1_fragment_32_2420	VOG15791	2.5999999999999998e-27	91.8
MP_ONT81___contig_1_fragment_14_1393	VOG09810	2.7e-27	92.4
GCA_001047525___contig_7_fragment_1_88	VOG02632	2.7e-27	91.2
GCA_029024925___contig_1_fragment_12_1108	VOG01394	3e-27	91.3
MP_ONT81___contig_1_fragment_14_1388	VOG23090	5.6e-27	90.0
GCA_029024925___contig_1_fragment_22_1757	VOG24783	6.8e-27	89.1
GCA_029024925___contig_1_fragment_23_1867	VOG01434	7.2e-27	90.0
GCA_029024925___contig_1_fragment_32_2463	VOG10469	7.9e-27	90.5
GCA_029024925___contig_1_fragment_23_1917	VOG03474	1.2e-26	88.6
GCA_001047395___contig_3_fragment_6_832	VOG00687	1.3e-26	89.2
MP_ONT81___contig_1_fragment_4_562	VOG00918	2e-26	88.3
MP_ONT81___contig_1_fragment_12_1200	VOG23273	2.3e-26	88.1
GCA_025728615___contig_11_7	VOG00743	2.6e-26	88.1
GCA_029024925___contig_1_fragment_23_1885	VOG00065	3e-26	87.7
GCA_029024925___contig_1_fragment_23_1881	VOG00283	3.4e-26	87.4
GCA_029024925___contig_1_fragment_22_1732	VOG01397	5.9e-26	87.1
GCA_029024925___contig_1_fragment_15_1306	VOG01191	7.3e-26	87.0
GCA_029024925___contig_1_fragment_2_370	VOG00041	1.0999999999999999e-25	86.7
MP_ONT81___contig_1_fragment_4_557	VOG09810	1.3e-25	86.8
MP_ONT81___contig_1_fragment_12_1223	VOG00687	1.3e-25	86.0
GCA_029024925___contig_1_fragment_12_1104	VOG00188	2.4e-25	85.3
MP_ONT81___contig_1_fragment_7_780	VOG09424	2.5000000000000003e-25	84.5
GCA_025728595___contig_15_2	VOG00687	2.7e-25	85.0
GCA_029024925___contig_1_fragment_33_2540	VOG00935	3.6e-25	84.5
GCA_029024925___contig_1_fragment_32_2454	VOG09757	3.7e-25	84.6
GCA_029024925___contig_1_fragment_22_1751	VOG00098	1.0000000000000001e-24	83.5
GCA_001047525___contig_7_fragment_2_136	VOG00935	1.3e-24	82.6
GCA_029024925___contig_1_fragment_23_1874	VOG01394	1.6e-24	82.4
MP_ONT81___contig_1_fragment_12_1235	VOG10469	1.8e-24	82.8
GCA_025728615___contig_11_10	VOG00283	1.8999999999999998e-24	81.8
MP_ONT81___contig_1_fragment_4_566	VOG01483	2.9e-24	81.9
GCA_029024925___contig_1_fragment_32_2442	VOG09810	3.3e-24	82.2
GCA_025728675___contig_3_fragment_1_1	VOG00188	3.7e-24	81.4
GCA_001047395___contig_3_fragment_6_842	VOG00098	7.000000000000001e-24	80.8
MP_ONT81___contig_1_fragment_14_1402	VOG03001	9.1e-24	79.2
MP_ONT81___contig_1_fragment_4_554	VOG00188	2.1e-23	79.0
GCA_025728615___contig_11_5	VOG01394	2.6e-23	78.5
MP_ONT81___contig_1_fragment_3_509	VOG00446	4.0999999999999997e-23	78.1
GCA_001047525___contig_7_fragment_1_90	VOG00446	4.0999999999999997e-23	78.1
GCA_029024925___contig_1_fragment_3_385	VOG17662	5.9e-23	77.0
GCA_001047395___contig_3_fragment_6_837	VOG00188	6.6e-23	77.4
GCA_001047395___contig_3_fragment_6_824	VOG03575	7.5e-23	77.0
GCA_029024925___contig_1_fragment_33_2539	VOG20545	7.700000000000001e-23	76.6
GCA_025728595___contig_15_9	VOG03575	1.6e-22	76.0
MP_ONT81___contig_1_fragment_12_1216	VOG03575	1.6e-22	76.0
GCA_029024925___contig_1_fragment_12_1109	VOG20055	3.9999999999999997e-22	73.4
GCA_029024925___contig_1_fragment_23_1887	VOG04882	6.7e-22	73.6
GCA_025728615___contig_11_8	VOG00973	1.0000000000000001e-21	73.6
GCA_001047395___contig_3_fragment_6_833	VOG00962	1.2e-21	73.2
GCA_029024925___contig_1_fragment_22_1718	VOG04462	2.0000000000000002e-21	72.6
GCA_029024925___contig_1_fragment_32_2436	VOG23091	2.0999999999999997e-21	72.3
MP_ONT81___contig_1_fragment_12_1224	VOG00962	2.3e-21	72.3
GCA_029024925___contig_1_fragment_32_2475	VOG00806	2.4e-21	71.6
GCA_029024925___contig_1_fragment_22_1735	VOG15361	3.4999999999999996e-21	71.5
GCA_025728615___contig_11_19	VOG00188	4.1e-21	71.6
GCA_029024925___contig_1_fragment_14_1188	VOG04462	4.9e-21	71.4
GCA_001047395___contig_3_fragment_6_830	VOG09810	5.0000000000000005e-21	71.7
GCA_029024925___contig_1_fragment_22_1727	VOG13479	1.0000000000000001e-20	69.9
MP_ONT81___contig_1_fragment_14_1376	VOG01434	2.7e-20	68.7
GCA_025728595___contig_15_1	VOG00962	3.1e-20	68.6
MP_ONT81___contig_1_fragment_4_580	VOG01434	5.2000000000000005e-20	67.8
MP_ONT81___contig_1_fragment_3_503	VOG00188	5.2999999999999996e-20	68.0
GCA_025728615___contig_11_17	VOG02869	5.2999999999999996e-20	68.7
GCA_029024925___contig_1_fragment_32_2464	VOG24783	6.1e-20	66.9
GCA_029024925___contig_1_fragment_22_1747	VOG02885	6.1e-20	67.5
GCA_029024925___contig_1_fragment_32_2418	VOG04462	6.400000000000001e-20	67.7
GCA_001047525___contig_7_fragment_1_78	VOG01434	6.6e-20	67.5
MP_ONT81___contig_1_fragment_3_519	VOG01434	6.6e-20	67.5
GCA_029024925___contig_1_fragment_32_2429	VOG13479	7.099999999999999e-20	67.1
MP_ONT81___contig_1_fragment_14_1415	VOG00361	1.4e-19	66.7
MP_ONT81___contig_1_fragment_12_1198	VOG14226	1.5e-19	65.6
GCA_029024925___contig_1_fragment_23_1909	VOG21265	1.6999999999999999e-19	65.8
GCA_029024925___contig_1_fragment_22_1754	VOG01605	2.2000000000000003e-19	65.8
MP_ONT81___contig_1_fragment_14_1395	VOG00679	2.5999999999999996e-19	65.4
GCA_025728595___contig_16_1	VOG14226	3e-19	64.6
GCA_025728595___contig_16_8	VOG01434	3.2000000000000003e-19	65.3
GCA_001047395___contig_3_fragment_6_807	VOG01434	3.2000000000000003e-19	65.3
MP_ONT81___contig_1_fragment_12_1201	VOG01434	3.6e-19	65.1
GCA_001047525___contig_7_fragment_1_92	VOG00743	3.8e-19	65.0
MP_ONT81___contig_1_fragment_3_507	VOG00743	3.8e-19	65.0
GCA_001047395___contig_3_fragment_3_338	VOG01833	7.6e-19	64.2
GCA_001047525___contig_4_fragment_1_51	VOG01833	7.6e-19	64.2
MP_ONT81___contig_1_fragment_13_1354	VOG01833	7.8e-19	64.2
GCA_029024925___contig_1_fragment_12_1107	VOG00446	1.5e-18	63.1
MP_LCAL0054___contig_2_fragment_2_107	VOG00098	1.7000000000000002e-18	63.3
GCA_029024925___contig_1_fragment_22_1767	VOG02771	2.9e-18	62.6
MP_ONT81___contig_1_fragment_4_587	VOG14226	3e-18	61.4
GCA_029024925___contig_1_fragment_23_1866	VOG22709	6.1e-18	60.8
MP_ONT81___contig_1_fragment_14_1405	VOG00399	6.7000000000000006e-18	60.6
GCA_029024925___contig_1_fragment_28_2117	VOG02771	6.800000000000001e-18	61.4
GCA_029024925___contig_1_fragment_32_2433	VOG23093	1.3e-17	59.8
MP_ONT81___contig_1_fragment_14_1414	VOG02771	1.3e-17	60.5
GCA_029024925___contig_1_fragment_12_1099	VOG02771	1.6e-17	60.2
GCA_029024925___contig_1_fragment_22_1719	VOG22709	1.7000000000000002e-17	59.4
MP_ONT81___contig_1_fragment_14_1392	VOG00236	1.8e-17	59.8
GCA_001047525___contig_4_fragment_4_432	VOG04176	2.1e-17	59.3
GCA_001047395___contig_3_fragment_5_717	VOG04176	2.1e-17	59.3
MP_ONT81___contig_1_fragment_15_1466	VOG00051	2.2e-17	59.1
MP_ONT81___contig_1_fragment_12_1217	VOG00066	2.4e-17	58.9
GCA_025728595___contig_15_8	VOG00066	2.4e-17	58.9
GCA_025728595___contig_16_10	VOG00146	3.8e-17	57.6
GCA_001047395___contig_3_fragment_6_809	VOG00146	3.8e-17	57.6
GCA_029024925___contig_1_fragment_32_2446	VOG01162	4.4e-17	58.4
GCA_029024925___contig_1_fragment_22_1768	VOG00361	6.2e-17	58.0
MP_ONT81___contig_1_fragment_12_1203	VOG00146	7.6e-17	56.6
MP_ONT81___contig_1_fragment_4_578	VOG00146	7.700000000000001e-17	56.6
GCA_029024925___contig_1_fragment_4_443	VOG00520	7.700000000000001e-17	57.1
GCA_029024925___contig_1_fragment_20_1604	VOG17662	9.6e-17	56.5
GCA_029024925___contig_1_fragment_21_1623	VOG10140	1.1000000000000001e-16	56.6
MP_ONT81___contig_1_fragment_4_553	VOG19011	1.2e-16	56.6
GCA_029024925___contig_1_fragment_23_1884	VOG02615	1.2e-16	57.9
GCA_029024925___contig_1_fragment_32_2438	VOG23089	2.1e-16	56.0
GCA_029024925___contig_1_fragment_23_1879	VOG00973	2.7e-16	56.1
GCA_029024925___contig_1_fragment_14_1195	VOG02771	3.6000000000000003e-16	55.8
MP_LCAL0054___contig_2_fragment_2_100	VOG00806	3.9e-16	54.3
GCA_029024925___contig_1_fragment_26_2010	VOG00004	4.2e-16	54.9
GCA_025728615___contig_11_13	VOG02615	4.5e-16	56.1
GCA_029024925___contig_1_fragment_32_2444	VOG00559	4.8e-16	55.2
GCA_029024925___contig_1_fragment_32_2431	VOG00097	4.900000000000001e-16	55.0
GCA_029024925___contig_1_fragment_12_1105	VOG00743	7.4e-16	54.3
GCA_029024925___contig_1_fragment_15_1311	VOG01592	8e-16	54.0
MP_ONT81___contig_1_fragment_14_1397	VOG00188	8.699999999999999e-16	54.3
GCA_029024925___contig_1_fragment_2_373	VOG22616	1.2e-15	53.4
GCA_029024925___contig_1_fragment_23_1920	VOG01385	1.3e-15	53.3
GCA_029024925___contig_1_fragment_22_1763	VOG01520	1.4e-15	53.3
MP_ONT81___contig_1_fragment_14_1387	VOG23091	2.1e-15	53.0
GCA_001047555___contig_10_fragment_2_22	VOG02771	3e-15	52.8
GCA_029024925___contig_1_fragment_19_1589	VOG00449	4.2e-15	51.7
MP_ONT81___contig_1_fragment_14_1389	VOG23089	5.5e-15	51.4
GCA_029024925___contig_1_fragment_22_1734	VOG00239	7.6e-15	51.1
GCA_029024925___contig_1_fragment_12_1106	VOG00149	8.2e-15	51.0
GCA_029024925___contig_1_fragment_32_2435	VOG23092	1.2e-14	50.5
GCA_029024925___contig_1_fragment_26_2011	VOG02771	1.3999999999999999e-14	50.7
GCA_025728595___contig_15_7	VOG00181	1.5e-14	49.8
MP_ONT81___contig_1_fragment_12_1218	VOG00181	1.5e-14	49.8
GCA_029024925___contig_1_fragment_32_2470	VOG02771	1.7e-14	50.4
GCA_001047395___contig_3_fragment_6_801	VOG14094	2e-14	49.6
GCA_001047395___contig_3_fragment_6_826	VOG00181	2.2e-14	49.2
GCA_001047555___contig_10_fragment_1_8	VOG03824	4e-14	48.6
GCA_025728595___contig_16_6	VOG14094	5.700000000000001e-14	48.1
GCA_029024925___contig_1_fragment_2_380	VOG00449	8.100000000000001e-14	47.6
GCA_029024925___contig_1_fragment_12_1100	VOG01042	9.6e-14	47.2
GCA_001047525___contig_7_fragment_2_133	VOG20545	1.1e-13	46.3
MP_ONT81___contig_1_fragment_12_1202	VOG00192	1.2e-13	47.1
GCA_001047395___contig_3_fragment_6_802	VOG17718	1.3e-13	47.0
GCA_029024925___contig_1_fragment_22_1722	VOG00146	1.4e-13	46.2
MP_ONT81___contig_1_fragment_14_1377	VOG00192	2.1e-13	46.2
GCA_029024925___contig_1_fragment_32_2424	VOG00146	2.1e-13	45.6
GCA_029024925___contig_1_fragment_20_1601	VOG09424	2.5e-13	44.8
MP_ONT81___contig_1_fragment_4_579	VOG00192	3.2e-13	45.7
GCA_029024925___contig_1_fragment_32_2441	VOG00236	4.9e-13	45.1
GCA_029024925___contig_1_fragment_10_792	VOG02504	9.8e-13	44.0
MP_LCAL0054___contig_2_fragment_2_97	VOG01073	1.1e-12	43.4
GCA_029024925___contig_1_fragment_3_388	VOG00487	1.2e-12	43.5
GCA_029024925___contig_1_fragment_32_2471	VOG00361	1.3000000000000001e-12	43.7
GCA_029024925___contig_1_fragment_21_1629	VOG01473	1.3999999999999999e-12	42.8
MP_ONT81___contig_1_fragment_4_567	VOG00045	1.4999999999999999e-12	43.5
MP_ONT81___contig_1_fragment_4_561	VOG00241	1.8000000000000002e-12	43.1
GCA_029024925___contig_1_fragment_10_779	VOG01073	2e-12	42.6
GCA_001047525___contig_7_fragment_2_130	VOG15510	2e-12	42.9
GCA_001047395___contig_3_fragment_6_868	VOG02771	2.2e-12	43.5
MP_ONT81___contig_1_fragment_4_568	VOG01238	3.6000000000000004e-12	42.7
MP_ONT81___contig_1_fragment_12_1227	VOG01156	3.9e-12	42.3
GCA_001047525___contig_7_fragment_1_97	VOG00188	4e-12	42.4
GCA_029024925___contig_1_fragment_3_386	VOG17662	4.4e-12	41.2
MP_ONT81___contig_1_fragment_14_1385	VOG01397	9.1e-12	40.9
GCA_001047525___contig_7_fragment_1_85	VOG21997	1.1e-11	40.3
MP_ONT81___contig_1_fragment_4_538	VOG02771	2.0000000000000002e-11	40.4
MP_ONT81___contig_1_fragment_14_1386	VOG00973	2.5e-11	40.0
MP_BCQMy223___contig_1_fragment_14_1461	VOG17046	0.0	1197.0
MP_BCQMy223___contig_1_fragment_4_356	VOG03262	4.599999999999997e-275	910.3
GCA_001047445___contig_8_fragment_1_58	VOG03262	4.599999999999997e-275	910.3
GCA_004001225___contig_1_fragment_3_331	VOG03262	4.599999999999997e-275	910.3
MP_ONT143___contig_1_fragment_13_1345	VOG03262	4.599999999999997e-275	910.3
MP_ONT143___contig_1_fragment_1_74	VOG24298	9.499999999999997e-170	562.3
GCA_025728635___contig_21_20	VOG24298	3.5999999999999986e-161	533.9
MP_BCQMy223___contig_1_fragment_14_1464	VOG02949	2.6999999999999996e-154	510.1
GCA_001047445___contig_7_fragment_6_365	VOG00639	2.8999999999999996e-143	474.1
MP_BCQMy223___contig_1_fragment_15_1529	VOG00120	7.999999999999998e-141	466.7
MP_ONT143___contig_1_fragment_15_1465	VOG00120	7.999999999999998e-141	466.7
MP_ONT143___contig_1_fragment_4_567	VOG00824	1.9999999999999995e-121	403.0
MP_BCQMy223___contig_1_fragment_12_1202	VOG00824	1.9999999999999995e-121	403.0
GCA_025728645___contig_11_fragment_1_1	VOG00824	1.4999999999999995e-120	400.2
GCA_004001225___contig_1_fragment_9_1165	VOG00824	1.1999999999999998e-112	374.0
GCA_001047445___contig_7_fragment_5_309	VOG00824	1.1999999999999998e-112	374.0
MP_BCQMy223___contig_1_fragment_3_305	VOG00674	6.5e-109	361.1
MP_ONT143___contig_1_fragment_14_1396	VOG00674	6.5e-109	361.1
MP_BCQMy223___contig_1_fragment_14_1465	VOG10295	1.4999999999999995e-107	354.5
MP_ONT143___contig_1_fragment_1_73	VOG00674	2.6999999999999994e-107	355.8
GCA_025728635___contig_21_22	VOG00674	6.299999999999998e-106	351.3
GCA_001047445___contig_7_fragment_2_171	VOG00029	7.4e-102	338.0
GCA_001047515___contig_16_fragment_2_90	VOG00029	7.4e-102	338.0
GCA_004001225___contig_1_fragment_12_1302	VOG00029	9.999999999999999e-102	337.5
MP_BCQMy223___contig_1_fragment_14_1469	VOG00461	3.699999999999999e-101	335.8
GCA_001047445___contig_7_fragment_6_355	VOG10295	1.0999999999999998e-92	305.8
MP_BCQMy223___contig_1_fragment_15_1530	VOG00398	5.299999999999999e-90	297.6
MP_ONT143___contig_1_fragment_15_1466	VOG00398	5.299999999999999e-90	297.6
GCA_001047445___contig_8_fragment_3_185	VOG13487	8.9e-90	298.0
MP_ONT143___contig_1_fragment_1_85	VOG13487	8.9e-90	298.0
MP_BCQMy223___contig_1_fragment_5_485	VOG13487	9.7e-90	297.9
MP_ONT143___contig_1_fragment_12_1220	VOG13487	9.7e-90	297.9
MP_BCQMy223___contig_1_fragment_11_1142	VOG13487	1.7e-89	297.1
GCA_001047465___contig_10_fragment_1_38	VOG13487	1.7e-89	297.1
GCA_004001225___contig_1_fragment_6_816	VOG13487	1.7e-89	297.1
MP_ONT143___contig_1_fragment_12_1193	VOG05099	1.1999999999999997e-85	283.1
MP_BCQMy223___contig_1_fragment_5_493	VOG04056	2e-81	270.5
MP_ONT143___contig_1_fragment_12_1212	VOG04056	2e-81	270.5
GCA_025728635___contig_21_16	VOG00381	9.199999999999998e-80	264.5
GCA_025728635___contig_21_1	VOG00824	2.7999999999999996e-77	257.1
GCA_001047445___contig_7_fragment_6_367	VOG01829	1.6999999999999996e-76	254.0
GCA_025728635___contig_21_15	VOG00213	1e-75	251.5
GCA_001047445___contig_8_fragment_3_182	VOG04497	1.0999999999999999e-74	247.2
MP_BCQMy223___contig_1_fragment_5_482	VOG04497	1.0999999999999999e-74	247.2
MP_ONT143___contig_1_fragment_1_82	VOG04497	4.099999999999999e-74	245.3
MP_ONT143___contig_1_fragment_12_1223	VOG04497	4.099999999999999e-74	245.3
MP_BCQMy223___contig_1_fragment_11_1145	VOG04497	5.9999999999999986e-74	244.7
MP_BCQMy223___contig_1_fragment_3_323	VOG00824	7.199999999999999e-73	242.5
MP_ONT143___contig_1_fragment_14_1378	VOG00824	7.199999999999999e-73	242.5
MP_BCQMy223___contig_1_fragment_3_298	VOG00523	9.199999999999998e-73	241.8
MP_ONT143___contig_1_fragment_14_1403	VOG00523	9.199999999999998e-73	241.8
GCA_004001225___contig_1_fragment_6_858	VOG00041	9.899999999999999e-71	235.0
GCA_001047465___contig_10_fragment_1_80	VOG00041	9.899999999999999e-71	235.0
MP_ONT143___contig_1_fragment_1_94	VOG04056	1.2999999999999998e-70	234.7
MP_BCQMy223___contig_1_fragment_11_1134	VOG04056	1.6999999999999997e-70	234.3
MP_BCQMy223___contig_1_fragment_14_1479	VOG00041	2.2999999999999996e-68	227.3
GCA_004001225___contig_1_fragment_6_807	VOG21220	5.799999999999999e-68	226.0
GCA_001047465___contig_10_fragment_1_29	VOG21220	2.0999999999999995e-67	224.1
MP_BCQMy223___contig_1_fragment_14_1455	VOG00381	9.999999999999998e-67	221.5
MP_ONT143___contig_1_fragment_14_1395	VOG00724	2.899999999999999e-66	220.6
MP_BCQMy223___contig_1_fragment_3_306	VOG00724	2.899999999999999e-66	220.6
GCA_001047465___contig_10_fragment_1_28	VOG04056	3.4999999999999995e-66	219.9
GCA_004001225___contig_1_fragment_6_806	VOG04056	3.4999999999999995e-66	219.9
MP_BCQMy223___contig_1_fragment_14_1454	VOG00213	1.3999999999999998e-65	218.0
MP_ONT143___contig_1_fragment_14_1414	VOG00041	2.1999999999999998e-65	217.4
GCA_025728635___contig_19_fragment_1_8	VOG00041	2.1999999999999998e-65	217.4
MP_BCQMy223___contig_1_fragment_3_287	VOG00041	2.1999999999999998e-65	217.4
MP_ONT143___contig_1_fragment_12_1235	VOG01757	1.8e-64	214.4
MP_ONT143___contig_1_fragment_1_53	VOG00041	3.299999999999999e-64	213.6
GCA_001047515___contig_16_fragment_1_76	VOG00084	1.8999999999999998e-63	211.4
GCA_001047445___contig_7_fragment_3_185	VOG00084	1.8999999999999998e-63	211.4
GCA_001047445___contig_7_fragment_6_382	VOG00183	1.9999999999999996e-63	210.1
GCA_001047445___contig_7_fragment_6_336	VOG00520	2.9e-63	210.5
GCA_001047445___contig_8_fragment_3_157	VOG00041	1.0999999999999999e-61	205.3
MP_BCQMy223___contig_1_fragment_5_450	VOG00041	4e-61	203.4
MP_ONT143___contig_1_fragment_12_1251	VOG00041	4e-61	203.4
GCA_001047445___contig_7_fragment_6_383	VOG01075	7.4e-57	188.7
GCA_025728635___contig_21_14	VOG00686	2e-56	188.4
GCA_004001225___contig_1_fragment_12_1301	VOG02151	2.0999999999999996e-56	187.6
GCA_001047515___contig_16_fragment_2_89	VOG02151	2.0999999999999996e-56	187.6
GCA_001047445___contig_7_fragment_5_318	VOG02574	3.8999999999999997e-56	186.9
GCA_004001225___contig_1_fragment_9_1156	VOG02574	4e-56	186.8
MP_BCQMy223___contig_1_fragment_12_1195	VOG02574	4e-56	186.8
MP_ONT143___contig_1_fragment_4_574	VOG02574	4e-56	186.8
GCA_004001225___contig_1_fragment_13_1407	VOG05855	1.1999999999999998e-55	184.9
GCA_001047445___contig_7_fragment_1_64	VOG05855	1.3e-55	184.8
GCA_001047515___contig_16_fragment_3_197	VOG05855	1.3e-55	184.8
MP_ONT143___contig_1_fragment_14_1372	VOG02574	6.999999999999999e-55	182.8
MP_BCQMy223___contig_1_fragment_3_329	VOG02574	6.999999999999999e-55	182.8
GCA_001047445___contig_7_fragment_6_384	VOG00452	9.199999999999999e-55	182.7
MP_BCQMy223___contig_1_fragment_14_1466	VOG10294	9.999999999999999e-55	180.2
GCA_001047445___contig_7_fragment_5_311	VOG13479	3.8e-54	179.9
MP_ONT143___contig_1_fragment_4_568	VOG13479	1e-53	178.6
MP_BCQMy223___contig_1_fragment_12_1201	VOG13479	1e-53	178.6
GCA_004001225___contig_1_fragment_9_1163	VOG13479	1.7e-53	177.8
MP_BCQMy223___contig_1_fragment_11_1118	VOG00041	5e-53	176.8
MP_BCQMy223___contig_1_fragment_5_472	VOG21431	1.4999999999999998e-52	174.5
GCA_001047445___contig_8_fragment_3_172	VOG21431	1.4999999999999998e-52	174.5
MP_BCQMy223___contig_1_fragment_14_1468	VOG00519	1.6999999999999997e-52	174.7
MP_ONT143___contig_1_fragment_14_1377	VOG13479	1.8999999999999998e-52	174.4
MP_BCQMy223___contig_1_fragment_3_324	VOG13479	1.8999999999999998e-52	174.4
MP_BCQMy223___contig_1_fragment_14_1442	VOG03140	4.1999999999999997e-50	166.3
GCA_004001225___contig_1_fragment_6_832	VOG00404	7.4e-50	165.2
GCA_001047465___contig_10_fragment_1_53	VOG00404	7.4e-50	165.2
GCA_004001225___contig_1_fragment_5_707	VOG03321	1.4000000000000002e-49	164.7
GCA_001047555___contig_6_fragment_3_439	VOG03321	1.4000000000000002e-49	164.7
MP_BCQMy223___contig_1_fragment_5_474	VOG00404	1.5e-48	161.0
GCA_001047445___contig_8_fragment_3_174	VOG00404	2e-48	160.6
MP_ONT143___contig_1_fragment_12_1231	VOG00404	2.5e-48	160.3
MP_BCQMy223___contig_1_fragment_11_1152	VOG00404	9.400000000000001e-48	158.4
MP_ONT143___contig_1_fragment_12_1236	VOG11084	3.1e-47	156.6
GCA_001047465___contig_10_fragment_1_58	VOG11084	3.5e-47	156.4
GCA_004001225___contig_1_fragment_6_837	VOG11084	3.5e-47	156.4
MP_BCQMy223___contig_1_fragment_5_455	VOG10124	5.9e-46	153.3
GCA_025728635___contig_21_12	VOG00633	1.1e-45	152.9
GCA_001047445___contig_7_fragment_6_341	VOG10124	1.1e-45	152.4
MP_ONT143___contig_1_fragment_1_58	VOG10124	1.8e-45	151.8
MP_BCQMy223___contig_1_fragment_14_1453	VOG00686	5.7e-45	150.7
GCA_001047555___contig_6_fragment_3_442	VOG12515	8.900000000000001e-44	145.5
GCA_004001225___contig_1_fragment_5_710	VOG12515	8.900000000000001e-44	145.5
MP_BCQMy223___contig_1_fragment_11_1157	VOG11084	9.099999999999999e-44	145.3
GCA_001047445___contig_7_fragment_6_354	VOG10294	1.1e-43	144.6
GCA_025728635___contig_21_6	VOG00149	1.6999999999999998e-43	144.6
GCA_001047445___contig_7_fragment_6_381	VOG21220	2.2e-42	141.4
MP_BCQMy223___contig_1_fragment_1_61	VOG09023	1.1999999999999999e-41	138.3
MP_ONT143___contig_1_fragment_12_1239	VOG02181	1.3e-41	138.6
GCA_001047465___contig_10_fragment_1_71	VOG10124	1.7e-41	138.8
GCA_004001225___contig_1_fragment_6_849	VOG10124	3.4e-41	137.8
GCA_025728645___contig_11_fragment_1_6	VOG00149	5.8e-41	136.4
MP_ONT143___contig_1_fragment_4_562	VOG00149	1.1e-40	135.5
MP_BCQMy223___contig_1_fragment_12_1207	VOG00149	1.1e-40	135.5
GCA_025728695___contig_140_2	VOG00149	1.1e-40	135.5
GCA_025728595___contig_1_fragment_2_258	VOG00149	1.1e-40	135.5
GCA_001047445___contig_7_fragment_5_304	VOG00149	1.6e-40	135.0
GCA_001047445___contig_7_fragment_2_162	VOG09038	3.2e-40	134.0
GCA_004001225___contig_1_fragment_3_323	VOG00126	4.1e-40	134.5
GCA_001047445___contig_8_fragment_1_50	VOG00126	4.1e-40	134.5
MP_BCQMy223___contig_1_fragment_4_348	VOG00126	4.1e-40	134.5
MP_ONT143___contig_1_fragment_13_1353	VOG00126	4.1e-40	134.5
GCA_001047445___contig_8_fragment_3_159	VOG03321	4.4e-40	133.7
MP_BCQMy223___contig_1_fragment_5_452	VOG03321	4.4e-40	133.7
GCA_004001225___contig_1_fragment_9_1170	VOG00149	1.6999999999999996e-39	131.6
MP_BCQMy223___contig_1_fragment_4_355	VOG00313	3.9e-39	131.1
MP_ONT143___contig_1_fragment_13_1346	VOG00313	3.9e-39	131.1
GCA_001047445___contig_8_fragment_1_57	VOG00313	4.2e-39	131.1
GCA_004001225___contig_1_fragment_3_330	VOG00313	4.2e-39	131.1
MP_ONT143___contig_1_fragment_14_1388	VOG03165	5.4e-39	130.4
MP_BCQMy223___contig_1_fragment_3_313	VOG03165	5.4e-39	130.4
GCA_001047525___contig_2_12	VOG10286	7.4e-39	130.0
GCA_001047395___contig_1_13	VOG10286	7.4e-39	130.0
MP_BCQMy223___contig_3_13	VOG10286	7.4e-39	130.0
MP_BCQMy225___contig_3_13	VOG10286	7.4e-39	130.0
GCA_025728595___contig_1_fragment_2_247	VOG00385	2.2e-38	128.1
GCA_025728645___contig_11_fragment_1_17	VOG00385	2.2e-38	128.1
MP_BCQMy223___contig_1_fragment_12_1218	VOG00385	2.2e-38	128.1
MP_ONT143___contig_1_fragment_4_551	VOG00385	2.2e-38	128.1
GCA_025728635___contig_21_23	VOG24297	2.3999999999999997e-38	128.2
MP_BCQMy223___contig_1_fragment_14_1456	VOG02869	3.1e-38	128.4
MP_ONT143___contig_1_fragment_1_54	VOG02135	3.1e-38	127.7
GCA_004001225___contig_1_fragment_9_1182	VOG00385	3.2e-38	127.6
GCA_001047445___contig_7_fragment_5_292	VOG00385	3.2e-38	127.6
MP_ONT143___contig_1_fragment_1_72	VOG24297	5.4e-38	127.0
MP_BCQMy223___contig_1_fragment_11_1144	VOG00236	1.8e-37	125.8
MP_BCQMy223___contig_1_fragment_5_494	VOG01075	3.1e-37	124.4
MP_ONT143___contig_1_fragment_12_1211	VOG01075	3.1e-37	124.4
MP_ONT143___contig_1_fragment_1_95	VOG01075	8.899999999999999e-37	122.9
GCA_001047445___contig_7_fragment_6_386	VOG18935	1.1e-36	122.8
GCA_001047465___contig_10_fragment_1_39	VOG03165	1.1999999999999998e-36	122.7
GCA_004001225___contig_1_fragment_6_817	VOG03165	1.1999999999999998e-36	122.7
GCA_004001225___contig_1_fragment_6_805	VOG01075	1.8e-36	121.8
MP_BCQMy223___contig_1_fragment_11_1133	VOG01075	1.8e-36	121.8
GCA_001047465___contig_10_fragment_1_27	VOG01075	1.8e-36	121.8
MP_ONT143___contig_1_fragment_1_99	VOG18935	2.2e-36	121.9
MP_BCQMy223___contig_1_fragment_5_498	VOG18935	2.2e-36	121.9
MP_ONT143___contig_1_fragment_12_1207	VOG18935	2.2e-36	121.9
GCA_025728635___contig_19_fragment_1_7	VOG03321	2.5e-36	121.5
MP_BCQMy223___contig_1_fragment_3_288	VOG03321	2.5e-36	121.5
MP_ONT143___contig_1_fragment_14_1413	VOG03321	2.5e-36	121.5
GCA_004001225___contig_1_fragment_6_859	VOG00385	2.6e-36	121.2
GCA_001047465___contig_10_fragment_1_81	VOG00385	2.6e-36	121.2
MP_ONT143___contig_1_fragment_12_1221	VOG03165	2.9999999999999995e-36	121.5
MP_ONT143___contig_1_fragment_1_64	VOG02181	4.2e-36	120.6
MP_BCQMy223___contig_1_fragment_5_458	VOG00572	4.2e-36	120.9
MP_BCQMy223___contig_1_fragment_11_1143	VOG03165	5.9e-36	120.5
MP_BCQMy223___contig_1_fragment_5_483	VOG00236	8.4e-36	120.3
MP_ONT143___contig_1_fragment_1_69	VOG01036	8.699999999999999e-36	120.0
MP_BCQMy223___contig_1_fragment_11_1156	VOG09746	1.1e-35	119.3
MP_BCQMy223___contig_1_fragment_14_1440	VOG21441	1.2999999999999998e-35	118.9
MP_ONT143___contig_1_fragment_12_1222	VOG00236	2.0999999999999997e-35	119.0
GCA_025728595___contig_1_fragment_2_260	VOG01394	2.0999999999999997e-35	118.3
MP_ONT143___contig_1_fragment_4_564	VOG01394	2.0999999999999997e-35	118.3
MP_BCQMy223___contig_1_fragment_12_1205	VOG01394	2.0999999999999997e-35	118.3
GCA_001047465___contig_10_fragment_1_23	VOG18935	2.0999999999999997e-35	118.6
MP_BCQMy223___contig_1_fragment_11_1129	VOG18935	2.0999999999999997e-35	118.6
GCA_025728645___contig_11_fragment_1_4	VOG01394	2.0999999999999997e-35	118.3
GCA_004001225___contig_1_fragment_9_1168	VOG01394	2.2e-35	118.3
GCA_001047445___contig_7_fragment_5_306	VOG01394	2.2e-35	118.3
GCA_001047445___contig_7_fragment_5_308	VOG00097	3.7e-35	118.0
GCA_004001225___contig_1_fragment_9_1166	VOG00097	3.7e-35	118.0
GCA_001047445___contig_8_fragment_3_170	VOG00690	3.7e-35	117.9
MP_BCQMy223___contig_1_fragment_5_470	VOG00690	3.7e-35	117.9
MP_BCQMy223___contig_1_fragment_3_321	VOG02333	6.4e-35	117.1
MP_ONT143___contig_1_fragment_14_1380	VOG02333	6.4e-35	117.1
GCA_025728645___contig_11_fragment_1_2	VOG00097	6.5e-35	117.2
MP_BCQMy223___contig_1_fragment_12_1203	VOG00097	6.5e-35	117.2
MP_ONT143___contig_1_fragment_4_566	VOG00097	6.5e-35	117.2
GCA_001047445___contig_8_fragment_3_183	VOG00236	8.3e-35	117.0
MP_ONT143___contig_1_fragment_1_83	VOG00236	8.3e-35	117.0
MP_ONT143___contig_1_fragment_14_1387	VOG00633	1e-34	116.8
MP_BCQMy223___contig_1_fragment_3_314	VOG00633	1e-34	116.8
MP_ONT143___contig_1_fragment_12_1242	VOG00572	1.4999999999999998e-34	115.8
MP_BCQMy223___contig_1_fragment_5_462	VOG00572	1.4999999999999998e-34	115.8
GCA_004001225___contig_1_fragment_6_818	VOG00236	2e-34	115.8
GCA_001047465___contig_10_fragment_1_40	VOG00236	2e-34	115.8
GCA_004001225___contig_1_fragment_3_329	VOG14097	2.1e-34	115.0
GCA_001047445___contig_8_fragment_1_56	VOG14097	2.1e-34	115.0
MP_BCQMy223___contig_1_fragment_4_354	VOG14097	2.1e-34	115.0
MP_ONT143___contig_1_fragment_13_1347	VOG14097	2.1e-34	115.0
GCA_004001225___contig_1_fragment_13_1399	VOG01181	2.2000000000000003e-34	115.7
GCA_001047515___contig_16_fragment_3_189	VOG01181	2.2000000000000003e-34	115.7
GCA_001047445___contig_7_fragment_1_72	VOG01181	2.2000000000000003e-34	115.7
GCA_001047395___contig_1_7	VOG00520	2.5e-34	115.1
GCA_001047525___contig_2_4	VOG00520	2.5e-34	115.1
MP_BCQMy223___contig_3_7	VOG00520	2.5e-34	115.1
MP_BCQMy225___contig_3_7	VOG00520	2.5e-34	115.1
GCA_025728635___contig_21_2	VOG00097	3.1e-34	114.9
GCA_001047445___contig_8_fragment_3_175	VOG01162	5.999999999999999e-34	113.4
GCA_001047465___contig_10_fragment_1_55	VOG21431	7.2e-34	113.3
GCA_004001225___contig_1_fragment_6_834	VOG21431	7.2e-34	113.3
GCA_025728595___contig_1_fragment_2_262	VOG00097	7.8e-34	113.6
GCA_001047445___contig_8_fragment_3_162	VOG00572	8.900000000000001e-34	113.2
GCA_025728635___contig_21_9	VOG01134	1.1999999999999998e-33	111.6
GCA_004001225___contig_1_fragment_6_820	VOG04497	1.6e-33	112.4
GCA_001047465___contig_10_fragment_1_42	VOG04497	1.6e-33	112.4
MP_ONT143___contig_1_fragment_12_1230	VOG01162	1.7999999999999998e-33	111.8
GCA_025728635___contig_21_25	VOG01036	2.2e-33	112.2
GCA_001047445___contig_7_fragment_6_347	VOG00690	2.4999999999999998e-33	111.9
GCA_025728635___contig_21_4	VOG01394	2.9999999999999998e-33	111.3
MP_ONT143___contig_1_fragment_12_1233	VOG21431	5.4e-33	110.4
MP_BCQMy223___contig_1_fragment_11_1151	VOG01162	1.1e-32	109.4
MP_BCQMy223___contig_1_fragment_5_475	VOG01162	1.1999999999999999e-32	109.2
MP_ONT143___contig_1_fragment_15_1464	VOG01127	1.4e-32	108.5
MP_BCQMy223___contig_1_fragment_15_1528	VOG01127	1.4e-32	108.5
GCA_025728635___contig_21_24	VOG12256	1.4e-32	109.3
MP_ONT143___contig_1_fragment_1_71	VOG12256	1.6e-32	109.0
MP_BCQMy223___contig_1_fragment_14_1458	VOG17047	3e-32	106.5
MP_BCQMy223___contig_1_fragment_11_1137	VOG01397	3.1e-32	107.9
MP_ONT143___contig_1_fragment_12_1195	VOG11403	3.4e-32	107.7
GCA_001047445___contig_7_fragment_6_374	VOG01375	4.999999999999999e-32	106.4
GCA_001047445___contig_7_fragment_6_348	VOG00232	1.1e-31	106.0
GCA_001047445___contig_7_fragment_6_380	VOG10276	1.5e-31	105.8
GCA_025728635___contig_21_3	VOG02632	1.5e-31	105.5
GCA_001047445___contig_7_fragment_6_358	VOG00065	1.9999999999999997e-31	104.7
GCA_004001225___contig_1_fragment_6_827	VOG00065	2.6e-31	104.3
GCA_004001225___contig_1_fragment_6_836	VOG09746	3.1999999999999997e-31	104.8
GCA_001047465___contig_10_fragment_1_57	VOG09746	3.1999999999999997e-31	104.8
GCA_004001225___contig_1_fragment_6_835	VOG00232	3.1999999999999997e-31	104.4
GCA_001047465___contig_10_fragment_1_56	VOG00232	3.1999999999999997e-31	104.4
MP_BCQMy223___contig_1_fragment_11_1155	VOG00232	7.199999999999999e-31	103.3
MP_ONT143___contig_1_fragment_12_1215	VOG01397	8.8e-31	103.2
MP_BCQMy223___contig_1_fragment_5_490	VOG01397	8.8e-31	103.2
MP_BCQMy223___contig_1_fragment_5_471	VOG00232	1.5999999999999998e-30	102.1
GCA_001047445___contig_7_fragment_6_375	VOG00870	1.7e-30	101.7
GCA_001047465___contig_10_fragment_1_49	VOG00065	1.7e-30	101.7
GCA_001047445___contig_8_fragment_3_171	VOG00232	1.9e-30	101.9
MP_BCQMy223___contig_1_fragment_14_1467	VOG17043	3.8999999999999996e-30	101.1
GCA_025728635___contig_21_11	VOG00186	3.8999999999999996e-30	101.3
MP_ONT143___contig_1_fragment_12_1234	VOG00232	5.700000000000001e-30	100.3
MP_BCQMy223___contig_1_fragment_11_1174	VOG00572	6.6e-30	100.6
MP_ONT143___contig_1_fragment_1_96	VOG00452	8.7e-30	100.3
GCA_004001225___contig_1_fragment_7_939	VOG07964	1.7000000000000001e-29	99.0
GCA_025728695___contig_71_fragment_1_15	VOG07964	1.7000000000000001e-29	99.0
MP_BCQMy223___contig_1_fragment_8_933	VOG07964	1.7000000000000001e-29	99.0
MP_ONT143___contig_1_fragment_7_774	VOG07964	1.7000000000000001e-29	99.0
MP_BCQMy223___contig_1_fragment_3_301	VOG00519	2.3e-29	99.0
MP_ONT143___contig_1_fragment_14_1400	VOG00519	2.3e-29	99.0
MP_ONT143___contig_1_fragment_12_1210	VOG00452	2.7e-29	98.6
MP_BCQMy223___contig_1_fragment_5_495	VOG00452	2.7e-29	98.6
GCA_001047445___contig_7_fragment_6_361	VOG02869	4.6e-29	98.5
GCA_001047445___contig_7_fragment_2_168	VOG09038	4.7000000000000004e-29	97.0
GCA_004001225___contig_1_fragment_12_1305	VOG09038	4.7000000000000004e-29	97.1
GCA_001047515___contig_16_fragment_2_93	VOG09038	4.7000000000000004e-29	97.0
GCA_001047465___contig_10_fragment_1_41	VOG04497	5.4e-29	97.7
MP_BCQMy223___contig_1_fragment_5_453	VOG20253	6.3e-29	96.9
GCA_004001225___contig_1_fragment_6_851	VOG20253	6.500000000000001e-29	96.8
GCA_001047465___contig_10_fragment_1_73	VOG20253	7e-29	96.8
MP_BCQMy223___contig_1_fragment_11_1132	VOG00452	7.099999999999999e-29	97.3
GCA_004001225___contig_1_fragment_6_804	VOG00452	7.099999999999999e-29	97.3
GCA_001047465___contig_10_fragment_1_26	VOG00452	7.099999999999999e-29	97.3
MP_ONT143___contig_1_fragment_1_90	VOG01397	8.100000000000001e-29	96.8
GCA_001047445___contig_8_fragment_3_190	VOG01397	8.100000000000001e-29	96.8
GCA_025728595___contig_1_fragment_2_261	VOG02632	1.1e-28	96.2
MP_BCQMy223___contig_1_fragment_12_1204	VOG02632	1.1e-28	96.2
MP_ONT143___contig_1_fragment_12_1249	VOG20253	1.1e-28	96.1
GCA_025728645___contig_11_fragment_1_3	VOG02632	1.1e-28	96.2
MP_ONT143___contig_1_fragment_4_565	VOG02632	1.1e-28	96.2
MP_ONT143___contig_1_fragment_1_84	VOG03165	1.1999999999999999e-28	96.6
GCA_001047445___contig_8_fragment_3_184	VOG03165	1.1999999999999999e-28	96.6
MP_BCQMy223___contig_1_fragment_5_484	VOG03165	1.1999999999999999e-28	96.6
GCA_001047445___contig_8_fragment_3_160	VOG20253	2.6000000000000004e-28	94.9
MP_BCQMy223___contig_1_fragment_14_1445	VOG03436	3.2000000000000003e-28	94.9
GCA_001047465___contig_10_fragment_1_33	VOG01397	3.6000000000000003e-28	94.7
GCA_004001225___contig_1_fragment_6_811	VOG01397	3.6000000000000003e-28	94.7
MP_ONT143___contig_1_fragment_1_55	VOG02771	4e-28	95.0
GCA_004001225___contig_1_fragment_6_794	VOG23273	4.4e-28	94.1
MP_BCQMy223___contig_1_fragment_11_1123	VOG23273	4.4e-28	94.1
GCA_001047465___contig_10_fragment_1_17	VOG23273	4.4e-28	94.1
MP_BCQMy223___contig_1_fragment_12_1215	VOG00459	5.1e-28	94.3
MP_BCQMy223___contig_1_fragment_14_1446	VOG00149	5.1e-28	94.2
GCA_001047445___contig_7_fragment_5_295	VOG00459	5.1e-28	94.3
GCA_004001225___contig_1_fragment_9_1179	VOG00459	5.1e-28	94.3
GCA_025728595___contig_1_fragment_2_250	VOG00459	5.1e-28	94.3
GCA_025728645___contig_11_fragment_1_14	VOG00459	5.1e-28	94.3
MP_ONT143___contig_1_fragment_4_554	VOG00459	5.1e-28	94.3
GCA_004001225___contig_1_fragment_6_854	VOG04616	1.4e-27	93.1
GCA_001047465___contig_10_fragment_1_76	VOG04616	1.4e-27	93.1
GCA_001047445___contig_7_fragment_6_373	VOG04818	1.5e-27	92.4
GCA_001047445___contig_7_fragment_6_339	VOG02771	1.9e-27	92.8
MP_BCQMy223___contig_1_fragment_14_1434	VOG02762	1.9e-27	92.1
GCA_001047465___contig_10_fragment_1_67	VOG14084	2.3e-27	91.5
GCA_004001225___contig_1_fragment_6_846	VOG14084	2.3e-27	91.5
MP_BCQMy223___contig_1_fragment_14_1457	VOG04514	2.7e-27	92.0
GCA_004001225___contig_1_fragment_9_1167	VOG02632	3.3e-27	91.2
GCA_001047445___contig_7_fragment_5_307	VOG02632	3.3e-27	91.2
MP_BCQMy223___contig_1_fragment_3_311	VOG09810	3.4e-27	92.4
MP_ONT143___contig_1_fragment_14_1390	VOG09810	3.4e-27	92.4
MP_BCQMy223___contig_1_fragment_11_1179	VOG20253	6e-27	90.4
MP_ONT143___contig_1_fragment_14_1385	VOG23090	6.999999999999999e-27	90.0
MP_BCQMy223___contig_1_fragment_3_316	VOG23090	6.999999999999999e-27	90.0
MP_ONT143___contig_1_fragment_12_1224	VOG00687	1.2e-26	89.6
MP_ONT143___contig_1_fragment_1_81	VOG00687	1.2e-26	89.6
GCA_001047465___contig_10_fragment_1_43	VOG00687	1.6e-26	89.2
GCA_004001225___contig_1_fragment_6_821	VOG00687	1.6e-26	89.2
MP_BCQMy223___contig_1_fragment_5_504	VOG23273	2.7999999999999995e-26	88.1
MP_ONT143___contig_1_fragment_12_1201	VOG23273	2.7999999999999995e-26	88.1
MP_ONT143___contig_1_fragment_1_105	VOG23273	2.7999999999999995e-26	88.2
GCA_025728635___contig_21_7	VOG00743	3.3e-26	88.1
MP_BCQMy223___contig_1_fragment_11_1146	VOG00687	3.9e-26	88.0
MP_BCQMy223___contig_1_fragment_5_481	VOG00687	1.6e-25	86.0
GCA_001047445___contig_8_fragment_3_181	VOG00687	1.6e-25	86.0
MP_ONT143___contig_1_fragment_7_781	VOG09424	3.1e-25	84.5
GCA_025728695___contig_71_fragment_1_22	VOG09424	3.1e-25	84.5
GCA_004001225___contig_1_fragment_7_931	VOG09424	3.1e-25	84.5
MP_BCQMy223___contig_1_fragment_8_926	VOG09424	3.1e-25	84.5
MP_BCQMy223___contig_1_fragment_11_1149	VOG00361	3.9e-25	85.2
MP_ONT143___contig_1_fragment_12_1246	VOG14084	4e-25	84.2
GCA_001047445___contig_7_fragment_6_346	VOG10469	6.7e-25	84.5
GCA_001047445___contig_8_fragment_3_176	VOG03001	8.1e-25	82.9
MP_BCQMy223___contig_1_fragment_14_1474	VOG17042	9.1e-25	82.5
MP_BCQMy223___contig_1_fragment_14_1447	VOG00743	1.4999999999999998e-24	82.8
GCA_004001225___contig_1_fragment_10_1214	VOG00935	1.7e-24	82.6
MP_BCQMy223___contig_1_fragment_5_469	VOG10469	2.2e-24	82.8
GCA_001047445___contig_8_fragment_3_169	VOG10469	2.2e-24	82.8
GCA_025728635___contig_21_10	VOG00283	2.2999999999999997e-24	81.8
GCA_001047465___contig_10_fragment_1_52	VOG00098	8.7e-24	80.8
GCA_004001225___contig_1_fragment_6_831	VOG00098	8.7e-24	80.8
MP_BCQMy223___contig_1_fragment_3_302	VOG03001	1.1000000000000001e-23	79.2
MP_ONT143___contig_1_fragment_14_1399	VOG03001	1.1000000000000001e-23	79.2
GCA_001047445___contig_7_fragment_6_351	VOG00404	2e-23	79.6
GCA_025728635___contig_21_5	VOG01394	3.2000000000000003e-23	78.5
GCA_001047445___contig_7_fragment_6_353	VOG00098	4e-23	78.6
GCA_001047395___contig_1_18	VOG01473	4.7e-23	77.6
GCA_001047445___contig_7_fragment_6_376	VOG01483	4.7999999999999993e-23	78.3
GCA_001047445___contig_7_fragment_5_305	VOG00446	4.9999999999999997e-23	78.1
GCA_004001225___contig_1_fragment_9_1169	VOG00446	4.9999999999999997e-23	78.1
MP_ONT143___contig_1_fragment_4_563	VOG00446	4.9999999999999997e-23	78.1
MP_BCQMy223___contig_1_fragment_12_1206	VOG00446	4.9999999999999997e-23	78.1
GCA_025728595___contig_1_fragment_2_259	VOG00446	4.9999999999999997e-23	78.1
GCA_025728695___contig_140_1	VOG00446	4.9999999999999997e-23	78.1
GCA_025728645___contig_11_fragment_1_5	VOG00446	4.9999999999999997e-23	78.1
GCA_001047525___contig_2_16	VOG01473	5.3e-23	77.4
MP_BCQMy223___contig_3_17	VOG01473	5.600000000000001e-23	77.4
MP_BCQMy225___contig_3_17	VOG01473	5.600000000000001e-23	77.4
GCA_001047395___contig_1_8	VOG19011	7e-23	77.3
MP_BCQMy223___contig_3_8	VOG19011	7e-23	77.3
GCA_001047525___contig_2_5	VOG19011	7e-23	77.3
MP_BCQMy225___contig_3_8	VOG19011	7e-23	77.3
GCA_001047445___contig_7_fragment_6_359	VOG00188	8.1e-23	77.4
GCA_001047465___contig_10_fragment_1_48	VOG00188	8.1e-23	77.4
GCA_004001225___contig_1_fragment_6_826	VOG00188	8.1e-23	77.4
MP_BCQMy223___contig_1_fragment_14_1470	VOG00194	9.3e-23	77.8
GCA_001047465___contig_10_fragment_1_35	VOG03575	9.3e-23	77.0
GCA_004001225___contig_1_fragment_6_813	VOG03575	9.3e-23	77.0
MP_ONT143___contig_1_fragment_1_77	VOG00188	9.7e-23	77.2
MP_BCQMy223___contig_1_fragment_5_488	VOG03575	1.9e-22	76.0
MP_ONT143___contig_1_fragment_12_1217	VOG03575	1.9e-22	76.0
MP_BCQMy223___contig_1_fragment_11_1139	VOG03575	3e-22	75.4
MP_ONT143___contig_1_fragment_1_75	VOG00065	1.0000000000000001e-21	73.4
GCA_001047445___contig_8_fragment_3_188	VOG03575	1.3e-21	73.3
GCA_025728635___contig_21_8	VOG00973	1.3e-21	73.6
MP_ONT143___contig_1_fragment_1_88	VOG03575	1.3e-21	73.3
GCA_001047465___contig_10_fragment_1_44	VOG00962	1.5e-21	73.2
GCA_004001225___contig_1_fragment_6_822	VOG00962	1.5e-21	73.2
MP_ONT143___contig_1_fragment_1_80	VOG00962	2.8000000000000004e-21	72.3
MP_ONT143___contig_1_fragment_12_1225	VOG00962	2.8000000000000004e-21	72.3
MP_BCQMy223___contig_1_fragment_5_480	VOG00962	2.8000000000000004e-21	72.3
GCA_001047445___contig_8_fragment_3_180	VOG00962	2.8000000000000004e-21	72.3
GCA_025728635___contig_21_19	VOG00188	5.1e-21	71.6
GCA_004001225___contig_1_fragment_6_819	VOG09810	6.2000000000000004e-21	71.7
MP_BCQMy223___contig_1_fragment_11_1147	VOG00962	8.000000000000001e-21	70.8
GCA_001047445___contig_7_fragment_6_391	VOG01434	8.5e-21	70.7
MP_ONT143___contig_1_fragment_14_1373	VOG01434	3.3e-20	68.7
MP_BCQMy223___contig_1_fragment_3_328	VOG01434	3.3e-20	68.7
MP_ONT143___contig_1_fragment_1_104	VOG01434	4.0000000000000004e-20	68.5
MP_BCQMy223___contig_1_fragment_14_1473	VOG04233	4.1e-20	67.5
GCA_025728635___contig_21_17	VOG02869	6.499999999999999e-20	68.7
MP_ONT143___contig_1_fragment_4_557	VOG00188	6.6e-20	68.0
MP_BCQMy223___contig_1_fragment_12_1212	VOG00188	6.6e-20	68.0
GCA_025728645___contig_11_fragment_1_11	VOG00188	6.6e-20	68.0
GCA_025728595___contig_1_fragment_2_253	VOG00188	6.6e-20	68.0
GCA_001047445___contig_7_fragment_5_317	VOG01434	8.2e-20	67.5
GCA_004001225___contig_1_fragment_9_1157	VOG01434	8.2e-20	67.5
MP_BCQMy223___contig_1_fragment_12_1196	VOG01434	8.2e-20	67.5
MP_ONT143___contig_1_fragment_4_573	VOG01434	8.2e-20	67.5
GCA_025728635___contig_19_fragment_1_6	VOG00361	1.6999999999999999e-19	66.7
MP_BCQMy223___contig_1_fragment_3_289	VOG00361	1.6999999999999999e-19	66.7
MP_ONT143___contig_1_fragment_14_1412	VOG00361	1.6999999999999999e-19	66.7
MP_ONT143___contig_1_fragment_12_1199	VOG14226	1.9e-19	65.6
MP_BCQMy223___contig_1_fragment_5_506	VOG14226	1.9e-19	65.6
MP_BCQMy223___contig_1_fragment_3_309	VOG00679	3.2000000000000003e-19	65.4
MP_ONT143___contig_1_fragment_14_1392	VOG00679	3.2000000000000003e-19	65.4
GCA_004001225___contig_1_fragment_9_1171	VOG00743	3.6e-19	65.3
GCA_001047465___contig_10_fragment_1_18	VOG01434	4e-19	65.3
GCA_004001225___contig_1_fragment_6_795	VOG01434	4e-19	65.3
MP_BCQMy223___contig_1_fragment_11_1124	VOG01434	4e-19	65.3
MP_BCQMy223___contig_1_fragment_5_503	VOG01434	4.5e-19	65.1
MP_ONT143___contig_1_fragment_12_1202	VOG01434	4.5e-19	65.1
MP_BCQMy223___contig_1_fragment_12_1208	VOG00743	4.6e-19	65.0
GCA_025728695___contig_140_3	VOG00743	4.6e-19	65.0
GCA_025728645___contig_11_fragment_1_7	VOG00743	4.6e-19	65.0
GCA_025728595___contig_1_fragment_2_257	VOG00743	4.6e-19	65.0
MP_ONT143___contig_1_fragment_4_561	VOG00743	4.6e-19	65.0
MP_BCQMy223___contig_1_fragment_14_1450	VOG00283	7.9e-19	63.9
GCA_004001225___contig_1_fragment_3_325	VOG01833	9.4e-19	64.2
GCA_001047445___contig_8_fragment_1_52	VOG01833	9.4e-19	64.2
MP_ONT143___contig_1_fragment_13_1351	VOG01833	9.7e-19	64.2
MP_BCQMy223___contig_1_fragment_4_350	VOG01833	9.7e-19	64.2
MP_BCQMy223___contig_1_fragment_14_1477	VOG02771	1.3000000000000002e-18	64.1
MP_BCQMy223___contig_1_fragment_14_1478	VOG00361	1.5e-18	63.6
GCA_001047595___contig_12_6	VOG00098	2.7999999999999997e-18	62.8
GCA_004001205___contig_2_fragment_3_107	VOG00098	2.7999999999999997e-18	62.8
GCA_014202715___contig_5_fragment_3_81	VOG00098	2.7999999999999997e-18	62.8
MP_BCQMy223___contig_1_fragment_14_1459	VOG00098	3.500000000000001e-18	62.5
GCA_001047445___contig_7_fragment_5_303	VOG00743	8.2e-18	61.0
MP_BCQMy223___contig_1_fragment_3_299	VOG00399	8.3e-18	60.6
MP_ONT143___contig_1_fragment_14_1402	VOG00399	8.3e-18	60.6
MP_ONT143___contig_1_fragment_14_1411	VOG02771	1.7000000000000002e-17	60.5
GCA_025728635___contig_19_fragment_1_5	VOG02771	1.7000000000000002e-17	60.5
MP_BCQMy223___contig_1_fragment_3_290	VOG02771	1.7000000000000002e-17	60.5
MP_ONT143___contig_1_fragment_14_1389	VOG00236	2.2e-17	59.8
MP_BCQMy223___contig_1_fragment_3_312	VOG00236	2.2e-17	59.8
GCA_004001225___contig_1_fragment_5_705	VOG04176	2.6e-17	59.3
GCA_001047555___contig_6_fragment_3_437	VOG04176	2.6e-17	59.3
MP_BCQMy223___contig_1_fragment_15_1527	VOG00051	2.7e-17	59.1
MP_ONT143___contig_1_fragment_15_1463	VOG00051	2.7e-17	59.1
MP_BCQMy223___contig_1_fragment_1_60	VOG02771	2.7e-17	59.8
MP_BCQMy223___contig_1_fragment_14_1433	VOG22709	2.8000000000000005e-17	59.0
MP_BCQMy223___contig_1_fragment_14_1448	VOG00973	3e-17	59.5
MP_BCQMy223___contig_1_fragment_5_487	VOG00066	3e-17	58.9
MP_ONT143___contig_1_fragment_12_1218	VOG00066	3e-17	58.9
GCA_001047445___contig_7_fragment_6_337	VOG18091	4.1e-17	58.9
MP_BCQMy223___contig_1_fragment_11_1126	VOG00146	4.7e-17	57.6
GCA_004001225___contig_1_fragment_6_797	VOG00146	4.7e-17	57.6
GCA_001047465___contig_10_fragment_1_20	VOG00146	4.7e-17	57.6
MP_ONT143___contig_1_fragment_1_102	VOG00146	7.8e-17	56.9
MP_BCQMy223___contig_1_fragment_5_501	VOG00146	9.4e-17	56.6
MP_ONT143___contig_1_fragment_12_1204	VOG00146	9.4e-17	56.6
GCA_004001205___contig_2_fragment_3_98	VOG00806	4.8e-16	54.3
GCA_014202715___contig_5_fragment_3_90	VOG00806	4.8e-16	54.3
GCA_025728635___contig_21_13	VOG02615	5.5e-16	56.1
GCA_001047445___contig_7_fragment_6_389	VOG00146	6e-16	54.1
GCA_001047445___contig_7_fragment_6_335	VOG00520	9.999999999999999e-16	53.7
MP_BCQMy223___contig_1_fragment_3_307	VOG00188	1.1e-15	54.3
MP_ONT143___contig_1_fragment_14_1394	VOG00188	1.1e-15	54.3
MP_BCQMy223___contig_1_fragment_14_1443	VOG01394	1.3e-15	53.5
MP_BCQMy223___contig_1_fragment_3_317	VOG23091	2.6e-15	53.0
MP_ONT143___contig_1_fragment_14_1384	VOG23091	2.6e-15	53.0
GCA_004001225___contig_1_fragment_12_1307	VOG02771	3.3e-15	53.0
MP_BCQMy223___contig_1_fragment_11_1140	VOG00066	3.6e-15	52.2
GCA_001047445___contig_7_fragment_2_166	VOG02771	3.7e-15	52.8
GCA_001047515___contig_16_fragment_2_95	VOG02771	3.7e-15	52.8
MP_BCQMy223___contig_1_fragment_3_315	VOG23089	6.8e-15	51.4
MP_ONT143___contig_1_fragment_14_1386	VOG23089	6.8e-15	51.4
MP_BCQMy223___contig_1_fragment_5_486	VOG00181	1.8000000000000002e-14	49.8
MP_ONT143___contig_1_fragment_12_1219	VOG00181	1.8000000000000002e-14	49.8
GCA_001047465___contig_10_fragment_1_12	VOG14094	2.5e-14	49.6
GCA_004001225___contig_1_fragment_6_789	VOG14094	2.5e-14	49.6
GCA_004001225___contig_1_fragment_6_815	VOG00181	2.7999999999999997e-14	49.2
GCA_001047465___contig_10_fragment_1_37	VOG00181	3.1999999999999996e-14	49.0
MP_ONT143___contig_1_fragment_1_56	VOG00004	3.7000000000000006e-14	48.9
GCA_001047445___contig_7_fragment_3_181	VOG03824	5e-14	48.6
GCA_001047515___contig_16_fragment_1_80	VOG03824	5e-14	48.6
MP_BCQMy223___contig_1_fragment_11_1122	VOG14094	7e-14	48.1
MP_BCQMy223___contig_1_fragment_5_502	VOG00192	1.4e-13	47.1
MP_ONT143___contig_1_fragment_1_86	VOG00181	1.4e-13	46.9
GCA_004001225___contig_1_fragment_10_1211	VOG20545	1.4e-13	46.3
GCA_001047445___contig_8_fragment_3_186	VOG00181	1.4e-13	46.9
MP_ONT143___contig_1_fragment_12_1203	VOG00192	1.4e-13	47.1
MP_BCQMy223___contig_1_fragment_14_1444	VOG00446	1.5e-13	47.1
GCA_001047465___contig_10_fragment_1_13	VOG17718	1.6e-13	47.0
GCA_004001225___contig_1_fragment_6_790	VOG17718	1.6e-13	47.0
MP_BCQMy223___contig_1_fragment_14_1436	VOG00146	1.7e-13	46.2
MP_BCQMy223___contig_1_fragment_11_1141	VOG00181	2.3e-13	46.2
MP_ONT143___contig_1_fragment_14_1374	VOG00192	2.6e-13	46.2
MP_BCQMy223___contig_1_fragment_3_327	VOG00192	2.6e-13	46.2
GCA_001047445___contig_7_fragment_6_333	VOG00520	2.8e-13	45.6
MP_ONT143___contig_1_fragment_1_103	VOG00192	4e-13	45.7
GCA_001047445___contig_7_fragment_6_338	VOG01271	4.2e-13	45.7
GCA_001047525___contig_2_6	VOG15510	4.3000000000000004e-13	45.3
MP_BCQMy223___contig_1_fragment_5_447	VOG00468	6.999999999999999e-13	45.0
GCA_001047445___contig_7_fragment_6_372	VOG00918	7.6e-13	44.7
GCA_001047445___contig_7_fragment_6_390	VOG00192	9.2e-13	44.5
GCA_001047445___contig_7_fragment_6_352	VOG00404	1.3000000000000001e-12	44.6
GCA_001047525___contig_2_9	VOG15510	1.3000000000000001e-12	43.8
GCA_014202715___contig_5_fragment_3_94	VOG01073	1.3999999999999999e-12	43.4
GCA_004001205___contig_2_fragment_3_94	VOG01073	1.3999999999999999e-12	43.4
MP_BCQMy223___contig_1_fragment_11_1175	VOG14084	1.8000000000000002e-12	43.4
MP_BCQMy223___contig_1_fragment_14_1471	VOG04466	2.6000000000000002e-12	42.4
GCA_004001225___contig_1_fragment_6_857	VOG02771	2.7999999999999998e-12	43.5
GCA_001047465___contig_10_fragment_1_79	VOG02771	3.1e-12	43.3
MP_BCQMy223___contig_1_fragment_11_1154	VOG01042	3.7e-12	42.3
MP_BCQMy223___contig_1_fragment_5_477	VOG01156	4.8e-12	42.3
MP_ONT143___contig_1_fragment_12_1228	VOG01156	4.8e-12	42.3
GCA_001047445___contig_7_fragment_6_366	VOG01829	4.8e-12	41.8
GCA_004001225___contig_1_fragment_9_1176	VOG00188	4.9e-12	42.4
GCA_001047445___contig_7_fragment_5_299	VOG00188	7.3e-12	41.9
MP_BCQMy225___contig_3_1	VOG10140	7.8e-12	41.0
MP_BCQMy223___contig_3_1	VOG10140	7.8e-12	41.0
MP_BCQMy223___contig_1_fragment_11_1178	VOG02771	8e-12	42.0
GCA_001047525___contig_2_3	VOG15510	8.2e-12	41.2
GCA_001047525___contig_2_17	VOG10140	9.8e-12	40.7
GCA_001047395___contig_1_1	VOG10140	1.0000000000000001e-11	40.6
MP_BCQMy223___contig_1_fragment_3_319	VOG01397	1.1e-11	40.9
MP_ONT143___contig_1_fragment_14_1382	VOG01397	1.1e-11	40.9
GCA_001047445___contig_7_fragment_6_370	VOG00241	1.1e-11	40.9
GCA_001047445___contig_7_fragment_5_310	VOG21997	1.2999999999999999e-11	40.3
GCA_004001225___contig_1_fragment_9_1164	VOG21997	1.2999999999999999e-11	40.3
MP_ONT143___contig_1_fragment_12_1248	VOG02771	2.3999999999999998e-11	40.5
MP_BCQMy223___contig_1_fragment_3_318	VOG00973	3.0999999999999996e-11	40.0
MP_ONT143___contig_1_fragment_14_1383	VOG00973	3.0999999999999996e-11	40.0
GCA_001047435___contig_3_fragment_1_57	VOG03262	2.7999999999999987e-275	910.3
GCA_001047405___contig_3_fragment_3_345	VOG03262	2.7999999999999987e-275	910.3
GCA_000270185___contig_1_fragment_5_619	VOG03262	2.7999999999999987e-275	910.3
MP_ONT231___contig_1_fragment_10_1283	VOG03262	2.7999999999999987e-275	910.3
GCA_025728595___contig_9_fragment_1_3	VOG03262	2.8999999999999983e-275	910.3
MP_ONT231___contig_1_fragment_1_77	VOG24298	5.899999999999998e-170	562.3
GCA_025728615___contig_3_fragment_1_25	VOG00639	1.4999999999999994e-146	484.3
GCA_000270185___contig_1_fragment_12_1396	VOG00639	1.5999999999999995e-143	474.3
MP_ONT231___contig_1_fragment_12_1403	VOG00120	4.899999999999999e-141	466.7
MP_ONT231___contig_1_fragment_7_741	VOG00824	1.1999999999999998e-121	403.0
GCA_025728615___contig_3_fragment_1_49	VOG00520	7e-118	389.9
GCA_000270185___contig_1_fragment_13_1453	VOG00824	7.499999999999999e-113	374.0
MP_ONT231___contig_1_fragment_11_1334	VOG00674	3.9999999999999995e-109	361.1
GCA_025728695___contig_133_4	VOG00520	1.6999999999999996e-108	358.9
MP_ONT231___contig_1_fragment_1_76	VOG00674	1.6999999999999997e-107	355.8
GCA_025728615___contig_3_fragment_1_24	VOG01829	2.5999999999999997e-104	344.8
GCA_000270185___contig_1_fragment_16_1591	VOG00029	4.499999999999999e-102	338.0
GCA_000270185___contig_1_fragment_12_1406	VOG10295	1.1999999999999998e-93	308.3
GCA_025728615___contig_3_fragment_1_32	VOG10295	2.699999999999999e-91	300.6
MP_ONT231___contig_1_fragment_12_1404	VOG00398	3.299999999999999e-90	297.6
MP_ONT231___contig_1_fragment_1_88	VOG13487	5.4e-90	298.0
MP_ONT231___contig_1_fragment_9_1157	VOG13487	5.9999999999999995e-90	297.9
GCA_001047405___contig_3_fragment_7_830	VOG13487	9.999999999999999e-90	297.1
GCA_001047405___contig_1_30	VOG13487	9.999999999999999e-90	297.1
GCA_000270185___contig_1_fragment_12_1394	VOG01829	2.4999999999999994e-77	256.0
MP_ONT231___contig_1_fragment_9_1160	VOG04497	6.599999999999999e-75	247.2
MP_ONT231___contig_1_fragment_1_85	VOG04497	2.4999999999999996e-74	245.3
MP_ONT231___contig_1_fragment_11_1316	VOG00824	4.399999999999999e-73	242.5
MP_ONT231___contig_1_fragment_11_1341	VOG00523	5.699999999999999e-73	241.8
GCA_001047405___contig_1_2	VOG00041	6.099999999999999e-71	235.0
GCA_001047405___contig_3_fragment_7_872	VOG00041	6.099999999999999e-71	235.0
MP_ONT231___contig_1_fragment_1_97	VOG04056	7.799999999999999e-71	234.7
MP_ONT231___contig_1_fragment_9_1149	VOG04056	7.799999999999999e-71	234.7
GCA_001047405___contig_3_fragment_7_821	VOG21220	3.4999999999999993e-68	226.0
GCA_001047405___contig_1_21	VOG21220	3.4999999999999993e-68	226.0
GCA_025728615___contig_3_fragment_1_13	VOG00183	1.7999999999999997e-67	222.8
MP_ONT231___contig_1_fragment_11_1333	VOG00724	1.7999999999999998e-66	220.6
GCA_001047405___contig_1_20	VOG04056	2.1999999999999998e-66	219.9
GCA_001047405___contig_3_fragment_7_820	VOG04056	2.1999999999999998e-66	219.9
MP_ONT231___contig_1_fragment_11_1352	VOG00041	1.3999999999999998e-65	217.4
MP_ONT231___contig_1_fragment_9_1172	VOG01757	1.1e-64	214.4
MP_ONT231___contig_1_fragment_1_53	VOG00041	1.9999999999999996e-64	213.6
GCA_000270185___contig_1_fragment_15_1577	VOG00084	1.1999999999999998e-63	211.4
GCA_000270185___contig_1_fragment_12_1380	VOG00183	1.1999999999999998e-63	210.1
MP_ONT231___contig_1_fragment_9_1189	VOG00041	2.3999999999999997e-61	203.4
GCA_000270185___contig_1_fragment_12_1379	VOG01075	4.5999999999999995e-57	188.7
GCA_000270185___contig_1_fragment_16_1590	VOG02151	1.3e-56	187.6
MP_ONT231___contig_1_fragment_7_734	VOG02574	2.5e-56	186.8
GCA_000270185___contig_1_fragment_13_1444	VOG02574	2.5e-56	186.8
GCA_000270185___contig_1_fragment_17_1700	VOG05855	7.3999999999999995e-56	184.9
GCA_025728615___contig_3_fragment_1_11	VOG00452	7.6999999999999995e-56	185.5
GCA_025728615___contig_3_fragment_1_12	VOG01075	3.7e-55	182.5
MP_ONT231___contig_1_fragment_11_1310	VOG02574	4.3e-55	182.8
GCA_000270185___contig_1_fragment_12_1378	VOG00452	5.6000000000000004e-55	182.7
GCA_000270185___contig_1_fragment_13_1451	VOG13479	2.2999999999999996e-54	179.9
MP_ONT231___contig_1_fragment_7_740	VOG13479	6.2e-54	178.6
MP_ONT231___contig_1_fragment_11_1315	VOG13479	1.1999999999999999e-52	174.4
GCA_001047405___contig_1_46	VOG00404	4.5e-50	165.2
GCA_001047405___contig_3_fragment_7_846	VOG00404	4.5e-50	165.2
GCA_001047405___contig_3_fragment_6_722	VOG03321	8.399999999999999e-50	164.7
GCA_000270185___contig_1_fragment_8_1009	VOG03321	8.399999999999999e-50	164.7
GCA_001047435___contig_3_fragment_4_434	VOG03321	8.399999999999999e-50	164.7
GCA_025728615___contig_3_fragment_1_34	VOG00404	3e-49	162.6
MP_ONT231___contig_1_fragment_9_1168	VOG00404	9.1e-49	161.0
MP_ONT231___contig_1_fragment_9_1173	VOG11084	1.9e-47	156.6
GCA_001047405___contig_3_fragment_7_851	VOG11084	2.0999999999999996e-47	156.4
GCA_001047405___contig_1_51	VOG11084	2.0999999999999996e-47	156.4
GCA_025728615___contig_3_fragment_1_39	VOG11084	4.499999999999999e-47	155.4
GCA_025728615___contig_3_fragment_1_33	VOG10294	3.3e-46	152.0
GCA_000270185___contig_1_fragment_12_1420	VOG10124	6.9000000000000005e-46	152.4
GCA_000270185___contig_1_fragment_12_1407	VOG10294	1.1e-45	150.3
GCA_000270185___contig_1_fragment_12_1370	VOG02574	7.4e-45	149.2
GCA_001047405___contig_3_fragment_6_725	VOG12515	5.5e-44	145.5
GCA_000270185___contig_1_fragment_8_1012	VOG12515	5.5e-44	145.5
GCA_001047435___contig_3_fragment_4_437	VOG12515	5.5e-44	145.5
GCA_025728615___contig_3_fragment_1_44	VOG10124	2.7e-43	144.0
GCA_000270185___contig_1_fragment_12_1382	VOG10276	1e-42	141.6
GCA_000270185___contig_1_fragment_12_1381	VOG21220	1.3000000000000002e-42	141.4
GCA_025728645___contig_29_fragment_1_89	VOG09023	7.5e-42	138.3
MP_ONT231___contig_1_fragment_9_1176	VOG02181	8.199999999999998e-42	138.6
GCA_001047405___contig_1_63	VOG10124	2.0999999999999996e-41	137.8
GCA_001047405___contig_3_fragment_7_863	VOG10124	2.0999999999999996e-41	137.8
MP_ONT231___contig_1_fragment_7_746	VOG00149	6.6e-41	135.5
GCA_000270185___contig_1_fragment_13_1458	VOG00149	9.699999999999998e-41	135.0
GCA_001047435___contig_3_fragment_1_49	VOG00126	2.5e-40	134.5
MP_ONT231___contig_1_fragment_10_1291	VOG00126	2.5e-40	134.5
GCA_001047405___contig_3_fragment_3_337	VOG00126	2.5e-40	134.5
GCA_025728595___contig_9_fragment_1_11	VOG00126	2.5e-40	134.5
GCA_000270185___contig_1_fragment_5_611	VOG00126	2.5e-40	134.5
GCA_025728615___contig_3_fragment_1_14	VOG10276	1.4999999999999998e-39	131.3
MP_ONT231___contig_1_fragment_10_1284	VOG00313	2.3999999999999995e-39	131.1
GCA_025728595___contig_9_fragment_1_4	VOG00313	2.3999999999999995e-39	131.1
GCA_001047435___contig_3_fragment_1_56	VOG00313	2.6e-39	131.1
GCA_000270185___contig_1_fragment_5_618	VOG00313	2.6e-39	131.1
GCA_001047405___contig_3_fragment_3_344	VOG00313	2.6e-39	131.1
MP_ONT231___contig_1_fragment_11_1326	VOG03165	3.3e-39	130.4
GCA_025728615___contig_3_fragment_1_27	VOG01694	1e-38	128.4
MP_ONT231___contig_1_fragment_7_757	VOG00385	1.3999999999999997e-38	128.1
MP_ONT231___contig_1_fragment_1_54	VOG02135	1.6999999999999998e-38	127.8
GCA_000270185___contig_1_fragment_13_1469	VOG00385	1.9e-38	127.6
MP_ONT231___contig_1_fragment_1_75	VOG24297	3.3e-38	127.0
GCA_000270185___contig_1_fragment_12_1369	VOG14094	5.2e-38	125.9
MP_ONT231___contig_1_fragment_1_61	VOG00572	6.799999999999999e-38	126.1
GCA_025728595___contig_9_fragment_1_2	VOG00385	2e-37	124.2
MP_ONT231___contig_1_fragment_1_98	VOG01075	5.5e-37	122.9
GCA_000270185___contig_1_fragment_12_1376	VOG18935	6.899999999999999e-37	122.8
GCA_001047405___contig_1_31	VOG03165	7.6e-37	122.7
GCA_001047405___contig_3_fragment_7_831	VOG03165	7.6e-37	122.7
GCA_001047405___contig_1_19	VOG01075	1.1e-36	121.8
GCA_001047405___contig_3_fragment_7_819	VOG01075	1.1e-36	121.8
MP_ONT231___contig_1_fragment_1_102	VOG18935	1.3e-36	121.9
MP_ONT231___contig_1_fragment_11_1351	VOG03321	1.4999999999999997e-36	121.5
GCA_001047405___contig_3_fragment_7_873	VOG00385	1.6e-36	121.2
MP_ONT231___contig_1_fragment_1_67	VOG02181	2.6e-36	120.6
MP_ONT231___contig_1_fragment_9_1183	VOG00572	2.6e-36	120.9
GCA_025728615___contig_3_fragment_1_20	VOG04818	3.5e-36	119.5
MP_ONT231___contig_1_fragment_9_1159	VOG00236	5.2e-36	120.3
MP_ONT231___contig_1_fragment_1_72	VOG01036	5.3999999999999995e-36	120.0
GCA_025728695___contig_154_4	VOG18935	8e-36	119.3
GCA_001047405___contig_1_15	VOG18935	1.2999999999999998e-35	118.6
GCA_000270185___contig_1_fragment_13_1456	VOG01394	1.2999999999999998e-35	118.3
GCA_001047405___contig_3_fragment_7_815	VOG18935	1.2999999999999998e-35	118.6
MP_ONT231___contig_1_fragment_7_744	VOG01394	1.2999999999999998e-35	118.3
GCA_000270185___contig_1_fragment_13_1454	VOG00097	2.3e-35	118.0
MP_ONT231___contig_1_fragment_11_1318	VOG02333	4e-35	117.1
MP_ONT231___contig_1_fragment_7_742	VOG00097	4e-35	117.2
MP_ONT231___contig_1_fragment_1_86	VOG00236	5.1e-35	117.0
MP_ONT231___contig_1_fragment_11_1325	VOG00633	6.199999999999999e-35	116.8
MP_ONT231___contig_1_fragment_9_1179	VOG00572	9e-35	115.8
GCA_025728615___contig_3_fragment_1_36	VOG21431	1.1000000000000002e-34	115.2
GCA_001047405___contig_3_fragment_7_832	VOG00236	1.2e-34	115.8
GCA_001047405___contig_1_32	VOG00236	1.2e-34	115.8
GCA_001047405___contig_3_fragment_3_343	VOG14097	1.3e-34	115.0
GCA_001047435___contig_3_fragment_1_55	VOG14097	1.3e-34	115.0
GCA_025728595___contig_9_fragment_1_5	VOG14097	1.3e-34	115.0
GCA_025728695___contig_133_3	VOG01190	1.3e-34	115.3
MP_ONT231___contig_1_fragment_10_1285	VOG14097	1.3e-34	115.0
GCA_000270185___contig_1_fragment_5_617	VOG14097	1.3e-34	115.0
GCA_000270185___contig_1_fragment_17_1692	VOG01181	1.3999999999999998e-34	115.7
GCA_025728615___contig_3_fragment_1_9	VOG18935	3.1e-34	114.1
GCA_001047405___contig_1_48	VOG21431	4.400000000000001e-34	113.3
GCA_001047405___contig_3_fragment_7_848	VOG21431	4.400000000000001e-34	113.3
GCA_025728615___contig_3_fragment_1_18	VOG00870	6.5e-34	112.1
GCA_001047405___contig_3_fragment_7_834	VOG04497	1e-33	112.4
GCA_001047405___contig_1_34	VOG04497	1e-33	112.4
GCA_000270185___contig_1_fragment_12_1414	VOG00690	1.6e-33	111.9
MP_ONT231___contig_1_fragment_9_1170	VOG21431	3.3e-33	110.4
GCA_025728615___contig_3_fragment_1_38	VOG09746	3.4e-33	110.6
MP_ONT231___contig_1_fragment_9_1167	VOG01162	7.299999999999999e-33	109.2
MP_ONT231___contig_1_fragment_12_1402	VOG01127	8.8e-33	108.5
MP_ONT231___contig_1_fragment_1_74	VOG12256	9.9e-33	109.0
GCA_000270185___contig_1_fragment_12_1387	VOG01375	3.1e-32	106.4
GCA_000270185___contig_1_fragment_12_1413	VOG00232	6.599999999999999e-32	106.0
GCA_000270185___contig_1_fragment_12_1403	VOG00065	1.5999999999999999e-31	104.3
GCA_001047405___contig_1_41	VOG00065	1.5999999999999999e-31	104.3
GCA_001047405___contig_3_fragment_7_841	VOG00065	1.5999999999999999e-31	104.3
GCA_001047405___contig_1_50	VOG09746	1.9e-31	104.8
GCA_001047405___contig_3_fragment_7_850	VOG09746	1.9e-31	104.8
GCA_001047405___contig_1_49	VOG00232	1.9999999999999997e-31	104.4
GCA_001047405___contig_3_fragment_7_849	VOG00232	1.9999999999999997e-31	104.4
MP_ONT231___contig_1_fragment_9_1152	VOG01397	5.399999999999999e-31	103.2
GCA_025728615___contig_3_fragment_1_37	VOG00232	2.6e-30	100.7
MP_ONT231___contig_1_fragment_9_1171	VOG00232	3.5e-30	100.3
MP_ONT231___contig_1_fragment_1_99	VOG00452	5.3000000000000004e-30	100.3
GCA_000270185___contig_1_fragment_12_1400	VOG02869	5.6e-30	100.8
GCA_001047405___contig_3_fragment_8_953	VOG07964	1.0000000000000001e-29	99.0
GCA_025728595___contig_45_fragment_2_84	VOG07964	1.0000000000000001e-29	99.0
MP_ONT231___contig_1_fragment_4_535	VOG07964	1.0000000000000001e-29	99.0
MP_ONT231___contig_1_fragment_11_1338	VOG00519	1.4e-29	99.0
GCA_025728615___contig_3_fragment_1_19	VOG01375	1.4e-29	97.8
GCA_000270185___contig_1_fragment_16_1594	VOG09038	2.2e-29	97.5
GCA_001047405___contig_1_65	VOG20253	4.0000000000000003e-29	96.8
MP_ONT231___contig_1_fragment_1_58	VOG01520	4.0000000000000003e-29	97.3
GCA_001047405___contig_3_fragment_7_865	VOG20253	4.0000000000000003e-29	96.8
GCA_001047405___contig_1_18	VOG00452	4.4e-29	97.3
GCA_001047405___contig_3_fragment_7_818	VOG00452	4.4e-29	97.3
MP_ONT231___contig_1_fragment_1_93	VOG01397	5e-29	96.8
GCA_025728615___contig_3_fragment_1_46	VOG20253	6.3e-29	96.2
MP_ONT231___contig_1_fragment_7_743	VOG02632	6.500000000000001e-29	96.2
MP_ONT231___contig_1_fragment_9_1187	VOG20253	6.7e-29	96.1
MP_ONT231___contig_1_fragment_9_1158	VOG03165	7.200000000000001e-29	96.6
MP_ONT231___contig_1_fragment_1_87	VOG03165	7.200000000000001e-29	96.6
GCA_025728615___contig_3_fragment_1_1	VOG23273	1.6999999999999998e-28	94.8
GCA_001047405___contig_3_fragment_7_825	VOG01397	2.2e-28	94.7
GCA_001047405___contig_1_25	VOG01397	2.2e-28	94.7
GCA_001047405___contig_1_9	VOG23273	2.7000000000000003e-28	94.1
GCA_001047405___contig_3_fragment_7_809	VOG23273	2.7000000000000003e-28	94.1
GCA_000270185___contig_1_fragment_13_1466	VOG00459	3.2000000000000003e-28	94.3
MP_ONT231___contig_1_fragment_7_754	VOG00459	3.2000000000000003e-28	94.3
MP_ONT231___contig_1_fragment_1_55	VOG20253	7.099999999999999e-28	92.8
GCA_001047405___contig_3_fragment_7_868	VOG04616	8.5e-28	93.1
GCA_001047405___contig_1_68	VOG04616	8.5e-28	93.1
GCA_000270185___contig_1_fragment_12_1388	VOG04818	9.2e-28	92.4
GCA_000270185___contig_1_fragment_12_1422	VOG02771	1.2999999999999999e-27	92.6
GCA_001047405___contig_1_60	VOG14084	1.4e-27	91.5
GCA_001047405___contig_3_fragment_7_860	VOG14084	1.4e-27	91.5
GCA_000270185___contig_1_fragment_13_1455	VOG02632	2e-27	91.2
MP_ONT231___contig_1_fragment_11_1328	VOG09810	2.0999999999999998e-27	92.4
MP_ONT231___contig_1_fragment_11_1323	VOG23090	4.3e-27	90.0
MP_ONT231___contig_1_fragment_1_84	VOG00687	7.5e-27	89.6
GCA_001047405___contig_3_fragment_7_835	VOG00687	1e-26	89.2
GCA_001047405___contig_1_35	VOG00687	1e-26	89.2
GCA_025728615___contig_3_fragment_1_21	VOG00918	1.5e-26	88.3
MP_ONT231___contig_1_fragment_1_108	VOG23273	1.6e-26	88.2
MP_ONT231___contig_1_fragment_9_1161	VOG00687	9.7e-26	86.0
GCA_025728615___contig_3_fragment_1_26	VOG09810	1e-25	86.8
GCA_001047405___contig_3_fragment_8_945	VOG09424	1.9000000000000001e-25	84.5
GCA_025728595___contig_45_fragment_2_77	VOG09424	1.9000000000000001e-25	84.5
MP_ONT231___contig_1_fragment_4_528	VOG09424	1.9000000000000001e-25	84.5
MP_ONT231___contig_1_fragment_9_1184	VOG14084	2.5000000000000003e-25	84.2
GCA_000270185___contig_1_fragment_12_1415	VOG10469	3.8000000000000003e-25	84.6
GCA_000270185___contig_1_fragment_14_1501	VOG00935	1.0000000000000001e-24	82.6
GCA_025728615___contig_3_fragment_1_17	VOG01483	2.2e-24	81.9
GCA_001047405___contig_3_fragment_7_845	VOG00098	5.4e-24	80.8
GCA_001047405___contig_1_45	VOG00098	5.4e-24	80.8
MP_ONT231___contig_1_fragment_11_1337	VOG03001	6.9e-24	79.2
GCA_000270185___contig_1_fragment_12_1410	VOG00404	1.1999999999999998e-23	79.6
GCA_025728615___contig_3_fragment_1_29	VOG00188	1.6000000000000002e-23	79.0
GCA_025728615___contig_3_fragment_1_30	VOG19011	2.2000000000000002e-23	78.3
GCA_000270185___contig_1_fragment_12_1408	VOG00098	2.4999999999999998e-23	78.6
GCA_000270185___contig_1_fragment_12_1385	VOG01483	3e-23	78.3
MP_ONT231___contig_1_fragment_7_745	VOG00446	3.1e-23	78.1
GCA_000270185___contig_1_fragment_13_1457	VOG00446	3.1e-23	78.1
GCA_001047405___contig_3_fragment_7_840	VOG00188	4.9999999999999997e-23	77.4
GCA_001047405___contig_1_40	VOG00188	4.9999999999999997e-23	77.4
GCA_000270185___contig_1_fragment_12_1402	VOG00188	4.9999999999999997e-23	77.4
GCA_001047405___contig_1_27	VOG03575	5.700000000000001e-23	77.0
GCA_001047405___contig_3_fragment_7_827	VOG03575	5.700000000000001e-23	77.0
MP_ONT231___contig_1_fragment_1_80	VOG00188	6e-23	77.2
MP_ONT231___contig_1_fragment_9_1154	VOG03575	1.2e-22	76.0
MP_ONT231___contig_1_fragment_1_78	VOG00065	6.2e-22	73.4
MP_ONT231___contig_1_fragment_1_91	VOG03575	8.2e-22	73.3
GCA_001047405___contig_3_fragment_7_836	VOG00962	9.099999999999999e-22	73.2
GCA_001047405___contig_1_36	VOG00962	9.099999999999999e-22	73.2
MP_ONT231___contig_1_fragment_1_83	VOG00962	1.7e-21	72.3
MP_ONT231___contig_1_fragment_9_1162	VOG00962	1.7e-21	72.3
GCA_001047405___contig_3_fragment_7_833	VOG09810	3.8000000000000005e-21	71.7
GCA_001047405___contig_1_33	VOG09810	3.8000000000000005e-21	71.7
GCA_000270185___contig_1_fragment_12_1371	VOG01434	5.2e-21	70.7
MP_ONT231___contig_1_fragment_11_1311	VOG01434	2.1000000000000002e-20	68.7
MP_ONT231___contig_1_fragment_1_107	VOG01434	2.5e-20	68.5
MP_ONT231___contig_1_fragment_7_751	VOG00188	4.0000000000000004e-20	68.0
GCA_000270185___contig_1_fragment_12_1386	VOG00870	4.8999999999999996e-20	67.1
MP_ONT231___contig_1_fragment_7_735	VOG01434	5e-20	67.5
GCA_000270185___contig_1_fragment_13_1445	VOG01434	5e-20	67.5
GCA_000270185___contig_1_fragment_13_1459	VOG00743	6.1e-20	67.1
MP_ONT231___contig_1_fragment_11_1350	VOG00361	1e-19	66.7
MP_ONT231___contig_1_fragment_1_110	VOG14226	1.1999999999999999e-19	65.6
GCA_000270185___contig_1_fragment_14_1493	VOG00055	1.2999999999999998e-19	66.1
MP_ONT231___contig_1_fragment_11_1330	VOG00679	2e-19	65.4
GCA_001047405___contig_3_fragment_7_810	VOG01434	2.5e-19	65.3
GCA_025728615___contig_3_fragment_1_2	VOG01434	2.5e-19	65.3
GCA_001047405___contig_1_10	VOG01434	2.5e-19	65.3
MP_ONT231___contig_1_fragment_7_747	VOG00743	2.9e-19	65.0
GCA_001047405___contig_3_fragment_3_339	VOG01833	5.8e-19	64.2
GCA_001047435___contig_3_fragment_1_51	VOG01833	5.8e-19	64.2
GCA_000270185___contig_1_fragment_5_613	VOG01833	5.8e-19	64.2
GCA_025728595___contig_9_fragment_1_9	VOG01833	6e-19	64.2
MP_ONT231___contig_1_fragment_10_1289	VOG01833	6e-19	64.2
GCA_025728635___contig_43_fragment_2_99	VOG00098	1.3000000000000002e-18	63.3
MP_ONT81___contig_2_fragment_2_109	VOG00098	1.3000000000000002e-18	63.3
MP_BCQMy206___contig_2_fragment_2_107	VOG00098	1.3000000000000002e-18	63.3
GCA_000747585___contig_2_fragment_3_112	VOG00098	4.5e-18	61.5
MP_ONT231___contig_1_fragment_11_1340	VOG00399	5.1e-18	60.6
MP_ONT231___contig_1_fragment_11_1349	VOG02771	1e-17	60.5
MP_ONT231___contig_1_fragment_11_1327	VOG00236	1.3e-17	59.8
GCA_001047435___contig_3_fragment_4_432	VOG04176	1.6e-17	59.3
GCA_025728645___contig_29_fragment_1_88	VOG02771	1.6e-17	59.8
MP_ONT231___contig_1_fragment_12_1401	VOG00051	1.6e-17	59.1
GCA_000270185___contig_1_fragment_8_1007	VOG04176	1.6e-17	59.3
GCA_001047405___contig_3_fragment_6_720	VOG04176	1.6e-17	59.3
MP_ONT231___contig_1_fragment_9_1155	VOG00066	1.8e-17	58.9
GCA_000270185___contig_1_fragment_12_1425	VOG18091	2.1e-17	59.2
GCA_001047405___contig_3_fragment_7_812	VOG00146	2.8999999999999997e-17	57.6
GCA_001047405___contig_1_12	VOG00146	2.8999999999999997e-17	57.6
GCA_025728615___contig_3_fragment_1_4	VOG00146	2.8999999999999997e-17	57.6
MP_ONT231___contig_1_fragment_1_105	VOG00146	4.8e-17	56.9
GCA_025728635___contig_43_fragment_2_106	VOG00806	3e-16	54.3
GCA_000747585___contig_2_fragment_3_103	VOG00806	3e-16	54.3
MP_ONT81___contig_2_fragment_2_102	VOG00806	3e-16	54.3
MP_BCQMy206___contig_2_fragment_2_100	VOG00806	3e-16	54.3
GCA_000270185___contig_1_fragment_12_1373	VOG00146	3.7e-16	54.1
MP_ONT231___contig_1_fragment_11_1332	VOG00188	6.6e-16	54.3
MP_ONT231___contig_1_fragment_11_1322	VOG23091	1.6e-15	53.0
GCA_000270185___contig_1_fragment_16_1597	VOG02771	2.1e-15	53.0
MP_ONT231___contig_1_fragment_11_1324	VOG23089	4.2e-15	51.4
MP_ONT231___contig_1_fragment_9_1156	VOG00181	1.1e-14	49.8
GCA_001047405___contig_3_fragment_7_804	VOG14094	1.5e-14	49.6
GCA_001047405___contig_1_4	VOG14094	1.5e-14	49.6
GCA_001047405___contig_1_29	VOG00181	1.7e-14	49.2
GCA_001047405___contig_3_fragment_7_829	VOG00181	1.7e-14	49.2
GCA_000270185___contig_1_fragment_15_1581	VOG03824	3.1e-14	48.6
GCA_000747585___contig_2_fragment_3_98	VOG01073	5.3e-14	47.4
MP_ONT231___contig_1_fragment_1_89	VOG00181	8.7e-14	46.9
GCA_001047405___contig_3_fragment_7_805	VOG17718	9.800000000000001e-14	47.0
GCA_001047405___contig_1_5	VOG17718	9.800000000000001e-14	47.0
MP_ONT231___contig_1_fragment_11_1312	VOG00192	1.6e-13	46.2
MP_ONT231___contig_1_fragment_1_106	VOG00192	2.4e-13	45.7
GCA_000270185___contig_1_fragment_12_1389	VOG00918	4.7e-13	44.7
GCA_000270185___contig_1_fragment_12_1372	VOG00192	5.7e-13	44.5
GCA_000270185___contig_1_fragment_12_1409	VOG00404	7.900000000000001e-13	44.6
GCA_025728635___contig_43_fragment_2_109	VOG01073	8.4e-13	43.4
MP_ONT81___contig_2_fragment_2_99	VOG01073	8.4e-13	43.4
MP_BCQMy206___contig_2_fragment_2_97	VOG01073	8.4e-13	43.4
GCA_025728615___contig_3_fragment_1_16	VOG00045	1.1e-12	43.5
GCA_025728615___contig_3_fragment_1_22	VOG00241	1.1e-12	43.5
GCA_001047405___contig_3_fragment_7_871	VOG02771	1.6999999999999998e-12	43.5
GCA_001047405___contig_1_1	VOG02771	2e-12	43.3
GCA_025728615___contig_3_fragment_1_15	VOG01238	2.7000000000000002e-12	42.7
GCA_025728695___contig_4_5	VOG00265	2.9e-12	42.2
MP_ONT231___contig_1_fragment_9_1165	VOG01156	2.9e-12	42.3
GCA_000270185___contig_1_fragment_12_1395	VOG01829	2.9999999999999997e-12	41.8
GCA_000270185___contig_1_fragment_13_1463	VOG00188	4.5e-12	41.9
GCA_000270185___contig_1_fragment_12_1391	VOG00241	5.5999999999999996e-12	41.1
GCA_025728695___contig_4_1	VOG00572	6.7e-12	40.8
MP_ONT231___contig_1_fragment_11_1320	VOG01397	6.900000000000001e-12	40.9
GCA_000270185___contig_1_fragment_13_1452	VOG21997	8.2e-12	40.3
MP_ONT231___contig_1_fragment_9_1186	VOG02771	1.5e-11	40.5
GCA_025728615___contig_3_fragment_1_45	VOG02771	1.5e-11	40.4
MP_ONT231___contig_1_fragment_11_1321	VOG00973	1.9e-11	40.0
