protein	scaffold	accession	name
GCA_025728675___contig_21_1	GCA_025728675___contig_21	VOG01075	REFSEQ hypothetical protein
GCA_025728675___contig_21_2	GCA_025728675___contig_21	PF06605.11	Prophage endopeptidase tail
GCA_025728675___contig_21_3	GCA_025728675___contig_21	None	hypothetical protein
GCA_025728675___contig_21_4	GCA_025728675___contig_21	None	hypothetical protein
GCA_025728675___contig_21_5	GCA_025728675___contig_21	VOG18935	REFSEQ hypothetical protein
MP_ONT81___contig_3_1	MP_ONT81___contig_3	K07467	rstA1; phage replication initiation protein
MP_ONT81___contig_3_2	MP_ONT81___contig_3	None	hypothetical protein
MP_ONT81___contig_3_3	MP_ONT81___contig_3	None	hypothetical protein
MP_ONT81___contig_3_4	MP_ONT81___contig_3	None	hypothetical protein
MP_ONT81___contig_3_5	MP_ONT81___contig_3	PF07564.11	Domain of Unknown Function (DUF1542)
MP_ONT81___contig_3_6	MP_ONT81___contig_3	None	hypothetical protein
MP_ONT81___contig_3_7	MP_ONT81___contig_3	PF00239.21	"Resolvase, N terminal domain"
MP_ONT81___contig_3_8	MP_ONT81___contig_3	VOG19011	REFSEQ hypothetical protein
MP_ONT81___contig_3_9	MP_ONT81___contig_3	None	hypothetical protein
MP_ONT81___contig_3_10	MP_ONT81___contig_3	PF03318.13	Clostridium epsilon toxin ETX/Bacillus mosquitocidal toxin MTX2
MP_ONT81___contig_3_11	MP_ONT81___contig_3	K01972	"E6.5.1.2, ligA, ligB; DNA ligase (NAD+) [EC:6.5.1.2]"
MP_ONT81___contig_3_12	MP_ONT81___contig_3	PF17363.2	Family of unknown function (DUF5388)
MP_ONT81___contig_3_13	MP_ONT81___contig_3	K03496	"parA, soj; chromosome partitioning protein"
MP_ONT81___contig_3_14	MP_ONT81___contig_3	None	hypothetical protein
MP_ONT81___contig_3_15	MP_ONT81___contig_3	None	hypothetical protein
MP_ONT81___contig_3_16	MP_ONT81___contig_3	None	hypothetical protein
MP_ONT81___contig_3_17	MP_ONT81___contig_3	VOG01473	REFSEQ FtsK/SpoIIIE protein
GCA_025728595___contig_11_1	GCA_025728595___contig_11	None	hypothetical protein
GCA_025728595___contig_11_2	GCA_025728595___contig_11	None	hypothetical protein
GCA_025728595___contig_11_3	GCA_025728595___contig_11	None	hypothetical protein
GCA_025728595___contig_11_4	GCA_025728595___contig_11	None	hypothetical protein
GCA_025728595___contig_11_5	GCA_025728595___contig_11	None	hypothetical protein
GCA_025728595___contig_11_6	GCA_025728595___contig_11	None	hypothetical protein
GCA_025728595___contig_11_7	GCA_025728595___contig_11	VOG01036	sp|C0SP91|YYCJ_BACSU Putative metallo-hydrolase YycJ
GCA_025728595___contig_11_8	GCA_025728595___contig_11	VOG12256	REFSEQ hypothetical protein
GCA_025728595___contig_11_9	GCA_025728595___contig_11	VOG24297	REFSEQ gp30
GCA_025728595___contig_11_10	GCA_025728595___contig_11	VOG00674	REFSEQ putative DNA polymerase
GCA_025728595___contig_11_11	GCA_025728595___contig_11	None	hypothetical protein
GCA_025728595___contig_11_12	GCA_025728595___contig_11	VOG24298	REFSEQ gp32
GCA_025728595___contig_11_13	GCA_025728595___contig_11	VOG00188	sp|Q03182|RINA_BPPHA Transcriptional activator rinA
GCA_025728595___contig_11_14	GCA_025728595___contig_11	None	hypothetical protein
GCA_025728595___contig_11_15	GCA_025728595___contig_11	K07474	xtmA; phage terminase small subunit
GCA_025728595___contig_11_16	GCA_025728595___contig_11	K06909	xtmB; phage terminase large subunit
GCA_025728595___contig_11_17	GCA_025728595___contig_11	PF05133.14	"Phage portal protein, SPP1 Gp6-like"
GCA_025728595___contig_11_18	GCA_025728595___contig_11	VOG00686	sp|Q38442|GP7_BPSPP Minor head protein GP7
GCA_025728595___contig_11_19	GCA_025728595___contig_11	PF14265.6	Domain of unknown function (DUF4355)
GCA_025728595___contig_11_20	GCA_025728595___contig_11	VOG00633	sp|O64210|CAPSD_BPMD2 Probable major capsid protein gp17
GCA_025728595___contig_11_21	GCA_025728595___contig_11	PF02368.18	Bacterial Ig-like domain (group 2)
GCA_025728595___contig_11_22	GCA_025728595___contig_11	VOG00283	sp|Q38584|HCP15_BPSPP Head completion protein gp15
GCA_025728595___contig_11_23	GCA_025728595___contig_11	VOG01134	REFSEQ hypothetical protein
GCA_025728595___contig_11_24	GCA_025728595___contig_11	VOG00973	REFSEQ hypothetical protein
GCA_025728595___contig_11_25	GCA_025728595___contig_11	VOG00743	sp|O48448|COMPL_BPSPP Tail completion protein gp17
GCA_025728595___contig_11_26	GCA_025728595___contig_11	VOG00149	sp|A9CRB8|TAIL_BPMR1 Putative tail protein
GCA_025728595___contig_11_27	GCA_025728595___contig_11	PF12363.8	"Phage tail assembly chaperone protein, TAC"
GCA_025728595___contig_11_28	GCA_025728595___contig_11	VOG01394	REFSEQ hypothetical protein
GCA_025728595___contig_11_29	GCA_025728595___contig_11	VOG02632	REFSEQ gp14
GCA_025728595___contig_11_30	GCA_025728595___contig_11	VOG00097	sp|O48459|DIT_BPSPP Distal tail protein
GCA_025728675___contig_22_fragment_4_222	GCA_025728675___contig_22_fragment_4	K02013	ABC.FEV.A; iron complex transport system ATP-binding protein [EC:7.2.2.-]
GCA_025728675___contig_22_fragment_4_223	GCA_025728675___contig_22_fragment_4	K09022	"ridA, tdcF, RIDA; 2-iminobutanoate/2-iminopropanoate deaminase [EC:3.5.99.10]"
GCA_025728675___contig_22_fragment_4_224	GCA_025728675___contig_22_fragment_4	None	hypothetical protein
GCA_025728675___contig_22_fragment_4_225	GCA_025728675___contig_22_fragment_4	VOG00459	REFSEQ putative CI-like transcriptional repressor
GCA_025728675___contig_22_fragment_4_226	GCA_025728675___contig_22_fragment_4	None	hypothetical protein
GCA_025728675___contig_22_fragment_4_227	GCA_025728675___contig_22_fragment_4	None	hypothetical protein
GCA_025728675___contig_22_fragment_4_228	GCA_025728675___contig_22_fragment_4	None	hypothetical protein
GCA_025728675___contig_22_fragment_4_229	GCA_025728675___contig_22_fragment_4	VOG00188	sp|Q03182|RINA_BPPHA Transcriptional activator rinA
GCA_025728675___contig_22_fragment_4_230	GCA_025728675___contig_22_fragment_4	K22994	pelX; pectate disaccharide-lyase [EC:4.2.2.9]
GCA_025728675___contig_22_fragment_4_231	GCA_025728675___contig_22_fragment_4	None	hypothetical protein
GCA_025728675___contig_22_fragment_4_232	GCA_025728675___contig_22_fragment_4	None	hypothetical protein
GCA_025728675___contig_22_fragment_4_233	GCA_025728675___contig_22_fragment_4	None	hypothetical protein
GCA_025728675___contig_22_fragment_4_234	GCA_025728675___contig_22_fragment_4	VOG00743	sp|O48448|COMPL_BPSPP Tail completion protein gp17
GCA_025728675___contig_22_fragment_4_235	GCA_025728675___contig_22_fragment_4	VOG00149	sp|A9CRB8|TAIL_BPMR1 Putative tail protein
GCA_025728675___contig_22_fragment_4_236	GCA_025728675___contig_22_fragment_4	PF12363.8	"Phage tail assembly chaperone protein, TAC"
GCA_025728675___contig_22_fragment_4_237	GCA_025728675___contig_22_fragment_4	VOG01394	REFSEQ hypothetical protein
GCA_025728675___contig_22_fragment_4_238	GCA_025728675___contig_22_fragment_4	VOG02632	REFSEQ gp14
GCA_025728675___contig_22_fragment_4_239	GCA_025728675___contig_22_fragment_4	VOG00097	sp|O48459|DIT_BPSPP Distal tail protein
GCA_025728675___contig_22_fragment_4_240	GCA_025728675___contig_22_fragment_4	VOG00824	REFSEQ putative antireceptor
GCA_025728675___contig_22_fragment_4_241	GCA_025728675___contig_22_fragment_4	VOG13479	REFSEQ gp067
GCA_025728615___contig_1_fragment_4_286	GCA_025728615___contig_1_fragment_4	K00059	"fabG, OAR1; 3-oxoacyl-[acyl-carrier protein] reductase [EC:1.1.1.100]"
GCA_025728615___contig_1_fragment_4_287	GCA_025728615___contig_1_fragment_4	PF11195.8	Protein of unknown function (DUF2829)
GCA_025728615___contig_1_fragment_4_288	GCA_025728615___contig_1_fragment_4	PF01205.19	Uncharacterized protein family UPF0029
GCA_025728615___contig_1_fragment_4_289	GCA_025728615___contig_1_fragment_4	K02240	comFA; competence protein ComFA
GCA_025728615___contig_1_fragment_4_290	GCA_025728615___contig_1_fragment_4	K06400	spoIVCA; site-specific DNA recombinase
GCA_025728615___contig_1_fragment_4_291	GCA_025728615___contig_1_fragment_4	VOG01190	REFSEQ hypothetical protein
GCA_025728615___contig_1_fragment_4_292	GCA_025728615___contig_1_fragment_4	None	hypothetical protein
GCA_025728615___contig_1_fragment_4_293	GCA_025728615___contig_1_fragment_4	VOG20253	REFSEQ hypothetical protein
GCA_025728615___contig_1_fragment_4_294	GCA_025728615___contig_1_fragment_4	None	hypothetical protein
GCA_025728615___contig_1_fragment_4_295	GCA_025728615___contig_1_fragment_4	PF02498.17	"BRO family, N-terminal domain"
MP_QEQMy132961___contig_1_fragment_7_566	MP_QEQMy132961___contig_1_fragment_7	K02013	ABC.FEV.A; iron complex transport system ATP-binding protein [EC:7.2.2.-]
MP_QEQMy132961___contig_1_fragment_7_567	MP_QEQMy132961___contig_1_fragment_7	K09022	"ridA, tdcF, RIDA; 2-iminobutanoate/2-iminopropanoate deaminase [EC:3.5.99.10]"
MP_QEQMy132961___contig_1_fragment_7_568	MP_QEQMy132961___contig_1_fragment_7	None	hypothetical protein
MP_QEQMy132961___contig_1_fragment_7_569	MP_QEQMy132961___contig_1_fragment_7	VOG00459	REFSEQ putative CI-like transcriptional repressor
MP_QEQMy132961___contig_1_fragment_7_570	MP_QEQMy132961___contig_1_fragment_7	None	hypothetical protein
MP_QEQMy132961___contig_1_fragment_7_571	MP_QEQMy132961___contig_1_fragment_7	None	hypothetical protein
MP_QEQMy132961___contig_1_fragment_7_572	MP_QEQMy132961___contig_1_fragment_7	VOG00188	sp|Q03182|RINA_BPPHA Transcriptional activator rinA
MP_QEQMy132961___contig_1_fragment_7_573	MP_QEQMy132961___contig_1_fragment_7	K22994	pelX; pectate disaccharide-lyase [EC:4.2.2.9]
MP_QEQMy132961___contig_1_fragment_7_574	MP_QEQMy132961___contig_1_fragment_7	K22994	pelX; pectate disaccharide-lyase [EC:4.2.2.9]
MP_QEQMy132961___contig_1_fragment_7_575	MP_QEQMy132961___contig_1_fragment_7	None	hypothetical protein
MP_QEQMy132961___contig_1_fragment_7_576	MP_QEQMy132961___contig_1_fragment_7	None	hypothetical protein
MP_QEQMy132961___contig_1_fragment_7_577	MP_QEQMy132961___contig_1_fragment_7	VOG00743	sp|O48448|COMPL_BPSPP Tail completion protein gp17
MP_QEQMy132961___contig_1_fragment_7_578	MP_QEQMy132961___contig_1_fragment_7	VOG00149	sp|A9CRB8|TAIL_BPMR1 Putative tail protein
MP_QEQMy132961___contig_1_fragment_7_579	MP_QEQMy132961___contig_1_fragment_7	PF12363.8	"Phage tail assembly chaperone protein, TAC"
MP_QEQMy132961___contig_1_fragment_7_580	MP_QEQMy132961___contig_1_fragment_7	VOG01394	REFSEQ hypothetical protein
MP_QEQMy132961___contig_1_fragment_7_581	MP_QEQMy132961___contig_1_fragment_7	VOG02632	REFSEQ gp14
MP_QEQMy132961___contig_1_fragment_7_582	MP_QEQMy132961___contig_1_fragment_7	VOG00097	sp|O48459|DIT_BPSPP Distal tail protein
MP_QEQMy132961___contig_1_fragment_7_583	MP_QEQMy132961___contig_1_fragment_7	VOG00824	REFSEQ putative antireceptor
MP_QEQMy132961___contig_1_fragment_7_584	MP_QEQMy132961___contig_1_fragment_7	VOG21997	REFSEQ hypothetical protein
MP_QEQMy132961___contig_1_fragment_7_585	MP_QEQMy132961___contig_1_fragment_7	VOG13479	REFSEQ gp067
MP_QEQMy132961___contig_1_fragment_7_586	MP_QEQMy132961___contig_1_fragment_7	None	hypothetical protein
MP_QEQMy132961___contig_1_fragment_7_587	MP_QEQMy132961___contig_1_fragment_7	None	hypothetical protein
MP_QEQMy132961___contig_1_fragment_7_588	MP_QEQMy132961___contig_1_fragment_7	None	hypothetical protein
MP_QEQMy132961___contig_1_fragment_7_589	MP_QEQMy132961___contig_1_fragment_7	None	hypothetical protein
MP_QEQMy132961___contig_1_fragment_7_590	MP_QEQMy132961___contig_1_fragment_7	None	hypothetical protein
MP_QEQMy132961___contig_1_fragment_7_591	MP_QEQMy132961___contig_1_fragment_7	PF16938.5	Putative phage holin Dp-1
MP_QEQMy132961___contig_1_fragment_7_592	MP_QEQMy132961___contig_1_fragment_7	PF05382.13	Bacteriophage peptidoglycan hydrolase
MP_QEQMy132961___contig_1_fragment_10_888	MP_QEQMy132961___contig_1_fragment_10	K02003	ABC.CD.A; putative ABC transport system ATP-binding protein
MP_QEQMy132961___contig_1_fragment_10_889	MP_QEQMy132961___contig_1_fragment_10	VOG00041	sp|O10330|VLF1_NPVOP Very late expression factor 1
MP_QEQMy132961___contig_1_fragment_10_890	MP_QEQMy132961___contig_1_fragment_10	K22300	"dicA; HTH-type transcriptional regulator, cell division transcriptional repressor"
MP_QEQMy132961___contig_1_fragment_10_891	MP_QEQMy132961___contig_1_fragment_10	None	hypothetical protein
MP_QEQMy132961___contig_1_fragment_10_892	MP_QEQMy132961___contig_1_fragment_10	None	hypothetical protein
MP_QEQMy132961___contig_1_fragment_10_893	MP_QEQMy132961___contig_1_fragment_10	PF09669.10	Phage regulatory protein Rha (Phage_pRha)
MP_QEQMy132961___contig_1_fragment_10_894	MP_QEQMy132961___contig_1_fragment_10	None	hypothetical protein
MP_QEQMy132961___contig_1_fragment_10_895	MP_QEQMy132961___contig_1_fragment_10	None	hypothetical protein
MP_QEQMy132961___contig_1_fragment_10_896	MP_QEQMy132961___contig_1_fragment_10	VOG20253	REFSEQ hypothetical protein
MP_QEQMy132961___contig_1_fragment_10_897	MP_QEQMy132961___contig_1_fragment_10	None	hypothetical protein
MP_QEQMy132961___contig_1_fragment_10_898	MP_QEQMy132961___contig_1_fragment_10	VOG10124	sp|O34449|YOQD_BACSU SPBc2 prophage-derived putative antirepressor protein YoqD
MP_QEQMy132961___contig_1_fragment_10_899	MP_QEQMy132961___contig_1_fragment_10	None	hypothetical protein
MP_QEQMy132961___contig_1_fragment_10_900	MP_QEQMy132961___contig_1_fragment_10	None	hypothetical protein
MP_QEQMy132961___contig_1_fragment_10_901	MP_QEQMy132961___contig_1_fragment_10	VOG14084	REFSEQ hypothetical protein
MP_QEQMy132961___contig_1_fragment_10_902	MP_QEQMy132961___contig_1_fragment_10	K07741	antB; anti-repressor protein
MP_QEQMy132961___contig_1_fragment_10_903	MP_QEQMy132961___contig_1_fragment_10	None	hypothetical protein
MP_QEQMy132961___contig_1_fragment_10_904	MP_QEQMy132961___contig_1_fragment_10	None	hypothetical protein
MP_QEQMy132961___contig_1_fragment_10_905	MP_QEQMy132961___contig_1_fragment_10	None	hypothetical protein
MP_QEQMy132961___contig_1_fragment_10_906	MP_QEQMy132961___contig_1_fragment_10	None	hypothetical protein
MP_QEQMy132961___contig_1_fragment_10_907	MP_QEQMy132961___contig_1_fragment_10	None	hypothetical protein
MP_QEQMy132961___contig_1_fragment_10_908	MP_QEQMy132961___contig_1_fragment_10	None	hypothetical protein
MP_QEQMy132961___contig_1_fragment_10_909	MP_QEQMy132961___contig_1_fragment_10	None	hypothetical protein
MP_QEQMy132961___contig_1_fragment_10_910	MP_QEQMy132961___contig_1_fragment_10	None	hypothetical protein
MP_QEQMy132961___contig_1_fragment_10_911	MP_QEQMy132961___contig_1_fragment_10	VOG11084	REFSEQ hypothetical protein
MP_QEQMy132961___contig_1_fragment_10_912	MP_QEQMy132961___contig_1_fragment_10	PF04404.12	ERF superfamily
MP_QEQMy132961___contig_1_fragment_10_913	MP_QEQMy132961___contig_1_fragment_10	PF16784.5	Putative HNHc nuclease
MP_QEQMy132961___contig_1_fragment_10_914	MP_QEQMy132961___contig_1_fragment_10	VOG21431	REFSEQ hypothetical protein
MP_QEQMy132961___contig_1_fragment_10_915	MP_QEQMy132961___contig_1_fragment_10	None	hypothetical protein
MP_QEQMy132961___contig_1_fragment_10_916	MP_QEQMy132961___contig_1_fragment_10	VOG00404	sp|P9WGD4|SSB_MYCTO Single-stranded DNA-binding protein
MP_QEQMy132961___contig_1_fragment_10_917	MP_QEQMy132961___contig_1_fragment_10	PF05866.11	Endodeoxyribonuclease RusA
MP_QEQMy132961___contig_1_fragment_10_918	MP_QEQMy132961___contig_1_fragment_10	None	hypothetical protein
MP_QEQMy132961___contig_1_fragment_10_919	MP_QEQMy132961___contig_1_fragment_10	None	hypothetical protein
MP_QEQMy132961___contig_1_fragment_10_920	MP_QEQMy132961___contig_1_fragment_10	None	hypothetical protein
MP_QEQMy132961___contig_1_fragment_10_921	MP_QEQMy132961___contig_1_fragment_10	VOG00065	sp|Q38441|YOR5_BPSPP Uncharacterized 10.3 kDa protein in GP2-GP6 intergenic region
MP_QEQMy132961___contig_1_fragment_10_922	MP_QEQMy132961___contig_1_fragment_10	VOG00188	sp|Q03182|RINA_BPPHA Transcriptional activator rinA
MP_QEQMy132961___contig_1_fragment_10_923	MP_QEQMy132961___contig_1_fragment_10	None	hypothetical protein
MP_QEQMy132961___contig_1_fragment_10_924	MP_QEQMy132961___contig_1_fragment_10	None	hypothetical protein
MP_QEQMy132961___contig_1_fragment_10_925	MP_QEQMy132961___contig_1_fragment_10	None	hypothetical protein
MP_QEQMy132961___contig_1_fragment_10_926	MP_QEQMy132961___contig_1_fragment_10	VOG00962	REFSEQ hypothetical protein
MP_QEQMy132961___contig_1_fragment_10_927	MP_QEQMy132961___contig_1_fragment_10	VOG00687	REFSEQ terminase small subunit
MP_QEQMy132961___contig_1_fragment_10_928	MP_QEQMy132961___contig_1_fragment_10	VOG04497	REFSEQ putative terminase small subunit
MP_QEQMy132961___contig_1_fragment_10_929	MP_QEQMy132961___contig_1_fragment_10	PF03354.15	Phage Terminase
MP_QEQMy132961___contig_1_fragment_10_930	MP_QEQMy132961___contig_1_fragment_10	PF04860.12	Phage portal protein
MP_QEQMy132961___contig_1_fragment_10_931	MP_QEQMy132961___contig_1_fragment_10	K06904	K06904; uncharacterized protein
MP_QEQMy132961___contig_1_fragment_10_932	MP_QEQMy132961___contig_1_fragment_10	VOG13487	REFSEQ major capsid L
MP_QEQMy132961___contig_1_fragment_10_933	MP_QEQMy132961___contig_1_fragment_10	VOG00181	REFSEQ hypothetical protein
MP_QEQMy132961___contig_1_fragment_10_934	MP_QEQMy132961___contig_1_fragment_10	None	hypothetical protein
MP_QEQMy132961___contig_1_fragment_10_935	MP_QEQMy132961___contig_1_fragment_10	VOG03575	REFSEQ hypothetical protein
MP_QEQMy132961___contig_1_fragment_10_936	MP_QEQMy132961___contig_1_fragment_10	None	hypothetical protein
MP_QEQMy132961___contig_1_fragment_10_937	MP_QEQMy132961___contig_1_fragment_10	VOG01397	REFSEQ major tail protein
MP_QEQMy132961___contig_1_fragment_10_938	MP_QEQMy132961___contig_1_fragment_10	None	hypothetical protein
MP_QEQMy132961___contig_1_fragment_10_939	MP_QEQMy132961___contig_1_fragment_10	None	hypothetical protein
MP_QEQMy132961___contig_1_fragment_10_940	MP_QEQMy132961___contig_1_fragment_10	None	hypothetical protein
MP_QEQMy132961___contig_1_fragment_10_941	MP_QEQMy132961___contig_1_fragment_10	VOG21220	REFSEQ phage tape measure protein
MP_QEQMy132961___contig_1_fragment_10_942	MP_QEQMy132961___contig_1_fragment_10	VOG04056	REFSEQ hypothetical protein
MP_QEQMy132961___contig_1_fragment_10_943	MP_QEQMy132961___contig_1_fragment_10	VOG01075	REFSEQ hypothetical protein
MP_QEQMy132961___contig_1_fragment_10_944	MP_QEQMy132961___contig_1_fragment_10	PF06605.11	Prophage endopeptidase tail
MP_QEQMy132961___contig_1_fragment_10_945	MP_QEQMy132961___contig_1_fragment_10	None	hypothetical protein
MP_QEQMy132961___contig_1_fragment_10_946	MP_QEQMy132961___contig_1_fragment_10	None	hypothetical protein
MP_QEQMy132961___contig_1_fragment_10_947	MP_QEQMy132961___contig_1_fragment_10	VOG18935	REFSEQ hypothetical protein
MP_QEQMy132961___contig_1_fragment_10_948	MP_QEQMy132961___contig_1_fragment_10	None	hypothetical protein
MP_QEQMy132961___contig_1_fragment_10_949	MP_QEQMy132961___contig_1_fragment_10	None	hypothetical protein
MP_QEQMy132961___contig_1_fragment_10_950	MP_QEQMy132961___contig_1_fragment_10	PF09693.10	Phage uncharacterised protein (Phage_XkdX)
MP_QEQMy132961___contig_1_fragment_10_951	MP_QEQMy132961___contig_1_fragment_10	None	hypothetical protein
MP_QEQMy132961___contig_1_fragment_10_952	MP_QEQMy132961___contig_1_fragment_10	PF16938.5	Putative phage holin Dp-1
MP_QEQMy132961___contig_1_fragment_10_953	MP_QEQMy132961___contig_1_fragment_10	K07273	acm; lysozyme
MP_QEQMy132961___contig_1_fragment_10_954	MP_QEQMy132961___contig_1_fragment_10	None	hypothetical protein
MP_QEQMy132961___contig_1_fragment_10_955	MP_QEQMy132961___contig_1_fragment_10	None	hypothetical protein
MP_QEQMy132961___contig_1_fragment_10_956	MP_QEQMy132961___contig_1_fragment_10	None	hypothetical protein
MP_QEQMy132961___contig_1_fragment_10_957	MP_QEQMy132961___contig_1_fragment_10	PF10097.9	Predicted membrane protein (DUF2335)
MP_QEQMy132961___contig_1_fragment_10_958	MP_QEQMy132961___contig_1_fragment_10	VOG14094	sp|A0A0H3CCP8|SOCA_CAUVN Antitoxin SocA
MP_BCQMy206___contig_1_fragment_3_287	MP_BCQMy206___contig_1_fragment_3	VOG00041	sp|O10330|VLF1_NPVOP Very late expression factor 1
MP_BCQMy206___contig_1_fragment_3_288	MP_BCQMy206___contig_1_fragment_3	VOG03321	REFSEQ hypothetical protein
MP_BCQMy206___contig_1_fragment_3_289	MP_BCQMy206___contig_1_fragment_3	VOG00361	sp|P10426|YIM2_BPPH1 Uncharacterized immunity region protein 2
MP_BCQMy206___contig_1_fragment_3_290	MP_BCQMy206___contig_1_fragment_3	VOG02771	sp|P03034|RPC1_LAMBD Repressor protein cI
MP_BCQMy206___contig_1_fragment_3_291	MP_BCQMy206___contig_1_fragment_3	None	hypothetical protein
MP_BCQMy206___contig_1_fragment_3_292	MP_BCQMy206___contig_1_fragment_3	None	hypothetical protein
MP_BCQMy206___contig_1_fragment_3_293	MP_BCQMy206___contig_1_fragment_3	None	hypothetical protein
MP_BCQMy206___contig_1_fragment_3_294	MP_BCQMy206___contig_1_fragment_3	None	hypothetical protein
MP_BCQMy206___contig_1_fragment_3_295	MP_BCQMy206___contig_1_fragment_3	None	hypothetical protein
MP_BCQMy206___contig_1_fragment_3_296	MP_BCQMy206___contig_1_fragment_3	None	hypothetical protein
MP_BCQMy206___contig_1_fragment_3_297	MP_BCQMy206___contig_1_fragment_3	None	hypothetical protein
MP_BCQMy206___contig_1_fragment_3_298	MP_BCQMy206___contig_1_fragment_3	VOG00523	sp|Q9T1Q7|VP41_BPAPS Putative protein p41
MP_BCQMy206___contig_1_fragment_3_299	MP_BCQMy206___contig_1_fragment_3	VOG00399	sp|Q9T1Q4|VP44_BPAPS Putative nuclease p44
MP_BCQMy206___contig_1_fragment_3_300	MP_BCQMy206___contig_1_fragment_3	None	hypothetical protein
MP_BCQMy206___contig_1_fragment_3_301	MP_BCQMy206___contig_1_fragment_3	PF13479.6	AAA domain
MP_BCQMy206___contig_1_fragment_3_302	MP_BCQMy206___contig_1_fragment_3	VOG03001	REFSEQ hypothetical protein
MP_BCQMy206___contig_1_fragment_3_303	MP_BCQMy206___contig_1_fragment_3	None	hypothetical protein
MP_BCQMy206___contig_1_fragment_3_304	MP_BCQMy206___contig_1_fragment_3	None	hypothetical protein
MP_BCQMy206___contig_1_fragment_3_305	MP_BCQMy206___contig_1_fragment_3	VOG00674	REFSEQ putative DNA polymerase
MP_BCQMy206___contig_1_fragment_3_306	MP_BCQMy206___contig_1_fragment_3	VOG00724	sp|P10277|PRIM_BPP4 Putative P4-specific DNA primase
MP_BCQMy206___contig_1_fragment_3_307	MP_BCQMy206___contig_1_fragment_3	VOG00188	sp|Q03182|RINA_BPPHA Transcriptional activator rinA
MP_BCQMy206___contig_1_fragment_3_308	MP_BCQMy206___contig_1_fragment_3	None	hypothetical protein
MP_BCQMy206___contig_1_fragment_3_309	MP_BCQMy206___contig_1_fragment_3	VOG00679	REFSEQ HNH endonuclease
MP_BCQMy206___contig_1_fragment_3_310	MP_BCQMy206___contig_1_fragment_3	None	hypothetical protein
MP_BCQMy206___contig_1_fragment_3_311	MP_BCQMy206___contig_1_fragment_3	PF03354.15	Phage Terminase
MP_BCQMy206___contig_1_fragment_3_312	MP_BCQMy206___contig_1_fragment_3	PF04860.12	Phage portal protein
MP_BCQMy206___contig_1_fragment_3_313	MP_BCQMy206___contig_1_fragment_3	K06904	K06904; uncharacterized protein
MP_BCQMy206___contig_1_fragment_3_314	MP_BCQMy206___contig_1_fragment_3	PF05065.13	Phage capsid family
MP_BCQMy206___contig_1_fragment_3_315	MP_BCQMy206___contig_1_fragment_3	VOG23089	REFSEQ hypothetical protein
MP_BCQMy206___contig_1_fragment_3_316	MP_BCQMy206___contig_1_fragment_3	VOG23090	REFSEQ head-tail adaptor
MP_BCQMy206___contig_1_fragment_3_317	MP_BCQMy206___contig_1_fragment_3	VOG23091	REFSEQ hypothetical protein
MP_BCQMy206___contig_1_fragment_3_318	MP_BCQMy206___contig_1_fragment_3	VOG00973	REFSEQ hypothetical protein
MP_BCQMy206___contig_1_fragment_3_319	MP_BCQMy206___contig_1_fragment_3	VOG01397	REFSEQ major tail protein
MP_BCQMy206___contig_1_fragment_3_320	MP_BCQMy206___contig_1_fragment_3	None	hypothetical protein
MP_BCQMy206___contig_1_fragment_3_321	MP_BCQMy206___contig_1_fragment_3	VOG02333	REFSEQ tail tape measure protein
MP_BCQMy206___contig_1_fragment_3_322	MP_BCQMy206___contig_1_fragment_3	None	hypothetical protein
MP_BCQMy206___contig_1_fragment_3_323	MP_BCQMy206___contig_1_fragment_3	VOG00824	REFSEQ putative antireceptor
MP_BCQMy206___contig_1_fragment_3_324	MP_BCQMy206___contig_1_fragment_3	VOG13479	REFSEQ gp067
MP_BCQMy206___contig_1_fragment_3_325	MP_BCQMy206___contig_1_fragment_3	None	hypothetical protein
MP_BCQMy206___contig_1_fragment_3_326	MP_BCQMy206___contig_1_fragment_3	None	hypothetical protein
MP_BCQMy206___contig_1_fragment_3_327	MP_BCQMy206___contig_1_fragment_3	PF10779.9	Haemolysin XhlA
MP_BCQMy206___contig_1_fragment_3_328	MP_BCQMy206___contig_1_fragment_3	PF16938.5	Putative phage holin Dp-1
MP_BCQMy206___contig_1_fragment_3_329	MP_BCQMy206___contig_1_fragment_3	PF05382.13	Bacteriophage peptidoglycan hydrolase
MP_BCQMy206___contig_1_fragment_5_447	MP_BCQMy206___contig_1_fragment_5	K06977	K06977; uncharacterized protein
MP_BCQMy206___contig_1_fragment_5_448	MP_BCQMy206___contig_1_fragment_5	None	hypothetical protein
MP_BCQMy206___contig_1_fragment_5_449	MP_BCQMy206___contig_1_fragment_5	PF08282.12	haloacid dehalogenase-like hydrolase
MP_BCQMy206___contig_1_fragment_5_450	MP_BCQMy206___contig_1_fragment_5	VOG00041	sp|O10330|VLF1_NPVOP Very late expression factor 1
MP_BCQMy206___contig_1_fragment_5_451	MP_BCQMy206___contig_1_fragment_5	None	hypothetical protein
MP_BCQMy206___contig_1_fragment_5_452	MP_BCQMy206___contig_1_fragment_5	PF07553.11	Host cell surface-exposed lipoprotein
MP_BCQMy206___contig_1_fragment_5_453	MP_BCQMy206___contig_1_fragment_5	VOG20253	REFSEQ hypothetical protein
MP_BCQMy206___contig_1_fragment_5_454	MP_BCQMy206___contig_1_fragment_5	None	hypothetical protein
MP_BCQMy206___contig_1_fragment_5_455	MP_BCQMy206___contig_1_fragment_5	VOG10124	sp|O34449|YOQD_BACSU SPBc2 prophage-derived putative antirepressor protein YoqD
MP_BCQMy206___contig_1_fragment_5_456	MP_BCQMy206___contig_1_fragment_5	None	hypothetical protein
MP_BCQMy206___contig_1_fragment_5_457	MP_BCQMy206___contig_1_fragment_5	None	hypothetical protein
MP_BCQMy206___contig_1_fragment_5_458	MP_BCQMy206___contig_1_fragment_5	K07741	antB; anti-repressor protein
MP_BCQMy206___contig_1_fragment_5_459	MP_BCQMy206___contig_1_fragment_5	None	hypothetical protein
MP_BCQMy206___contig_1_fragment_5_460	MP_BCQMy206___contig_1_fragment_5	None	hypothetical protein
MP_BCQMy206___contig_1_fragment_5_461	MP_BCQMy206___contig_1_fragment_5	None	hypothetical protein
MP_BCQMy206___contig_1_fragment_5_462	MP_BCQMy206___contig_1_fragment_5	K07741	antB; anti-repressor protein
MP_BCQMy206___contig_1_fragment_5_463	MP_BCQMy206___contig_1_fragment_5	None	hypothetical protein
MP_BCQMy206___contig_1_fragment_5_464	MP_BCQMy206___contig_1_fragment_5	None	hypothetical protein
MP_BCQMy206___contig_1_fragment_5_465	MP_BCQMy206___contig_1_fragment_5	None	hypothetical protein
MP_BCQMy206___contig_1_fragment_5_466	MP_BCQMy206___contig_1_fragment_5	None	hypothetical protein
MP_BCQMy206___contig_1_fragment_5_467	MP_BCQMy206___contig_1_fragment_5	None	hypothetical protein
MP_BCQMy206___contig_1_fragment_5_468	MP_BCQMy206___contig_1_fragment_5	None	hypothetical protein
MP_BCQMy206___contig_1_fragment_5_469	MP_BCQMy206___contig_1_fragment_5	PF03837.14	RecT family
MP_BCQMy206___contig_1_fragment_5_470	MP_BCQMy206___contig_1_fragment_5	PF12684.7	PDDEXK-like domain of unknown function (DUF3799)
MP_BCQMy206___contig_1_fragment_5_471	MP_BCQMy206___contig_1_fragment_5	PF16784.5	Putative HNHc nuclease
MP_BCQMy206___contig_1_fragment_5_472	MP_BCQMy206___contig_1_fragment_5	VOG21431	REFSEQ hypothetical protein
MP_BCQMy206___contig_1_fragment_5_473	MP_BCQMy206___contig_1_fragment_5	None	hypothetical protein
MP_BCQMy206___contig_1_fragment_5_474	MP_BCQMy206___contig_1_fragment_5	VOG00404	sp|P9WGD4|SSB_MYCTO Single-stranded DNA-binding protein
MP_BCQMy206___contig_1_fragment_5_475	MP_BCQMy206___contig_1_fragment_5	VOG01162	sp|O34055|ARPU_BPO12 Putative autolysin regulatory protein ArpU
MP_BCQMy206___contig_1_fragment_5_476	MP_BCQMy206___contig_1_fragment_5	None	hypothetical protein
MP_BCQMy206___contig_1_fragment_5_477	MP_BCQMy206___contig_1_fragment_5	VOG01156	REFSEQ hypothetical protein
MP_BCQMy206___contig_1_fragment_5_478	MP_BCQMy206___contig_1_fragment_5	None	hypothetical protein
MP_BCQMy206___contig_1_fragment_5_479	MP_BCQMy206___contig_1_fragment_5	None	hypothetical protein
MP_BCQMy206___contig_1_fragment_5_480	MP_BCQMy206___contig_1_fragment_5	VOG00962	REFSEQ hypothetical protein
MP_BCQMy206___contig_1_fragment_5_481	MP_BCQMy206___contig_1_fragment_5	VOG00687	REFSEQ terminase small subunit
MP_BCQMy206___contig_1_fragment_5_482	MP_BCQMy206___contig_1_fragment_5	VOG04497	REFSEQ putative terminase small subunit
MP_BCQMy206___contig_1_fragment_5_483	MP_BCQMy206___contig_1_fragment_5	PF04860.12	Phage portal protein
MP_BCQMy206___contig_1_fragment_5_484	MP_BCQMy206___contig_1_fragment_5	K06904	K06904; uncharacterized protein
MP_BCQMy206___contig_1_fragment_5_485	MP_BCQMy206___contig_1_fragment_5	VOG13487	REFSEQ major capsid L
MP_BCQMy206___contig_1_fragment_5_486	MP_BCQMy206___contig_1_fragment_5	VOG00181	REFSEQ hypothetical protein
MP_BCQMy206___contig_1_fragment_5_487	MP_BCQMy206___contig_1_fragment_5	VOG00066	sp|O48446|HCP16_BPSPP Head completion protein gp16
MP_BCQMy206___contig_1_fragment_5_488	MP_BCQMy206___contig_1_fragment_5	VOG03575	REFSEQ hypothetical protein
MP_BCQMy206___contig_1_fragment_5_489	MP_BCQMy206___contig_1_fragment_5	None	hypothetical protein
MP_BCQMy206___contig_1_fragment_5_490	MP_BCQMy206___contig_1_fragment_5	VOG01397	REFSEQ major tail protein
MP_BCQMy206___contig_1_fragment_5_491	MP_BCQMy206___contig_1_fragment_5	None	hypothetical protein
MP_BCQMy206___contig_1_fragment_5_492	MP_BCQMy206___contig_1_fragment_5	None	hypothetical protein
MP_BCQMy206___contig_1_fragment_5_493	MP_BCQMy206___contig_1_fragment_5	VOG04056	REFSEQ hypothetical protein
MP_BCQMy206___contig_1_fragment_5_494	MP_BCQMy206___contig_1_fragment_5	VOG01075	REFSEQ hypothetical protein
MP_BCQMy206___contig_1_fragment_5_495	MP_BCQMy206___contig_1_fragment_5	PF06605.11	Prophage endopeptidase tail
MP_BCQMy206___contig_1_fragment_5_496	MP_BCQMy206___contig_1_fragment_5	None	hypothetical protein
MP_BCQMy206___contig_1_fragment_5_497	MP_BCQMy206___contig_1_fragment_5	None	hypothetical protein
MP_BCQMy206___contig_1_fragment_5_498	MP_BCQMy206___contig_1_fragment_5	VOG18935	REFSEQ hypothetical protein
MP_BCQMy206___contig_1_fragment_5_499	MP_BCQMy206___contig_1_fragment_5	None	hypothetical protein
MP_BCQMy206___contig_1_fragment_5_500	MP_BCQMy206___contig_1_fragment_5	None	hypothetical protein
MP_BCQMy206___contig_1_fragment_5_501	MP_BCQMy206___contig_1_fragment_5	PF09693.10	Phage uncharacterised protein (Phage_XkdX)
MP_BCQMy206___contig_1_fragment_5_502	MP_BCQMy206___contig_1_fragment_5	PF10779.9	Haemolysin XhlA
MP_BCQMy206___contig_1_fragment_5_503	MP_BCQMy206___contig_1_fragment_5	PF16938.5	Putative phage holin Dp-1
MP_BCQMy206___contig_1_fragment_5_504	MP_BCQMy206___contig_1_fragment_5	K07273	acm; lysozyme
MP_BCQMy206___contig_1_fragment_5_505	MP_BCQMy206___contig_1_fragment_5	None	hypothetical protein
MP_BCQMy206___contig_1_fragment_5_506	MP_BCQMy206___contig_1_fragment_5	VOG14226	REFSEQ hypothetical protein
MP_BCQMy206___contig_1_fragment_11_1115	MP_BCQMy206___contig_1_fragment_11	VOG00041	sp|O10330|VLF1_NPVOP Very late expression factor 1
MP_BCQMy206___contig_1_fragment_11_1116	MP_BCQMy206___contig_1_fragment_11	None	hypothetical protein
MP_BCQMy206___contig_1_fragment_11_1117	MP_BCQMy206___contig_1_fragment_11	None	hypothetical protein
MP_BCQMy206___contig_1_fragment_11_1118	MP_BCQMy206___contig_1_fragment_11	None	hypothetical protein
MP_BCQMy206___contig_1_fragment_11_1119	MP_BCQMy206___contig_1_fragment_11	VOG14094	sp|A0A0H3CCP8|SOCA_CAUVN Antitoxin SocA
MP_BCQMy206___contig_1_fragment_11_1120	MP_BCQMy206___contig_1_fragment_11	K07273	acm; lysozyme
MP_BCQMy206___contig_1_fragment_11_1121	MP_BCQMy206___contig_1_fragment_11	PF16938.5	Putative phage holin Dp-1
MP_BCQMy206___contig_1_fragment_11_1122	MP_BCQMy206___contig_1_fragment_11	None	hypothetical protein
MP_BCQMy206___contig_1_fragment_11_1123	MP_BCQMy206___contig_1_fragment_11	PF09693.10	Phage uncharacterised protein (Phage_XkdX)
MP_BCQMy206___contig_1_fragment_11_1124	MP_BCQMy206___contig_1_fragment_11	None	hypothetical protein
MP_BCQMy206___contig_1_fragment_11_1125	MP_BCQMy206___contig_1_fragment_11	None	hypothetical protein
MP_BCQMy206___contig_1_fragment_11_1126	MP_BCQMy206___contig_1_fragment_11	VOG18935	REFSEQ hypothetical protein
MP_BCQMy206___contig_1_fragment_11_1127	MP_BCQMy206___contig_1_fragment_11	None	hypothetical protein
MP_BCQMy206___contig_1_fragment_11_1128	MP_BCQMy206___contig_1_fragment_11	None	hypothetical protein
MP_BCQMy206___contig_1_fragment_11_1129	MP_BCQMy206___contig_1_fragment_11	PF06605.11	Prophage endopeptidase tail
MP_BCQMy206___contig_1_fragment_11_1130	MP_BCQMy206___contig_1_fragment_11	VOG01075	REFSEQ hypothetical protein
MP_BCQMy206___contig_1_fragment_11_1131	MP_BCQMy206___contig_1_fragment_11	VOG04056	REFSEQ hypothetical protein
MP_BCQMy206___contig_1_fragment_11_1132	MP_BCQMy206___contig_1_fragment_11	None	hypothetical protein
MP_BCQMy206___contig_1_fragment_11_1133	MP_BCQMy206___contig_1_fragment_11	None	hypothetical protein
MP_BCQMy206___contig_1_fragment_11_1134	MP_BCQMy206___contig_1_fragment_11	VOG01397	REFSEQ major tail protein
MP_BCQMy206___contig_1_fragment_11_1135	MP_BCQMy206___contig_1_fragment_11	None	hypothetical protein
MP_BCQMy206___contig_1_fragment_11_1136	MP_BCQMy206___contig_1_fragment_11	VOG03575	REFSEQ hypothetical protein
MP_BCQMy206___contig_1_fragment_11_1137	MP_BCQMy206___contig_1_fragment_11	VOG00066	sp|O48446|HCP16_BPSPP Head completion protein gp16
MP_BCQMy206___contig_1_fragment_11_1138	MP_BCQMy206___contig_1_fragment_11	VOG00181	REFSEQ hypothetical protein
MP_BCQMy206___contig_1_fragment_11_1139	MP_BCQMy206___contig_1_fragment_11	VOG13487	REFSEQ major capsid L
MP_BCQMy206___contig_1_fragment_11_1140	MP_BCQMy206___contig_1_fragment_11	K06904	K06904; uncharacterized protein
MP_BCQMy206___contig_1_fragment_11_1141	MP_BCQMy206___contig_1_fragment_11	PF04860.12	Phage portal protein
MP_BCQMy206___contig_1_fragment_11_1142	MP_BCQMy206___contig_1_fragment_11	VOG04497	REFSEQ putative terminase small subunit
MP_BCQMy206___contig_1_fragment_11_1143	MP_BCQMy206___contig_1_fragment_11	VOG00687	REFSEQ terminase small subunit
MP_BCQMy206___contig_1_fragment_11_1144	MP_BCQMy206___contig_1_fragment_11	VOG00962	REFSEQ hypothetical protein
MP_BCQMy206___contig_1_fragment_11_1145	MP_BCQMy206___contig_1_fragment_11	None	hypothetical protein
MP_BCQMy206___contig_1_fragment_11_1146	MP_BCQMy206___contig_1_fragment_11	VOG00361	sp|P10426|YIM2_BPPH1 Uncharacterized immunity region protein 2
MP_BCQMy206___contig_1_fragment_11_1147	MP_BCQMy206___contig_1_fragment_11	None	hypothetical protein
MP_BCQMy206___contig_1_fragment_11_1148	MP_BCQMy206___contig_1_fragment_11	VOG01162	sp|O34055|ARPU_BPO12 Putative autolysin regulatory protein ArpU
MP_BCQMy206___contig_1_fragment_11_1149	MP_BCQMy206___contig_1_fragment_11	VOG00404	sp|P9WGD4|SSB_MYCTO Single-stranded DNA-binding protein
MP_BCQMy206___contig_1_fragment_11_1150	MP_BCQMy206___contig_1_fragment_11	None	hypothetical protein
MP_BCQMy206___contig_1_fragment_11_1151	MP_BCQMy206___contig_1_fragment_11	VOG01042	sp|P39787|DNAD_BACSU DNA replication protein DnaD
MP_BCQMy206___contig_1_fragment_11_1152	MP_BCQMy206___contig_1_fragment_11	PF16784.5	Putative HNHc nuclease
MP_BCQMy206___contig_1_fragment_11_1153	MP_BCQMy206___contig_1_fragment_11	VOG09746	sp|P04892|ERF_BPP22 Essential recombination function protein
MP_BCQMy206___contig_1_fragment_11_1154	MP_BCQMy206___contig_1_fragment_11	VOG11084	REFSEQ hypothetical protein
MP_BCQMy206___contig_1_fragment_11_1155	MP_BCQMy206___contig_1_fragment_11	None	hypothetical protein
MP_BCQMy206___contig_1_fragment_11_1156	MP_BCQMy206___contig_1_fragment_11	None	hypothetical protein
MP_BCQMy206___contig_1_fragment_11_1157	MP_BCQMy206___contig_1_fragment_11	None	hypothetical protein
MP_BCQMy206___contig_1_fragment_11_1158	MP_BCQMy206___contig_1_fragment_11	None	hypothetical protein
MP_BCQMy206___contig_1_fragment_11_1159	MP_BCQMy206___contig_1_fragment_11	None	hypothetical protein
MP_BCQMy206___contig_1_fragment_11_1160	MP_BCQMy206___contig_1_fragment_11	None	hypothetical protein
MP_BCQMy206___contig_1_fragment_11_1161	MP_BCQMy206___contig_1_fragment_11	None	hypothetical protein
MP_BCQMy206___contig_1_fragment_11_1162	MP_BCQMy206___contig_1_fragment_11	None	hypothetical protein
MP_BCQMy206___contig_1_fragment_11_1163	MP_BCQMy206___contig_1_fragment_11	None	hypothetical protein
MP_BCQMy206___contig_1_fragment_11_1164	MP_BCQMy206___contig_1_fragment_11	None	hypothetical protein
MP_BCQMy206___contig_1_fragment_11_1165	MP_BCQMy206___contig_1_fragment_11	None	hypothetical protein
MP_BCQMy206___contig_1_fragment_11_1166	MP_BCQMy206___contig_1_fragment_11	None	hypothetical protein
MP_BCQMy206___contig_1_fragment_11_1167	MP_BCQMy206___contig_1_fragment_11	None	hypothetical protein
MP_BCQMy206___contig_1_fragment_11_1168	MP_BCQMy206___contig_1_fragment_11	None	hypothetical protein
MP_BCQMy206___contig_1_fragment_11_1169	MP_BCQMy206___contig_1_fragment_11	None	hypothetical protein
MP_BCQMy206___contig_1_fragment_11_1170	MP_BCQMy206___contig_1_fragment_11	None	hypothetical protein
MP_BCQMy206___contig_1_fragment_11_1171	MP_BCQMy206___contig_1_fragment_11	K07741	antB; anti-repressor protein
MP_BCQMy206___contig_1_fragment_11_1172	MP_BCQMy206___contig_1_fragment_11	VOG14084	REFSEQ hypothetical protein
MP_BCQMy206___contig_1_fragment_11_1173	MP_BCQMy206___contig_1_fragment_11	None	hypothetical protein
MP_BCQMy206___contig_1_fragment_11_1174	MP_BCQMy206___contig_1_fragment_11	None	hypothetical protein
MP_BCQMy206___contig_1_fragment_11_1175	MP_BCQMy206___contig_1_fragment_11	PF01381.22	Helix-turn-helix
MP_BCQMy206___contig_1_fragment_11_1176	MP_BCQMy206___contig_1_fragment_11	VOG20253	REFSEQ hypothetical protein
MP_BCQMy206___contig_1_fragment_12_1192	MP_BCQMy206___contig_1_fragment_12	PF05382.13	Bacteriophage peptidoglycan hydrolase
MP_BCQMy206___contig_1_fragment_12_1193	MP_BCQMy206___contig_1_fragment_12	PF16938.5	Putative phage holin Dp-1
MP_BCQMy206___contig_1_fragment_12_1194	MP_BCQMy206___contig_1_fragment_12	None	hypothetical protein
MP_BCQMy206___contig_1_fragment_12_1195	MP_BCQMy206___contig_1_fragment_12	None	hypothetical protein
MP_BCQMy206___contig_1_fragment_12_1196	MP_BCQMy206___contig_1_fragment_12	None	hypothetical protein
MP_BCQMy206___contig_1_fragment_12_1197	MP_BCQMy206___contig_1_fragment_12	None	hypothetical protein
MP_BCQMy206___contig_1_fragment_12_1198	MP_BCQMy206___contig_1_fragment_12	VOG13479	REFSEQ gp067
MP_BCQMy206___contig_1_fragment_12_1199	MP_BCQMy206___contig_1_fragment_12	VOG00824	REFSEQ putative antireceptor
MP_BCQMy206___contig_1_fragment_12_1200	MP_BCQMy206___contig_1_fragment_12	VOG00097	sp|O48459|DIT_BPSPP Distal tail protein
MP_BCQMy206___contig_1_fragment_12_1201	MP_BCQMy206___contig_1_fragment_12	VOG02632	REFSEQ gp14
MP_BCQMy206___contig_1_fragment_12_1202	MP_BCQMy206___contig_1_fragment_12	VOG01394	REFSEQ hypothetical protein
MP_BCQMy206___contig_1_fragment_12_1203	MP_BCQMy206___contig_1_fragment_12	PF12363.8	"Phage tail assembly chaperone protein, TAC"
MP_BCQMy206___contig_1_fragment_12_1204	MP_BCQMy206___contig_1_fragment_12	VOG00149	sp|A9CRB8|TAIL_BPMR1 Putative tail protein
MP_BCQMy206___contig_1_fragment_12_1205	MP_BCQMy206___contig_1_fragment_12	VOG00743	sp|O48448|COMPL_BPSPP Tail completion protein gp17
MP_BCQMy206___contig_1_fragment_12_1206	MP_BCQMy206___contig_1_fragment_12	None	hypothetical protein
MP_BCQMy206___contig_1_fragment_12_1207	MP_BCQMy206___contig_1_fragment_12	None	hypothetical protein
MP_BCQMy206___contig_1_fragment_12_1208	MP_BCQMy206___contig_1_fragment_12	K22994	pelX; pectate disaccharide-lyase [EC:4.2.2.9]
MP_BCQMy206___contig_1_fragment_12_1209	MP_BCQMy206___contig_1_fragment_12	VOG00188	sp|Q03182|RINA_BPPHA Transcriptional activator rinA
MP_BCQMy206___contig_1_fragment_12_1210	MP_BCQMy206___contig_1_fragment_12	None	hypothetical protein
MP_BCQMy206___contig_1_fragment_12_1211	MP_BCQMy206___contig_1_fragment_12	None	hypothetical protein
MP_BCQMy206___contig_1_fragment_12_1212	MP_BCQMy206___contig_1_fragment_12	VOG00459	REFSEQ putative CI-like transcriptional repressor
MP_BCQMy206___contig_1_fragment_12_1213	MP_BCQMy206___contig_1_fragment_12	None	hypothetical protein
MP_BCQMy206___contig_1_fragment_12_1214	MP_BCQMy206___contig_1_fragment_12	K09022	"ridA, tdcF, RIDA; 2-iminobutanoate/2-iminopropanoate deaminase [EC:3.5.99.10]"
MP_BCQMy206___contig_1_fragment_12_1215	MP_BCQMy206___contig_1_fragment_12	K02013	ABC.FEV.A; iron complex transport system ATP-binding protein [EC:7.2.2.-]
MP_BCQMy206___contig_1_fragment_14_1430	MP_BCQMy206___contig_1_fragment_14	PF01183.20	Glycosyl hydrolases family 25
MP_BCQMy206___contig_1_fragment_14_1431	MP_BCQMy206___contig_1_fragment_14	VOG02762	REFSEQ holin
MP_BCQMy206___contig_1_fragment_14_1432	MP_BCQMy206___contig_1_fragment_14	None	hypothetical protein
MP_BCQMy206___contig_1_fragment_14_1433	MP_BCQMy206___contig_1_fragment_14	PF09693.10	Phage uncharacterised protein (Phage_XkdX)
MP_BCQMy206___contig_1_fragment_14_1434	MP_BCQMy206___contig_1_fragment_14	None	hypothetical protein
MP_BCQMy206___contig_1_fragment_14_1435	MP_BCQMy206___contig_1_fragment_14	None	hypothetical protein
MP_BCQMy206___contig_1_fragment_14_1436	MP_BCQMy206___contig_1_fragment_14	PF18667.1	Baseplate upper protein immunoglobulin like domain
MP_BCQMy206___contig_1_fragment_14_1437	MP_BCQMy206___contig_1_fragment_14	VOG21441	REFSEQ hypothetical protein
MP_BCQMy206___contig_1_fragment_14_1438	MP_BCQMy206___contig_1_fragment_14	None	hypothetical protein
MP_BCQMy206___contig_1_fragment_14_1439	MP_BCQMy206___contig_1_fragment_14	VOG03140	REFSEQ tape measure protein
MP_BCQMy206___contig_1_fragment_14_1440	MP_BCQMy206___contig_1_fragment_14	VOG01394	REFSEQ hypothetical protein
MP_BCQMy206___contig_1_fragment_14_1441	MP_BCQMy206___contig_1_fragment_14	VOG00446	REFSEQ hypothetical protein
MP_BCQMy206___contig_1_fragment_14_1442	MP_BCQMy206___contig_1_fragment_14	VOG03436	REFSEQ conserved structural protein
MP_BCQMy206___contig_1_fragment_14_1443	MP_BCQMy206___contig_1_fragment_14	VOG00149	sp|A9CRB8|TAIL_BPMR1 Putative tail protein
MP_BCQMy206___contig_1_fragment_14_1444	MP_BCQMy206___contig_1_fragment_14	VOG00743	sp|O48448|COMPL_BPSPP Tail completion protein gp17
MP_BCQMy206___contig_1_fragment_14_1445	MP_BCQMy206___contig_1_fragment_14	VOG00973	REFSEQ hypothetical protein
MP_BCQMy206___contig_1_fragment_14_1446	MP_BCQMy206___contig_1_fragment_14	None	hypothetical protein
MP_BCQMy206___contig_1_fragment_14_1447	MP_BCQMy206___contig_1_fragment_14	VOG00283	sp|Q38584|HCP15_BPSPP Head completion protein gp15
MP_BCQMy206___contig_1_fragment_14_1448	MP_BCQMy206___contig_1_fragment_14	None	hypothetical protein
MP_BCQMy206___contig_1_fragment_14_1449	MP_BCQMy206___contig_1_fragment_14	None	hypothetical protein
MP_BCQMy206___contig_1_fragment_14_1450	MP_BCQMy206___contig_1_fragment_14	VOG00686	sp|Q38442|GP7_BPSPP Minor head protein GP7
MP_BCQMy206___contig_1_fragment_14_1451	MP_BCQMy206___contig_1_fragment_14	PF05133.14	"Phage portal protein, SPP1 Gp6-like"
MP_BCQMy206___contig_1_fragment_14_1452	MP_BCQMy206___contig_1_fragment_14	K06909	xtmB; phage terminase large subunit
MP_BCQMy206___contig_1_fragment_14_1453	MP_BCQMy206___contig_1_fragment_14	K07474	xtmA; phage terminase small subunit
MP_BCQMy206___contig_1_fragment_14_1454	MP_BCQMy206___contig_1_fragment_14	None	hypothetical protein
MP_BCQMy206___contig_1_fragment_14_1455	MP_BCQMy206___contig_1_fragment_14	VOG00188	sp|Q03182|RINA_BPPHA Transcriptional activator rinA
MP_BCQMy206___contig_1_fragment_14_1456	MP_BCQMy206___contig_1_fragment_14	VOG00523	sp|Q9T1Q7|VP41_BPAPS Putative protein p41
MP_BCQMy206___contig_1_fragment_14_1457	MP_BCQMy206___contig_1_fragment_14	VOG00399	sp|Q9T1Q4|VP44_BPAPS Putative nuclease p44
MP_BCQMy206___contig_1_fragment_14_1458	MP_BCQMy206___contig_1_fragment_14	VOG00554	REFSEQ hypothetical protein
MP_BCQMy206___contig_1_fragment_14_1459	MP_BCQMy206___contig_1_fragment_14	None	hypothetical protein
MP_BCQMy206___contig_1_fragment_14_1460	MP_BCQMy206___contig_1_fragment_14	None	hypothetical protein
MP_BCQMy206___contig_1_fragment_14_1461	MP_BCQMy206___contig_1_fragment_14	None	hypothetical protein
MP_BCQMy206___contig_1_fragment_14_1462	MP_BCQMy206___contig_1_fragment_14	VOG03658	REFSEQ hypothetical protein
MP_BCQMy206___contig_1_fragment_14_1463	MP_BCQMy206___contig_1_fragment_14	None	hypothetical protein
MP_BCQMy206___contig_1_fragment_14_1464	MP_BCQMy206___contig_1_fragment_14	None	hypothetical protein
MP_BCQMy206___contig_1_fragment_14_1465	MP_BCQMy206___contig_1_fragment_14	K02334	dpo; DNA polymerase bacteriophage-type [EC:2.7.7.7]
MP_BCQMy206___contig_1_fragment_14_1466	MP_BCQMy206___contig_1_fragment_14	None	hypothetical protein
MP_BCQMy206___contig_1_fragment_14_1467	MP_BCQMy206___contig_1_fragment_14	None	hypothetical protein
MP_BCQMy206___contig_1_fragment_14_1468	MP_BCQMy206___contig_1_fragment_14	PF10991.8	Protein of unknown function (DUF2815)
MP_BCQMy206___contig_1_fragment_14_1469	MP_BCQMy206___contig_1_fragment_14	None	hypothetical protein
MP_BCQMy206___contig_1_fragment_14_1470	MP_BCQMy206___contig_1_fragment_14	PF10926.8	Protein of unknown function (DUF2800)
MP_BCQMy206___contig_1_fragment_14_1471	MP_BCQMy206___contig_1_fragment_14	None	hypothetical protein
MP_BCQMy206___contig_1_fragment_14_1472	MP_BCQMy206___contig_1_fragment_14	None	hypothetical protein
MP_BCQMy206___contig_1_fragment_14_1473	MP_BCQMy206___contig_1_fragment_14	VOG03500	REFSEQ hypothetical protein
MP_BCQMy206___contig_1_fragment_14_1474	MP_BCQMy206___contig_1_fragment_14	VOG22001	REFSEQ hypothetical protein
MP_BCQMy206___contig_1_fragment_14_1475	MP_BCQMy206___contig_1_fragment_14	VOG04233	REFSEQ hypothetical protein
MP_BCQMy206___contig_1_fragment_14_1476	MP_BCQMy206___contig_1_fragment_14	VOG17042	REFSEQ hypothetical protein
MP_BCQMy206___contig_1_fragment_14_1477	MP_BCQMy206___contig_1_fragment_14	None	hypothetical protein
MP_BCQMy206___contig_1_fragment_14_1478	MP_BCQMy206___contig_1_fragment_14	None	hypothetical protein
MP_BCQMy206___contig_1_fragment_14_1479	MP_BCQMy206___contig_1_fragment_14	VOG02771	sp|P03034|RPC1_LAMBD Repressor protein cI
MP_BCQMy206___contig_1_fragment_14_1480	MP_BCQMy206___contig_1_fragment_14	VOG00361	sp|P10426|YIM2_BPPH1 Uncharacterized immunity region protein 2
MP_BCQMy206___contig_1_fragment_14_1481	MP_BCQMy206___contig_1_fragment_14	VOG00041	sp|O10330|VLF1_NPVOP Very late expression factor 1
MP_ONT63___contig_3_1	MP_ONT63___contig_3	K07467	rstA1; phage replication initiation protein
MP_ONT63___contig_3_2	MP_ONT63___contig_3	None	hypothetical protein
MP_ONT63___contig_3_3	MP_ONT63___contig_3	None	hypothetical protein
MP_ONT63___contig_3_4	MP_ONT63___contig_3	None	hypothetical protein
MP_ONT63___contig_3_5	MP_ONT63___contig_3	PF07564.11	Domain of Unknown Function (DUF1542)
MP_ONT63___contig_3_6	MP_ONT63___contig_3	None	hypothetical protein
MP_ONT63___contig_3_7	MP_ONT63___contig_3	PF00239.21	"Resolvase, N terminal domain"
MP_ONT63___contig_3_8	MP_ONT63___contig_3	VOG19011	REFSEQ hypothetical protein
MP_ONT63___contig_3_9	MP_ONT63___contig_3	None	hypothetical protein
MP_ONT63___contig_3_10	MP_ONT63___contig_3	PF03318.13	Clostridium epsilon toxin ETX/Bacillus mosquitocidal toxin MTX2
MP_ONT63___contig_3_11	MP_ONT63___contig_3	K01972	"E6.5.1.2, ligA, ligB; DNA ligase (NAD+) [EC:6.5.1.2]"
MP_ONT63___contig_3_12	MP_ONT63___contig_3	PF17363.2	Family of unknown function (DUF5388)
MP_ONT63___contig_3_13	MP_ONT63___contig_3	K03496	"parA, soj; chromosome partitioning protein"
MP_ONT63___contig_3_14	MP_ONT63___contig_3	None	hypothetical protein
MP_ONT63___contig_3_15	MP_ONT63___contig_3	None	hypothetical protein
MP_ONT63___contig_3_16	MP_ONT63___contig_3	None	hypothetical protein
MP_ONT63___contig_3_17	MP_ONT63___contig_3	VOG01473	REFSEQ FtsK/SpoIIIE protein
MP_ONT141___contig_3_1	MP_ONT141___contig_3	K07467	rstA1; phage replication initiation protein
MP_ONT141___contig_3_2	MP_ONT141___contig_3	None	hypothetical protein
MP_ONT141___contig_3_3	MP_ONT141___contig_3	None	hypothetical protein
MP_ONT141___contig_3_4	MP_ONT141___contig_3	None	hypothetical protein
MP_ONT141___contig_3_5	MP_ONT141___contig_3	PF07564.11	Domain of Unknown Function (DUF1542)
MP_ONT141___contig_3_6	MP_ONT141___contig_3	None	hypothetical protein
MP_ONT141___contig_3_7	MP_ONT141___contig_3	PF00239.21	"Resolvase, N terminal domain"
MP_ONT141___contig_3_8	MP_ONT141___contig_3	VOG19011	REFSEQ hypothetical protein
MP_ONT141___contig_3_9	MP_ONT141___contig_3	None	hypothetical protein
MP_ONT141___contig_3_10	MP_ONT141___contig_3	PF03318.13	Clostridium epsilon toxin ETX/Bacillus mosquitocidal toxin MTX2
MP_ONT141___contig_3_11	MP_ONT141___contig_3	K01972	"E6.5.1.2, ligA, ligB; DNA ligase (NAD+) [EC:6.5.1.2]"
MP_ONT141___contig_3_12	MP_ONT141___contig_3	PF17363.2	Family of unknown function (DUF5388)
MP_ONT141___contig_3_13	MP_ONT141___contig_3	K03496	"parA, soj; chromosome partitioning protein"
MP_ONT141___contig_3_14	MP_ONT141___contig_3	None	hypothetical protein
MP_ONT141___contig_3_15	MP_ONT141___contig_3	None	hypothetical protein
MP_ONT141___contig_3_16	MP_ONT141___contig_3	None	hypothetical protein
MP_ONT141___contig_3_17	MP_ONT141___contig_3	VOG01473	REFSEQ FtsK/SpoIIIE protein
MP_BCQMy206___contig_3_1	MP_BCQMy206___contig_3	K07467	rstA1; phage replication initiation protein
MP_BCQMy206___contig_3_2	MP_BCQMy206___contig_3	None	hypothetical protein
MP_BCQMy206___contig_3_3	MP_BCQMy206___contig_3	None	hypothetical protein
MP_BCQMy206___contig_3_4	MP_BCQMy206___contig_3	None	hypothetical protein
MP_BCQMy206___contig_3_5	MP_BCQMy206___contig_3	PF07564.11	Domain of Unknown Function (DUF1542)
MP_BCQMy206___contig_3_6	MP_BCQMy206___contig_3	None	hypothetical protein
MP_BCQMy206___contig_3_7	MP_BCQMy206___contig_3	PF00239.21	"Resolvase, N terminal domain"
MP_BCQMy206___contig_3_8	MP_BCQMy206___contig_3	VOG19011	REFSEQ hypothetical protein
MP_BCQMy206___contig_3_9	MP_BCQMy206___contig_3	None	hypothetical protein
MP_BCQMy206___contig_3_10	MP_BCQMy206___contig_3	PF03318.13	Clostridium epsilon toxin ETX/Bacillus mosquitocidal toxin MTX2
MP_BCQMy206___contig_3_11	MP_BCQMy206___contig_3	K01972	"E6.5.1.2, ligA, ligB; DNA ligase (NAD+) [EC:6.5.1.2]"
MP_BCQMy206___contig_3_12	MP_BCQMy206___contig_3	PF17363.2	Family of unknown function (DUF5388)
MP_BCQMy206___contig_3_13	MP_BCQMy206___contig_3	K03496	"parA, soj; chromosome partitioning protein"
MP_BCQMy206___contig_3_14	MP_BCQMy206___contig_3	None	hypothetical protein
MP_BCQMy206___contig_3_15	MP_BCQMy206___contig_3	None	hypothetical protein
MP_BCQMy206___contig_3_16	MP_BCQMy206___contig_3	None	hypothetical protein
MP_BCQMy206___contig_3_17	MP_BCQMy206___contig_3	VOG01473	REFSEQ FtsK/SpoIIIE protein
MP_QEQMy133751___contig_3_1	MP_QEQMy133751___contig_3	K07467	rstA1; phage replication initiation protein
MP_QEQMy133751___contig_3_2	MP_QEQMy133751___contig_3	None	hypothetical protein
MP_QEQMy133751___contig_3_3	MP_QEQMy133751___contig_3	None	hypothetical protein
MP_QEQMy133751___contig_3_4	MP_QEQMy133751___contig_3	None	hypothetical protein
MP_QEQMy133751___contig_3_5	MP_QEQMy133751___contig_3	PF07564.11	Domain of Unknown Function (DUF1542)
MP_QEQMy133751___contig_3_6	MP_QEQMy133751___contig_3	None	hypothetical protein
MP_QEQMy133751___contig_3_7	MP_QEQMy133751___contig_3	PF00239.21	"Resolvase, N terminal domain"
MP_QEQMy133751___contig_3_8	MP_QEQMy133751___contig_3	VOG19011	REFSEQ hypothetical protein
MP_QEQMy133751___contig_3_9	MP_QEQMy133751___contig_3	None	hypothetical protein
MP_QEQMy133751___contig_3_10	MP_QEQMy133751___contig_3	PF03318.13	Clostridium epsilon toxin ETX/Bacillus mosquitocidal toxin MTX2
MP_QEQMy133751___contig_3_11	MP_QEQMy133751___contig_3	K01972	"E6.5.1.2, ligA, ligB; DNA ligase (NAD+) [EC:6.5.1.2]"
MP_QEQMy133751___contig_3_12	MP_QEQMy133751___contig_3	PF17363.2	Family of unknown function (DUF5388)
MP_QEQMy133751___contig_3_13	MP_QEQMy133751___contig_3	K03496	"parA, soj; chromosome partitioning protein"
MP_QEQMy133751___contig_3_14	MP_QEQMy133751___contig_3	None	hypothetical protein
MP_QEQMy133751___contig_3_15	MP_QEQMy133751___contig_3	None	hypothetical protein
MP_QEQMy133751___contig_3_16	MP_QEQMy133751___contig_3	None	hypothetical protein
MP_QEQMy133751___contig_3_17	MP_QEQMy133751___contig_3	None	hypothetical protein
MP_QEQMy133751___contig_3_18	MP_QEQMy133751___contig_3	VOG01473	REFSEQ FtsK/SpoIIIE protein
GCA_001047555___contig_9_fragment_1_77	GCA_001047555___contig_9_fragment_1	PF05382.13	Bacteriophage peptidoglycan hydrolase
GCA_001047555___contig_9_fragment_1_78	GCA_001047555___contig_9_fragment_1	PF16938.5	Putative phage holin Dp-1
GCA_001047555___contig_9_fragment_1_79	GCA_001047555___contig_9_fragment_1	None	hypothetical protein
GCA_001047555___contig_9_fragment_1_80	GCA_001047555___contig_9_fragment_1	None	hypothetical protein
GCA_001047555___contig_9_fragment_1_81	GCA_001047555___contig_9_fragment_1	None	hypothetical protein
GCA_001047555___contig_9_fragment_1_82	GCA_001047555___contig_9_fragment_1	None	hypothetical protein
GCA_001047555___contig_9_fragment_1_83	GCA_001047555___contig_9_fragment_1	None	hypothetical protein
GCA_001047555___contig_9_fragment_1_84	GCA_001047555___contig_9_fragment_1	VOG13479	REFSEQ gp067
GCA_001047555___contig_9_fragment_1_85	GCA_001047555___contig_9_fragment_1	VOG21997	REFSEQ hypothetical protein
GCA_001047555___contig_9_fragment_1_86	GCA_001047555___contig_9_fragment_1	VOG00824	REFSEQ putative antireceptor
GCA_001047555___contig_9_fragment_1_87	GCA_001047555___contig_9_fragment_1	VOG00097	sp|O48459|DIT_BPSPP Distal tail protein
GCA_001047555___contig_9_fragment_1_88	GCA_001047555___contig_9_fragment_1	VOG02632	REFSEQ gp14
GCA_001047555___contig_9_fragment_1_89	GCA_001047555___contig_9_fragment_1	VOG01394	REFSEQ hypothetical protein
GCA_001047555___contig_9_fragment_1_90	GCA_001047555___contig_9_fragment_1	PF12363.8	"Phage tail assembly chaperone protein, TAC"
GCA_001047555___contig_9_fragment_1_91	GCA_001047555___contig_9_fragment_1	VOG00149	sp|A9CRB8|TAIL_BPMR1 Putative tail protein
GCA_001047555___contig_9_fragment_1_92	GCA_001047555___contig_9_fragment_1	VOG00743	sp|O48448|COMPL_BPSPP Tail completion protein gp17
GCA_001047555___contig_9_fragment_1_93	GCA_001047555___contig_9_fragment_1	None	hypothetical protein
GCA_001047555___contig_9_fragment_1_94	GCA_001047555___contig_9_fragment_1	None	hypothetical protein
GCA_001047555___contig_9_fragment_1_95	GCA_001047555___contig_9_fragment_1	K22994	pelX; pectate disaccharide-lyase [EC:4.2.2.9]
GCA_001047555___contig_9_fragment_1_96	GCA_001047555___contig_9_fragment_1	K22994	pelX; pectate disaccharide-lyase [EC:4.2.2.9]
GCA_001047555___contig_9_fragment_1_97	GCA_001047555___contig_9_fragment_1	VOG00188	sp|Q03182|RINA_BPPHA Transcriptional activator rinA
GCA_001047555___contig_9_fragment_1_98	GCA_001047555___contig_9_fragment_1	None	hypothetical protein
GCA_001047555___contig_9_fragment_1_99	GCA_001047555___contig_9_fragment_1	None	hypothetical protein
GCA_001047555___contig_9_fragment_1_100	GCA_001047555___contig_9_fragment_1	VOG00459	REFSEQ putative CI-like transcriptional repressor
GCA_001047555___contig_9_fragment_1_101	GCA_001047555___contig_9_fragment_1	None	hypothetical protein
GCA_001047555___contig_9_fragment_1_102	GCA_001047555___contig_9_fragment_1	K09022	"ridA, tdcF, RIDA; 2-iminobutanoate/2-iminopropanoate deaminase [EC:3.5.99.10]"
GCA_001047555___contig_9_fragment_1_103	GCA_001047555___contig_9_fragment_1	K02013	ABC.FEV.A; iron complex transport system ATP-binding protein [EC:7.2.2.-]
GCA_001047465___contig_12_fragment_1_77	GCA_001047465___contig_12_fragment_1	PF05382.13	Bacteriophage peptidoglycan hydrolase
GCA_001047465___contig_12_fragment_1_78	GCA_001047465___contig_12_fragment_1	PF16938.5	Putative phage holin Dp-1
GCA_001047465___contig_12_fragment_1_79	GCA_001047465___contig_12_fragment_1	None	hypothetical protein
GCA_001047465___contig_12_fragment_1_80	GCA_001047465___contig_12_fragment_1	None	hypothetical protein
GCA_001047465___contig_12_fragment_1_81	GCA_001047465___contig_12_fragment_1	None	hypothetical protein
GCA_001047465___contig_12_fragment_1_82	GCA_001047465___contig_12_fragment_1	None	hypothetical protein
GCA_001047465___contig_12_fragment_1_83	GCA_001047465___contig_12_fragment_1	None	hypothetical protein
GCA_001047465___contig_12_fragment_1_84	GCA_001047465___contig_12_fragment_1	VOG13479	REFSEQ gp067
GCA_001047465___contig_12_fragment_1_85	GCA_001047465___contig_12_fragment_1	VOG21997	REFSEQ hypothetical protein
GCA_001047465___contig_12_fragment_1_86	GCA_001047465___contig_12_fragment_1	VOG00824	REFSEQ putative antireceptor
GCA_001047465___contig_12_fragment_1_87	GCA_001047465___contig_12_fragment_1	VOG00097	sp|O48459|DIT_BPSPP Distal tail protein
GCA_001047465___contig_12_fragment_1_88	GCA_001047465___contig_12_fragment_1	VOG02632	REFSEQ gp14
GCA_001047465___contig_12_fragment_1_89	GCA_001047465___contig_12_fragment_1	VOG01394	REFSEQ hypothetical protein
GCA_001047465___contig_12_fragment_1_90	GCA_001047465___contig_12_fragment_1	PF12363.8	"Phage tail assembly chaperone protein, TAC"
GCA_001047465___contig_12_fragment_1_91	GCA_001047465___contig_12_fragment_1	VOG00149	sp|A9CRB8|TAIL_BPMR1 Putative tail protein
GCA_001047465___contig_12_fragment_1_92	GCA_001047465___contig_12_fragment_1	VOG00743	sp|O48448|COMPL_BPSPP Tail completion protein gp17
GCA_001047465___contig_12_fragment_1_93	GCA_001047465___contig_12_fragment_1	None	hypothetical protein
GCA_001047465___contig_12_fragment_1_94	GCA_001047465___contig_12_fragment_1	None	hypothetical protein
GCA_001047465___contig_12_fragment_1_95	GCA_001047465___contig_12_fragment_1	K22994	pelX; pectate disaccharide-lyase [EC:4.2.2.9]
GCA_001047465___contig_12_fragment_1_96	GCA_001047465___contig_12_fragment_1	K22994	pelX; pectate disaccharide-lyase [EC:4.2.2.9]
GCA_001047465___contig_12_fragment_1_97	GCA_001047465___contig_12_fragment_1	VOG00188	sp|Q03182|RINA_BPPHA Transcriptional activator rinA
GCA_001047465___contig_12_fragment_1_98	GCA_001047465___contig_12_fragment_1	None	hypothetical protein
GCA_001047465___contig_12_fragment_1_99	GCA_001047465___contig_12_fragment_1	None	hypothetical protein
GCA_001047465___contig_12_fragment_1_100	GCA_001047465___contig_12_fragment_1	VOG00459	REFSEQ putative CI-like transcriptional repressor
GCA_001047465___contig_12_fragment_1_101	GCA_001047465___contig_12_fragment_1	None	hypothetical protein
GCA_001047465___contig_12_fragment_1_102	GCA_001047465___contig_12_fragment_1	K09022	"ridA, tdcF, RIDA; 2-iminobutanoate/2-iminopropanoate deaminase [EC:3.5.99.10]"
GCA_001047465___contig_12_fragment_1_103	GCA_001047465___contig_12_fragment_1	K02013	ABC.FEV.A; iron complex transport system ATP-binding protein [EC:7.2.2.-]
MP_LCAL0054___contig_1_fragment_3_287	MP_LCAL0054___contig_1_fragment_3	VOG00041	sp|O10330|VLF1_NPVOP Very late expression factor 1
MP_LCAL0054___contig_1_fragment_3_288	MP_LCAL0054___contig_1_fragment_3	VOG03321	REFSEQ hypothetical protein
MP_LCAL0054___contig_1_fragment_3_289	MP_LCAL0054___contig_1_fragment_3	VOG00361	sp|P10426|YIM2_BPPH1 Uncharacterized immunity region protein 2
MP_LCAL0054___contig_1_fragment_3_290	MP_LCAL0054___contig_1_fragment_3	VOG02771	sp|P03034|RPC1_LAMBD Repressor protein cI
MP_LCAL0054___contig_1_fragment_3_291	MP_LCAL0054___contig_1_fragment_3	None	hypothetical protein
MP_LCAL0054___contig_1_fragment_3_292	MP_LCAL0054___contig_1_fragment_3	None	hypothetical protein
MP_LCAL0054___contig_1_fragment_3_293	MP_LCAL0054___contig_1_fragment_3	None	hypothetical protein
MP_LCAL0054___contig_1_fragment_3_294	MP_LCAL0054___contig_1_fragment_3	None	hypothetical protein
MP_LCAL0054___contig_1_fragment_3_295	MP_LCAL0054___contig_1_fragment_3	None	hypothetical protein
MP_LCAL0054___contig_1_fragment_3_296	MP_LCAL0054___contig_1_fragment_3	None	hypothetical protein
MP_LCAL0054___contig_1_fragment_3_297	MP_LCAL0054___contig_1_fragment_3	None	hypothetical protein
MP_LCAL0054___contig_1_fragment_3_298	MP_LCAL0054___contig_1_fragment_3	VOG00523	sp|Q9T1Q7|VP41_BPAPS Putative protein p41
MP_LCAL0054___contig_1_fragment_3_299	MP_LCAL0054___contig_1_fragment_3	VOG00399	sp|Q9T1Q4|VP44_BPAPS Putative nuclease p44
MP_LCAL0054___contig_1_fragment_3_300	MP_LCAL0054___contig_1_fragment_3	None	hypothetical protein
MP_LCAL0054___contig_1_fragment_3_301	MP_LCAL0054___contig_1_fragment_3	PF13479.6	AAA domain
MP_LCAL0054___contig_1_fragment_3_302	MP_LCAL0054___contig_1_fragment_3	VOG03001	REFSEQ hypothetical protein
MP_LCAL0054___contig_1_fragment_3_303	MP_LCAL0054___contig_1_fragment_3	None	hypothetical protein
MP_LCAL0054___contig_1_fragment_3_304	MP_LCAL0054___contig_1_fragment_3	None	hypothetical protein
MP_LCAL0054___contig_1_fragment_3_305	MP_LCAL0054___contig_1_fragment_3	VOG00674	REFSEQ putative DNA polymerase
MP_LCAL0054___contig_1_fragment_3_306	MP_LCAL0054___contig_1_fragment_3	VOG00724	sp|P10277|PRIM_BPP4 Putative P4-specific DNA primase
MP_LCAL0054___contig_1_fragment_3_307	MP_LCAL0054___contig_1_fragment_3	VOG00188	sp|Q03182|RINA_BPPHA Transcriptional activator rinA
MP_LCAL0054___contig_1_fragment_3_308	MP_LCAL0054___contig_1_fragment_3	None	hypothetical protein
MP_LCAL0054___contig_1_fragment_3_309	MP_LCAL0054___contig_1_fragment_3	VOG00679	REFSEQ HNH endonuclease
MP_LCAL0054___contig_1_fragment_3_310	MP_LCAL0054___contig_1_fragment_3	None	hypothetical protein
MP_LCAL0054___contig_1_fragment_3_311	MP_LCAL0054___contig_1_fragment_3	PF03354.15	Phage Terminase
MP_LCAL0054___contig_1_fragment_3_312	MP_LCAL0054___contig_1_fragment_3	PF04860.12	Phage portal protein
MP_LCAL0054___contig_1_fragment_3_313	MP_LCAL0054___contig_1_fragment_3	K06904	K06904; uncharacterized protein
MP_LCAL0054___contig_1_fragment_3_314	MP_LCAL0054___contig_1_fragment_3	PF05065.13	Phage capsid family
MP_LCAL0054___contig_1_fragment_3_315	MP_LCAL0054___contig_1_fragment_3	VOG23089	REFSEQ hypothetical protein
MP_LCAL0054___contig_1_fragment_3_316	MP_LCAL0054___contig_1_fragment_3	VOG23090	REFSEQ head-tail adaptor
MP_LCAL0054___contig_1_fragment_3_317	MP_LCAL0054___contig_1_fragment_3	VOG23091	REFSEQ hypothetical protein
MP_LCAL0054___contig_1_fragment_3_318	MP_LCAL0054___contig_1_fragment_3	VOG00973	REFSEQ hypothetical protein
MP_LCAL0054___contig_1_fragment_3_319	MP_LCAL0054___contig_1_fragment_3	VOG01397	REFSEQ major tail protein
MP_LCAL0054___contig_1_fragment_3_320	MP_LCAL0054___contig_1_fragment_3	None	hypothetical protein
MP_LCAL0054___contig_1_fragment_3_321	MP_LCAL0054___contig_1_fragment_3	VOG02333	REFSEQ tail tape measure protein
MP_LCAL0054___contig_1_fragment_3_322	MP_LCAL0054___contig_1_fragment_3	None	hypothetical protein
MP_LCAL0054___contig_1_fragment_3_323	MP_LCAL0054___contig_1_fragment_3	VOG00824	REFSEQ putative antireceptor
MP_LCAL0054___contig_1_fragment_3_324	MP_LCAL0054___contig_1_fragment_3	VOG13479	REFSEQ gp067
MP_LCAL0054___contig_1_fragment_3_325	MP_LCAL0054___contig_1_fragment_3	None	hypothetical protein
MP_LCAL0054___contig_1_fragment_3_326	MP_LCAL0054___contig_1_fragment_3	None	hypothetical protein
MP_LCAL0054___contig_1_fragment_3_327	MP_LCAL0054___contig_1_fragment_3	PF10779.9	Haemolysin XhlA
MP_LCAL0054___contig_1_fragment_3_328	MP_LCAL0054___contig_1_fragment_3	PF16938.5	Putative phage holin Dp-1
MP_LCAL0054___contig_1_fragment_3_329	MP_LCAL0054___contig_1_fragment_3	PF05382.13	Bacteriophage peptidoglycan hydrolase
MP_LCAL0054___contig_1_fragment_5_447	MP_LCAL0054___contig_1_fragment_5	K06977	K06977; uncharacterized protein
MP_LCAL0054___contig_1_fragment_5_448	MP_LCAL0054___contig_1_fragment_5	None	hypothetical protein
MP_LCAL0054___contig_1_fragment_5_449	MP_LCAL0054___contig_1_fragment_5	PF08282.12	haloacid dehalogenase-like hydrolase
MP_LCAL0054___contig_1_fragment_5_450	MP_LCAL0054___contig_1_fragment_5	VOG00041	sp|O10330|VLF1_NPVOP Very late expression factor 1
MP_LCAL0054___contig_1_fragment_5_451	MP_LCAL0054___contig_1_fragment_5	None	hypothetical protein
MP_LCAL0054___contig_1_fragment_5_452	MP_LCAL0054___contig_1_fragment_5	PF07553.11	Host cell surface-exposed lipoprotein
MP_LCAL0054___contig_1_fragment_5_453	MP_LCAL0054___contig_1_fragment_5	VOG20253	REFSEQ hypothetical protein
MP_LCAL0054___contig_1_fragment_5_454	MP_LCAL0054___contig_1_fragment_5	None	hypothetical protein
MP_LCAL0054___contig_1_fragment_5_455	MP_LCAL0054___contig_1_fragment_5	VOG10124	sp|O34449|YOQD_BACSU SPBc2 prophage-derived putative antirepressor protein YoqD
MP_LCAL0054___contig_1_fragment_5_456	MP_LCAL0054___contig_1_fragment_5	None	hypothetical protein
MP_LCAL0054___contig_1_fragment_5_457	MP_LCAL0054___contig_1_fragment_5	None	hypothetical protein
MP_LCAL0054___contig_1_fragment_5_458	MP_LCAL0054___contig_1_fragment_5	K07741	antB; anti-repressor protein
MP_LCAL0054___contig_1_fragment_5_459	MP_LCAL0054___contig_1_fragment_5	None	hypothetical protein
MP_LCAL0054___contig_1_fragment_5_460	MP_LCAL0054___contig_1_fragment_5	None	hypothetical protein
MP_LCAL0054___contig_1_fragment_5_461	MP_LCAL0054___contig_1_fragment_5	None	hypothetical protein
MP_LCAL0054___contig_1_fragment_5_462	MP_LCAL0054___contig_1_fragment_5	K07741	antB; anti-repressor protein
MP_LCAL0054___contig_1_fragment_5_463	MP_LCAL0054___contig_1_fragment_5	None	hypothetical protein
MP_LCAL0054___contig_1_fragment_5_464	MP_LCAL0054___contig_1_fragment_5	None	hypothetical protein
MP_LCAL0054___contig_1_fragment_5_465	MP_LCAL0054___contig_1_fragment_5	None	hypothetical protein
MP_LCAL0054___contig_1_fragment_5_466	MP_LCAL0054___contig_1_fragment_5	None	hypothetical protein
MP_LCAL0054___contig_1_fragment_5_467	MP_LCAL0054___contig_1_fragment_5	None	hypothetical protein
MP_LCAL0054___contig_1_fragment_5_468	MP_LCAL0054___contig_1_fragment_5	None	hypothetical protein
MP_LCAL0054___contig_1_fragment_5_469	MP_LCAL0054___contig_1_fragment_5	PF03837.14	RecT family
MP_LCAL0054___contig_1_fragment_5_470	MP_LCAL0054___contig_1_fragment_5	PF12684.7	PDDEXK-like domain of unknown function (DUF3799)
MP_LCAL0054___contig_1_fragment_5_471	MP_LCAL0054___contig_1_fragment_5	PF16784.5	Putative HNHc nuclease
MP_LCAL0054___contig_1_fragment_5_472	MP_LCAL0054___contig_1_fragment_5	VOG21431	REFSEQ hypothetical protein
MP_LCAL0054___contig_1_fragment_5_473	MP_LCAL0054___contig_1_fragment_5	None	hypothetical protein
MP_LCAL0054___contig_1_fragment_5_474	MP_LCAL0054___contig_1_fragment_5	VOG00404	sp|P9WGD4|SSB_MYCTO Single-stranded DNA-binding protein
MP_LCAL0054___contig_1_fragment_5_475	MP_LCAL0054___contig_1_fragment_5	VOG01162	sp|O34055|ARPU_BPO12 Putative autolysin regulatory protein ArpU
MP_LCAL0054___contig_1_fragment_5_476	MP_LCAL0054___contig_1_fragment_5	None	hypothetical protein
MP_LCAL0054___contig_1_fragment_5_477	MP_LCAL0054___contig_1_fragment_5	VOG01156	REFSEQ hypothetical protein
MP_LCAL0054___contig_1_fragment_5_478	MP_LCAL0054___contig_1_fragment_5	None	hypothetical protein
MP_LCAL0054___contig_1_fragment_5_479	MP_LCAL0054___contig_1_fragment_5	None	hypothetical protein
MP_LCAL0054___contig_1_fragment_5_480	MP_LCAL0054___contig_1_fragment_5	VOG00962	REFSEQ hypothetical protein
MP_LCAL0054___contig_1_fragment_5_481	MP_LCAL0054___contig_1_fragment_5	VOG00687	REFSEQ terminase small subunit
MP_LCAL0054___contig_1_fragment_5_482	MP_LCAL0054___contig_1_fragment_5	VOG04497	REFSEQ putative terminase small subunit
MP_LCAL0054___contig_1_fragment_5_483	MP_LCAL0054___contig_1_fragment_5	PF04860.12	Phage portal protein
MP_LCAL0054___contig_1_fragment_5_484	MP_LCAL0054___contig_1_fragment_5	K06904	K06904; uncharacterized protein
MP_LCAL0054___contig_1_fragment_5_485	MP_LCAL0054___contig_1_fragment_5	VOG13487	REFSEQ major capsid L
MP_LCAL0054___contig_1_fragment_5_486	MP_LCAL0054___contig_1_fragment_5	VOG00181	REFSEQ hypothetical protein
MP_LCAL0054___contig_1_fragment_5_487	MP_LCAL0054___contig_1_fragment_5	VOG00066	sp|O48446|HCP16_BPSPP Head completion protein gp16
MP_LCAL0054___contig_1_fragment_5_488	MP_LCAL0054___contig_1_fragment_5	VOG03575	REFSEQ hypothetical protein
MP_LCAL0054___contig_1_fragment_5_489	MP_LCAL0054___contig_1_fragment_5	None	hypothetical protein
MP_LCAL0054___contig_1_fragment_5_490	MP_LCAL0054___contig_1_fragment_5	VOG01397	REFSEQ major tail protein
MP_LCAL0054___contig_1_fragment_5_491	MP_LCAL0054___contig_1_fragment_5	None	hypothetical protein
MP_LCAL0054___contig_1_fragment_5_492	MP_LCAL0054___contig_1_fragment_5	None	hypothetical protein
MP_LCAL0054___contig_1_fragment_5_493	MP_LCAL0054___contig_1_fragment_5	VOG04056	REFSEQ hypothetical protein
MP_LCAL0054___contig_1_fragment_5_494	MP_LCAL0054___contig_1_fragment_5	VOG01075	REFSEQ hypothetical protein
MP_LCAL0054___contig_1_fragment_5_495	MP_LCAL0054___contig_1_fragment_5	PF06605.11	Prophage endopeptidase tail
MP_LCAL0054___contig_1_fragment_5_496	MP_LCAL0054___contig_1_fragment_5	None	hypothetical protein
MP_LCAL0054___contig_1_fragment_5_497	MP_LCAL0054___contig_1_fragment_5	None	hypothetical protein
MP_LCAL0054___contig_1_fragment_5_498	MP_LCAL0054___contig_1_fragment_5	VOG18935	REFSEQ hypothetical protein
MP_LCAL0054___contig_1_fragment_5_499	MP_LCAL0054___contig_1_fragment_5	None	hypothetical protein
MP_LCAL0054___contig_1_fragment_5_500	MP_LCAL0054___contig_1_fragment_5	None	hypothetical protein
MP_LCAL0054___contig_1_fragment_5_501	MP_LCAL0054___contig_1_fragment_5	PF09693.10	Phage uncharacterised protein (Phage_XkdX)
MP_LCAL0054___contig_1_fragment_5_502	MP_LCAL0054___contig_1_fragment_5	PF10779.9	Haemolysin XhlA
MP_LCAL0054___contig_1_fragment_5_503	MP_LCAL0054___contig_1_fragment_5	PF16938.5	Putative phage holin Dp-1
MP_LCAL0054___contig_1_fragment_5_504	MP_LCAL0054___contig_1_fragment_5	K07273	acm; lysozyme
MP_LCAL0054___contig_1_fragment_5_505	MP_LCAL0054___contig_1_fragment_5	None	hypothetical protein
MP_LCAL0054___contig_1_fragment_5_506	MP_LCAL0054___contig_1_fragment_5	VOG14226	REFSEQ hypothetical protein
MP_LCAL0054___contig_1_fragment_7_675	MP_LCAL0054___contig_1_fragment_7	K00059	"fabG, OAR1; 3-oxoacyl-[acyl-carrier protein] reductase [EC:1.1.1.100]"
MP_LCAL0054___contig_1_fragment_7_676	MP_LCAL0054___contig_1_fragment_7	PF11195.8	Protein of unknown function (DUF2829)
MP_LCAL0054___contig_1_fragment_7_677	MP_LCAL0054___contig_1_fragment_7	PF01205.19	Uncharacterized protein family UPF0029
MP_LCAL0054___contig_1_fragment_7_678	MP_LCAL0054___contig_1_fragment_7	K02240	comFA; competence protein ComFA
MP_LCAL0054___contig_1_fragment_7_679	MP_LCAL0054___contig_1_fragment_7	K06400	spoIVCA; site-specific DNA recombinase
MP_LCAL0054___contig_1_fragment_7_680	MP_LCAL0054___contig_1_fragment_7	VOG01190	REFSEQ hypothetical protein
MP_LCAL0054___contig_1_fragment_7_681	MP_LCAL0054___contig_1_fragment_7	None	hypothetical protein
MP_LCAL0054___contig_1_fragment_7_682	MP_LCAL0054___contig_1_fragment_7	VOG20253	REFSEQ hypothetical protein
MP_LCAL0054___contig_1_fragment_7_683	MP_LCAL0054___contig_1_fragment_7	None	hypothetical protein
MP_LCAL0054___contig_1_fragment_7_684	MP_LCAL0054___contig_1_fragment_7	VOG10124	sp|O34449|YOQD_BACSU SPBc2 prophage-derived putative antirepressor protein YoqD
MP_LCAL0054___contig_1_fragment_7_685	MP_LCAL0054___contig_1_fragment_7	None	hypothetical protein
MP_LCAL0054___contig_1_fragment_7_686	MP_LCAL0054___contig_1_fragment_7	VOG03676	REFSEQ hypothetical protein
MP_LCAL0054___contig_1_fragment_7_687	MP_LCAL0054___contig_1_fragment_7	None	hypothetical protein
MP_LCAL0054___contig_1_fragment_7_688	MP_LCAL0054___contig_1_fragment_7	None	hypothetical protein
MP_LCAL0054___contig_1_fragment_7_689	MP_LCAL0054___contig_1_fragment_7	None	hypothetical protein
MP_LCAL0054___contig_1_fragment_7_690	MP_LCAL0054___contig_1_fragment_7	None	hypothetical protein
MP_LCAL0054___contig_1_fragment_7_691	MP_LCAL0054___contig_1_fragment_7	None	hypothetical protein
MP_LCAL0054___contig_1_fragment_7_692	MP_LCAL0054___contig_1_fragment_7	None	hypothetical protein
MP_LCAL0054___contig_1_fragment_7_693	MP_LCAL0054___contig_1_fragment_7	None	hypothetical protein
MP_LCAL0054___contig_1_fragment_7_694	MP_LCAL0054___contig_1_fragment_7	None	hypothetical protein
MP_LCAL0054___contig_1_fragment_7_695	MP_LCAL0054___contig_1_fragment_7	VOG01036	sp|C0SP91|YYCJ_BACSU Putative metallo-hydrolase YycJ
MP_LCAL0054___contig_1_fragment_7_696	MP_LCAL0054___contig_1_fragment_7	VOG12256	REFSEQ hypothetical protein
MP_LCAL0054___contig_1_fragment_7_697	MP_LCAL0054___contig_1_fragment_7	VOG24297	REFSEQ gp30
MP_LCAL0054___contig_1_fragment_7_698	MP_LCAL0054___contig_1_fragment_7	VOG00674	REFSEQ putative DNA polymerase
MP_LCAL0054___contig_1_fragment_7_699	MP_LCAL0054___contig_1_fragment_7	None	hypothetical protein
MP_LCAL0054___contig_1_fragment_7_700	MP_LCAL0054___contig_1_fragment_7	VOG24298	REFSEQ gp32
MP_LCAL0054___contig_1_fragment_7_701	MP_LCAL0054___contig_1_fragment_7	None	hypothetical protein
MP_LCAL0054___contig_1_fragment_7_702	MP_LCAL0054___contig_1_fragment_7	VOG00188	sp|Q03182|RINA_BPPHA Transcriptional activator rinA
MP_LCAL0054___contig_1_fragment_7_703	MP_LCAL0054___contig_1_fragment_7	None	hypothetical protein
MP_LCAL0054___contig_1_fragment_7_704	MP_LCAL0054___contig_1_fragment_7	K07474	xtmA; phage terminase small subunit
MP_LCAL0054___contig_1_fragment_7_705	MP_LCAL0054___contig_1_fragment_7	K06909	xtmB; phage terminase large subunit
MP_LCAL0054___contig_1_fragment_7_706	MP_LCAL0054___contig_1_fragment_7	PF05133.14	"Phage portal protein, SPP1 Gp6-like"
MP_LCAL0054___contig_1_fragment_7_707	MP_LCAL0054___contig_1_fragment_7	VOG00686	sp|Q38442|GP7_BPSPP Minor head protein GP7
MP_LCAL0054___contig_1_fragment_7_708	MP_LCAL0054___contig_1_fragment_7	PF14265.6	Domain of unknown function (DUF4355)
MP_LCAL0054___contig_1_fragment_7_709	MP_LCAL0054___contig_1_fragment_7	VOG00633	sp|O64210|CAPSD_BPMD2 Probable major capsid protein gp17
MP_LCAL0054___contig_1_fragment_7_710	MP_LCAL0054___contig_1_fragment_7	PF02368.18	Bacterial Ig-like domain (group 2)
MP_LCAL0054___contig_1_fragment_7_711	MP_LCAL0054___contig_1_fragment_7	VOG00283	sp|Q38584|HCP15_BPSPP Head completion protein gp15
MP_LCAL0054___contig_1_fragment_7_712	MP_LCAL0054___contig_1_fragment_7	VOG01134	REFSEQ hypothetical protein
MP_LCAL0054___contig_1_fragment_7_713	MP_LCAL0054___contig_1_fragment_7	VOG00973	REFSEQ hypothetical protein
MP_LCAL0054___contig_1_fragment_7_714	MP_LCAL0054___contig_1_fragment_7	VOG00743	sp|O48448|COMPL_BPSPP Tail completion protein gp17
MP_LCAL0054___contig_1_fragment_7_715	MP_LCAL0054___contig_1_fragment_7	VOG00149	sp|A9CRB8|TAIL_BPMR1 Putative tail protein
MP_LCAL0054___contig_1_fragment_7_716	MP_LCAL0054___contig_1_fragment_7	PF12363.8	"Phage tail assembly chaperone protein, TAC"
MP_LCAL0054___contig_1_fragment_7_717	MP_LCAL0054___contig_1_fragment_7	VOG01394	REFSEQ hypothetical protein
MP_LCAL0054___contig_1_fragment_7_718	MP_LCAL0054___contig_1_fragment_7	VOG02632	REFSEQ gp14
MP_LCAL0054___contig_1_fragment_7_719	MP_LCAL0054___contig_1_fragment_7	VOG00097	sp|O48459|DIT_BPSPP Distal tail protein
MP_LCAL0054___contig_1_fragment_7_720	MP_LCAL0054___contig_1_fragment_7	VOG00824	REFSEQ putative antireceptor
MP_LCAL0054___contig_1_fragment_7_721	MP_LCAL0054___contig_1_fragment_7	VOG13479	REFSEQ gp067
MP_LCAL0054___contig_1_fragment_7_722	MP_LCAL0054___contig_1_fragment_7	None	hypothetical protein
MP_LCAL0054___contig_1_fragment_7_723	MP_LCAL0054___contig_1_fragment_7	None	hypothetical protein
MP_LCAL0054___contig_1_fragment_7_724	MP_LCAL0054___contig_1_fragment_7	PF10779.9	Haemolysin XhlA
MP_LCAL0054___contig_1_fragment_7_725	MP_LCAL0054___contig_1_fragment_7	PF16938.5	Putative phage holin Dp-1
MP_LCAL0054___contig_1_fragment_7_726	MP_LCAL0054___contig_1_fragment_7	PF05382.13	Bacteriophage peptidoglycan hydrolase
MP_LCAL0054___contig_1_fragment_12_1168	MP_LCAL0054___contig_1_fragment_12	VOG00041	sp|O10330|VLF1_NPVOP Very late expression factor 1
MP_LCAL0054___contig_1_fragment_12_1169	MP_LCAL0054___contig_1_fragment_12	None	hypothetical protein
MP_LCAL0054___contig_1_fragment_12_1170	MP_LCAL0054___contig_1_fragment_12	None	hypothetical protein
MP_LCAL0054___contig_1_fragment_12_1171	MP_LCAL0054___contig_1_fragment_12	None	hypothetical protein
MP_LCAL0054___contig_1_fragment_12_1172	MP_LCAL0054___contig_1_fragment_12	VOG14094	sp|A0A0H3CCP8|SOCA_CAUVN Antitoxin SocA
MP_LCAL0054___contig_1_fragment_12_1173	MP_LCAL0054___contig_1_fragment_12	K07273	acm; lysozyme
MP_LCAL0054___contig_1_fragment_12_1174	MP_LCAL0054___contig_1_fragment_12	PF16938.5	Putative phage holin Dp-1
MP_LCAL0054___contig_1_fragment_12_1175	MP_LCAL0054___contig_1_fragment_12	None	hypothetical protein
MP_LCAL0054___contig_1_fragment_12_1176	MP_LCAL0054___contig_1_fragment_12	PF09693.10	Phage uncharacterised protein (Phage_XkdX)
MP_LCAL0054___contig_1_fragment_12_1177	MP_LCAL0054___contig_1_fragment_12	None	hypothetical protein
MP_LCAL0054___contig_1_fragment_12_1178	MP_LCAL0054___contig_1_fragment_12	None	hypothetical protein
MP_LCAL0054___contig_1_fragment_12_1179	MP_LCAL0054___contig_1_fragment_12	VOG18935	REFSEQ hypothetical protein
MP_LCAL0054___contig_1_fragment_12_1180	MP_LCAL0054___contig_1_fragment_12	None	hypothetical protein
MP_LCAL0054___contig_1_fragment_12_1181	MP_LCAL0054___contig_1_fragment_12	None	hypothetical protein
MP_LCAL0054___contig_1_fragment_12_1182	MP_LCAL0054___contig_1_fragment_12	PF06605.11	Prophage endopeptidase tail
MP_LCAL0054___contig_1_fragment_12_1183	MP_LCAL0054___contig_1_fragment_12	VOG01075	REFSEQ hypothetical protein
MP_LCAL0054___contig_1_fragment_12_1184	MP_LCAL0054___contig_1_fragment_12	VOG04056	REFSEQ hypothetical protein
MP_LCAL0054___contig_1_fragment_12_1185	MP_LCAL0054___contig_1_fragment_12	None	hypothetical protein
MP_LCAL0054___contig_1_fragment_12_1186	MP_LCAL0054___contig_1_fragment_12	None	hypothetical protein
MP_LCAL0054___contig_1_fragment_12_1187	MP_LCAL0054___contig_1_fragment_12	VOG01397	REFSEQ major tail protein
MP_LCAL0054___contig_1_fragment_12_1188	MP_LCAL0054___contig_1_fragment_12	None	hypothetical protein
MP_LCAL0054___contig_1_fragment_12_1189	MP_LCAL0054___contig_1_fragment_12	VOG03575	REFSEQ hypothetical protein
MP_LCAL0054___contig_1_fragment_12_1190	MP_LCAL0054___contig_1_fragment_12	VOG00066	sp|O48446|HCP16_BPSPP Head completion protein gp16
MP_LCAL0054___contig_1_fragment_12_1191	MP_LCAL0054___contig_1_fragment_12	VOG00181	REFSEQ hypothetical protein
MP_LCAL0054___contig_1_fragment_12_1192	MP_LCAL0054___contig_1_fragment_12	VOG13487	REFSEQ major capsid L
MP_LCAL0054___contig_1_fragment_12_1193	MP_LCAL0054___contig_1_fragment_12	K06904	K06904; uncharacterized protein
MP_LCAL0054___contig_1_fragment_12_1194	MP_LCAL0054___contig_1_fragment_12	PF04860.12	Phage portal protein
MP_LCAL0054___contig_1_fragment_12_1195	MP_LCAL0054___contig_1_fragment_12	VOG04497	REFSEQ putative terminase small subunit
MP_LCAL0054___contig_1_fragment_12_1196	MP_LCAL0054___contig_1_fragment_12	VOG00687	REFSEQ terminase small subunit
MP_LCAL0054___contig_1_fragment_12_1197	MP_LCAL0054___contig_1_fragment_12	VOG00962	REFSEQ hypothetical protein
MP_LCAL0054___contig_1_fragment_12_1198	MP_LCAL0054___contig_1_fragment_12	None	hypothetical protein
MP_LCAL0054___contig_1_fragment_12_1199	MP_LCAL0054___contig_1_fragment_12	VOG00361	sp|P10426|YIM2_BPPH1 Uncharacterized immunity region protein 2
MP_LCAL0054___contig_1_fragment_12_1200	MP_LCAL0054___contig_1_fragment_12	None	hypothetical protein
MP_LCAL0054___contig_1_fragment_12_1201	MP_LCAL0054___contig_1_fragment_12	VOG01162	sp|O34055|ARPU_BPO12 Putative autolysin regulatory protein ArpU
MP_LCAL0054___contig_1_fragment_12_1202	MP_LCAL0054___contig_1_fragment_12	VOG00404	sp|P9WGD4|SSB_MYCTO Single-stranded DNA-binding protein
MP_LCAL0054___contig_1_fragment_12_1203	MP_LCAL0054___contig_1_fragment_12	None	hypothetical protein
MP_LCAL0054___contig_1_fragment_12_1204	MP_LCAL0054___contig_1_fragment_12	VOG01042	sp|P39787|DNAD_BACSU DNA replication protein DnaD
MP_LCAL0054___contig_1_fragment_12_1205	MP_LCAL0054___contig_1_fragment_12	PF16784.5	Putative HNHc nuclease
MP_LCAL0054___contig_1_fragment_12_1206	MP_LCAL0054___contig_1_fragment_12	VOG09746	sp|P04892|ERF_BPP22 Essential recombination function protein
MP_LCAL0054___contig_1_fragment_12_1207	MP_LCAL0054___contig_1_fragment_12	VOG11084	REFSEQ hypothetical protein
MP_LCAL0054___contig_1_fragment_12_1208	MP_LCAL0054___contig_1_fragment_12	None	hypothetical protein
MP_LCAL0054___contig_1_fragment_12_1209	MP_LCAL0054___contig_1_fragment_12	None	hypothetical protein
MP_LCAL0054___contig_1_fragment_12_1210	MP_LCAL0054___contig_1_fragment_12	None	hypothetical protein
MP_LCAL0054___contig_1_fragment_12_1211	MP_LCAL0054___contig_1_fragment_12	None	hypothetical protein
MP_LCAL0054___contig_1_fragment_12_1212	MP_LCAL0054___contig_1_fragment_12	None	hypothetical protein
MP_LCAL0054___contig_1_fragment_12_1213	MP_LCAL0054___contig_1_fragment_12	None	hypothetical protein
MP_LCAL0054___contig_1_fragment_12_1214	MP_LCAL0054___contig_1_fragment_12	None	hypothetical protein
MP_LCAL0054___contig_1_fragment_12_1215	MP_LCAL0054___contig_1_fragment_12	None	hypothetical protein
MP_LCAL0054___contig_1_fragment_12_1216	MP_LCAL0054___contig_1_fragment_12	None	hypothetical protein
MP_LCAL0054___contig_1_fragment_12_1217	MP_LCAL0054___contig_1_fragment_12	None	hypothetical protein
MP_LCAL0054___contig_1_fragment_12_1218	MP_LCAL0054___contig_1_fragment_12	None	hypothetical protein
MP_LCAL0054___contig_1_fragment_12_1219	MP_LCAL0054___contig_1_fragment_12	None	hypothetical protein
MP_LCAL0054___contig_1_fragment_12_1220	MP_LCAL0054___contig_1_fragment_12	PF01381.22	Helix-turn-helix
MP_LCAL0054___contig_1_fragment_12_1221	MP_LCAL0054___contig_1_fragment_12	VOG20253	REFSEQ hypothetical protein
MP_LCAL0054___contig_1_fragment_13_1237	MP_LCAL0054___contig_1_fragment_13	PF05382.13	Bacteriophage peptidoglycan hydrolase
MP_LCAL0054___contig_1_fragment_13_1238	MP_LCAL0054___contig_1_fragment_13	PF16938.5	Putative phage holin Dp-1
MP_LCAL0054___contig_1_fragment_13_1239	MP_LCAL0054___contig_1_fragment_13	None	hypothetical protein
MP_LCAL0054___contig_1_fragment_13_1240	MP_LCAL0054___contig_1_fragment_13	None	hypothetical protein
MP_LCAL0054___contig_1_fragment_13_1241	MP_LCAL0054___contig_1_fragment_13	None	hypothetical protein
MP_LCAL0054___contig_1_fragment_13_1242	MP_LCAL0054___contig_1_fragment_13	None	hypothetical protein
MP_LCAL0054___contig_1_fragment_13_1243	MP_LCAL0054___contig_1_fragment_13	VOG13479	REFSEQ gp067
MP_LCAL0054___contig_1_fragment_13_1244	MP_LCAL0054___contig_1_fragment_13	VOG00824	REFSEQ putative antireceptor
MP_LCAL0054___contig_1_fragment_13_1245	MP_LCAL0054___contig_1_fragment_13	VOG00097	sp|O48459|DIT_BPSPP Distal tail protein
MP_LCAL0054___contig_1_fragment_13_1246	MP_LCAL0054___contig_1_fragment_13	VOG02632	REFSEQ gp14
MP_LCAL0054___contig_1_fragment_13_1247	MP_LCAL0054___contig_1_fragment_13	VOG01394	REFSEQ hypothetical protein
MP_LCAL0054___contig_1_fragment_13_1248	MP_LCAL0054___contig_1_fragment_13	PF12363.8	"Phage tail assembly chaperone protein, TAC"
MP_LCAL0054___contig_1_fragment_13_1249	MP_LCAL0054___contig_1_fragment_13	VOG00149	sp|A9CRB8|TAIL_BPMR1 Putative tail protein
MP_LCAL0054___contig_1_fragment_13_1250	MP_LCAL0054___contig_1_fragment_13	VOG00743	sp|O48448|COMPL_BPSPP Tail completion protein gp17
MP_LCAL0054___contig_1_fragment_13_1251	MP_LCAL0054___contig_1_fragment_13	None	hypothetical protein
MP_LCAL0054___contig_1_fragment_13_1252	MP_LCAL0054___contig_1_fragment_13	None	hypothetical protein
MP_LCAL0054___contig_1_fragment_13_1253	MP_LCAL0054___contig_1_fragment_13	K22994	pelX; pectate disaccharide-lyase [EC:4.2.2.9]
MP_LCAL0054___contig_1_fragment_13_1254	MP_LCAL0054___contig_1_fragment_13	VOG00188	sp|Q03182|RINA_BPPHA Transcriptional activator rinA
MP_LCAL0054___contig_1_fragment_13_1255	MP_LCAL0054___contig_1_fragment_13	None	hypothetical protein
MP_LCAL0054___contig_1_fragment_13_1256	MP_LCAL0054___contig_1_fragment_13	None	hypothetical protein
MP_LCAL0054___contig_1_fragment_13_1257	MP_LCAL0054___contig_1_fragment_13	VOG00459	REFSEQ putative CI-like transcriptional repressor
MP_LCAL0054___contig_1_fragment_13_1258	MP_LCAL0054___contig_1_fragment_13	None	hypothetical protein
MP_LCAL0054___contig_1_fragment_13_1259	MP_LCAL0054___contig_1_fragment_13	K09022	"ridA, tdcF, RIDA; 2-iminobutanoate/2-iminopropanoate deaminase [EC:3.5.99.10]"
MP_LCAL0054___contig_1_fragment_13_1260	MP_LCAL0054___contig_1_fragment_13	K02013	ABC.FEV.A; iron complex transport system ATP-binding protein [EC:7.2.2.-]
GCA_000283975___contig_1_fragment_5_523	GCA_000283975___contig_1_fragment_5	K02013	ABC.FEV.A; iron complex transport system ATP-binding protein [EC:7.2.2.-]
GCA_000283975___contig_1_fragment_5_524	GCA_000283975___contig_1_fragment_5	K09022	"ridA, tdcF, RIDA; 2-iminobutanoate/2-iminopropanoate deaminase [EC:3.5.99.10]"
GCA_000283975___contig_1_fragment_5_525	GCA_000283975___contig_1_fragment_5	None	hypothetical protein
GCA_000283975___contig_1_fragment_5_526	GCA_000283975___contig_1_fragment_5	VOG00459	REFSEQ putative CI-like transcriptional repressor
GCA_000283975___contig_1_fragment_5_527	GCA_000283975___contig_1_fragment_5	None	hypothetical protein
GCA_000283975___contig_1_fragment_5_528	GCA_000283975___contig_1_fragment_5	None	hypothetical protein
GCA_000283975___contig_1_fragment_5_529	GCA_000283975___contig_1_fragment_5	VOG00188	sp|Q03182|RINA_BPPHA Transcriptional activator rinA
GCA_000283975___contig_1_fragment_5_530	GCA_000283975___contig_1_fragment_5	K22994	pelX; pectate disaccharide-lyase [EC:4.2.2.9]
GCA_000283975___contig_1_fragment_5_531	GCA_000283975___contig_1_fragment_5	None	hypothetical protein
GCA_000283975___contig_1_fragment_5_532	GCA_000283975___contig_1_fragment_5	None	hypothetical protein
GCA_000283975___contig_1_fragment_5_533	GCA_000283975___contig_1_fragment_5	VOG00743	sp|O48448|COMPL_BPSPP Tail completion protein gp17
GCA_000283975___contig_1_fragment_5_534	GCA_000283975___contig_1_fragment_5	VOG00149	sp|A9CRB8|TAIL_BPMR1 Putative tail protein
GCA_000283975___contig_1_fragment_5_535	GCA_000283975___contig_1_fragment_5	PF12363.8	"Phage tail assembly chaperone protein, TAC"
GCA_000283975___contig_1_fragment_5_536	GCA_000283975___contig_1_fragment_5	VOG01394	REFSEQ hypothetical protein
GCA_000283975___contig_1_fragment_5_537	GCA_000283975___contig_1_fragment_5	VOG02632	REFSEQ gp14
GCA_000283975___contig_1_fragment_5_538	GCA_000283975___contig_1_fragment_5	VOG00097	sp|O48459|DIT_BPSPP Distal tail protein
GCA_000283975___contig_1_fragment_5_539	GCA_000283975___contig_1_fragment_5	VOG00824	REFSEQ putative antireceptor
GCA_000283975___contig_1_fragment_5_540	GCA_000283975___contig_1_fragment_5	VOG13479	REFSEQ gp067
GCA_000283975___contig_1_fragment_5_541	GCA_000283975___contig_1_fragment_5	None	hypothetical protein
GCA_000283975___contig_1_fragment_5_542	GCA_000283975___contig_1_fragment_5	None	hypothetical protein
GCA_000283975___contig_1_fragment_5_543	GCA_000283975___contig_1_fragment_5	None	hypothetical protein
GCA_000283975___contig_1_fragment_5_544	GCA_000283975___contig_1_fragment_5	None	hypothetical protein
GCA_000283975___contig_1_fragment_5_545	GCA_000283975___contig_1_fragment_5	PF16938.5	Putative phage holin Dp-1
GCA_000283975___contig_1_fragment_5_546	GCA_000283975___contig_1_fragment_5	PF05382.13	Bacteriophage peptidoglycan hydrolase
GCA_000283975___contig_1_fragment_5_547	GCA_000283975___contig_1_fragment_5	PF16775.5	Target recognition domain of lytic exoenzyme
MP_ATCC35311___contig_1_fragment_7_566	MP_ATCC35311___contig_1_fragment_7	K02013	ABC.FEV.A; iron complex transport system ATP-binding protein [EC:7.2.2.-]
MP_ATCC35311___contig_1_fragment_7_567	MP_ATCC35311___contig_1_fragment_7	K09022	"ridA, tdcF, RIDA; 2-iminobutanoate/2-iminopropanoate deaminase [EC:3.5.99.10]"
MP_ATCC35311___contig_1_fragment_7_568	MP_ATCC35311___contig_1_fragment_7	None	hypothetical protein
MP_ATCC35311___contig_1_fragment_7_569	MP_ATCC35311___contig_1_fragment_7	VOG00459	REFSEQ putative CI-like transcriptional repressor
MP_ATCC35311___contig_1_fragment_7_570	MP_ATCC35311___contig_1_fragment_7	None	hypothetical protein
MP_ATCC35311___contig_1_fragment_7_571	MP_ATCC35311___contig_1_fragment_7	None	hypothetical protein
MP_ATCC35311___contig_1_fragment_7_572	MP_ATCC35311___contig_1_fragment_7	VOG00188	sp|Q03182|RINA_BPPHA Transcriptional activator rinA
MP_ATCC35311___contig_1_fragment_7_573	MP_ATCC35311___contig_1_fragment_7	K22994	pelX; pectate disaccharide-lyase [EC:4.2.2.9]
MP_ATCC35311___contig_1_fragment_7_574	MP_ATCC35311___contig_1_fragment_7	None	hypothetical protein
MP_ATCC35311___contig_1_fragment_7_575	MP_ATCC35311___contig_1_fragment_7	None	hypothetical protein
MP_ATCC35311___contig_1_fragment_7_576	MP_ATCC35311___contig_1_fragment_7	VOG00743	sp|O48448|COMPL_BPSPP Tail completion protein gp17
MP_ATCC35311___contig_1_fragment_7_577	MP_ATCC35311___contig_1_fragment_7	VOG00149	sp|A9CRB8|TAIL_BPMR1 Putative tail protein
MP_ATCC35311___contig_1_fragment_7_578	MP_ATCC35311___contig_1_fragment_7	PF12363.8	"Phage tail assembly chaperone protein, TAC"
MP_ATCC35311___contig_1_fragment_7_579	MP_ATCC35311___contig_1_fragment_7	VOG01394	REFSEQ hypothetical protein
MP_ATCC35311___contig_1_fragment_7_580	MP_ATCC35311___contig_1_fragment_7	VOG02632	REFSEQ gp14
MP_ATCC35311___contig_1_fragment_7_581	MP_ATCC35311___contig_1_fragment_7	VOG00097	sp|O48459|DIT_BPSPP Distal tail protein
MP_ATCC35311___contig_1_fragment_7_582	MP_ATCC35311___contig_1_fragment_7	VOG00824	REFSEQ putative antireceptor
MP_ATCC35311___contig_1_fragment_7_583	MP_ATCC35311___contig_1_fragment_7	VOG21997	REFSEQ hypothetical protein
MP_ATCC35311___contig_1_fragment_7_584	MP_ATCC35311___contig_1_fragment_7	VOG13479	REFSEQ gp067
MP_ATCC35311___contig_1_fragment_7_585	MP_ATCC35311___contig_1_fragment_7	None	hypothetical protein
MP_ATCC35311___contig_1_fragment_7_586	MP_ATCC35311___contig_1_fragment_7	None	hypothetical protein
MP_ATCC35311___contig_1_fragment_7_587	MP_ATCC35311___contig_1_fragment_7	None	hypothetical protein
MP_ATCC35311___contig_1_fragment_7_588	MP_ATCC35311___contig_1_fragment_7	None	hypothetical protein
MP_ATCC35311___contig_1_fragment_7_589	MP_ATCC35311___contig_1_fragment_7	None	hypothetical protein
MP_ATCC35311___contig_1_fragment_7_590	MP_ATCC35311___contig_1_fragment_7	PF16938.5	Putative phage holin Dp-1
MP_ATCC35311___contig_1_fragment_7_591	MP_ATCC35311___contig_1_fragment_7	PF05382.13	Bacteriophage peptidoglycan hydrolase
MP_ATCC35311___contig_1_fragment_8_607	MP_ATCC35311___contig_1_fragment_8	K06400	spoIVCA; site-specific DNA recombinase
MP_ATCC35311___contig_1_fragment_8_608	MP_ATCC35311___contig_1_fragment_8	K06400	spoIVCA; site-specific DNA recombinase
MP_ATCC35311___contig_1_fragment_8_609	MP_ATCC35311___contig_1_fragment_8	K06400	spoIVCA; site-specific DNA recombinase
MP_ATCC35311___contig_1_fragment_8_610	MP_ATCC35311___contig_1_fragment_8	VOG18091	REFSEQ hypothetical protein
MP_ATCC35311___contig_1_fragment_8_611	MP_ATCC35311___contig_1_fragment_8	VOG01271	sp|O31942|YONS_BACSU SPBc2 prophage-derived uncharacterized lipoprotein YonS
MP_ATCC35311___contig_1_fragment_8_612	MP_ATCC35311___contig_1_fragment_8	VOG02771	sp|P03034|RPC1_LAMBD Repressor protein cI
MP_ATCC35311___contig_1_fragment_8_613	MP_ATCC35311___contig_1_fragment_8	None	hypothetical protein
MP_ATCC35311___contig_1_fragment_8_614	MP_ATCC35311___contig_1_fragment_8	VOG10124	sp|O34449|YOQD_BACSU SPBc2 prophage-derived putative antirepressor protein YoqD
MP_ATCC35311___contig_1_fragment_8_615	MP_ATCC35311___contig_1_fragment_8	None	hypothetical protein
MP_ATCC35311___contig_1_fragment_8_616	MP_ATCC35311___contig_1_fragment_8	None	hypothetical protein
MP_ATCC35311___contig_1_fragment_8_617	MP_ATCC35311___contig_1_fragment_8	None	hypothetical protein
MP_ATCC35311___contig_1_fragment_8_618	MP_ATCC35311___contig_1_fragment_8	None	hypothetical protein
MP_ATCC35311___contig_1_fragment_8_619	MP_ATCC35311___contig_1_fragment_8	PF03837.14	RecT family
MP_ATCC35311___contig_1_fragment_8_620	MP_ATCC35311___contig_1_fragment_8	PF12684.7	PDDEXK-like domain of unknown function (DUF3799)
MP_ATCC35311___contig_1_fragment_8_621	MP_ATCC35311___contig_1_fragment_8	PF16784.5	Putative HNHc nuclease
MP_ATCC35311___contig_1_fragment_8_622	MP_ATCC35311___contig_1_fragment_8	None	hypothetical protein
MP_ATCC35311___contig_1_fragment_8_623	MP_ATCC35311___contig_1_fragment_8	None	hypothetical protein
MP_ATCC35311___contig_1_fragment_8_624	MP_ATCC35311___contig_1_fragment_8	VOG00404	sp|P9WGD4|SSB_MYCTO Single-stranded DNA-binding protein
MP_ATCC35311___contig_1_fragment_8_625	MP_ATCC35311___contig_1_fragment_8	VOG00404	sp|P9WGD4|SSB_MYCTO Single-stranded DNA-binding protein
MP_ATCC35311___contig_1_fragment_8_626	MP_ATCC35311___contig_1_fragment_8	PF05866.11	Endodeoxyribonuclease RusA
MP_ATCC35311___contig_1_fragment_8_627	MP_ATCC35311___contig_1_fragment_8	VOG10294	REFSEQ hypothetical protein
MP_ATCC35311___contig_1_fragment_8_628	MP_ATCC35311___contig_1_fragment_8	VOG10295	REFSEQ hypothetical protein
MP_ATCC35311___contig_1_fragment_8_629	MP_ATCC35311___contig_1_fragment_8	None	hypothetical protein
MP_ATCC35311___contig_1_fragment_8_630	MP_ATCC35311___contig_1_fragment_8	None	hypothetical protein
MP_ATCC35311___contig_1_fragment_8_631	MP_ATCC35311___contig_1_fragment_8	VOG00065	sp|Q38441|YOR5_BPSPP Uncharacterized 10.3 kDa protein in GP2-GP6 intergenic region
MP_ATCC35311___contig_1_fragment_8_632	MP_ATCC35311___contig_1_fragment_8	VOG00188	sp|Q03182|RINA_BPPHA Transcriptional activator rinA
MP_ATCC35311___contig_1_fragment_8_633	MP_ATCC35311___contig_1_fragment_8	None	hypothetical protein
MP_ATCC35311___contig_1_fragment_8_634	MP_ATCC35311___contig_1_fragment_8	K07474	xtmA; phage terminase small subunit
MP_ATCC35311___contig_1_fragment_8_635	MP_ATCC35311___contig_1_fragment_8	K06909	xtmB; phage terminase large subunit
MP_ATCC35311___contig_1_fragment_8_636	MP_ATCC35311___contig_1_fragment_8	K06909	xtmB; phage terminase large subunit
MP_ATCC35311___contig_1_fragment_8_637	MP_ATCC35311___contig_1_fragment_8	PF17288.2	Terminase RNAseH like domain
MP_ATCC35311___contig_1_fragment_8_638	MP_ATCC35311___contig_1_fragment_8	VOG00639	REFSEQ portal protein
MP_ATCC35311___contig_1_fragment_8_639	MP_ATCC35311___contig_1_fragment_8	VOG01829	sp|Q04765|VSP1_BPLLH Structural protein
MP_ATCC35311___contig_1_fragment_8_640	MP_ATCC35311___contig_1_fragment_8	VOG01829	sp|Q04765|VSP1_BPLLH Structural protein
MP_ATCC35311___contig_1_fragment_8_641	MP_ATCC35311___contig_1_fragment_8	PF06810.11	Phage minor structural protein GP20
MP_ATCC35311___contig_1_fragment_8_642	MP_ATCC35311___contig_1_fragment_8	None	hypothetical protein
MP_ATCC35311___contig_1_fragment_8_643	MP_ATCC35311___contig_1_fragment_8	VOG00241	sp|P19727|CAPSB_BPT7 Minor capsid protein
MP_ATCC35311___contig_1_fragment_8_644	MP_ATCC35311___contig_1_fragment_8	None	hypothetical protein
MP_ATCC35311___contig_1_fragment_8_645	MP_ATCC35311___contig_1_fragment_8	VOG00918	sp|Q04768|YG34_BPLLH Uncharacterized protein ORF4
MP_ATCC35311___contig_1_fragment_8_646	MP_ATCC35311___contig_1_fragment_8	VOG04818	sp|Q04769|YG35_BPLLH Uncharacterized protein ORF5
MP_ATCC35311___contig_1_fragment_8_647	MP_ATCC35311___contig_1_fragment_8	PF11114.8	Minor capsid protein
MP_ATCC35311___contig_1_fragment_8_648	MP_ATCC35311___contig_1_fragment_8	VOG00870	REFSEQ hypothetical protein
MP_ATCC35311___contig_1_fragment_8_649	MP_ATCC35311___contig_1_fragment_8	VOG01483	REFSEQ major tail protein
MP_ATCC35311___contig_1_fragment_8_650	MP_ATCC35311___contig_1_fragment_8	None	hypothetical protein
MP_ATCC35311___contig_1_fragment_8_651	MP_ATCC35311___contig_1_fragment_8	None	hypothetical protein
MP_ATCC35311___contig_1_fragment_8_652	MP_ATCC35311___contig_1_fragment_8	VOG10276	REFSEQ hypothetical protein
MP_ATCC35311___contig_1_fragment_8_653	MP_ATCC35311___contig_1_fragment_8	VOG21220	REFSEQ phage tape measure protein
MP_ATCC35311___contig_1_fragment_8_654	MP_ATCC35311___contig_1_fragment_8	VOG00183	REFSEQ hypothetical protein
MP_ATCC35311___contig_1_fragment_8_655	MP_ATCC35311___contig_1_fragment_8	VOG01075	REFSEQ hypothetical protein
MP_ATCC35311___contig_1_fragment_8_656	MP_ATCC35311___contig_1_fragment_8	VOG00452	REFSEQ hypothetical protein
MP_ATCC35311___contig_1_fragment_8_657	MP_ATCC35311___contig_1_fragment_8	None	hypothetical protein
MP_ATCC35311___contig_1_fragment_8_658	MP_ATCC35311___contig_1_fragment_8	VOG18935	REFSEQ hypothetical protein
MP_ATCC35311___contig_1_fragment_8_659	MP_ATCC35311___contig_1_fragment_8	None	hypothetical protein
MP_ATCC35311___contig_1_fragment_8_660	MP_ATCC35311___contig_1_fragment_8	None	hypothetical protein
MP_ATCC35311___contig_1_fragment_8_661	MP_ATCC35311___contig_1_fragment_8	PF09693.10	Phage uncharacterised protein (Phage_XkdX)
MP_ATCC35311___contig_1_fragment_8_662	MP_ATCC35311___contig_1_fragment_8	PF10779.9	Haemolysin XhlA
MP_ATCC35311___contig_1_fragment_8_663	MP_ATCC35311___contig_1_fragment_8	PF16938.5	Putative phage holin Dp-1
MP_ATCC35311___contig_1_fragment_8_664	MP_ATCC35311___contig_1_fragment_8	PF05382.13	Bacteriophage peptidoglycan hydrolase
MP_ATCC35311___contig_1_fragment_8_665	MP_ATCC35311___contig_1_fragment_8	VOG14094	sp|A0A0H3CCP8|SOCA_CAUVN Antitoxin SocA
GCA_025728595___contig_43_1	GCA_025728595___contig_43	VOG01397	REFSEQ major tail protein
GCA_025728595___contig_43_2	GCA_025728595___contig_43	None	hypothetical protein
GCA_025728595___contig_43_3	GCA_025728595___contig_43	None	hypothetical protein
GCA_025728595___contig_43_4	GCA_025728595___contig_43	None	hypothetical protein
GCA_025728595___contig_19_1	GCA_025728595___contig_19	None	hypothetical protein
GCA_025728595___contig_19_2	GCA_025728595___contig_19	VOG13487	REFSEQ major capsid L
GCA_025728595___contig_19_3	GCA_025728595___contig_19	K06904	K06904; uncharacterized protein
GCA_025728595___contig_19_4	GCA_025728595___contig_19	PF04860.12	Phage portal protein
GCA_025728595___contig_19_5	GCA_025728595___contig_19	VOG04497	REFSEQ putative terminase small subunit
GCA_025728595___contig_19_6	GCA_025728595___contig_19	VOG00687	REFSEQ terminase small subunit
GCA_025728595___contig_19_7	GCA_025728595___contig_19	None	hypothetical protein
GCA_025728615___contig_9_1	GCA_025728615___contig_9	None	hypothetical protein
GCA_025728615___contig_9_2	GCA_025728615___contig_9	None	hypothetical protein
GCA_025728615___contig_9_3	GCA_025728615___contig_9	None	hypothetical protein
GCA_025728615___contig_9_4	GCA_025728615___contig_9	None	hypothetical protein
GCA_025728615___contig_9_5	GCA_025728615___contig_9	None	hypothetical protein
GCA_025728615___contig_9_6	GCA_025728615___contig_9	None	hypothetical protein
GCA_025728615___contig_9_7	GCA_025728615___contig_9	None	hypothetical protein
GCA_025728615___contig_9_8	GCA_025728615___contig_9	None	hypothetical protein
GCA_025728615___contig_9_9	GCA_025728615___contig_9	None	hypothetical protein
GCA_025728615___contig_9_10	GCA_025728615___contig_9	None	hypothetical protein
GCA_025728615___contig_9_11	GCA_025728615___contig_9	None	hypothetical protein
GCA_025728615___contig_9_12	GCA_025728615___contig_9	None	hypothetical protein
GCA_025728615___contig_9_13	GCA_025728615___contig_9	None	hypothetical protein
GCA_025728615___contig_9_14	GCA_025728615___contig_9	None	hypothetical protein
GCA_025728615___contig_9_15	GCA_025728615___contig_9	VOG11084	REFSEQ hypothetical protein
GCA_025728615___contig_9_16	GCA_025728615___contig_9	VOG09746	sp|P04892|ERF_BPP22 Essential recombination function protein
GCA_025728615___contig_9_17	GCA_025728615___contig_9	PF16784.5	Putative HNHc nuclease
GCA_025728615___contig_9_18	GCA_025728615___contig_9	VOG01042	sp|P39787|DNAD_BACSU DNA replication protein DnaD
GCA_025728615___contig_9_19	GCA_025728615___contig_9	None	hypothetical protein
GCA_025728615___contig_9_20	GCA_025728615___contig_9	VOG00404	sp|P9WGD4|SSB_MYCTO Single-stranded DNA-binding protein
GCA_025728615___contig_9_21	GCA_025728615___contig_9	VOG01162	sp|O34055|ARPU_BPO12 Putative autolysin regulatory protein ArpU
GCA_025728615___contig_9_22	GCA_025728615___contig_9	None	hypothetical protein
GCA_025728615___contig_9_23	GCA_025728615___contig_9	VOG00361	sp|P10426|YIM2_BPPH1 Uncharacterized immunity region protein 2
GCA_025728615___contig_9_24	GCA_025728615___contig_9	None	hypothetical protein
GCA_025728615___contig_9_25	GCA_025728615___contig_9	None	hypothetical protein
GCA_025728615___contig_9_26	GCA_025728615___contig_9	VOG00962	REFSEQ hypothetical protein
GCA_025728615___contig_9_27	GCA_025728615___contig_9	VOG00687	REFSEQ terminase small subunit
GCA_025728615___contig_9_28	GCA_025728615___contig_9	VOG04497	REFSEQ putative terminase small subunit
GCA_025728615___contig_9_29	GCA_025728615___contig_9	PF04860.12	Phage portal protein
GCA_025728615___contig_9_30	GCA_025728615___contig_9	K06904	K06904; uncharacterized protein
GCA_025728615___contig_9_31	GCA_025728615___contig_9	VOG13487	REFSEQ major capsid L
GCA_025728615___contig_9_32	GCA_025728615___contig_9	VOG00181	REFSEQ hypothetical protein
GCA_025728615___contig_9_33	GCA_025728615___contig_9	VOG00066	sp|O48446|HCP16_BPSPP Head completion protein gp16
GCA_025728615___contig_9_34	GCA_025728615___contig_9	VOG03575	REFSEQ hypothetical protein
GCA_025728615___contig_9_35	GCA_025728615___contig_9	None	hypothetical protein
GCA_025728615___contig_9_36	GCA_025728615___contig_9	VOG01397	REFSEQ major tail protein
GCA_025728615___contig_9_37	GCA_025728615___contig_9	None	hypothetical protein
GCA_025728615___contig_9_38	GCA_025728615___contig_9	None	hypothetical protein
GCA_025728615___contig_9_39	GCA_025728615___contig_9	VOG21220	REFSEQ phage tape measure protein
GCA_025728615___contig_9_40	GCA_025728615___contig_9	VOG01075	REFSEQ hypothetical protein
GCA_025728615___contig_9_41	GCA_025728615___contig_9	PF06605.11	Prophage endopeptidase tail
GCA_025728615___contig_9_42	GCA_025728615___contig_9	None	hypothetical protein
GCA_025728615___contig_9_43	GCA_025728615___contig_9	None	hypothetical protein
GCA_025728615___contig_9_44	GCA_025728615___contig_9	VOG18935	REFSEQ hypothetical protein
GCA_025728615___contig_9_45	GCA_025728615___contig_9	None	hypothetical protein
GCA_025728675___contig_13_1	GCA_025728675___contig_13	VOG20253	REFSEQ hypothetical protein
GCA_025728675___contig_13_2	GCA_025728675___contig_13	K07729	K07729; putative transcriptional regulator
GCA_025728675___contig_13_3	GCA_025728675___contig_13	PF03374.14	Phage antirepressor protein KilAC domain
GCA_025728675___contig_13_4	GCA_025728675___contig_13	None	hypothetical protein
GCA_025728675___contig_13_5	GCA_025728675___contig_13	None	hypothetical protein
GCA_025728675___contig_13_6	GCA_025728675___contig_13	None	hypothetical protein
GCA_025728675___contig_13_7	GCA_025728675___contig_13	None	hypothetical protein
GCA_025728675___contig_13_8	GCA_025728675___contig_13	None	hypothetical protein
GCA_025728675___contig_13_9	GCA_025728675___contig_13	None	hypothetical protein
GCA_025728675___contig_13_10	GCA_025728675___contig_13	None	hypothetical protein
GCA_025728675___contig_13_11	GCA_025728675___contig_13	None	hypothetical protein
GCA_025728675___contig_13_12	GCA_025728675___contig_13	None	hypothetical protein
GCA_025728675___contig_13_13	GCA_025728675___contig_13	None	hypothetical protein
GCA_025728675___contig_13_14	GCA_025728675___contig_13	None	hypothetical protein
GCA_025728595___contig_14_1	GCA_025728595___contig_14	None	hypothetical protein
GCA_025728595___contig_14_2	GCA_025728595___contig_14	VOG01156	REFSEQ hypothetical protein
GCA_025728595___contig_14_3	GCA_025728595___contig_14	None	hypothetical protein
GCA_025728595___contig_14_4	GCA_025728595___contig_14	VOG01162	sp|O34055|ARPU_BPO12 Putative autolysin regulatory protein ArpU
GCA_025728595___contig_14_5	GCA_025728595___contig_14	VOG00404	sp|P9WGD4|SSB_MYCTO Single-stranded DNA-binding protein
GCA_025728595___contig_14_6	GCA_025728595___contig_14	None	hypothetical protein
GCA_025728595___contig_14_7	GCA_025728595___contig_14	VOG21431	REFSEQ hypothetical protein
GCA_025728595___contig_14_8	GCA_025728595___contig_14	PF16784.5	Putative HNHc nuclease
GCA_025728595___contig_14_9	GCA_025728595___contig_14	PF12684.7	PDDEXK-like domain of unknown function (DUF3799)
GCA_025728595___contig_14_10	GCA_025728595___contig_14	PF03837.14	RecT family
GCA_025728595___contig_14_11	GCA_025728595___contig_14	None	hypothetical protein
GCA_001047435___contig_4_fragment_1_12	GCA_001047435___contig_4_fragment_1	VOG14094	sp|A0A0H3CCP8|SOCA_CAUVN Antitoxin SocA
GCA_001047435___contig_4_fragment_1_13	GCA_001047435___contig_4_fragment_1	PF10097.9	Predicted membrane protein (DUF2335)
GCA_001047435___contig_4_fragment_1_14	GCA_001047435___contig_4_fragment_1	None	hypothetical protein
GCA_001047435___contig_4_fragment_1_15	GCA_001047435___contig_4_fragment_1	None	hypothetical protein
GCA_001047435___contig_4_fragment_1_16	GCA_001047435___contig_4_fragment_1	None	hypothetical protein
GCA_001047435___contig_4_fragment_1_17	GCA_001047435___contig_4_fragment_1	K07273	acm; lysozyme
GCA_001047435___contig_4_fragment_1_18	GCA_001047435___contig_4_fragment_1	PF16938.5	Putative phage holin Dp-1
GCA_001047435___contig_4_fragment_1_19	GCA_001047435___contig_4_fragment_1	None	hypothetical protein
GCA_001047435___contig_4_fragment_1_20	GCA_001047435___contig_4_fragment_1	PF09693.10	Phage uncharacterised protein (Phage_XkdX)
GCA_001047435___contig_4_fragment_1_21	GCA_001047435___contig_4_fragment_1	None	hypothetical protein
GCA_001047435___contig_4_fragment_1_22	GCA_001047435___contig_4_fragment_1	None	hypothetical protein
GCA_001047435___contig_4_fragment_1_23	GCA_001047435___contig_4_fragment_1	VOG18935	REFSEQ hypothetical protein
GCA_001047435___contig_4_fragment_1_24	GCA_001047435___contig_4_fragment_1	None	hypothetical protein
GCA_001047435___contig_4_fragment_1_25	GCA_001047435___contig_4_fragment_1	None	hypothetical protein
GCA_001047435___contig_4_fragment_1_26	GCA_001047435___contig_4_fragment_1	PF06605.11	Prophage endopeptidase tail
GCA_001047435___contig_4_fragment_1_27	GCA_001047435___contig_4_fragment_1	VOG01075	REFSEQ hypothetical protein
GCA_001047435___contig_4_fragment_1_28	GCA_001047435___contig_4_fragment_1	VOG04056	REFSEQ hypothetical protein
GCA_001047435___contig_4_fragment_1_29	GCA_001047435___contig_4_fragment_1	VOG21220	REFSEQ phage tape measure protein
GCA_001047435___contig_4_fragment_1_30	GCA_001047435___contig_4_fragment_1	None	hypothetical protein
GCA_001047435___contig_4_fragment_1_31	GCA_001047435___contig_4_fragment_1	None	hypothetical protein
GCA_001047435___contig_4_fragment_1_32	GCA_001047435___contig_4_fragment_1	None	hypothetical protein
GCA_001047435___contig_4_fragment_1_33	GCA_001047435___contig_4_fragment_1	VOG01397	REFSEQ major tail protein
GCA_001047435___contig_4_fragment_1_34	GCA_001047435___contig_4_fragment_1	None	hypothetical protein
GCA_001047435___contig_4_fragment_1_35	GCA_001047435___contig_4_fragment_1	VOG03575	REFSEQ hypothetical protein
GCA_001047435___contig_4_fragment_1_36	GCA_001047435___contig_4_fragment_1	None	hypothetical protein
GCA_001047435___contig_4_fragment_1_37	GCA_001047435___contig_4_fragment_1	VOG00181	REFSEQ hypothetical protein
GCA_001047435___contig_4_fragment_1_38	GCA_001047435___contig_4_fragment_1	VOG13487	REFSEQ major capsid L
GCA_001047435___contig_4_fragment_1_39	GCA_001047435___contig_4_fragment_1	K06904	K06904; uncharacterized protein
GCA_001047435___contig_4_fragment_1_40	GCA_001047435___contig_4_fragment_1	PF04860.12	Phage portal protein
GCA_001047435___contig_4_fragment_1_41	GCA_001047435___contig_4_fragment_1	PF03354.15	Phage Terminase
GCA_001047435___contig_4_fragment_1_42	GCA_001047435___contig_4_fragment_1	VOG04497	REFSEQ putative terminase small subunit
GCA_001047435___contig_4_fragment_1_43	GCA_001047435___contig_4_fragment_1	VOG00687	REFSEQ terminase small subunit
GCA_001047435___contig_4_fragment_1_44	GCA_001047435___contig_4_fragment_1	VOG00962	REFSEQ hypothetical protein
GCA_001047435___contig_4_fragment_1_45	GCA_001047435___contig_4_fragment_1	None	hypothetical protein
GCA_001047435___contig_4_fragment_1_46	GCA_001047435___contig_4_fragment_1	None	hypothetical protein
GCA_001047435___contig_4_fragment_1_47	GCA_001047435___contig_4_fragment_1	None	hypothetical protein
GCA_001047435___contig_4_fragment_1_48	GCA_001047435___contig_4_fragment_1	VOG00188	sp|Q03182|RINA_BPPHA Transcriptional activator rinA
GCA_001047435___contig_4_fragment_1_49	GCA_001047435___contig_4_fragment_1	VOG00065	sp|Q38441|YOR5_BPSPP Uncharacterized 10.3 kDa protein in GP2-GP6 intergenic region
GCA_001047435___contig_4_fragment_1_50	GCA_001047435___contig_4_fragment_1	None	hypothetical protein
GCA_001047435___contig_4_fragment_1_51	GCA_001047435___contig_4_fragment_1	None	hypothetical protein
GCA_001047435___contig_4_fragment_1_52	GCA_001047435___contig_4_fragment_1	PF05866.11	Endodeoxyribonuclease RusA
GCA_001047435___contig_4_fragment_1_53	GCA_001047435___contig_4_fragment_1	VOG00404	sp|P9WGD4|SSB_MYCTO Single-stranded DNA-binding protein
GCA_001047435___contig_4_fragment_1_54	GCA_001047435___contig_4_fragment_1	None	hypothetical protein
GCA_001047435___contig_4_fragment_1_55	GCA_001047435___contig_4_fragment_1	VOG21431	REFSEQ hypothetical protein
GCA_001047435___contig_4_fragment_1_56	GCA_001047435___contig_4_fragment_1	PF16784.5	Putative HNHc nuclease
GCA_001047435___contig_4_fragment_1_57	GCA_001047435___contig_4_fragment_1	PF04404.12	ERF superfamily
GCA_001047435___contig_4_fragment_1_58	GCA_001047435___contig_4_fragment_1	VOG11084	REFSEQ hypothetical protein
GCA_001047435___contig_4_fragment_1_59	GCA_001047435___contig_4_fragment_1	None	hypothetical protein
GCA_001047435___contig_4_fragment_1_60	GCA_001047435___contig_4_fragment_1	None	hypothetical protein
GCA_001047435___contig_4_fragment_1_61	GCA_001047435___contig_4_fragment_1	None	hypothetical protein
GCA_001047435___contig_4_fragment_1_62	GCA_001047435___contig_4_fragment_1	None	hypothetical protein
GCA_001047435___contig_4_fragment_1_63	GCA_001047435___contig_4_fragment_1	None	hypothetical protein
GCA_001047435___contig_4_fragment_1_64	GCA_001047435___contig_4_fragment_1	None	hypothetical protein
GCA_001047435___contig_4_fragment_1_65	GCA_001047435___contig_4_fragment_1	None	hypothetical protein
GCA_001047435___contig_4_fragment_1_66	GCA_001047435___contig_4_fragment_1	K07741	antB; anti-repressor protein
GCA_001047435___contig_4_fragment_1_67	GCA_001047435___contig_4_fragment_1	VOG14084	REFSEQ hypothetical protein
GCA_001047435___contig_4_fragment_1_68	GCA_001047435___contig_4_fragment_1	None	hypothetical protein
GCA_001047435___contig_4_fragment_1_69	GCA_001047435___contig_4_fragment_1	None	hypothetical protein
GCA_001047435___contig_4_fragment_1_70	GCA_001047435___contig_4_fragment_1	None	hypothetical protein
GCA_001047435___contig_4_fragment_1_71	GCA_001047435___contig_4_fragment_1	VOG10124	sp|O34449|YOQD_BACSU SPBc2 prophage-derived putative antirepressor protein YoqD
GCA_001047435___contig_4_fragment_1_72	GCA_001047435___contig_4_fragment_1	None	hypothetical protein
GCA_001047435___contig_4_fragment_1_73	GCA_001047435___contig_4_fragment_1	VOG20253	REFSEQ hypothetical protein
GCA_001047435___contig_4_fragment_1_74	GCA_001047435___contig_4_fragment_1	None	hypothetical protein
GCA_001047435___contig_4_fragment_1_75	GCA_001047435___contig_4_fragment_1	None	hypothetical protein
GCA_001047435___contig_4_fragment_1_76	GCA_001047435___contig_4_fragment_1	PF09669.10	Phage regulatory protein Rha (Phage_pRha)
GCA_001047435___contig_4_fragment_1_77	GCA_001047435___contig_4_fragment_1	None	hypothetical protein
GCA_001047435___contig_4_fragment_1_78	GCA_001047435___contig_4_fragment_1	None	hypothetical protein
GCA_001047435___contig_4_fragment_1_79	GCA_001047435___contig_4_fragment_1	K22300	"dicA; HTH-type transcriptional regulator, cell division transcriptional repressor"
GCA_001047435___contig_4_fragment_1_80	GCA_001047435___contig_4_fragment_1	VOG00041	sp|O10330|VLF1_NPVOP Very late expression factor 1
GCA_001047435___contig_4_fragment_1_81	GCA_001047435___contig_4_fragment_1	K02003	ABC.CD.A; putative ABC transport system ATP-binding protein
MP_BCQMy204___contig_1_fragment_3_287	MP_BCQMy204___contig_1_fragment_3	VOG00041	sp|O10330|VLF1_NPVOP Very late expression factor 1
MP_BCQMy204___contig_1_fragment_3_288	MP_BCQMy204___contig_1_fragment_3	VOG03321	REFSEQ hypothetical protein
MP_BCQMy204___contig_1_fragment_3_289	MP_BCQMy204___contig_1_fragment_3	VOG00361	sp|P10426|YIM2_BPPH1 Uncharacterized immunity region protein 2
MP_BCQMy204___contig_1_fragment_3_290	MP_BCQMy204___contig_1_fragment_3	VOG02771	sp|P03034|RPC1_LAMBD Repressor protein cI
MP_BCQMy204___contig_1_fragment_3_291	MP_BCQMy204___contig_1_fragment_3	None	hypothetical protein
MP_BCQMy204___contig_1_fragment_3_292	MP_BCQMy204___contig_1_fragment_3	None	hypothetical protein
MP_BCQMy204___contig_1_fragment_3_293	MP_BCQMy204___contig_1_fragment_3	None	hypothetical protein
MP_BCQMy204___contig_1_fragment_3_294	MP_BCQMy204___contig_1_fragment_3	None	hypothetical protein
MP_BCQMy204___contig_1_fragment_3_295	MP_BCQMy204___contig_1_fragment_3	None	hypothetical protein
MP_BCQMy204___contig_1_fragment_3_296	MP_BCQMy204___contig_1_fragment_3	None	hypothetical protein
MP_BCQMy204___contig_1_fragment_3_297	MP_BCQMy204___contig_1_fragment_3	None	hypothetical protein
MP_BCQMy204___contig_1_fragment_3_298	MP_BCQMy204___contig_1_fragment_3	VOG00523	sp|Q9T1Q7|VP41_BPAPS Putative protein p41
MP_BCQMy204___contig_1_fragment_3_299	MP_BCQMy204___contig_1_fragment_3	VOG00399	sp|Q9T1Q4|VP44_BPAPS Putative nuclease p44
MP_BCQMy204___contig_1_fragment_3_300	MP_BCQMy204___contig_1_fragment_3	None	hypothetical protein
MP_BCQMy204___contig_1_fragment_3_301	MP_BCQMy204___contig_1_fragment_3	PF13479.6	AAA domain
MP_BCQMy204___contig_1_fragment_3_302	MP_BCQMy204___contig_1_fragment_3	VOG03001	REFSEQ hypothetical protein
MP_BCQMy204___contig_1_fragment_3_303	MP_BCQMy204___contig_1_fragment_3	None	hypothetical protein
MP_BCQMy204___contig_1_fragment_3_304	MP_BCQMy204___contig_1_fragment_3	None	hypothetical protein
MP_BCQMy204___contig_1_fragment_3_305	MP_BCQMy204___contig_1_fragment_3	VOG00674	REFSEQ putative DNA polymerase
MP_BCQMy204___contig_1_fragment_3_306	MP_BCQMy204___contig_1_fragment_3	VOG00724	sp|P10277|PRIM_BPP4 Putative P4-specific DNA primase
MP_BCQMy204___contig_1_fragment_3_307	MP_BCQMy204___contig_1_fragment_3	VOG00188	sp|Q03182|RINA_BPPHA Transcriptional activator rinA
MP_BCQMy204___contig_1_fragment_3_308	MP_BCQMy204___contig_1_fragment_3	None	hypothetical protein
MP_BCQMy204___contig_1_fragment_3_309	MP_BCQMy204___contig_1_fragment_3	VOG00679	REFSEQ HNH endonuclease
MP_BCQMy204___contig_1_fragment_3_310	MP_BCQMy204___contig_1_fragment_3	None	hypothetical protein
MP_BCQMy204___contig_1_fragment_3_311	MP_BCQMy204___contig_1_fragment_3	PF03354.15	Phage Terminase
MP_BCQMy204___contig_1_fragment_3_312	MP_BCQMy204___contig_1_fragment_3	PF04860.12	Phage portal protein
MP_BCQMy204___contig_1_fragment_3_313	MP_BCQMy204___contig_1_fragment_3	K06904	K06904; uncharacterized protein
MP_BCQMy204___contig_1_fragment_3_314	MP_BCQMy204___contig_1_fragment_3	PF05065.13	Phage capsid family
MP_BCQMy204___contig_1_fragment_3_315	MP_BCQMy204___contig_1_fragment_3	VOG23089	REFSEQ hypothetical protein
MP_BCQMy204___contig_1_fragment_3_316	MP_BCQMy204___contig_1_fragment_3	VOG23090	REFSEQ head-tail adaptor
MP_BCQMy204___contig_1_fragment_3_317	MP_BCQMy204___contig_1_fragment_3	VOG23091	REFSEQ hypothetical protein
MP_BCQMy204___contig_1_fragment_3_318	MP_BCQMy204___contig_1_fragment_3	VOG00973	REFSEQ hypothetical protein
MP_BCQMy204___contig_1_fragment_3_319	MP_BCQMy204___contig_1_fragment_3	VOG01397	REFSEQ major tail protein
MP_BCQMy204___contig_1_fragment_3_320	MP_BCQMy204___contig_1_fragment_3	None	hypothetical protein
MP_BCQMy204___contig_1_fragment_3_321	MP_BCQMy204___contig_1_fragment_3	VOG02333	REFSEQ tail tape measure protein
MP_BCQMy204___contig_1_fragment_3_322	MP_BCQMy204___contig_1_fragment_3	None	hypothetical protein
MP_BCQMy204___contig_1_fragment_3_323	MP_BCQMy204___contig_1_fragment_3	VOG00824	REFSEQ putative antireceptor
MP_BCQMy204___contig_1_fragment_3_324	MP_BCQMy204___contig_1_fragment_3	VOG13479	REFSEQ gp067
MP_BCQMy204___contig_1_fragment_3_325	MP_BCQMy204___contig_1_fragment_3	None	hypothetical protein
MP_BCQMy204___contig_1_fragment_3_326	MP_BCQMy204___contig_1_fragment_3	None	hypothetical protein
MP_BCQMy204___contig_1_fragment_3_327	MP_BCQMy204___contig_1_fragment_3	PF10779.9	Haemolysin XhlA
MP_BCQMy204___contig_1_fragment_3_328	MP_BCQMy204___contig_1_fragment_3	PF16938.5	Putative phage holin Dp-1
MP_BCQMy204___contig_1_fragment_3_329	MP_BCQMy204___contig_1_fragment_3	PF05382.13	Bacteriophage peptidoglycan hydrolase
MP_BCQMy204___contig_1_fragment_5_447	MP_BCQMy204___contig_1_fragment_5	K06977	K06977; uncharacterized protein
MP_BCQMy204___contig_1_fragment_5_448	MP_BCQMy204___contig_1_fragment_5	None	hypothetical protein
MP_BCQMy204___contig_1_fragment_5_449	MP_BCQMy204___contig_1_fragment_5	PF08282.12	haloacid dehalogenase-like hydrolase
MP_BCQMy204___contig_1_fragment_5_450	MP_BCQMy204___contig_1_fragment_5	VOG00041	sp|O10330|VLF1_NPVOP Very late expression factor 1
MP_BCQMy204___contig_1_fragment_5_451	MP_BCQMy204___contig_1_fragment_5	None	hypothetical protein
MP_BCQMy204___contig_1_fragment_5_452	MP_BCQMy204___contig_1_fragment_5	PF07553.11	Host cell surface-exposed lipoprotein
MP_BCQMy204___contig_1_fragment_5_453	MP_BCQMy204___contig_1_fragment_5	VOG20253	REFSEQ hypothetical protein
MP_BCQMy204___contig_1_fragment_5_454	MP_BCQMy204___contig_1_fragment_5	None	hypothetical protein
MP_BCQMy204___contig_1_fragment_5_455	MP_BCQMy204___contig_1_fragment_5	VOG10124	sp|O34449|YOQD_BACSU SPBc2 prophage-derived putative antirepressor protein YoqD
MP_BCQMy204___contig_1_fragment_5_456	MP_BCQMy204___contig_1_fragment_5	None	hypothetical protein
MP_BCQMy204___contig_1_fragment_5_457	MP_BCQMy204___contig_1_fragment_5	None	hypothetical protein
MP_BCQMy204___contig_1_fragment_5_458	MP_BCQMy204___contig_1_fragment_5	K07741	antB; anti-repressor protein
MP_BCQMy204___contig_1_fragment_5_459	MP_BCQMy204___contig_1_fragment_5	None	hypothetical protein
MP_BCQMy204___contig_1_fragment_5_460	MP_BCQMy204___contig_1_fragment_5	None	hypothetical protein
MP_BCQMy204___contig_1_fragment_5_461	MP_BCQMy204___contig_1_fragment_5	None	hypothetical protein
MP_BCQMy204___contig_1_fragment_5_462	MP_BCQMy204___contig_1_fragment_5	K07741	antB; anti-repressor protein
MP_BCQMy204___contig_1_fragment_5_463	MP_BCQMy204___contig_1_fragment_5	None	hypothetical protein
MP_BCQMy204___contig_1_fragment_5_464	MP_BCQMy204___contig_1_fragment_5	None	hypothetical protein
MP_BCQMy204___contig_1_fragment_5_465	MP_BCQMy204___contig_1_fragment_5	None	hypothetical protein
MP_BCQMy204___contig_1_fragment_5_466	MP_BCQMy204___contig_1_fragment_5	None	hypothetical protein
MP_BCQMy204___contig_1_fragment_5_467	MP_BCQMy204___contig_1_fragment_5	None	hypothetical protein
MP_BCQMy204___contig_1_fragment_5_468	MP_BCQMy204___contig_1_fragment_5	None	hypothetical protein
MP_BCQMy204___contig_1_fragment_5_469	MP_BCQMy204___contig_1_fragment_5	PF03837.14	RecT family
MP_BCQMy204___contig_1_fragment_5_470	MP_BCQMy204___contig_1_fragment_5	PF12684.7	PDDEXK-like domain of unknown function (DUF3799)
MP_BCQMy204___contig_1_fragment_5_471	MP_BCQMy204___contig_1_fragment_5	PF16784.5	Putative HNHc nuclease
MP_BCQMy204___contig_1_fragment_5_472	MP_BCQMy204___contig_1_fragment_5	VOG21431	REFSEQ hypothetical protein
MP_BCQMy204___contig_1_fragment_5_473	MP_BCQMy204___contig_1_fragment_5	None	hypothetical protein
MP_BCQMy204___contig_1_fragment_5_474	MP_BCQMy204___contig_1_fragment_5	VOG00404	sp|P9WGD4|SSB_MYCTO Single-stranded DNA-binding protein
MP_BCQMy204___contig_1_fragment_5_475	MP_BCQMy204___contig_1_fragment_5	VOG01162	sp|O34055|ARPU_BPO12 Putative autolysin regulatory protein ArpU
MP_BCQMy204___contig_1_fragment_5_476	MP_BCQMy204___contig_1_fragment_5	None	hypothetical protein
MP_BCQMy204___contig_1_fragment_5_477	MP_BCQMy204___contig_1_fragment_5	VOG01156	REFSEQ hypothetical protein
MP_BCQMy204___contig_1_fragment_5_478	MP_BCQMy204___contig_1_fragment_5	None	hypothetical protein
MP_BCQMy204___contig_1_fragment_5_479	MP_BCQMy204___contig_1_fragment_5	None	hypothetical protein
MP_BCQMy204___contig_1_fragment_5_480	MP_BCQMy204___contig_1_fragment_5	VOG00962	REFSEQ hypothetical protein
MP_BCQMy204___contig_1_fragment_5_481	MP_BCQMy204___contig_1_fragment_5	VOG00687	REFSEQ terminase small subunit
MP_BCQMy204___contig_1_fragment_5_482	MP_BCQMy204___contig_1_fragment_5	VOG04497	REFSEQ putative terminase small subunit
MP_BCQMy204___contig_1_fragment_5_483	MP_BCQMy204___contig_1_fragment_5	PF04860.12	Phage portal protein
MP_BCQMy204___contig_1_fragment_5_484	MP_BCQMy204___contig_1_fragment_5	K06904	K06904; uncharacterized protein
MP_BCQMy204___contig_1_fragment_5_485	MP_BCQMy204___contig_1_fragment_5	VOG13487	REFSEQ major capsid L
MP_BCQMy204___contig_1_fragment_5_486	MP_BCQMy204___contig_1_fragment_5	VOG00181	REFSEQ hypothetical protein
MP_BCQMy204___contig_1_fragment_5_487	MP_BCQMy204___contig_1_fragment_5	VOG00066	sp|O48446|HCP16_BPSPP Head completion protein gp16
MP_BCQMy204___contig_1_fragment_5_488	MP_BCQMy204___contig_1_fragment_5	VOG03575	REFSEQ hypothetical protein
MP_BCQMy204___contig_1_fragment_5_489	MP_BCQMy204___contig_1_fragment_5	None	hypothetical protein
MP_BCQMy204___contig_1_fragment_5_490	MP_BCQMy204___contig_1_fragment_5	VOG01397	REFSEQ major tail protein
MP_BCQMy204___contig_1_fragment_5_491	MP_BCQMy204___contig_1_fragment_5	None	hypothetical protein
MP_BCQMy204___contig_1_fragment_5_492	MP_BCQMy204___contig_1_fragment_5	None	hypothetical protein
MP_BCQMy204___contig_1_fragment_5_493	MP_BCQMy204___contig_1_fragment_5	VOG04056	REFSEQ hypothetical protein
MP_BCQMy204___contig_1_fragment_5_494	MP_BCQMy204___contig_1_fragment_5	VOG01075	REFSEQ hypothetical protein
MP_BCQMy204___contig_1_fragment_5_495	MP_BCQMy204___contig_1_fragment_5	PF06605.11	Prophage endopeptidase tail
MP_BCQMy204___contig_1_fragment_5_496	MP_BCQMy204___contig_1_fragment_5	None	hypothetical protein
MP_BCQMy204___contig_1_fragment_5_497	MP_BCQMy204___contig_1_fragment_5	None	hypothetical protein
MP_BCQMy204___contig_1_fragment_5_498	MP_BCQMy204___contig_1_fragment_5	VOG18935	REFSEQ hypothetical protein
MP_BCQMy204___contig_1_fragment_5_499	MP_BCQMy204___contig_1_fragment_5	None	hypothetical protein
MP_BCQMy204___contig_1_fragment_5_500	MP_BCQMy204___contig_1_fragment_5	None	hypothetical protein
MP_BCQMy204___contig_1_fragment_5_501	MP_BCQMy204___contig_1_fragment_5	PF09693.10	Phage uncharacterised protein (Phage_XkdX)
MP_BCQMy204___contig_1_fragment_5_502	MP_BCQMy204___contig_1_fragment_5	PF10779.9	Haemolysin XhlA
MP_BCQMy204___contig_1_fragment_5_503	MP_BCQMy204___contig_1_fragment_5	PF16938.5	Putative phage holin Dp-1
MP_BCQMy204___contig_1_fragment_5_504	MP_BCQMy204___contig_1_fragment_5	K07273	acm; lysozyme
MP_BCQMy204___contig_1_fragment_5_505	MP_BCQMy204___contig_1_fragment_5	None	hypothetical protein
MP_BCQMy204___contig_1_fragment_5_506	MP_BCQMy204___contig_1_fragment_5	VOG14226	REFSEQ hypothetical protein
MP_BCQMy204___contig_1_fragment_11_1116	MP_BCQMy204___contig_1_fragment_11	VOG00041	sp|O10330|VLF1_NPVOP Very late expression factor 1
MP_BCQMy204___contig_1_fragment_11_1117	MP_BCQMy204___contig_1_fragment_11	None	hypothetical protein
MP_BCQMy204___contig_1_fragment_11_1118	MP_BCQMy204___contig_1_fragment_11	None	hypothetical protein
MP_BCQMy204___contig_1_fragment_11_1119	MP_BCQMy204___contig_1_fragment_11	None	hypothetical protein
MP_BCQMy204___contig_1_fragment_11_1120	MP_BCQMy204___contig_1_fragment_11	VOG14094	sp|A0A0H3CCP8|SOCA_CAUVN Antitoxin SocA
MP_BCQMy204___contig_1_fragment_11_1121	MP_BCQMy204___contig_1_fragment_11	K07273	acm; lysozyme
MP_BCQMy204___contig_1_fragment_11_1122	MP_BCQMy204___contig_1_fragment_11	PF16938.5	Putative phage holin Dp-1
MP_BCQMy204___contig_1_fragment_11_1123	MP_BCQMy204___contig_1_fragment_11	None	hypothetical protein
MP_BCQMy204___contig_1_fragment_11_1124	MP_BCQMy204___contig_1_fragment_11	PF09693.10	Phage uncharacterised protein (Phage_XkdX)
MP_BCQMy204___contig_1_fragment_11_1125	MP_BCQMy204___contig_1_fragment_11	None	hypothetical protein
MP_BCQMy204___contig_1_fragment_11_1126	MP_BCQMy204___contig_1_fragment_11	None	hypothetical protein
MP_BCQMy204___contig_1_fragment_11_1127	MP_BCQMy204___contig_1_fragment_11	VOG18935	REFSEQ hypothetical protein
MP_BCQMy204___contig_1_fragment_11_1128	MP_BCQMy204___contig_1_fragment_11	None	hypothetical protein
MP_BCQMy204___contig_1_fragment_11_1129	MP_BCQMy204___contig_1_fragment_11	None	hypothetical protein
MP_BCQMy204___contig_1_fragment_11_1130	MP_BCQMy204___contig_1_fragment_11	PF06605.11	Prophage endopeptidase tail
MP_BCQMy204___contig_1_fragment_11_1131	MP_BCQMy204___contig_1_fragment_11	VOG01075	REFSEQ hypothetical protein
MP_BCQMy204___contig_1_fragment_11_1132	MP_BCQMy204___contig_1_fragment_11	VOG04056	REFSEQ hypothetical protein
MP_BCQMy204___contig_1_fragment_11_1133	MP_BCQMy204___contig_1_fragment_11	None	hypothetical protein
MP_BCQMy204___contig_1_fragment_11_1134	MP_BCQMy204___contig_1_fragment_11	None	hypothetical protein
MP_BCQMy204___contig_1_fragment_11_1135	MP_BCQMy204___contig_1_fragment_11	VOG01397	REFSEQ major tail protein
MP_BCQMy204___contig_1_fragment_11_1136	MP_BCQMy204___contig_1_fragment_11	None	hypothetical protein
MP_BCQMy204___contig_1_fragment_11_1137	MP_BCQMy204___contig_1_fragment_11	VOG03575	REFSEQ hypothetical protein
MP_BCQMy204___contig_1_fragment_11_1138	MP_BCQMy204___contig_1_fragment_11	VOG00066	sp|O48446|HCP16_BPSPP Head completion protein gp16
MP_BCQMy204___contig_1_fragment_11_1139	MP_BCQMy204___contig_1_fragment_11	VOG00181	REFSEQ hypothetical protein
MP_BCQMy204___contig_1_fragment_11_1140	MP_BCQMy204___contig_1_fragment_11	VOG13487	REFSEQ major capsid L
MP_BCQMy204___contig_1_fragment_11_1141	MP_BCQMy204___contig_1_fragment_11	K06904	K06904; uncharacterized protein
MP_BCQMy204___contig_1_fragment_11_1142	MP_BCQMy204___contig_1_fragment_11	PF04860.12	Phage portal protein
MP_BCQMy204___contig_1_fragment_11_1143	MP_BCQMy204___contig_1_fragment_11	VOG04497	REFSEQ putative terminase small subunit
MP_BCQMy204___contig_1_fragment_11_1144	MP_BCQMy204___contig_1_fragment_11	VOG00687	REFSEQ terminase small subunit
MP_BCQMy204___contig_1_fragment_11_1145	MP_BCQMy204___contig_1_fragment_11	VOG00962	REFSEQ hypothetical protein
MP_BCQMy204___contig_1_fragment_11_1146	MP_BCQMy204___contig_1_fragment_11	None	hypothetical protein
MP_BCQMy204___contig_1_fragment_11_1147	MP_BCQMy204___contig_1_fragment_11	VOG00361	sp|P10426|YIM2_BPPH1 Uncharacterized immunity region protein 2
MP_BCQMy204___contig_1_fragment_11_1148	MP_BCQMy204___contig_1_fragment_11	None	hypothetical protein
MP_BCQMy204___contig_1_fragment_11_1149	MP_BCQMy204___contig_1_fragment_11	VOG01162	sp|O34055|ARPU_BPO12 Putative autolysin regulatory protein ArpU
MP_BCQMy204___contig_1_fragment_11_1150	MP_BCQMy204___contig_1_fragment_11	VOG00404	sp|P9WGD4|SSB_MYCTO Single-stranded DNA-binding protein
MP_BCQMy204___contig_1_fragment_11_1151	MP_BCQMy204___contig_1_fragment_11	None	hypothetical protein
MP_BCQMy204___contig_1_fragment_11_1152	MP_BCQMy204___contig_1_fragment_11	VOG01042	sp|P39787|DNAD_BACSU DNA replication protein DnaD
MP_BCQMy204___contig_1_fragment_11_1153	MP_BCQMy204___contig_1_fragment_11	PF16784.5	Putative HNHc nuclease
MP_BCQMy204___contig_1_fragment_11_1154	MP_BCQMy204___contig_1_fragment_11	VOG09746	sp|P04892|ERF_BPP22 Essential recombination function protein
MP_BCQMy204___contig_1_fragment_11_1155	MP_BCQMy204___contig_1_fragment_11	VOG11084	REFSEQ hypothetical protein
MP_BCQMy204___contig_1_fragment_11_1156	MP_BCQMy204___contig_1_fragment_11	None	hypothetical protein
MP_BCQMy204___contig_1_fragment_11_1157	MP_BCQMy204___contig_1_fragment_11	None	hypothetical protein
MP_BCQMy204___contig_1_fragment_11_1158	MP_BCQMy204___contig_1_fragment_11	None	hypothetical protein
MP_BCQMy204___contig_1_fragment_11_1159	MP_BCQMy204___contig_1_fragment_11	None	hypothetical protein
MP_BCQMy204___contig_1_fragment_11_1160	MP_BCQMy204___contig_1_fragment_11	None	hypothetical protein
MP_BCQMy204___contig_1_fragment_11_1161	MP_BCQMy204___contig_1_fragment_11	None	hypothetical protein
MP_BCQMy204___contig_1_fragment_11_1162	MP_BCQMy204___contig_1_fragment_11	None	hypothetical protein
MP_BCQMy204___contig_1_fragment_11_1163	MP_BCQMy204___contig_1_fragment_11	None	hypothetical protein
MP_BCQMy204___contig_1_fragment_11_1164	MP_BCQMy204___contig_1_fragment_11	None	hypothetical protein
MP_BCQMy204___contig_1_fragment_11_1165	MP_BCQMy204___contig_1_fragment_11	None	hypothetical protein
MP_BCQMy204___contig_1_fragment_11_1166	MP_BCQMy204___contig_1_fragment_11	None	hypothetical protein
MP_BCQMy204___contig_1_fragment_11_1167	MP_BCQMy204___contig_1_fragment_11	None	hypothetical protein
MP_BCQMy204___contig_1_fragment_11_1168	MP_BCQMy204___contig_1_fragment_11	None	hypothetical protein
MP_BCQMy204___contig_1_fragment_11_1169	MP_BCQMy204___contig_1_fragment_11	None	hypothetical protein
MP_BCQMy204___contig_1_fragment_11_1170	MP_BCQMy204___contig_1_fragment_11	None	hypothetical protein
MP_BCQMy204___contig_1_fragment_11_1171	MP_BCQMy204___contig_1_fragment_11	None	hypothetical protein
MP_BCQMy204___contig_1_fragment_11_1172	MP_BCQMy204___contig_1_fragment_11	K07741	antB; anti-repressor protein
MP_BCQMy204___contig_1_fragment_11_1173	MP_BCQMy204___contig_1_fragment_11	VOG14084	REFSEQ hypothetical protein
MP_BCQMy204___contig_1_fragment_11_1174	MP_BCQMy204___contig_1_fragment_11	None	hypothetical protein
MP_BCQMy204___contig_1_fragment_11_1175	MP_BCQMy204___contig_1_fragment_11	None	hypothetical protein
MP_BCQMy204___contig_1_fragment_11_1176	MP_BCQMy204___contig_1_fragment_11	PF01381.22	Helix-turn-helix
MP_BCQMy204___contig_1_fragment_11_1177	MP_BCQMy204___contig_1_fragment_11	VOG20253	REFSEQ hypothetical protein
MP_BCQMy204___contig_1_fragment_12_1193	MP_BCQMy204___contig_1_fragment_12	PF05382.13	Bacteriophage peptidoglycan hydrolase
MP_BCQMy204___contig_1_fragment_12_1194	MP_BCQMy204___contig_1_fragment_12	PF16938.5	Putative phage holin Dp-1
MP_BCQMy204___contig_1_fragment_12_1195	MP_BCQMy204___contig_1_fragment_12	None	hypothetical protein
MP_BCQMy204___contig_1_fragment_12_1196	MP_BCQMy204___contig_1_fragment_12	None	hypothetical protein
MP_BCQMy204___contig_1_fragment_12_1197	MP_BCQMy204___contig_1_fragment_12	None	hypothetical protein
MP_BCQMy204___contig_1_fragment_12_1198	MP_BCQMy204___contig_1_fragment_12	None	hypothetical protein
MP_BCQMy204___contig_1_fragment_12_1199	MP_BCQMy204___contig_1_fragment_12	VOG13479	REFSEQ gp067
MP_BCQMy204___contig_1_fragment_12_1200	MP_BCQMy204___contig_1_fragment_12	VOG00824	REFSEQ putative antireceptor
MP_BCQMy204___contig_1_fragment_12_1201	MP_BCQMy204___contig_1_fragment_12	VOG00097	sp|O48459|DIT_BPSPP Distal tail protein
MP_BCQMy204___contig_1_fragment_12_1202	MP_BCQMy204___contig_1_fragment_12	VOG02632	REFSEQ gp14
MP_BCQMy204___contig_1_fragment_12_1203	MP_BCQMy204___contig_1_fragment_12	VOG01394	REFSEQ hypothetical protein
MP_BCQMy204___contig_1_fragment_12_1204	MP_BCQMy204___contig_1_fragment_12	PF12363.8	"Phage tail assembly chaperone protein, TAC"
MP_BCQMy204___contig_1_fragment_12_1205	MP_BCQMy204___contig_1_fragment_12	VOG00149	sp|A9CRB8|TAIL_BPMR1 Putative tail protein
MP_BCQMy204___contig_1_fragment_12_1206	MP_BCQMy204___contig_1_fragment_12	VOG00743	sp|O48448|COMPL_BPSPP Tail completion protein gp17
MP_BCQMy204___contig_1_fragment_12_1207	MP_BCQMy204___contig_1_fragment_12	None	hypothetical protein
MP_BCQMy204___contig_1_fragment_12_1208	MP_BCQMy204___contig_1_fragment_12	None	hypothetical protein
MP_BCQMy204___contig_1_fragment_12_1209	MP_BCQMy204___contig_1_fragment_12	K22994	pelX; pectate disaccharide-lyase [EC:4.2.2.9]
MP_BCQMy204___contig_1_fragment_12_1210	MP_BCQMy204___contig_1_fragment_12	VOG00188	sp|Q03182|RINA_BPPHA Transcriptional activator rinA
MP_BCQMy204___contig_1_fragment_12_1211	MP_BCQMy204___contig_1_fragment_12	None	hypothetical protein
MP_BCQMy204___contig_1_fragment_12_1212	MP_BCQMy204___contig_1_fragment_12	None	hypothetical protein
MP_BCQMy204___contig_1_fragment_12_1213	MP_BCQMy204___contig_1_fragment_12	VOG00459	REFSEQ putative CI-like transcriptional repressor
MP_BCQMy204___contig_1_fragment_12_1214	MP_BCQMy204___contig_1_fragment_12	None	hypothetical protein
MP_BCQMy204___contig_1_fragment_12_1215	MP_BCQMy204___contig_1_fragment_12	K09022	"ridA, tdcF, RIDA; 2-iminobutanoate/2-iminopropanoate deaminase [EC:3.5.99.10]"
MP_BCQMy204___contig_1_fragment_12_1216	MP_BCQMy204___contig_1_fragment_12	K02013	ABC.FEV.A; iron complex transport system ATP-binding protein [EC:7.2.2.-]
MP_BCQMy204___contig_1_fragment_14_1431	MP_BCQMy204___contig_1_fragment_14	PF01183.20	Glycosyl hydrolases family 25
MP_BCQMy204___contig_1_fragment_14_1432	MP_BCQMy204___contig_1_fragment_14	VOG02762	REFSEQ holin
MP_BCQMy204___contig_1_fragment_14_1433	MP_BCQMy204___contig_1_fragment_14	None	hypothetical protein
MP_BCQMy204___contig_1_fragment_14_1434	MP_BCQMy204___contig_1_fragment_14	PF09693.10	Phage uncharacterised protein (Phage_XkdX)
MP_BCQMy204___contig_1_fragment_14_1435	MP_BCQMy204___contig_1_fragment_14	None	hypothetical protein
MP_BCQMy204___contig_1_fragment_14_1436	MP_BCQMy204___contig_1_fragment_14	None	hypothetical protein
MP_BCQMy204___contig_1_fragment_14_1437	MP_BCQMy204___contig_1_fragment_14	PF18667.1	Baseplate upper protein immunoglobulin like domain
MP_BCQMy204___contig_1_fragment_14_1438	MP_BCQMy204___contig_1_fragment_14	VOG21441	REFSEQ hypothetical protein
MP_BCQMy204___contig_1_fragment_14_1439	MP_BCQMy204___contig_1_fragment_14	None	hypothetical protein
MP_BCQMy204___contig_1_fragment_14_1440	MP_BCQMy204___contig_1_fragment_14	VOG03140	REFSEQ tape measure protein
MP_BCQMy204___contig_1_fragment_14_1441	MP_BCQMy204___contig_1_fragment_14	VOG01394	REFSEQ hypothetical protein
MP_BCQMy204___contig_1_fragment_14_1442	MP_BCQMy204___contig_1_fragment_14	VOG00446	REFSEQ hypothetical protein
MP_BCQMy204___contig_1_fragment_14_1443	MP_BCQMy204___contig_1_fragment_14	VOG03436	REFSEQ conserved structural protein
MP_BCQMy204___contig_1_fragment_14_1444	MP_BCQMy204___contig_1_fragment_14	VOG00149	sp|A9CRB8|TAIL_BPMR1 Putative tail protein
MP_BCQMy204___contig_1_fragment_14_1445	MP_BCQMy204___contig_1_fragment_14	VOG00743	sp|O48448|COMPL_BPSPP Tail completion protein gp17
MP_BCQMy204___contig_1_fragment_14_1446	MP_BCQMy204___contig_1_fragment_14	VOG00973	REFSEQ hypothetical protein
MP_BCQMy204___contig_1_fragment_14_1447	MP_BCQMy204___contig_1_fragment_14	None	hypothetical protein
MP_BCQMy204___contig_1_fragment_14_1448	MP_BCQMy204___contig_1_fragment_14	VOG00283	sp|Q38584|HCP15_BPSPP Head completion protein gp15
MP_BCQMy204___contig_1_fragment_14_1449	MP_BCQMy204___contig_1_fragment_14	None	hypothetical protein
MP_BCQMy204___contig_1_fragment_14_1450	MP_BCQMy204___contig_1_fragment_14	None	hypothetical protein
MP_BCQMy204___contig_1_fragment_14_1451	MP_BCQMy204___contig_1_fragment_14	VOG00686	sp|Q38442|GP7_BPSPP Minor head protein GP7
MP_BCQMy204___contig_1_fragment_14_1452	MP_BCQMy204___contig_1_fragment_14	PF05133.14	"Phage portal protein, SPP1 Gp6-like"
MP_BCQMy204___contig_1_fragment_14_1453	MP_BCQMy204___contig_1_fragment_14	K06909	xtmB; phage terminase large subunit
MP_BCQMy204___contig_1_fragment_14_1454	MP_BCQMy204___contig_1_fragment_14	K07474	xtmA; phage terminase small subunit
MP_BCQMy204___contig_1_fragment_14_1455	MP_BCQMy204___contig_1_fragment_14	None	hypothetical protein
MP_BCQMy204___contig_1_fragment_14_1456	MP_BCQMy204___contig_1_fragment_14	VOG00188	sp|Q03182|RINA_BPPHA Transcriptional activator rinA
MP_BCQMy204___contig_1_fragment_14_1457	MP_BCQMy204___contig_1_fragment_14	VOG00523	sp|Q9T1Q7|VP41_BPAPS Putative protein p41
MP_BCQMy204___contig_1_fragment_14_1458	MP_BCQMy204___contig_1_fragment_14	VOG00399	sp|Q9T1Q4|VP44_BPAPS Putative nuclease p44
MP_BCQMy204___contig_1_fragment_14_1459	MP_BCQMy204___contig_1_fragment_14	VOG00554	REFSEQ hypothetical protein
MP_BCQMy204___contig_1_fragment_14_1460	MP_BCQMy204___contig_1_fragment_14	None	hypothetical protein
MP_BCQMy204___contig_1_fragment_14_1461	MP_BCQMy204___contig_1_fragment_14	None	hypothetical protein
MP_BCQMy204___contig_1_fragment_14_1462	MP_BCQMy204___contig_1_fragment_14	None	hypothetical protein
MP_BCQMy204___contig_1_fragment_14_1463	MP_BCQMy204___contig_1_fragment_14	VOG03658	REFSEQ hypothetical protein
MP_BCQMy204___contig_1_fragment_14_1464	MP_BCQMy204___contig_1_fragment_14	None	hypothetical protein
MP_BCQMy204___contig_1_fragment_14_1465	MP_BCQMy204___contig_1_fragment_14	None	hypothetical protein
MP_BCQMy204___contig_1_fragment_14_1466	MP_BCQMy204___contig_1_fragment_14	K02334	dpo; DNA polymerase bacteriophage-type [EC:2.7.7.7]
MP_BCQMy204___contig_1_fragment_14_1467	MP_BCQMy204___contig_1_fragment_14	None	hypothetical protein
MP_BCQMy204___contig_1_fragment_14_1468	MP_BCQMy204___contig_1_fragment_14	None	hypothetical protein
MP_BCQMy204___contig_1_fragment_14_1469	MP_BCQMy204___contig_1_fragment_14	PF10991.8	Protein of unknown function (DUF2815)
MP_BCQMy204___contig_1_fragment_14_1470	MP_BCQMy204___contig_1_fragment_14	None	hypothetical protein
MP_BCQMy204___contig_1_fragment_14_1471	MP_BCQMy204___contig_1_fragment_14	PF10926.8	Protein of unknown function (DUF2800)
MP_BCQMy204___contig_1_fragment_14_1472	MP_BCQMy204___contig_1_fragment_14	None	hypothetical protein
MP_BCQMy204___contig_1_fragment_14_1473	MP_BCQMy204___contig_1_fragment_14	None	hypothetical protein
MP_BCQMy204___contig_1_fragment_14_1474	MP_BCQMy204___contig_1_fragment_14	VOG03500	REFSEQ hypothetical protein
MP_BCQMy204___contig_1_fragment_14_1475	MP_BCQMy204___contig_1_fragment_14	VOG22001	REFSEQ hypothetical protein
MP_BCQMy204___contig_1_fragment_14_1476	MP_BCQMy204___contig_1_fragment_14	VOG04233	REFSEQ hypothetical protein
MP_BCQMy204___contig_1_fragment_14_1477	MP_BCQMy204___contig_1_fragment_14	VOG17042	REFSEQ hypothetical protein
MP_BCQMy204___contig_1_fragment_14_1478	MP_BCQMy204___contig_1_fragment_14	None	hypothetical protein
MP_BCQMy204___contig_1_fragment_14_1479	MP_BCQMy204___contig_1_fragment_14	None	hypothetical protein
MP_BCQMy204___contig_1_fragment_14_1480	MP_BCQMy204___contig_1_fragment_14	VOG02771	sp|P03034|RPC1_LAMBD Repressor protein cI
MP_BCQMy204___contig_1_fragment_14_1481	MP_BCQMy204___contig_1_fragment_14	VOG00361	sp|P10426|YIM2_BPPH1 Uncharacterized immunity region protein 2
MP_BCQMy204___contig_1_fragment_14_1482	MP_BCQMy204___contig_1_fragment_14	VOG00041	sp|O10330|VLF1_NPVOP Very late expression factor 1
MP_BCQMy225___contig_1_fragment_3_287	MP_BCQMy225___contig_1_fragment_3	VOG00041	sp|O10330|VLF1_NPVOP Very late expression factor 1
MP_BCQMy225___contig_1_fragment_3_288	MP_BCQMy225___contig_1_fragment_3	VOG03321	REFSEQ hypothetical protein
MP_BCQMy225___contig_1_fragment_3_289	MP_BCQMy225___contig_1_fragment_3	VOG00361	sp|P10426|YIM2_BPPH1 Uncharacterized immunity region protein 2
MP_BCQMy225___contig_1_fragment_3_290	MP_BCQMy225___contig_1_fragment_3	VOG02771	sp|P03034|RPC1_LAMBD Repressor protein cI
MP_BCQMy225___contig_1_fragment_3_291	MP_BCQMy225___contig_1_fragment_3	None	hypothetical protein
MP_BCQMy225___contig_1_fragment_3_292	MP_BCQMy225___contig_1_fragment_3	None	hypothetical protein
MP_BCQMy225___contig_1_fragment_3_293	MP_BCQMy225___contig_1_fragment_3	None	hypothetical protein
MP_BCQMy225___contig_1_fragment_3_294	MP_BCQMy225___contig_1_fragment_3	None	hypothetical protein
MP_BCQMy225___contig_1_fragment_3_295	MP_BCQMy225___contig_1_fragment_3	None	hypothetical protein
MP_BCQMy225___contig_1_fragment_3_296	MP_BCQMy225___contig_1_fragment_3	None	hypothetical protein
MP_BCQMy225___contig_1_fragment_3_297	MP_BCQMy225___contig_1_fragment_3	None	hypothetical protein
MP_BCQMy225___contig_1_fragment_3_298	MP_BCQMy225___contig_1_fragment_3	VOG00523	sp|Q9T1Q7|VP41_BPAPS Putative protein p41
MP_BCQMy225___contig_1_fragment_3_299	MP_BCQMy225___contig_1_fragment_3	VOG00399	sp|Q9T1Q4|VP44_BPAPS Putative nuclease p44
MP_BCQMy225___contig_1_fragment_3_300	MP_BCQMy225___contig_1_fragment_3	None	hypothetical protein
MP_BCQMy225___contig_1_fragment_3_301	MP_BCQMy225___contig_1_fragment_3	PF13479.6	AAA domain
MP_BCQMy225___contig_1_fragment_3_302	MP_BCQMy225___contig_1_fragment_3	VOG03001	REFSEQ hypothetical protein
MP_BCQMy225___contig_1_fragment_3_303	MP_BCQMy225___contig_1_fragment_3	None	hypothetical protein
MP_BCQMy225___contig_1_fragment_3_304	MP_BCQMy225___contig_1_fragment_3	None	hypothetical protein
MP_BCQMy225___contig_1_fragment_3_305	MP_BCQMy225___contig_1_fragment_3	VOG00674	REFSEQ putative DNA polymerase
MP_BCQMy225___contig_1_fragment_3_306	MP_BCQMy225___contig_1_fragment_3	VOG00724	sp|P10277|PRIM_BPP4 Putative P4-specific DNA primase
MP_BCQMy225___contig_1_fragment_3_307	MP_BCQMy225___contig_1_fragment_3	VOG00188	sp|Q03182|RINA_BPPHA Transcriptional activator rinA
MP_BCQMy225___contig_1_fragment_3_308	MP_BCQMy225___contig_1_fragment_3	None	hypothetical protein
MP_BCQMy225___contig_1_fragment_3_309	MP_BCQMy225___contig_1_fragment_3	VOG00679	REFSEQ HNH endonuclease
MP_BCQMy225___contig_1_fragment_3_310	MP_BCQMy225___contig_1_fragment_3	None	hypothetical protein
MP_BCQMy225___contig_1_fragment_3_311	MP_BCQMy225___contig_1_fragment_3	PF03354.15	Phage Terminase
MP_BCQMy225___contig_1_fragment_3_312	MP_BCQMy225___contig_1_fragment_3	PF04860.12	Phage portal protein
MP_BCQMy225___contig_1_fragment_3_313	MP_BCQMy225___contig_1_fragment_3	K06904	K06904; uncharacterized protein
MP_BCQMy225___contig_1_fragment_3_314	MP_BCQMy225___contig_1_fragment_3	PF05065.13	Phage capsid family
MP_BCQMy225___contig_1_fragment_3_315	MP_BCQMy225___contig_1_fragment_3	VOG23089	REFSEQ hypothetical protein
MP_BCQMy225___contig_1_fragment_3_316	MP_BCQMy225___contig_1_fragment_3	VOG23090	REFSEQ head-tail adaptor
MP_BCQMy225___contig_1_fragment_3_317	MP_BCQMy225___contig_1_fragment_3	VOG23091	REFSEQ hypothetical protein
MP_BCQMy225___contig_1_fragment_3_318	MP_BCQMy225___contig_1_fragment_3	VOG00973	REFSEQ hypothetical protein
MP_BCQMy225___contig_1_fragment_3_319	MP_BCQMy225___contig_1_fragment_3	VOG01397	REFSEQ major tail protein
MP_BCQMy225___contig_1_fragment_3_320	MP_BCQMy225___contig_1_fragment_3	None	hypothetical protein
MP_BCQMy225___contig_1_fragment_3_321	MP_BCQMy225___contig_1_fragment_3	VOG02333	REFSEQ tail tape measure protein
MP_BCQMy225___contig_1_fragment_3_322	MP_BCQMy225___contig_1_fragment_3	None	hypothetical protein
MP_BCQMy225___contig_1_fragment_3_323	MP_BCQMy225___contig_1_fragment_3	VOG00824	REFSEQ putative antireceptor
MP_BCQMy225___contig_1_fragment_3_324	MP_BCQMy225___contig_1_fragment_3	VOG13479	REFSEQ gp067
MP_BCQMy225___contig_1_fragment_3_325	MP_BCQMy225___contig_1_fragment_3	None	hypothetical protein
MP_BCQMy225___contig_1_fragment_3_326	MP_BCQMy225___contig_1_fragment_3	None	hypothetical protein
MP_BCQMy225___contig_1_fragment_3_327	MP_BCQMy225___contig_1_fragment_3	PF10779.9	Haemolysin XhlA
MP_BCQMy225___contig_1_fragment_3_328	MP_BCQMy225___contig_1_fragment_3	PF16938.5	Putative phage holin Dp-1
MP_BCQMy225___contig_1_fragment_3_329	MP_BCQMy225___contig_1_fragment_3	PF05382.13	Bacteriophage peptidoglycan hydrolase
MP_BCQMy225___contig_1_fragment_5_447	MP_BCQMy225___contig_1_fragment_5	K06977	K06977; uncharacterized protein
MP_BCQMy225___contig_1_fragment_5_448	MP_BCQMy225___contig_1_fragment_5	None	hypothetical protein
MP_BCQMy225___contig_1_fragment_5_449	MP_BCQMy225___contig_1_fragment_5	PF08282.12	haloacid dehalogenase-like hydrolase
MP_BCQMy225___contig_1_fragment_5_450	MP_BCQMy225___contig_1_fragment_5	VOG00041	sp|O10330|VLF1_NPVOP Very late expression factor 1
MP_BCQMy225___contig_1_fragment_5_451	MP_BCQMy225___contig_1_fragment_5	None	hypothetical protein
MP_BCQMy225___contig_1_fragment_5_452	MP_BCQMy225___contig_1_fragment_5	PF07553.11	Host cell surface-exposed lipoprotein
MP_BCQMy225___contig_1_fragment_5_453	MP_BCQMy225___contig_1_fragment_5	VOG20253	REFSEQ hypothetical protein
MP_BCQMy225___contig_1_fragment_5_454	MP_BCQMy225___contig_1_fragment_5	None	hypothetical protein
MP_BCQMy225___contig_1_fragment_5_455	MP_BCQMy225___contig_1_fragment_5	VOG10124	sp|O34449|YOQD_BACSU SPBc2 prophage-derived putative antirepressor protein YoqD
MP_BCQMy225___contig_1_fragment_5_456	MP_BCQMy225___contig_1_fragment_5	None	hypothetical protein
MP_BCQMy225___contig_1_fragment_5_457	MP_BCQMy225___contig_1_fragment_5	None	hypothetical protein
MP_BCQMy225___contig_1_fragment_5_458	MP_BCQMy225___contig_1_fragment_5	K07741	antB; anti-repressor protein
MP_BCQMy225___contig_1_fragment_5_459	MP_BCQMy225___contig_1_fragment_5	None	hypothetical protein
MP_BCQMy225___contig_1_fragment_5_460	MP_BCQMy225___contig_1_fragment_5	None	hypothetical protein
MP_BCQMy225___contig_1_fragment_5_461	MP_BCQMy225___contig_1_fragment_5	None	hypothetical protein
MP_BCQMy225___contig_1_fragment_5_462	MP_BCQMy225___contig_1_fragment_5	K07741	antB; anti-repressor protein
MP_BCQMy225___contig_1_fragment_5_463	MP_BCQMy225___contig_1_fragment_5	None	hypothetical protein
MP_BCQMy225___contig_1_fragment_5_464	MP_BCQMy225___contig_1_fragment_5	None	hypothetical protein
MP_BCQMy225___contig_1_fragment_5_465	MP_BCQMy225___contig_1_fragment_5	None	hypothetical protein
MP_BCQMy225___contig_1_fragment_5_466	MP_BCQMy225___contig_1_fragment_5	None	hypothetical protein
MP_BCQMy225___contig_1_fragment_5_467	MP_BCQMy225___contig_1_fragment_5	None	hypothetical protein
MP_BCQMy225___contig_1_fragment_5_468	MP_BCQMy225___contig_1_fragment_5	None	hypothetical protein
MP_BCQMy225___contig_1_fragment_5_469	MP_BCQMy225___contig_1_fragment_5	PF03837.14	RecT family
MP_BCQMy225___contig_1_fragment_5_470	MP_BCQMy225___contig_1_fragment_5	PF12684.7	PDDEXK-like domain of unknown function (DUF3799)
MP_BCQMy225___contig_1_fragment_5_471	MP_BCQMy225___contig_1_fragment_5	PF16784.5	Putative HNHc nuclease
MP_BCQMy225___contig_1_fragment_5_472	MP_BCQMy225___contig_1_fragment_5	VOG21431	REFSEQ hypothetical protein
MP_BCQMy225___contig_1_fragment_5_473	MP_BCQMy225___contig_1_fragment_5	None	hypothetical protein
MP_BCQMy225___contig_1_fragment_5_474	MP_BCQMy225___contig_1_fragment_5	VOG00404	sp|P9WGD4|SSB_MYCTO Single-stranded DNA-binding protein
MP_BCQMy225___contig_1_fragment_5_475	MP_BCQMy225___contig_1_fragment_5	VOG01162	sp|O34055|ARPU_BPO12 Putative autolysin regulatory protein ArpU
MP_BCQMy225___contig_1_fragment_5_476	MP_BCQMy225___contig_1_fragment_5	None	hypothetical protein
MP_BCQMy225___contig_1_fragment_5_477	MP_BCQMy225___contig_1_fragment_5	VOG01156	REFSEQ hypothetical protein
MP_BCQMy225___contig_1_fragment_5_478	MP_BCQMy225___contig_1_fragment_5	None	hypothetical protein
MP_BCQMy225___contig_1_fragment_5_479	MP_BCQMy225___contig_1_fragment_5	None	hypothetical protein
MP_BCQMy225___contig_1_fragment_5_480	MP_BCQMy225___contig_1_fragment_5	VOG00962	REFSEQ hypothetical protein
MP_BCQMy225___contig_1_fragment_5_481	MP_BCQMy225___contig_1_fragment_5	VOG00687	REFSEQ terminase small subunit
MP_BCQMy225___contig_1_fragment_5_482	MP_BCQMy225___contig_1_fragment_5	VOG04497	REFSEQ putative terminase small subunit
MP_BCQMy225___contig_1_fragment_5_483	MP_BCQMy225___contig_1_fragment_5	PF04860.12	Phage portal protein
MP_BCQMy225___contig_1_fragment_5_484	MP_BCQMy225___contig_1_fragment_5	K06904	K06904; uncharacterized protein
MP_BCQMy225___contig_1_fragment_5_485	MP_BCQMy225___contig_1_fragment_5	VOG13487	REFSEQ major capsid L
MP_BCQMy225___contig_1_fragment_5_486	MP_BCQMy225___contig_1_fragment_5	VOG00181	REFSEQ hypothetical protein
MP_BCQMy225___contig_1_fragment_5_487	MP_BCQMy225___contig_1_fragment_5	VOG00066	sp|O48446|HCP16_BPSPP Head completion protein gp16
MP_BCQMy225___contig_1_fragment_5_488	MP_BCQMy225___contig_1_fragment_5	VOG03575	REFSEQ hypothetical protein
MP_BCQMy225___contig_1_fragment_5_489	MP_BCQMy225___contig_1_fragment_5	None	hypothetical protein
MP_BCQMy225___contig_1_fragment_5_490	MP_BCQMy225___contig_1_fragment_5	VOG01397	REFSEQ major tail protein
MP_BCQMy225___contig_1_fragment_5_491	MP_BCQMy225___contig_1_fragment_5	None	hypothetical protein
MP_BCQMy225___contig_1_fragment_5_492	MP_BCQMy225___contig_1_fragment_5	None	hypothetical protein
MP_BCQMy225___contig_1_fragment_5_493	MP_BCQMy225___contig_1_fragment_5	VOG04056	REFSEQ hypothetical protein
MP_BCQMy225___contig_1_fragment_5_494	MP_BCQMy225___contig_1_fragment_5	VOG01075	REFSEQ hypothetical protein
MP_BCQMy225___contig_1_fragment_5_495	MP_BCQMy225___contig_1_fragment_5	PF06605.11	Prophage endopeptidase tail
MP_BCQMy225___contig_1_fragment_5_496	MP_BCQMy225___contig_1_fragment_5	None	hypothetical protein
MP_BCQMy225___contig_1_fragment_5_497	MP_BCQMy225___contig_1_fragment_5	None	hypothetical protein
MP_BCQMy225___contig_1_fragment_5_498	MP_BCQMy225___contig_1_fragment_5	VOG18935	REFSEQ hypothetical protein
MP_BCQMy225___contig_1_fragment_5_499	MP_BCQMy225___contig_1_fragment_5	None	hypothetical protein
MP_BCQMy225___contig_1_fragment_5_500	MP_BCQMy225___contig_1_fragment_5	None	hypothetical protein
MP_BCQMy225___contig_1_fragment_5_501	MP_BCQMy225___contig_1_fragment_5	PF09693.10	Phage uncharacterised protein (Phage_XkdX)
MP_BCQMy225___contig_1_fragment_5_502	MP_BCQMy225___contig_1_fragment_5	PF10779.9	Haemolysin XhlA
MP_BCQMy225___contig_1_fragment_5_503	MP_BCQMy225___contig_1_fragment_5	PF16938.5	Putative phage holin Dp-1
MP_BCQMy225___contig_1_fragment_5_504	MP_BCQMy225___contig_1_fragment_5	K07273	acm; lysozyme
MP_BCQMy225___contig_1_fragment_5_505	MP_BCQMy225___contig_1_fragment_5	None	hypothetical protein
MP_BCQMy225___contig_1_fragment_5_506	MP_BCQMy225___contig_1_fragment_5	VOG14226	REFSEQ hypothetical protein
MP_BCQMy225___contig_1_fragment_11_1118	MP_BCQMy225___contig_1_fragment_11	VOG00041	sp|O10330|VLF1_NPVOP Very late expression factor 1
MP_BCQMy225___contig_1_fragment_11_1119	MP_BCQMy225___contig_1_fragment_11	None	hypothetical protein
MP_BCQMy225___contig_1_fragment_11_1120	MP_BCQMy225___contig_1_fragment_11	None	hypothetical protein
MP_BCQMy225___contig_1_fragment_11_1121	MP_BCQMy225___contig_1_fragment_11	None	hypothetical protein
MP_BCQMy225___contig_1_fragment_11_1122	MP_BCQMy225___contig_1_fragment_11	VOG14094	sp|A0A0H3CCP8|SOCA_CAUVN Antitoxin SocA
MP_BCQMy225___contig_1_fragment_11_1123	MP_BCQMy225___contig_1_fragment_11	K07273	acm; lysozyme
MP_BCQMy225___contig_1_fragment_11_1124	MP_BCQMy225___contig_1_fragment_11	PF16938.5	Putative phage holin Dp-1
MP_BCQMy225___contig_1_fragment_11_1125	MP_BCQMy225___contig_1_fragment_11	None	hypothetical protein
MP_BCQMy225___contig_1_fragment_11_1126	MP_BCQMy225___contig_1_fragment_11	PF09693.10	Phage uncharacterised protein (Phage_XkdX)
MP_BCQMy225___contig_1_fragment_11_1127	MP_BCQMy225___contig_1_fragment_11	None	hypothetical protein
MP_BCQMy225___contig_1_fragment_11_1128	MP_BCQMy225___contig_1_fragment_11	None	hypothetical protein
MP_BCQMy225___contig_1_fragment_11_1129	MP_BCQMy225___contig_1_fragment_11	VOG18935	REFSEQ hypothetical protein
MP_BCQMy225___contig_1_fragment_11_1130	MP_BCQMy225___contig_1_fragment_11	None	hypothetical protein
MP_BCQMy225___contig_1_fragment_11_1131	MP_BCQMy225___contig_1_fragment_11	None	hypothetical protein
MP_BCQMy225___contig_1_fragment_11_1132	MP_BCQMy225___contig_1_fragment_11	PF06605.11	Prophage endopeptidase tail
MP_BCQMy225___contig_1_fragment_11_1133	MP_BCQMy225___contig_1_fragment_11	VOG01075	REFSEQ hypothetical protein
MP_BCQMy225___contig_1_fragment_11_1134	MP_BCQMy225___contig_1_fragment_11	VOG04056	REFSEQ hypothetical protein
MP_BCQMy225___contig_1_fragment_11_1135	MP_BCQMy225___contig_1_fragment_11	None	hypothetical protein
MP_BCQMy225___contig_1_fragment_11_1136	MP_BCQMy225___contig_1_fragment_11	None	hypothetical protein
MP_BCQMy225___contig_1_fragment_11_1137	MP_BCQMy225___contig_1_fragment_11	VOG01397	REFSEQ major tail protein
MP_BCQMy225___contig_1_fragment_11_1138	MP_BCQMy225___contig_1_fragment_11	None	hypothetical protein
MP_BCQMy225___contig_1_fragment_11_1139	MP_BCQMy225___contig_1_fragment_11	VOG03575	REFSEQ hypothetical protein
MP_BCQMy225___contig_1_fragment_11_1140	MP_BCQMy225___contig_1_fragment_11	VOG00066	sp|O48446|HCP16_BPSPP Head completion protein gp16
MP_BCQMy225___contig_1_fragment_11_1141	MP_BCQMy225___contig_1_fragment_11	VOG00181	REFSEQ hypothetical protein
MP_BCQMy225___contig_1_fragment_11_1142	MP_BCQMy225___contig_1_fragment_11	VOG13487	REFSEQ major capsid L
MP_BCQMy225___contig_1_fragment_11_1143	MP_BCQMy225___contig_1_fragment_11	K06904	K06904; uncharacterized protein
MP_BCQMy225___contig_1_fragment_11_1144	MP_BCQMy225___contig_1_fragment_11	PF04860.12	Phage portal protein
MP_BCQMy225___contig_1_fragment_11_1145	MP_BCQMy225___contig_1_fragment_11	VOG04497	REFSEQ putative terminase small subunit
MP_BCQMy225___contig_1_fragment_11_1146	MP_BCQMy225___contig_1_fragment_11	VOG00687	REFSEQ terminase small subunit
MP_BCQMy225___contig_1_fragment_11_1147	MP_BCQMy225___contig_1_fragment_11	VOG00962	REFSEQ hypothetical protein
MP_BCQMy225___contig_1_fragment_11_1148	MP_BCQMy225___contig_1_fragment_11	None	hypothetical protein
MP_BCQMy225___contig_1_fragment_11_1149	MP_BCQMy225___contig_1_fragment_11	VOG00361	sp|P10426|YIM2_BPPH1 Uncharacterized immunity region protein 2
MP_BCQMy225___contig_1_fragment_11_1150	MP_BCQMy225___contig_1_fragment_11	None	hypothetical protein
MP_BCQMy225___contig_1_fragment_11_1151	MP_BCQMy225___contig_1_fragment_11	VOG01162	sp|O34055|ARPU_BPO12 Putative autolysin regulatory protein ArpU
MP_BCQMy225___contig_1_fragment_11_1152	MP_BCQMy225___contig_1_fragment_11	VOG00404	sp|P9WGD4|SSB_MYCTO Single-stranded DNA-binding protein
MP_BCQMy225___contig_1_fragment_11_1153	MP_BCQMy225___contig_1_fragment_11	None	hypothetical protein
MP_BCQMy225___contig_1_fragment_11_1154	MP_BCQMy225___contig_1_fragment_11	VOG01042	sp|P39787|DNAD_BACSU DNA replication protein DnaD
MP_BCQMy225___contig_1_fragment_11_1155	MP_BCQMy225___contig_1_fragment_11	PF16784.5	Putative HNHc nuclease
MP_BCQMy225___contig_1_fragment_11_1156	MP_BCQMy225___contig_1_fragment_11	VOG09746	sp|P04892|ERF_BPP22 Essential recombination function protein
MP_BCQMy225___contig_1_fragment_11_1157	MP_BCQMy225___contig_1_fragment_11	VOG11084	REFSEQ hypothetical protein
MP_BCQMy225___contig_1_fragment_11_1158	MP_BCQMy225___contig_1_fragment_11	None	hypothetical protein
MP_BCQMy225___contig_1_fragment_11_1159	MP_BCQMy225___contig_1_fragment_11	None	hypothetical protein
MP_BCQMy225___contig_1_fragment_11_1160	MP_BCQMy225___contig_1_fragment_11	None	hypothetical protein
MP_BCQMy225___contig_1_fragment_11_1161	MP_BCQMy225___contig_1_fragment_11	None	hypothetical protein
MP_BCQMy225___contig_1_fragment_11_1162	MP_BCQMy225___contig_1_fragment_11	None	hypothetical protein
MP_BCQMy225___contig_1_fragment_11_1163	MP_BCQMy225___contig_1_fragment_11	None	hypothetical protein
MP_BCQMy225___contig_1_fragment_11_1164	MP_BCQMy225___contig_1_fragment_11	None	hypothetical protein
MP_BCQMy225___contig_1_fragment_11_1165	MP_BCQMy225___contig_1_fragment_11	None	hypothetical protein
MP_BCQMy225___contig_1_fragment_11_1166	MP_BCQMy225___contig_1_fragment_11	None	hypothetical protein
MP_BCQMy225___contig_1_fragment_11_1167	MP_BCQMy225___contig_1_fragment_11	None	hypothetical protein
MP_BCQMy225___contig_1_fragment_11_1168	MP_BCQMy225___contig_1_fragment_11	None	hypothetical protein
MP_BCQMy225___contig_1_fragment_11_1169	MP_BCQMy225___contig_1_fragment_11	None	hypothetical protein
MP_BCQMy225___contig_1_fragment_11_1170	MP_BCQMy225___contig_1_fragment_11	None	hypothetical protein
MP_BCQMy225___contig_1_fragment_11_1171	MP_BCQMy225___contig_1_fragment_11	None	hypothetical protein
MP_BCQMy225___contig_1_fragment_11_1172	MP_BCQMy225___contig_1_fragment_11	None	hypothetical protein
MP_BCQMy225___contig_1_fragment_11_1173	MP_BCQMy225___contig_1_fragment_11	None	hypothetical protein
MP_BCQMy225___contig_1_fragment_11_1174	MP_BCQMy225___contig_1_fragment_11	K07741	antB; anti-repressor protein
MP_BCQMy225___contig_1_fragment_11_1175	MP_BCQMy225___contig_1_fragment_11	VOG14084	REFSEQ hypothetical protein
MP_BCQMy225___contig_1_fragment_11_1176	MP_BCQMy225___contig_1_fragment_11	None	hypothetical protein
MP_BCQMy225___contig_1_fragment_11_1177	MP_BCQMy225___contig_1_fragment_11	None	hypothetical protein
MP_BCQMy225___contig_1_fragment_11_1178	MP_BCQMy225___contig_1_fragment_11	PF01381.22	Helix-turn-helix
MP_BCQMy225___contig_1_fragment_11_1179	MP_BCQMy225___contig_1_fragment_11	VOG20253	REFSEQ hypothetical protein
MP_BCQMy225___contig_1_fragment_12_1195	MP_BCQMy225___contig_1_fragment_12	PF05382.13	Bacteriophage peptidoglycan hydrolase
MP_BCQMy225___contig_1_fragment_12_1196	MP_BCQMy225___contig_1_fragment_12	PF16938.5	Putative phage holin Dp-1
MP_BCQMy225___contig_1_fragment_12_1197	MP_BCQMy225___contig_1_fragment_12	None	hypothetical protein
MP_BCQMy225___contig_1_fragment_12_1198	MP_BCQMy225___contig_1_fragment_12	None	hypothetical protein
MP_BCQMy225___contig_1_fragment_12_1199	MP_BCQMy225___contig_1_fragment_12	None	hypothetical protein
MP_BCQMy225___contig_1_fragment_12_1200	MP_BCQMy225___contig_1_fragment_12	None	hypothetical protein
MP_BCQMy225___contig_1_fragment_12_1201	MP_BCQMy225___contig_1_fragment_12	VOG13479	REFSEQ gp067
MP_BCQMy225___contig_1_fragment_12_1202	MP_BCQMy225___contig_1_fragment_12	VOG00824	REFSEQ putative antireceptor
MP_BCQMy225___contig_1_fragment_12_1203	MP_BCQMy225___contig_1_fragment_12	VOG00097	sp|O48459|DIT_BPSPP Distal tail protein
MP_BCQMy225___contig_1_fragment_12_1204	MP_BCQMy225___contig_1_fragment_12	VOG02632	REFSEQ gp14
MP_BCQMy225___contig_1_fragment_12_1205	MP_BCQMy225___contig_1_fragment_12	VOG01394	REFSEQ hypothetical protein
MP_BCQMy225___contig_1_fragment_12_1206	MP_BCQMy225___contig_1_fragment_12	PF12363.8	"Phage tail assembly chaperone protein, TAC"
MP_BCQMy225___contig_1_fragment_12_1207	MP_BCQMy225___contig_1_fragment_12	VOG00149	sp|A9CRB8|TAIL_BPMR1 Putative tail protein
MP_BCQMy225___contig_1_fragment_12_1208	MP_BCQMy225___contig_1_fragment_12	VOG00743	sp|O48448|COMPL_BPSPP Tail completion protein gp17
MP_BCQMy225___contig_1_fragment_12_1209	MP_BCQMy225___contig_1_fragment_12	None	hypothetical protein
MP_BCQMy225___contig_1_fragment_12_1210	MP_BCQMy225___contig_1_fragment_12	None	hypothetical protein
MP_BCQMy225___contig_1_fragment_12_1211	MP_BCQMy225___contig_1_fragment_12	K22994	pelX; pectate disaccharide-lyase [EC:4.2.2.9]
MP_BCQMy225___contig_1_fragment_12_1212	MP_BCQMy225___contig_1_fragment_12	VOG00188	sp|Q03182|RINA_BPPHA Transcriptional activator rinA
MP_BCQMy225___contig_1_fragment_12_1213	MP_BCQMy225___contig_1_fragment_12	None	hypothetical protein
MP_BCQMy225___contig_1_fragment_12_1214	MP_BCQMy225___contig_1_fragment_12	None	hypothetical protein
MP_BCQMy225___contig_1_fragment_12_1215	MP_BCQMy225___contig_1_fragment_12	VOG00459	REFSEQ putative CI-like transcriptional repressor
MP_BCQMy225___contig_1_fragment_12_1216	MP_BCQMy225___contig_1_fragment_12	None	hypothetical protein
MP_BCQMy225___contig_1_fragment_12_1217	MP_BCQMy225___contig_1_fragment_12	K09022	"ridA, tdcF, RIDA; 2-iminobutanoate/2-iminopropanoate deaminase [EC:3.5.99.10]"
MP_BCQMy225___contig_1_fragment_12_1218	MP_BCQMy225___contig_1_fragment_12	K02013	ABC.FEV.A; iron complex transport system ATP-binding protein [EC:7.2.2.-]
MP_BCQMy225___contig_1_fragment_14_1433	MP_BCQMy225___contig_1_fragment_14	PF01183.20	Glycosyl hydrolases family 25
MP_BCQMy225___contig_1_fragment_14_1434	MP_BCQMy225___contig_1_fragment_14	VOG02762	REFSEQ holin
MP_BCQMy225___contig_1_fragment_14_1435	MP_BCQMy225___contig_1_fragment_14	None	hypothetical protein
MP_BCQMy225___contig_1_fragment_14_1436	MP_BCQMy225___contig_1_fragment_14	PF09693.10	Phage uncharacterised protein (Phage_XkdX)
MP_BCQMy225___contig_1_fragment_14_1437	MP_BCQMy225___contig_1_fragment_14	None	hypothetical protein
MP_BCQMy225___contig_1_fragment_14_1438	MP_BCQMy225___contig_1_fragment_14	None	hypothetical protein
MP_BCQMy225___contig_1_fragment_14_1439	MP_BCQMy225___contig_1_fragment_14	PF18667.1	Baseplate upper protein immunoglobulin like domain
MP_BCQMy225___contig_1_fragment_14_1440	MP_BCQMy225___contig_1_fragment_14	VOG21441	REFSEQ hypothetical protein
MP_BCQMy225___contig_1_fragment_14_1441	MP_BCQMy225___contig_1_fragment_14	None	hypothetical protein
MP_BCQMy225___contig_1_fragment_14_1442	MP_BCQMy225___contig_1_fragment_14	VOG03140	REFSEQ tape measure protein
MP_BCQMy225___contig_1_fragment_14_1443	MP_BCQMy225___contig_1_fragment_14	VOG01394	REFSEQ hypothetical protein
MP_BCQMy225___contig_1_fragment_14_1444	MP_BCQMy225___contig_1_fragment_14	VOG00446	REFSEQ hypothetical protein
MP_BCQMy225___contig_1_fragment_14_1445	MP_BCQMy225___contig_1_fragment_14	VOG03436	REFSEQ conserved structural protein
MP_BCQMy225___contig_1_fragment_14_1446	MP_BCQMy225___contig_1_fragment_14	VOG00149	sp|A9CRB8|TAIL_BPMR1 Putative tail protein
MP_BCQMy225___contig_1_fragment_14_1447	MP_BCQMy225___contig_1_fragment_14	VOG00743	sp|O48448|COMPL_BPSPP Tail completion protein gp17
MP_BCQMy225___contig_1_fragment_14_1448	MP_BCQMy225___contig_1_fragment_14	VOG00973	REFSEQ hypothetical protein
MP_BCQMy225___contig_1_fragment_14_1449	MP_BCQMy225___contig_1_fragment_14	None	hypothetical protein
MP_BCQMy225___contig_1_fragment_14_1450	MP_BCQMy225___contig_1_fragment_14	VOG00283	sp|Q38584|HCP15_BPSPP Head completion protein gp15
MP_BCQMy225___contig_1_fragment_14_1451	MP_BCQMy225___contig_1_fragment_14	None	hypothetical protein
MP_BCQMy225___contig_1_fragment_14_1452	MP_BCQMy225___contig_1_fragment_14	None	hypothetical protein
MP_BCQMy225___contig_1_fragment_14_1453	MP_BCQMy225___contig_1_fragment_14	VOG00686	sp|Q38442|GP7_BPSPP Minor head protein GP7
MP_BCQMy225___contig_1_fragment_14_1454	MP_BCQMy225___contig_1_fragment_14	PF05133.14	"Phage portal protein, SPP1 Gp6-like"
MP_BCQMy225___contig_1_fragment_14_1455	MP_BCQMy225___contig_1_fragment_14	K06909	xtmB; phage terminase large subunit
MP_BCQMy225___contig_1_fragment_14_1456	MP_BCQMy225___contig_1_fragment_14	K07474	xtmA; phage terminase small subunit
MP_BCQMy225___contig_1_fragment_14_1457	MP_BCQMy225___contig_1_fragment_14	VOG04514	REFSEQ hypothetical protein
MP_BCQMy225___contig_1_fragment_14_1458	MP_BCQMy225___contig_1_fragment_14	VOG17047	REFSEQ hypothetical protein
MP_BCQMy225___contig_1_fragment_14_1459	MP_BCQMy225___contig_1_fragment_14	PF05866.11	Endodeoxyribonuclease RusA
MP_BCQMy225___contig_1_fragment_14_1460	MP_BCQMy225___contig_1_fragment_14	None	hypothetical protein
MP_BCQMy225___contig_1_fragment_14_1461	MP_BCQMy225___contig_1_fragment_14	VOG17046	REFSEQ DNA primase
MP_BCQMy225___contig_1_fragment_14_1462	MP_BCQMy225___contig_1_fragment_14	None	hypothetical protein
MP_BCQMy225___contig_1_fragment_14_1463	MP_BCQMy225___contig_1_fragment_14	None	hypothetical protein
MP_BCQMy225___contig_1_fragment_14_1464	MP_BCQMy225___contig_1_fragment_14	VOG02949	REFSEQ hypothetical protein
MP_BCQMy225___contig_1_fragment_14_1465	MP_BCQMy225___contig_1_fragment_14	VOG10295	REFSEQ hypothetical protein
MP_BCQMy225___contig_1_fragment_14_1466	MP_BCQMy225___contig_1_fragment_14	VOG10294	REFSEQ hypothetical protein
MP_BCQMy225___contig_1_fragment_14_1467	MP_BCQMy225___contig_1_fragment_14	VOG17043	REFSEQ hypothetical protein
MP_BCQMy225___contig_1_fragment_14_1468	MP_BCQMy225___contig_1_fragment_14	PF13479.6	AAA domain
MP_BCQMy225___contig_1_fragment_14_1469	MP_BCQMy225___contig_1_fragment_14	VOG00461	REFSEQ hypothetical protein
MP_BCQMy225___contig_1_fragment_14_1470	MP_BCQMy225___contig_1_fragment_14	VOG00194	sp|P07719|V17_BPT3 Gene 1.7 protein
MP_BCQMy225___contig_1_fragment_14_1471	MP_BCQMy225___contig_1_fragment_14	VOG04466	REFSEQ hypothetical protein
MP_BCQMy225___contig_1_fragment_14_1472	MP_BCQMy225___contig_1_fragment_14	None	hypothetical protein
MP_BCQMy225___contig_1_fragment_14_1473	MP_BCQMy225___contig_1_fragment_14	VOG04233	REFSEQ hypothetical protein
MP_BCQMy225___contig_1_fragment_14_1474	MP_BCQMy225___contig_1_fragment_14	VOG17042	REFSEQ hypothetical protein
MP_BCQMy225___contig_1_fragment_14_1475	MP_BCQMy225___contig_1_fragment_14	None	hypothetical protein
MP_BCQMy225___contig_1_fragment_14_1476	MP_BCQMy225___contig_1_fragment_14	None	hypothetical protein
MP_BCQMy225___contig_1_fragment_14_1477	MP_BCQMy225___contig_1_fragment_14	VOG02771	sp|P03034|RPC1_LAMBD Repressor protein cI
MP_BCQMy225___contig_1_fragment_14_1478	MP_BCQMy225___contig_1_fragment_14	VOG00361	sp|P10426|YIM2_BPPH1 Uncharacterized immunity region protein 2
MP_BCQMy225___contig_1_fragment_14_1479	MP_BCQMy225___contig_1_fragment_14	VOG00041	sp|O10330|VLF1_NPVOP Very late expression factor 1
GCA_001047525___contig_5_fragment_1_12	GCA_001047525___contig_5_fragment_1	VOG14094	sp|A0A0H3CCP8|SOCA_CAUVN Antitoxin SocA
GCA_001047525___contig_5_fragment_1_13	GCA_001047525___contig_5_fragment_1	PF10097.9	Predicted membrane protein (DUF2335)
GCA_001047525___contig_5_fragment_1_14	GCA_001047525___contig_5_fragment_1	None	hypothetical protein
GCA_001047525___contig_5_fragment_1_15	GCA_001047525___contig_5_fragment_1	None	hypothetical protein
GCA_001047525___contig_5_fragment_1_16	GCA_001047525___contig_5_fragment_1	None	hypothetical protein
GCA_001047525___contig_5_fragment_1_17	GCA_001047525___contig_5_fragment_1	K07273	acm; lysozyme
GCA_001047525___contig_5_fragment_1_18	GCA_001047525___contig_5_fragment_1	PF16938.5	Putative phage holin Dp-1
GCA_001047525___contig_5_fragment_1_19	GCA_001047525___contig_5_fragment_1	None	hypothetical protein
GCA_001047525___contig_5_fragment_1_20	GCA_001047525___contig_5_fragment_1	PF09693.10	Phage uncharacterised protein (Phage_XkdX)
GCA_001047525___contig_5_fragment_1_21	GCA_001047525___contig_5_fragment_1	None	hypothetical protein
GCA_001047525___contig_5_fragment_1_22	GCA_001047525___contig_5_fragment_1	None	hypothetical protein
GCA_001047525___contig_5_fragment_1_23	GCA_001047525___contig_5_fragment_1	VOG18935	REFSEQ hypothetical protein
GCA_001047525___contig_5_fragment_1_24	GCA_001047525___contig_5_fragment_1	None	hypothetical protein
GCA_001047525___contig_5_fragment_1_25	GCA_001047525___contig_5_fragment_1	None	hypothetical protein
GCA_001047525___contig_5_fragment_1_26	GCA_001047525___contig_5_fragment_1	PF06605.11	Prophage endopeptidase tail
GCA_001047525___contig_5_fragment_1_27	GCA_001047525___contig_5_fragment_1	VOG01075	REFSEQ hypothetical protein
GCA_001047525___contig_5_fragment_1_28	GCA_001047525___contig_5_fragment_1	VOG04056	REFSEQ hypothetical protein
GCA_001047525___contig_5_fragment_1_29	GCA_001047525___contig_5_fragment_1	VOG21220	REFSEQ phage tape measure protein
GCA_001047525___contig_5_fragment_1_30	GCA_001047525___contig_5_fragment_1	None	hypothetical protein
GCA_001047525___contig_5_fragment_1_31	GCA_001047525___contig_5_fragment_1	None	hypothetical protein
GCA_001047525___contig_5_fragment_1_32	GCA_001047525___contig_5_fragment_1	None	hypothetical protein
GCA_001047525___contig_5_fragment_1_33	GCA_001047525___contig_5_fragment_1	VOG01397	REFSEQ major tail protein
GCA_001047525___contig_5_fragment_1_34	GCA_001047525___contig_5_fragment_1	None	hypothetical protein
GCA_001047525___contig_5_fragment_1_35	GCA_001047525___contig_5_fragment_1	VOG03575	REFSEQ hypothetical protein
GCA_001047525___contig_5_fragment_1_36	GCA_001047525___contig_5_fragment_1	None	hypothetical protein
GCA_001047525___contig_5_fragment_1_37	GCA_001047525___contig_5_fragment_1	VOG00181	REFSEQ hypothetical protein
GCA_001047525___contig_5_fragment_1_38	GCA_001047525___contig_5_fragment_1	VOG13487	REFSEQ major capsid L
GCA_001047525___contig_5_fragment_1_39	GCA_001047525___contig_5_fragment_1	K06904	K06904; uncharacterized protein
GCA_001047525___contig_5_fragment_1_40	GCA_001047525___contig_5_fragment_1	PF04860.12	Phage portal protein
GCA_001047525___contig_5_fragment_1_41	GCA_001047525___contig_5_fragment_1	PF03354.15	Phage Terminase
GCA_001047525___contig_5_fragment_1_42	GCA_001047525___contig_5_fragment_1	VOG04497	REFSEQ putative terminase small subunit
GCA_001047525___contig_5_fragment_1_43	GCA_001047525___contig_5_fragment_1	VOG00687	REFSEQ terminase small subunit
GCA_001047525___contig_5_fragment_1_44	GCA_001047525___contig_5_fragment_1	VOG00962	REFSEQ hypothetical protein
GCA_001047525___contig_5_fragment_1_45	GCA_001047525___contig_5_fragment_1	None	hypothetical protein
GCA_001047525___contig_5_fragment_1_46	GCA_001047525___contig_5_fragment_1	None	hypothetical protein
GCA_001047525___contig_5_fragment_1_47	GCA_001047525___contig_5_fragment_1	None	hypothetical protein
GCA_001047525___contig_5_fragment_1_48	GCA_001047525___contig_5_fragment_1	VOG00188	sp|Q03182|RINA_BPPHA Transcriptional activator rinA
GCA_001047525___contig_5_fragment_1_49	GCA_001047525___contig_5_fragment_1	VOG00065	sp|Q38441|YOR5_BPSPP Uncharacterized 10.3 kDa protein in GP2-GP6 intergenic region
GCA_001047525___contig_5_fragment_1_50	GCA_001047525___contig_5_fragment_1	None	hypothetical protein
GCA_001047525___contig_5_fragment_1_51	GCA_001047525___contig_5_fragment_1	None	hypothetical protein
GCA_001047525___contig_5_fragment_1_52	GCA_001047525___contig_5_fragment_1	PF05866.11	Endodeoxyribonuclease RusA
GCA_001047525___contig_5_fragment_1_53	GCA_001047525___contig_5_fragment_1	VOG00404	sp|P9WGD4|SSB_MYCTO Single-stranded DNA-binding protein
GCA_001047525___contig_5_fragment_1_54	GCA_001047525___contig_5_fragment_1	None	hypothetical protein
GCA_001047525___contig_5_fragment_1_55	GCA_001047525___contig_5_fragment_1	VOG21431	REFSEQ hypothetical protein
GCA_001047525___contig_5_fragment_1_56	GCA_001047525___contig_5_fragment_1	PF16784.5	Putative HNHc nuclease
GCA_001047525___contig_5_fragment_1_57	GCA_001047525___contig_5_fragment_1	PF04404.12	ERF superfamily
GCA_001047525___contig_5_fragment_1_58	GCA_001047525___contig_5_fragment_1	VOG11084	REFSEQ hypothetical protein
GCA_001047525___contig_5_fragment_1_59	GCA_001047525___contig_5_fragment_1	None	hypothetical protein
GCA_001047525___contig_5_fragment_1_60	GCA_001047525___contig_5_fragment_1	None	hypothetical protein
GCA_001047525___contig_5_fragment_1_61	GCA_001047525___contig_5_fragment_1	None	hypothetical protein
GCA_001047525___contig_5_fragment_1_62	GCA_001047525___contig_5_fragment_1	None	hypothetical protein
GCA_001047525___contig_5_fragment_1_63	GCA_001047525___contig_5_fragment_1	None	hypothetical protein
GCA_001047525___contig_5_fragment_1_64	GCA_001047525___contig_5_fragment_1	None	hypothetical protein
GCA_001047525___contig_5_fragment_1_65	GCA_001047525___contig_5_fragment_1	None	hypothetical protein
GCA_001047525___contig_5_fragment_1_66	GCA_001047525___contig_5_fragment_1	K07741	antB; anti-repressor protein
GCA_001047525___contig_5_fragment_1_67	GCA_001047525___contig_5_fragment_1	VOG14084	REFSEQ hypothetical protein
GCA_001047525___contig_5_fragment_1_68	GCA_001047525___contig_5_fragment_1	None	hypothetical protein
GCA_001047525___contig_5_fragment_1_69	GCA_001047525___contig_5_fragment_1	None	hypothetical protein
GCA_001047525___contig_5_fragment_1_70	GCA_001047525___contig_5_fragment_1	None	hypothetical protein
GCA_001047525___contig_5_fragment_1_71	GCA_001047525___contig_5_fragment_1	VOG10124	sp|O34449|YOQD_BACSU SPBc2 prophage-derived putative antirepressor protein YoqD
GCA_001047525___contig_5_fragment_1_72	GCA_001047525___contig_5_fragment_1	None	hypothetical protein
GCA_001047525___contig_5_fragment_1_73	GCA_001047525___contig_5_fragment_1	VOG20253	REFSEQ hypothetical protein
GCA_001047525___contig_5_fragment_1_74	GCA_001047525___contig_5_fragment_1	None	hypothetical protein
GCA_001047525___contig_5_fragment_1_75	GCA_001047525___contig_5_fragment_1	None	hypothetical protein
GCA_001047525___contig_5_fragment_1_76	GCA_001047525___contig_5_fragment_1	PF09669.10	Phage regulatory protein Rha (Phage_pRha)
GCA_001047525___contig_5_fragment_1_77	GCA_001047525___contig_5_fragment_1	None	hypothetical protein
GCA_001047525___contig_5_fragment_1_78	GCA_001047525___contig_5_fragment_1	None	hypothetical protein
GCA_001047525___contig_5_fragment_1_79	GCA_001047525___contig_5_fragment_1	K22300	"dicA; HTH-type transcriptional regulator, cell division transcriptional repressor"
GCA_001047525___contig_5_fragment_1_80	GCA_001047525___contig_5_fragment_1	VOG00041	sp|O10330|VLF1_NPVOP Very late expression factor 1
GCA_001047525___contig_5_fragment_1_81	GCA_001047525___contig_5_fragment_1	K02003	ABC.CD.A; putative ABC transport system ATP-binding protein
GCA_001047515___contig_15_fragment_2_33	GCA_001047515___contig_15_fragment_2	K02013	ABC.FEV.A; iron complex transport system ATP-binding protein [EC:7.2.2.-]
GCA_001047515___contig_15_fragment_2_34	GCA_001047515___contig_15_fragment_2	K09022	"ridA, tdcF, RIDA; 2-iminobutanoate/2-iminopropanoate deaminase [EC:3.5.99.10]"
GCA_001047515___contig_15_fragment_2_35	GCA_001047515___contig_15_fragment_2	None	hypothetical protein
GCA_001047515___contig_15_fragment_2_36	GCA_001047515___contig_15_fragment_2	VOG00459	REFSEQ putative CI-like transcriptional repressor
GCA_001047515___contig_15_fragment_2_37	GCA_001047515___contig_15_fragment_2	None	hypothetical protein
GCA_001047515___contig_15_fragment_2_38	GCA_001047515___contig_15_fragment_2	None	hypothetical protein
GCA_001047515___contig_15_fragment_2_39	GCA_001047515___contig_15_fragment_2	None	hypothetical protein
GCA_001047515___contig_15_fragment_2_40	GCA_001047515___contig_15_fragment_2	VOG00188	sp|Q03182|RINA_BPPHA Transcriptional activator rinA
GCA_001047515___contig_15_fragment_2_41	GCA_001047515___contig_15_fragment_2	K22994	pelX; pectate disaccharide-lyase [EC:4.2.2.9]
GCA_001047515___contig_15_fragment_2_42	GCA_001047515___contig_15_fragment_2	None	hypothetical protein
GCA_001047515___contig_15_fragment_2_43	GCA_001047515___contig_15_fragment_2	None	hypothetical protein
GCA_001047515___contig_15_fragment_2_44	GCA_001047515___contig_15_fragment_2	VOG00743	sp|O48448|COMPL_BPSPP Tail completion protein gp17
GCA_001047515___contig_15_fragment_2_45	GCA_001047515___contig_15_fragment_2	VOG00149	sp|A9CRB8|TAIL_BPMR1 Putative tail protein
GCA_001047515___contig_15_fragment_2_46	GCA_001047515___contig_15_fragment_2	PF12363.8	"Phage tail assembly chaperone protein, TAC"
GCA_001047515___contig_15_fragment_2_47	GCA_001047515___contig_15_fragment_2	VOG01394	REFSEQ hypothetical protein
GCA_001047515___contig_15_fragment_2_48	GCA_001047515___contig_15_fragment_2	VOG02632	REFSEQ gp14
GCA_001047515___contig_15_fragment_2_49	GCA_001047515___contig_15_fragment_2	VOG00097	sp|O48459|DIT_BPSPP Distal tail protein
GCA_001047515___contig_15_fragment_2_50	GCA_001047515___contig_15_fragment_2	VOG00824	REFSEQ putative antireceptor
GCA_001047515___contig_15_fragment_2_51	GCA_001047515___contig_15_fragment_2	VOG21997	REFSEQ hypothetical protein
GCA_001047515___contig_15_fragment_2_52	GCA_001047515___contig_15_fragment_2	VOG13479	REFSEQ gp067
GCA_001047515___contig_15_fragment_2_53	GCA_001047515___contig_15_fragment_2	None	hypothetical protein
GCA_001047515___contig_15_fragment_2_54	GCA_001047515___contig_15_fragment_2	None	hypothetical protein
GCA_001047515___contig_15_fragment_2_55	GCA_001047515___contig_15_fragment_2	None	hypothetical protein
GCA_001047515___contig_15_fragment_2_56	GCA_001047515___contig_15_fragment_2	None	hypothetical protein
GCA_001047515___contig_15_fragment_2_57	GCA_001047515___contig_15_fragment_2	None	hypothetical protein
GCA_001047515___contig_15_fragment_2_58	GCA_001047515___contig_15_fragment_2	PF16938.5	Putative phage holin Dp-1
GCA_001047515___contig_15_fragment_2_59	GCA_001047515___contig_15_fragment_2	PF05382.13	Bacteriophage peptidoglycan hydrolase
GCA_001047515___contig_15_fragment_3_74	GCA_001047515___contig_15_fragment_3	K06400	spoIVCA; site-specific DNA recombinase
GCA_001047515___contig_15_fragment_3_75	GCA_001047515___contig_15_fragment_3	None	hypothetical protein
GCA_001047515___contig_15_fragment_3_76	GCA_001047515___contig_15_fragment_3	K06400	spoIVCA; site-specific DNA recombinase
GCA_001047515___contig_15_fragment_3_77	GCA_001047515___contig_15_fragment_3	K06400	spoIVCA; site-specific DNA recombinase
GCA_001047515___contig_15_fragment_3_78	GCA_001047515___contig_15_fragment_3	VOG18091	REFSEQ hypothetical protein
GCA_001047515___contig_15_fragment_3_79	GCA_001047515___contig_15_fragment_3	VOG01271	sp|O31942|YONS_BACSU SPBc2 prophage-derived uncharacterized lipoprotein YonS
GCA_001047515___contig_15_fragment_3_80	GCA_001047515___contig_15_fragment_3	VOG02771	sp|P03034|RPC1_LAMBD Repressor protein cI
GCA_001047515___contig_15_fragment_3_81	GCA_001047515___contig_15_fragment_3	K07729	K07729; putative transcriptional regulator
GCA_001047515___contig_15_fragment_3_82	GCA_001047515___contig_15_fragment_3	VOG10124	sp|O34449|YOQD_BACSU SPBc2 prophage-derived putative antirepressor protein YoqD
GCA_001047515___contig_15_fragment_3_83	GCA_001047515___contig_15_fragment_3	None	hypothetical protein
GCA_001047515___contig_15_fragment_3_84	GCA_001047515___contig_15_fragment_3	None	hypothetical protein
GCA_001047515___contig_15_fragment_3_85	GCA_001047515___contig_15_fragment_3	None	hypothetical protein
GCA_001047515___contig_15_fragment_3_86	GCA_001047515___contig_15_fragment_3	None	hypothetical protein
GCA_001047515___contig_15_fragment_3_87	GCA_001047515___contig_15_fragment_3	PF03837.14	RecT family
GCA_001047515___contig_15_fragment_3_88	GCA_001047515___contig_15_fragment_3	PF12684.7	PDDEXK-like domain of unknown function (DUF3799)
GCA_001047515___contig_15_fragment_3_89	GCA_001047515___contig_15_fragment_3	PF16784.5	Putative HNHc nuclease
GCA_001047515___contig_15_fragment_3_90	GCA_001047515___contig_15_fragment_3	PF09681.10	N-terminal phage replisome organiser (Phage_rep_org_N)
GCA_001047515___contig_15_fragment_3_91	GCA_001047515___contig_15_fragment_3	None	hypothetical protein
GCA_001047515___contig_15_fragment_3_92	GCA_001047515___contig_15_fragment_3	VOG00404	sp|P9WGD4|SSB_MYCTO Single-stranded DNA-binding protein
GCA_001047515___contig_15_fragment_3_93	GCA_001047515___contig_15_fragment_3	VOG00404	sp|P9WGD4|SSB_MYCTO Single-stranded DNA-binding protein
GCA_001047515___contig_15_fragment_3_94	GCA_001047515___contig_15_fragment_3	PF05866.11	Endodeoxyribonuclease RusA
GCA_001047515___contig_15_fragment_3_95	GCA_001047515___contig_15_fragment_3	VOG10294	REFSEQ hypothetical protein
GCA_001047515___contig_15_fragment_3_96	GCA_001047515___contig_15_fragment_3	VOG10295	REFSEQ hypothetical protein
GCA_001047515___contig_15_fragment_3_97	GCA_001047515___contig_15_fragment_3	None	hypothetical protein
GCA_001047515___contig_15_fragment_3_98	GCA_001047515___contig_15_fragment_3	None	hypothetical protein
GCA_001047515___contig_15_fragment_3_99	GCA_001047515___contig_15_fragment_3	VOG00065	sp|Q38441|YOR5_BPSPP Uncharacterized 10.3 kDa protein in GP2-GP6 intergenic region
GCA_001047515___contig_15_fragment_3_100	GCA_001047515___contig_15_fragment_3	VOG00188	sp|Q03182|RINA_BPPHA Transcriptional activator rinA
GCA_001047515___contig_15_fragment_3_101	GCA_001047515___contig_15_fragment_3	None	hypothetical protein
GCA_001047515___contig_15_fragment_3_102	GCA_001047515___contig_15_fragment_3	K07474	xtmA; phage terminase small subunit
GCA_001047515___contig_15_fragment_3_103	GCA_001047515___contig_15_fragment_3	K06909	xtmB; phage terminase large subunit
GCA_001047515___contig_15_fragment_3_104	GCA_001047515___contig_15_fragment_3	K06909	xtmB; phage terminase large subunit
GCA_001047515___contig_15_fragment_3_105	GCA_001047515___contig_15_fragment_3	PF17288.2	Terminase RNAseH like domain
GCA_001047515___contig_15_fragment_3_106	GCA_001047515___contig_15_fragment_3	VOG00639	REFSEQ portal protein
GCA_001047515___contig_15_fragment_3_107	GCA_001047515___contig_15_fragment_3	VOG01829	sp|Q04765|VSP1_BPLLH Structural protein
GCA_001047515___contig_15_fragment_3_108	GCA_001047515___contig_15_fragment_3	VOG01829	sp|Q04765|VSP1_BPLLH Structural protein
GCA_001047515___contig_15_fragment_3_109	GCA_001047515___contig_15_fragment_3	PF06810.11	Phage minor structural protein GP20
GCA_001047515___contig_15_fragment_3_110	GCA_001047515___contig_15_fragment_3	None	hypothetical protein
GCA_001047515___contig_15_fragment_3_111	GCA_001047515___contig_15_fragment_3	VOG00241	sp|P19727|CAPSB_BPT7 Minor capsid protein
GCA_001047515___contig_15_fragment_3_112	GCA_001047515___contig_15_fragment_3	None	hypothetical protein
GCA_001047515___contig_15_fragment_3_113	GCA_001047515___contig_15_fragment_3	VOG00918	sp|Q04768|YG34_BPLLH Uncharacterized protein ORF4
GCA_001047515___contig_15_fragment_3_114	GCA_001047515___contig_15_fragment_3	VOG04818	sp|Q04769|YG35_BPLLH Uncharacterized protein ORF5
GCA_001047515___contig_15_fragment_3_115	GCA_001047515___contig_15_fragment_3	PF11114.8	Minor capsid protein
GCA_001047515___contig_15_fragment_3_116	GCA_001047515___contig_15_fragment_3	VOG00870	REFSEQ hypothetical protein
GCA_001047515___contig_15_fragment_3_117	GCA_001047515___contig_15_fragment_3	VOG01483	REFSEQ major tail protein
GCA_001047515___contig_15_fragment_3_118	GCA_001047515___contig_15_fragment_3	None	hypothetical protein
GCA_001047515___contig_15_fragment_3_119	GCA_001047515___contig_15_fragment_3	None	hypothetical protein
GCA_001047515___contig_15_fragment_3_120	GCA_001047515___contig_15_fragment_3	None	hypothetical protein
GCA_001047515___contig_15_fragment_3_121	GCA_001047515___contig_15_fragment_3	VOG10276	REFSEQ hypothetical protein
GCA_001047515___contig_15_fragment_3_122	GCA_001047515___contig_15_fragment_3	VOG21220	REFSEQ phage tape measure protein
GCA_001047515___contig_15_fragment_3_123	GCA_001047515___contig_15_fragment_3	VOG00183	REFSEQ hypothetical protein
GCA_001047515___contig_15_fragment_3_124	GCA_001047515___contig_15_fragment_3	VOG01075	REFSEQ hypothetical protein
GCA_001047515___contig_15_fragment_3_125	GCA_001047515___contig_15_fragment_3	VOG00452	REFSEQ hypothetical protein
GCA_001047515___contig_15_fragment_3_126	GCA_001047515___contig_15_fragment_3	None	hypothetical protein
GCA_001047515___contig_15_fragment_3_127	GCA_001047515___contig_15_fragment_3	VOG18935	REFSEQ hypothetical protein
GCA_001047515___contig_15_fragment_3_128	GCA_001047515___contig_15_fragment_3	None	hypothetical protein
GCA_001047515___contig_15_fragment_3_129	GCA_001047515___contig_15_fragment_3	None	hypothetical protein
GCA_001047515___contig_15_fragment_3_130	GCA_001047515___contig_15_fragment_3	PF09693.10	Phage uncharacterised protein (Phage_XkdX)
GCA_001047515___contig_15_fragment_3_131	GCA_001047515___contig_15_fragment_3	PF10779.9	Haemolysin XhlA
GCA_001047515___contig_15_fragment_3_132	GCA_001047515___contig_15_fragment_3	PF16938.5	Putative phage holin Dp-1
GCA_001047515___contig_15_fragment_3_133	GCA_001047515___contig_15_fragment_3	PF05382.13	Bacteriophage peptidoglycan hydrolase
GCA_001047515___contig_15_fragment_3_134	GCA_001047515___contig_15_fragment_3	VOG14094	sp|A0A0H3CCP8|SOCA_CAUVN Antitoxin SocA
GCA_000747585___contig_1_fragment_8_1078	GCA_000747585___contig_1_fragment_8	VOG14094	sp|A0A0H3CCP8|SOCA_CAUVN Antitoxin SocA
GCA_000747585___contig_1_fragment_8_1079	GCA_000747585___contig_1_fragment_8	PF10097.9	Predicted membrane protein (DUF2335)
GCA_000747585___contig_1_fragment_8_1080	GCA_000747585___contig_1_fragment_8	None	hypothetical protein
GCA_000747585___contig_1_fragment_8_1081	GCA_000747585___contig_1_fragment_8	None	hypothetical protein
GCA_000747585___contig_1_fragment_8_1082	GCA_000747585___contig_1_fragment_8	None	hypothetical protein
GCA_000747585___contig_1_fragment_8_1083	GCA_000747585___contig_1_fragment_8	K07273	acm; lysozyme
GCA_000747585___contig_1_fragment_8_1084	GCA_000747585___contig_1_fragment_8	PF16938.5	Putative phage holin Dp-1
GCA_000747585___contig_1_fragment_8_1085	GCA_000747585___contig_1_fragment_8	None	hypothetical protein
GCA_000747585___contig_1_fragment_8_1086	GCA_000747585___contig_1_fragment_8	PF09693.10	Phage uncharacterised protein (Phage_XkdX)
GCA_000747585___contig_1_fragment_8_1087	GCA_000747585___contig_1_fragment_8	None	hypothetical protein
GCA_000747585___contig_1_fragment_8_1088	GCA_000747585___contig_1_fragment_8	None	hypothetical protein
GCA_000747585___contig_1_fragment_8_1089	GCA_000747585___contig_1_fragment_8	VOG18935	REFSEQ hypothetical protein
GCA_000747585___contig_1_fragment_8_1090	GCA_000747585___contig_1_fragment_8	None	hypothetical protein
GCA_000747585___contig_1_fragment_8_1091	GCA_000747585___contig_1_fragment_8	None	hypothetical protein
GCA_000747585___contig_1_fragment_8_1092	GCA_000747585___contig_1_fragment_8	PF06605.11	Prophage endopeptidase tail
GCA_000747585___contig_1_fragment_8_1093	GCA_000747585___contig_1_fragment_8	VOG01075	REFSEQ hypothetical protein
GCA_000747585___contig_1_fragment_8_1094	GCA_000747585___contig_1_fragment_8	VOG04056	REFSEQ hypothetical protein
GCA_000747585___contig_1_fragment_8_1095	GCA_000747585___contig_1_fragment_8	VOG21220	REFSEQ phage tape measure protein
GCA_000747585___contig_1_fragment_8_1096	GCA_000747585___contig_1_fragment_8	None	hypothetical protein
GCA_000747585___contig_1_fragment_8_1097	GCA_000747585___contig_1_fragment_8	None	hypothetical protein
GCA_000747585___contig_1_fragment_8_1098	GCA_000747585___contig_1_fragment_8	None	hypothetical protein
GCA_000747585___contig_1_fragment_8_1099	GCA_000747585___contig_1_fragment_8	VOG01397	REFSEQ major tail protein
GCA_000747585___contig_1_fragment_8_1100	GCA_000747585___contig_1_fragment_8	None	hypothetical protein
GCA_000747585___contig_1_fragment_8_1101	GCA_000747585___contig_1_fragment_8	VOG03575	REFSEQ hypothetical protein
GCA_000747585___contig_1_fragment_8_1102	GCA_000747585___contig_1_fragment_8	None	hypothetical protein
GCA_000747585___contig_1_fragment_8_1103	GCA_000747585___contig_1_fragment_8	VOG00181	REFSEQ hypothetical protein
GCA_000747585___contig_1_fragment_8_1104	GCA_000747585___contig_1_fragment_8	VOG13487	REFSEQ major capsid L
GCA_000747585___contig_1_fragment_8_1105	GCA_000747585___contig_1_fragment_8	K06904	K06904; uncharacterized protein
GCA_000747585___contig_1_fragment_8_1106	GCA_000747585___contig_1_fragment_8	PF04860.12	Phage portal protein
GCA_000747585___contig_1_fragment_8_1107	GCA_000747585___contig_1_fragment_8	PF03354.15	Phage Terminase
GCA_000747585___contig_1_fragment_8_1108	GCA_000747585___contig_1_fragment_8	VOG04497	REFSEQ putative terminase small subunit
GCA_000747585___contig_1_fragment_8_1109	GCA_000747585___contig_1_fragment_8	VOG00687	REFSEQ terminase small subunit
GCA_000747585___contig_1_fragment_8_1110	GCA_000747585___contig_1_fragment_8	VOG00962	REFSEQ hypothetical protein
GCA_000747585___contig_1_fragment_8_1111	GCA_000747585___contig_1_fragment_8	None	hypothetical protein
GCA_000747585___contig_1_fragment_8_1112	GCA_000747585___contig_1_fragment_8	None	hypothetical protein
GCA_000747585___contig_1_fragment_8_1113	GCA_000747585___contig_1_fragment_8	None	hypothetical protein
GCA_000747585___contig_1_fragment_8_1114	GCA_000747585___contig_1_fragment_8	VOG00188	sp|Q03182|RINA_BPPHA Transcriptional activator rinA
GCA_000747585___contig_1_fragment_8_1115	GCA_000747585___contig_1_fragment_8	VOG00065	sp|Q38441|YOR5_BPSPP Uncharacterized 10.3 kDa protein in GP2-GP6 intergenic region
GCA_000747585___contig_1_fragment_8_1116	GCA_000747585___contig_1_fragment_8	None	hypothetical protein
GCA_000747585___contig_1_fragment_8_1117	GCA_000747585___contig_1_fragment_8	None	hypothetical protein
GCA_000747585___contig_1_fragment_8_1118	GCA_000747585___contig_1_fragment_8	None	hypothetical protein
GCA_000747585___contig_1_fragment_8_1119	GCA_000747585___contig_1_fragment_8	PF05866.11	Endodeoxyribonuclease RusA
GCA_000747585___contig_1_fragment_8_1120	GCA_000747585___contig_1_fragment_8	VOG00404	sp|P9WGD4|SSB_MYCTO Single-stranded DNA-binding protein
GCA_000747585___contig_1_fragment_8_1121	GCA_000747585___contig_1_fragment_8	None	hypothetical protein
GCA_000747585___contig_1_fragment_8_1122	GCA_000747585___contig_1_fragment_8	VOG21431	REFSEQ hypothetical protein
GCA_000747585___contig_1_fragment_8_1123	GCA_000747585___contig_1_fragment_8	PF16784.5	Putative HNHc nuclease
GCA_000747585___contig_1_fragment_8_1124	GCA_000747585___contig_1_fragment_8	PF04404.12	ERF superfamily
GCA_000747585___contig_1_fragment_8_1125	GCA_000747585___contig_1_fragment_8	VOG11084	REFSEQ hypothetical protein
GCA_000747585___contig_1_fragment_8_1126	GCA_000747585___contig_1_fragment_8	None	hypothetical protein
GCA_000747585___contig_1_fragment_8_1127	GCA_000747585___contig_1_fragment_8	None	hypothetical protein
GCA_000747585___contig_1_fragment_8_1128	GCA_000747585___contig_1_fragment_8	None	hypothetical protein
GCA_000747585___contig_1_fragment_8_1129	GCA_000747585___contig_1_fragment_8	None	hypothetical protein
GCA_000747585___contig_1_fragment_8_1130	GCA_000747585___contig_1_fragment_8	None	hypothetical protein
GCA_000747585___contig_1_fragment_8_1131	GCA_000747585___contig_1_fragment_8	None	hypothetical protein
GCA_000747585___contig_1_fragment_8_1132	GCA_000747585___contig_1_fragment_8	None	hypothetical protein
GCA_000747585___contig_1_fragment_8_1133	GCA_000747585___contig_1_fragment_8	K07741	antB; anti-repressor protein
GCA_000747585___contig_1_fragment_8_1134	GCA_000747585___contig_1_fragment_8	VOG14084	REFSEQ hypothetical protein
GCA_000747585___contig_1_fragment_8_1135	GCA_000747585___contig_1_fragment_8	None	hypothetical protein
GCA_000747585___contig_1_fragment_8_1136	GCA_000747585___contig_1_fragment_8	None	hypothetical protein
GCA_000747585___contig_1_fragment_8_1137	GCA_000747585___contig_1_fragment_8	VOG10124	sp|O34449|YOQD_BACSU SPBc2 prophage-derived putative antirepressor protein YoqD
GCA_000747585___contig_1_fragment_8_1138	GCA_000747585___contig_1_fragment_8	None	hypothetical protein
GCA_000747585___contig_1_fragment_8_1139	GCA_000747585___contig_1_fragment_8	VOG20253	REFSEQ hypothetical protein
GCA_000747585___contig_1_fragment_8_1140	GCA_000747585___contig_1_fragment_8	None	hypothetical protein
GCA_000747585___contig_1_fragment_8_1141	GCA_000747585___contig_1_fragment_8	None	hypothetical protein
GCA_000747585___contig_1_fragment_8_1142	GCA_000747585___contig_1_fragment_8	PF09669.10	Phage regulatory protein Rha (Phage_pRha)
GCA_000747585___contig_1_fragment_8_1143	GCA_000747585___contig_1_fragment_8	None	hypothetical protein
GCA_000747585___contig_1_fragment_8_1144	GCA_000747585___contig_1_fragment_8	None	hypothetical protein
GCA_000747585___contig_1_fragment_8_1145	GCA_000747585___contig_1_fragment_8	K22300	"dicA; HTH-type transcriptional regulator, cell division transcriptional repressor"
GCA_000747585___contig_1_fragment_8_1146	GCA_000747585___contig_1_fragment_8	VOG00041	sp|O10330|VLF1_NPVOP Very late expression factor 1
GCA_000747585___contig_1_fragment_8_1147	GCA_000747585___contig_1_fragment_8	K02003	ABC.CD.A; putative ABC transport system ATP-binding protein
GCA_000747585___contig_1_fragment_11_1446	GCA_000747585___contig_1_fragment_11	PF05382.13	Bacteriophage peptidoglycan hydrolase
GCA_000747585___contig_1_fragment_11_1447	GCA_000747585___contig_1_fragment_11	PF16938.5	Putative phage holin Dp-1
GCA_000747585___contig_1_fragment_11_1448	GCA_000747585___contig_1_fragment_11	None	hypothetical protein
GCA_000747585___contig_1_fragment_11_1449	GCA_000747585___contig_1_fragment_11	None	hypothetical protein
GCA_000747585___contig_1_fragment_11_1450	GCA_000747585___contig_1_fragment_11	None	hypothetical protein
GCA_000747585___contig_1_fragment_11_1451	GCA_000747585___contig_1_fragment_11	None	hypothetical protein
GCA_000747585___contig_1_fragment_11_1452	GCA_000747585___contig_1_fragment_11	None	hypothetical protein
GCA_000747585___contig_1_fragment_11_1453	GCA_000747585___contig_1_fragment_11	VOG13479	REFSEQ gp067
GCA_000747585___contig_1_fragment_11_1454	GCA_000747585___contig_1_fragment_11	VOG21997	REFSEQ hypothetical protein
GCA_000747585___contig_1_fragment_11_1455	GCA_000747585___contig_1_fragment_11	VOG00824	REFSEQ putative antireceptor
GCA_000747585___contig_1_fragment_11_1456	GCA_000747585___contig_1_fragment_11	VOG00097	sp|O48459|DIT_BPSPP Distal tail protein
GCA_000747585___contig_1_fragment_11_1457	GCA_000747585___contig_1_fragment_11	VOG02632	REFSEQ gp14
GCA_000747585___contig_1_fragment_11_1458	GCA_000747585___contig_1_fragment_11	VOG01394	REFSEQ hypothetical protein
GCA_000747585___contig_1_fragment_11_1459	GCA_000747585___contig_1_fragment_11	PF12363.8	"Phage tail assembly chaperone protein, TAC"
GCA_000747585___contig_1_fragment_11_1460	GCA_000747585___contig_1_fragment_11	VOG00149	sp|A9CRB8|TAIL_BPMR1 Putative tail protein
GCA_000747585___contig_1_fragment_11_1461	GCA_000747585___contig_1_fragment_11	VOG00743	sp|O48448|COMPL_BPSPP Tail completion protein gp17
GCA_000747585___contig_1_fragment_11_1462	GCA_000747585___contig_1_fragment_11	None	hypothetical protein
GCA_000747585___contig_1_fragment_11_1463	GCA_000747585___contig_1_fragment_11	None	hypothetical protein
GCA_000747585___contig_1_fragment_11_1464	GCA_000747585___contig_1_fragment_11	K22994	pelX; pectate disaccharide-lyase [EC:4.2.2.9]
GCA_000747585___contig_1_fragment_11_1465	GCA_000747585___contig_1_fragment_11	K22994	pelX; pectate disaccharide-lyase [EC:4.2.2.9]
GCA_000747585___contig_1_fragment_11_1466	GCA_000747585___contig_1_fragment_11	VOG00188	sp|Q03182|RINA_BPPHA Transcriptional activator rinA
GCA_000747585___contig_1_fragment_11_1467	GCA_000747585___contig_1_fragment_11	None	hypothetical protein
GCA_000747585___contig_1_fragment_11_1468	GCA_000747585___contig_1_fragment_11	None	hypothetical protein
GCA_000747585___contig_1_fragment_11_1469	GCA_000747585___contig_1_fragment_11	VOG00459	REFSEQ putative CI-like transcriptional repressor
GCA_000747585___contig_1_fragment_11_1470	GCA_000747585___contig_1_fragment_11	None	hypothetical protein
GCA_000747585___contig_1_fragment_11_1471	GCA_000747585___contig_1_fragment_11	K09022	"ridA, tdcF, RIDA; 2-iminobutanoate/2-iminopropanoate deaminase [EC:3.5.99.10]"
GCA_000747585___contig_1_fragment_11_1472	GCA_000747585___contig_1_fragment_11	K02013	ABC.FEV.A; iron complex transport system ATP-binding protein [EC:7.2.2.-]
GCA_025728645___contig_1_fragment_4_340	GCA_025728645___contig_1_fragment_4	K03648	"UNG, UDG; uracil-DNA glycosylase [EC:3.2.2.27]"
GCA_025728645___contig_1_fragment_4_341	GCA_025728645___contig_1_fragment_4	PF07927.12	"HicA toxin of bacterial toxin-antitoxin,"
GCA_025728645___contig_1_fragment_4_342	GCA_025728645___contig_1_fragment_4	VOG11403	sp|P51716|YO14_BPHC1 Uncharacterized 14.9 kDa protein in rep-hol intergenic region
GCA_025728645___contig_1_fragment_4_343	GCA_025728645___contig_1_fragment_4	None	hypothetical protein
GCA_025728645___contig_1_fragment_4_344	GCA_025728645___contig_1_fragment_4	None	hypothetical protein
GCA_025728645___contig_1_fragment_4_345	GCA_025728645___contig_1_fragment_4	None	hypothetical protein
GCA_025728645___contig_1_fragment_4_346	GCA_025728645___contig_1_fragment_4	VOG14226	REFSEQ hypothetical protein
GCA_025728645___contig_1_fragment_4_347	GCA_025728645___contig_1_fragment_4	None	hypothetical protein
GCA_025728645___contig_1_fragment_4_348	GCA_025728645___contig_1_fragment_4	K07273	acm; lysozyme
GCA_025728645___contig_1_fragment_4_349	GCA_025728645___contig_1_fragment_4	PF16938.5	Putative phage holin Dp-1
GCA_025728645___contig_1_fragment_4_350	GCA_025728645___contig_1_fragment_4	PF10779.9	Haemolysin XhlA
GCA_025728645___contig_1_fragment_4_351	GCA_025728645___contig_1_fragment_4	PF09693.10	Phage uncharacterised protein (Phage_XkdX)
GCA_025728645___contig_1_fragment_4_352	GCA_025728645___contig_1_fragment_4	None	hypothetical protein
GCA_025728645___contig_1_fragment_4_353	GCA_025728645___contig_1_fragment_4	None	hypothetical protein
GCA_025728645___contig_1_fragment_4_354	GCA_025728645___contig_1_fragment_4	VOG18935	REFSEQ hypothetical protein
GCA_025728645___contig_1_fragment_4_355	GCA_025728645___contig_1_fragment_4	None	hypothetical protein
GCA_025728645___contig_1_fragment_4_356	GCA_025728645___contig_1_fragment_4	None	hypothetical protein
GCA_025728645___contig_1_fragment_4_357	GCA_025728645___contig_1_fragment_4	PF06605.11	Prophage endopeptidase tail
GCA_025728645___contig_1_fragment_4_358	GCA_025728645___contig_1_fragment_4	VOG01075	REFSEQ hypothetical protein
GCA_025728645___contig_1_fragment_4_359	GCA_025728645___contig_1_fragment_4	VOG04056	REFSEQ hypothetical protein
GCA_025728645___contig_1_fragment_4_360	GCA_025728645___contig_1_fragment_4	None	hypothetical protein
GCA_025728645___contig_1_fragment_4_361	GCA_025728645___contig_1_fragment_4	None	hypothetical protein
GCA_025728645___contig_1_fragment_4_362	GCA_025728645___contig_1_fragment_4	VOG01397	REFSEQ major tail protein
GCA_025728645___contig_1_fragment_4_363	GCA_025728645___contig_1_fragment_4	None	hypothetical protein
GCA_025728645___contig_1_fragment_4_364	GCA_025728645___contig_1_fragment_4	VOG03575	REFSEQ hypothetical protein
GCA_025728645___contig_1_fragment_4_365	GCA_025728645___contig_1_fragment_4	VOG00066	sp|O48446|HCP16_BPSPP Head completion protein gp16
GCA_025728645___contig_1_fragment_4_366	GCA_025728645___contig_1_fragment_4	VOG00181	REFSEQ hypothetical protein
GCA_025728645___contig_1_fragment_4_367	GCA_025728645___contig_1_fragment_4	VOG13487	REFSEQ major capsid L
GCA_025728645___contig_1_fragment_4_368	GCA_025728645___contig_1_fragment_4	K06904	K06904; uncharacterized protein
GCA_025728645___contig_1_fragment_4_369	GCA_025728645___contig_1_fragment_4	PF04860.12	Phage portal protein
GCA_025728645___contig_1_fragment_4_370	GCA_025728645___contig_1_fragment_4	VOG04497	REFSEQ putative terminase small subunit
GCA_025728645___contig_1_fragment_4_371	GCA_025728645___contig_1_fragment_4	VOG00687	REFSEQ terminase small subunit
GCA_025728645___contig_1_fragment_4_372	GCA_025728645___contig_1_fragment_4	VOG00962	REFSEQ hypothetical protein
GCA_025728645___contig_1_fragment_4_373	GCA_025728645___contig_1_fragment_4	None	hypothetical protein
GCA_025728645___contig_1_fragment_4_374	GCA_025728645___contig_1_fragment_4	VOG01156	REFSEQ hypothetical protein
GCA_025728645___contig_1_fragment_4_375	GCA_025728645___contig_1_fragment_4	None	hypothetical protein
GCA_025728645___contig_1_fragment_4_376	GCA_025728645___contig_1_fragment_4	VOG01162	sp|O34055|ARPU_BPO12 Putative autolysin regulatory protein ArpU
GCA_025728645___contig_1_fragment_4_377	GCA_025728645___contig_1_fragment_4	VOG00404	sp|P9WGD4|SSB_MYCTO Single-stranded DNA-binding protein
GCA_025728645___contig_1_fragment_4_378	GCA_025728645___contig_1_fragment_4	None	hypothetical protein
GCA_025728645___contig_1_fragment_4_379	GCA_025728645___contig_1_fragment_4	VOG21431	REFSEQ hypothetical protein
GCA_025728645___contig_1_fragment_4_380	GCA_025728645___contig_1_fragment_4	PF16784.5	Putative HNHc nuclease
GCA_025728645___contig_1_fragment_4_381	GCA_025728645___contig_1_fragment_4	PF12684.7	PDDEXK-like domain of unknown function (DUF3799)
GCA_025728645___contig_1_fragment_4_382	GCA_025728645___contig_1_fragment_4	PF03837.14	RecT family
GCA_025728675___contig_23_1	GCA_025728675___contig_23	None	hypothetical protein
GCA_025728675___contig_23_2	GCA_025728675___contig_23	None	hypothetical protein
GCA_025728675___contig_23_3	GCA_025728675___contig_23	None	hypothetical protein
GCA_025728675___contig_23_4	GCA_025728675___contig_23	VOG02771	sp|P03034|RPC1_LAMBD Repressor protein cI
GCA_025728675___contig_23_5	GCA_025728675___contig_23	VOG00361	sp|P10426|YIM2_BPPH1 Uncharacterized immunity region protein 2
GCA_025728675___contig_23_6	GCA_025728675___contig_23	VOG03321	REFSEQ hypothetical protein
GCA_025728675___contig_26_1	GCA_025728675___contig_26	None	hypothetical protein
GCA_025728675___contig_26_2	GCA_025728675___contig_26	PF09693.10	Phage uncharacterised protein (Phage_XkdX)
GCA_025728675___contig_26_3	GCA_025728675___contig_26	None	hypothetical protein
GCA_025728675___contig_26_4	GCA_025728675___contig_26	PF16938.5	Putative phage holin Dp-1
GCA_025728675___contig_26_5	GCA_025728675___contig_26	K07273	acm; lysozyme
MP_BCQMy224___contig_3_1	MP_BCQMy224___contig_3	K07467	rstA1; phage replication initiation protein
MP_BCQMy224___contig_3_2	MP_BCQMy224___contig_3	None	hypothetical protein
MP_BCQMy224___contig_3_3	MP_BCQMy224___contig_3	None	hypothetical protein
MP_BCQMy224___contig_3_4	MP_BCQMy224___contig_3	None	hypothetical protein
MP_BCQMy224___contig_3_5	MP_BCQMy224___contig_3	PF07564.11	Domain of Unknown Function (DUF1542)
MP_BCQMy224___contig_3_6	MP_BCQMy224___contig_3	None	hypothetical protein
MP_BCQMy224___contig_3_7	MP_BCQMy224___contig_3	PF00239.21	"Resolvase, N terminal domain"
MP_BCQMy224___contig_3_8	MP_BCQMy224___contig_3	VOG19011	REFSEQ hypothetical protein
MP_BCQMy224___contig_3_9	MP_BCQMy224___contig_3	None	hypothetical protein
MP_BCQMy224___contig_3_10	MP_BCQMy224___contig_3	PF03318.13	Clostridium epsilon toxin ETX/Bacillus mosquitocidal toxin MTX2
MP_BCQMy224___contig_3_11	MP_BCQMy224___contig_3	K01972	"E6.5.1.2, ligA, ligB; DNA ligase (NAD+) [EC:6.5.1.2]"
MP_BCQMy224___contig_3_12	MP_BCQMy224___contig_3	PF17363.2	Family of unknown function (DUF5388)
MP_BCQMy224___contig_3_13	MP_BCQMy224___contig_3	K03496	"parA, soj; chromosome partitioning protein"
MP_BCQMy224___contig_3_14	MP_BCQMy224___contig_3	None	hypothetical protein
MP_BCQMy224___contig_3_15	MP_BCQMy224___contig_3	None	hypothetical protein
MP_BCQMy224___contig_3_16	MP_BCQMy224___contig_3	None	hypothetical protein
MP_BCQMy224___contig_3_17	MP_BCQMy224___contig_3	VOG01473	REFSEQ FtsK/SpoIIIE protein
GCA_025728675___contig_11_1	GCA_025728675___contig_11	VOG22086	REFSEQ minor tail protein
GCA_025728675___contig_11_2	GCA_025728675___contig_11	None	hypothetical protein
GCA_025728675___contig_11_3	GCA_025728675___contig_11	None	hypothetical protein
GCA_025728675___contig_11_4	GCA_025728675___contig_11	VOG01397	REFSEQ major tail protein
GCA_025728675___contig_11_5	GCA_025728675___contig_11	None	hypothetical protein
GCA_025728675___contig_11_6	GCA_025728675___contig_11	VOG03575	REFSEQ hypothetical protein
GCA_025728675___contig_11_7	GCA_025728675___contig_11	VOG00066	sp|O48446|HCP16_BPSPP Head completion protein gp16
GCA_025728675___contig_11_8	GCA_025728675___contig_11	VOG00181	REFSEQ hypothetical protein
GCA_025728675___contig_11_9	GCA_025728675___contig_11	VOG13487	REFSEQ major capsid L
GCA_025728675___contig_11_10	GCA_025728675___contig_11	K06904	K06904; uncharacterized protein
GCA_025728675___contig_11_11	GCA_025728675___contig_11	PF04860.12	Phage portal protein
GCA_025728675___contig_11_12	GCA_025728675___contig_11	None	hypothetical protein
MP_AB35___contig_3_1	MP_AB35___contig_3	K07467	rstA1; phage replication initiation protein
MP_AB35___contig_3_2	MP_AB35___contig_3	None	hypothetical protein
MP_AB35___contig_3_3	MP_AB35___contig_3	None	hypothetical protein
MP_AB35___contig_3_4	MP_AB35___contig_3	None	hypothetical protein
MP_AB35___contig_3_5	MP_AB35___contig_3	PF07564.11	Domain of Unknown Function (DUF1542)
MP_AB35___contig_3_6	MP_AB35___contig_3	PF07564.11	Domain of Unknown Function (DUF1542)
MP_AB35___contig_3_7	MP_AB35___contig_3	None	hypothetical protein
MP_AB35___contig_3_8	MP_AB35___contig_3	PF00239.21	"Resolvase, N terminal domain"
MP_AB35___contig_3_9	MP_AB35___contig_3	VOG19011	REFSEQ hypothetical protein
MP_AB35___contig_3_10	MP_AB35___contig_3	None	hypothetical protein
MP_AB35___contig_3_11	MP_AB35___contig_3	PF03318.13	Clostridium epsilon toxin ETX/Bacillus mosquitocidal toxin MTX2
MP_AB35___contig_3_12	MP_AB35___contig_3	K01972	"E6.5.1.2, ligA, ligB; DNA ligase (NAD+) [EC:6.5.1.2]"
MP_AB35___contig_3_13	MP_AB35___contig_3	PF17363.2	Family of unknown function (DUF5388)
MP_AB35___contig_3_14	MP_AB35___contig_3	K03496	"parA, soj; chromosome partitioning protein"
MP_AB35___contig_3_15	MP_AB35___contig_3	None	hypothetical protein
MP_AB35___contig_3_16	MP_AB35___contig_3	None	hypothetical protein
MP_AB35___contig_3_17	MP_AB35___contig_3	None	hypothetical protein
MP_AB35___contig_3_18	MP_AB35___contig_3	None	hypothetical protein
MP_AB35___contig_3_19	MP_AB35___contig_3	VOG01473	REFSEQ FtsK/SpoIIIE protein
GCA_001047545___contig_10_fragment_1_76	GCA_001047545___contig_10_fragment_1	PF05382.13	Bacteriophage peptidoglycan hydrolase
GCA_001047545___contig_10_fragment_1_77	GCA_001047545___contig_10_fragment_1	PF16938.5	Putative phage holin Dp-1
GCA_001047545___contig_10_fragment_1_78	GCA_001047545___contig_10_fragment_1	None	hypothetical protein
GCA_001047545___contig_10_fragment_1_79	GCA_001047545___contig_10_fragment_1	None	hypothetical protein
GCA_001047545___contig_10_fragment_1_80	GCA_001047545___contig_10_fragment_1	None	hypothetical protein
GCA_001047545___contig_10_fragment_1_81	GCA_001047545___contig_10_fragment_1	None	hypothetical protein
GCA_001047545___contig_10_fragment_1_82	GCA_001047545___contig_10_fragment_1	None	hypothetical protein
GCA_001047545___contig_10_fragment_1_83	GCA_001047545___contig_10_fragment_1	VOG13479	REFSEQ gp067
GCA_001047545___contig_10_fragment_1_84	GCA_001047545___contig_10_fragment_1	VOG21997	REFSEQ hypothetical protein
GCA_001047545___contig_10_fragment_1_85	GCA_001047545___contig_10_fragment_1	VOG00824	REFSEQ putative antireceptor
GCA_001047545___contig_10_fragment_1_86	GCA_001047545___contig_10_fragment_1	VOG00097	sp|O48459|DIT_BPSPP Distal tail protein
GCA_001047545___contig_10_fragment_1_87	GCA_001047545___contig_10_fragment_1	VOG02632	REFSEQ gp14
GCA_001047545___contig_10_fragment_1_88	GCA_001047545___contig_10_fragment_1	VOG01394	REFSEQ hypothetical protein
GCA_001047545___contig_10_fragment_1_89	GCA_001047545___contig_10_fragment_1	PF12363.8	"Phage tail assembly chaperone protein, TAC"
GCA_001047545___contig_10_fragment_1_90	GCA_001047545___contig_10_fragment_1	VOG00149	sp|A9CRB8|TAIL_BPMR1 Putative tail protein
GCA_001047545___contig_10_fragment_1_91	GCA_001047545___contig_10_fragment_1	VOG00743	sp|O48448|COMPL_BPSPP Tail completion protein gp17
GCA_001047545___contig_10_fragment_1_92	GCA_001047545___contig_10_fragment_1	None	hypothetical protein
GCA_001047545___contig_10_fragment_1_93	GCA_001047545___contig_10_fragment_1	None	hypothetical protein
GCA_001047545___contig_10_fragment_1_94	GCA_001047545___contig_10_fragment_1	K22994	pelX; pectate disaccharide-lyase [EC:4.2.2.9]
GCA_001047545___contig_10_fragment_1_95	GCA_001047545___contig_10_fragment_1	K22994	pelX; pectate disaccharide-lyase [EC:4.2.2.9]
GCA_001047545___contig_10_fragment_1_96	GCA_001047545___contig_10_fragment_1	VOG00188	sp|Q03182|RINA_BPPHA Transcriptional activator rinA
GCA_001047545___contig_10_fragment_1_97	GCA_001047545___contig_10_fragment_1	None	hypothetical protein
GCA_001047545___contig_10_fragment_1_98	GCA_001047545___contig_10_fragment_1	None	hypothetical protein
GCA_001047545___contig_10_fragment_1_99	GCA_001047545___contig_10_fragment_1	None	hypothetical protein
GCA_001047545___contig_10_fragment_1_100	GCA_001047545___contig_10_fragment_1	VOG00459	REFSEQ putative CI-like transcriptional repressor
GCA_001047545___contig_10_fragment_1_101	GCA_001047545___contig_10_fragment_1	None	hypothetical protein
GCA_001047545___contig_10_fragment_1_102	GCA_001047545___contig_10_fragment_1	K09022	"ridA, tdcF, RIDA; 2-iminobutanoate/2-iminopropanoate deaminase [EC:3.5.99.10]"
GCA_001047545___contig_10_fragment_1_103	GCA_001047545___contig_10_fragment_1	K02013	ABC.FEV.A; iron complex transport system ATP-binding protein [EC:7.2.2.-]
GCA_001047435___contig_7_fragment_1_77	GCA_001047435___contig_7_fragment_1	PF05382.13	Bacteriophage peptidoglycan hydrolase
GCA_001047435___contig_7_fragment_1_78	GCA_001047435___contig_7_fragment_1	PF16938.5	Putative phage holin Dp-1
GCA_001047435___contig_7_fragment_1_79	GCA_001047435___contig_7_fragment_1	None	hypothetical protein
GCA_001047435___contig_7_fragment_1_80	GCA_001047435___contig_7_fragment_1	None	hypothetical protein
GCA_001047435___contig_7_fragment_1_81	GCA_001047435___contig_7_fragment_1	None	hypothetical protein
GCA_001047435___contig_7_fragment_1_82	GCA_001047435___contig_7_fragment_1	None	hypothetical protein
GCA_001047435___contig_7_fragment_1_83	GCA_001047435___contig_7_fragment_1	None	hypothetical protein
GCA_001047435___contig_7_fragment_1_84	GCA_001047435___contig_7_fragment_1	VOG13479	REFSEQ gp067
GCA_001047435___contig_7_fragment_1_85	GCA_001047435___contig_7_fragment_1	VOG21997	REFSEQ hypothetical protein
GCA_001047435___contig_7_fragment_1_86	GCA_001047435___contig_7_fragment_1	VOG00824	REFSEQ putative antireceptor
GCA_001047435___contig_7_fragment_1_87	GCA_001047435___contig_7_fragment_1	VOG00097	sp|O48459|DIT_BPSPP Distal tail protein
GCA_001047435___contig_7_fragment_1_88	GCA_001047435___contig_7_fragment_1	VOG02632	REFSEQ gp14
GCA_001047435___contig_7_fragment_1_89	GCA_001047435___contig_7_fragment_1	VOG01394	REFSEQ hypothetical protein
GCA_001047435___contig_7_fragment_1_90	GCA_001047435___contig_7_fragment_1	PF12363.8	"Phage tail assembly chaperone protein, TAC"
GCA_001047435___contig_7_fragment_1_91	GCA_001047435___contig_7_fragment_1	VOG00149	sp|A9CRB8|TAIL_BPMR1 Putative tail protein
GCA_001047435___contig_7_fragment_1_92	GCA_001047435___contig_7_fragment_1	VOG00743	sp|O48448|COMPL_BPSPP Tail completion protein gp17
GCA_001047435___contig_7_fragment_1_93	GCA_001047435___contig_7_fragment_1	None	hypothetical protein
GCA_001047435___contig_7_fragment_1_94	GCA_001047435___contig_7_fragment_1	None	hypothetical protein
GCA_001047435___contig_7_fragment_1_95	GCA_001047435___contig_7_fragment_1	K22994	pelX; pectate disaccharide-lyase [EC:4.2.2.9]
GCA_001047435___contig_7_fragment_1_96	GCA_001047435___contig_7_fragment_1	K22994	pelX; pectate disaccharide-lyase [EC:4.2.2.9]
GCA_001047435___contig_7_fragment_1_97	GCA_001047435___contig_7_fragment_1	VOG00188	sp|Q03182|RINA_BPPHA Transcriptional activator rinA
GCA_001047435___contig_7_fragment_1_98	GCA_001047435___contig_7_fragment_1	None	hypothetical protein
GCA_001047435___contig_7_fragment_1_99	GCA_001047435___contig_7_fragment_1	None	hypothetical protein
GCA_001047435___contig_7_fragment_1_100	GCA_001047435___contig_7_fragment_1	VOG00459	REFSEQ putative CI-like transcriptional repressor
GCA_001047435___contig_7_fragment_1_101	GCA_001047435___contig_7_fragment_1	None	hypothetical protein
GCA_001047435___contig_7_fragment_1_102	GCA_001047435___contig_7_fragment_1	K09022	"ridA, tdcF, RIDA; 2-iminobutanoate/2-iminopropanoate deaminase [EC:3.5.99.10]"
GCA_001047435___contig_7_fragment_1_103	GCA_001047435___contig_7_fragment_1	K02013	ABC.FEV.A; iron complex transport system ATP-binding protein [EC:7.2.2.-]
GCA_001047545___contig_7_fragment_1_12	GCA_001047545___contig_7_fragment_1	VOG14094	sp|A0A0H3CCP8|SOCA_CAUVN Antitoxin SocA
GCA_001047545___contig_7_fragment_1_13	GCA_001047545___contig_7_fragment_1	PF10097.9	Predicted membrane protein (DUF2335)
GCA_001047545___contig_7_fragment_1_14	GCA_001047545___contig_7_fragment_1	None	hypothetical protein
GCA_001047545___contig_7_fragment_1_15	GCA_001047545___contig_7_fragment_1	None	hypothetical protein
GCA_001047545___contig_7_fragment_1_16	GCA_001047545___contig_7_fragment_1	None	hypothetical protein
GCA_001047545___contig_7_fragment_1_17	GCA_001047545___contig_7_fragment_1	K07273	acm; lysozyme
GCA_001047545___contig_7_fragment_1_18	GCA_001047545___contig_7_fragment_1	PF16938.5	Putative phage holin Dp-1
GCA_001047545___contig_7_fragment_1_19	GCA_001047545___contig_7_fragment_1	None	hypothetical protein
GCA_001047545___contig_7_fragment_1_20	GCA_001047545___contig_7_fragment_1	PF09693.10	Phage uncharacterised protein (Phage_XkdX)
GCA_001047545___contig_7_fragment_1_21	GCA_001047545___contig_7_fragment_1	None	hypothetical protein
GCA_001047545___contig_7_fragment_1_22	GCA_001047545___contig_7_fragment_1	None	hypothetical protein
GCA_001047545___contig_7_fragment_1_23	GCA_001047545___contig_7_fragment_1	VOG18935	REFSEQ hypothetical protein
GCA_001047545___contig_7_fragment_1_24	GCA_001047545___contig_7_fragment_1	None	hypothetical protein
GCA_001047545___contig_7_fragment_1_25	GCA_001047545___contig_7_fragment_1	None	hypothetical protein
GCA_001047545___contig_7_fragment_1_26	GCA_001047545___contig_7_fragment_1	PF06605.11	Prophage endopeptidase tail
GCA_001047545___contig_7_fragment_1_27	GCA_001047545___contig_7_fragment_1	VOG01075	REFSEQ hypothetical protein
GCA_001047545___contig_7_fragment_1_28	GCA_001047545___contig_7_fragment_1	VOG04056	REFSEQ hypothetical protein
GCA_001047545___contig_7_fragment_1_29	GCA_001047545___contig_7_fragment_1	VOG21220	REFSEQ phage tape measure protein
GCA_001047545___contig_7_fragment_1_30	GCA_001047545___contig_7_fragment_1	None	hypothetical protein
GCA_001047545___contig_7_fragment_1_31	GCA_001047545___contig_7_fragment_1	None	hypothetical protein
GCA_001047545___contig_7_fragment_1_32	GCA_001047545___contig_7_fragment_1	None	hypothetical protein
GCA_001047545___contig_7_fragment_1_33	GCA_001047545___contig_7_fragment_1	VOG01397	REFSEQ major tail protein
GCA_001047545___contig_7_fragment_1_34	GCA_001047545___contig_7_fragment_1	None	hypothetical protein
GCA_001047545___contig_7_fragment_1_35	GCA_001047545___contig_7_fragment_1	VOG03575	REFSEQ hypothetical protein
GCA_001047545___contig_7_fragment_1_36	GCA_001047545___contig_7_fragment_1	None	hypothetical protein
GCA_001047545___contig_7_fragment_1_37	GCA_001047545___contig_7_fragment_1	VOG00181	REFSEQ hypothetical protein
GCA_001047545___contig_7_fragment_1_38	GCA_001047545___contig_7_fragment_1	VOG13487	REFSEQ major capsid L
GCA_001047545___contig_7_fragment_1_39	GCA_001047545___contig_7_fragment_1	K06904	K06904; uncharacterized protein
GCA_001047545___contig_7_fragment_1_40	GCA_001047545___contig_7_fragment_1	PF04860.12	Phage portal protein
GCA_001047545___contig_7_fragment_1_41	GCA_001047545___contig_7_fragment_1	PF03354.15	Phage Terminase
GCA_001047545___contig_7_fragment_1_42	GCA_001047545___contig_7_fragment_1	VOG04497	REFSEQ putative terminase small subunit
GCA_001047545___contig_7_fragment_1_43	GCA_001047545___contig_7_fragment_1	VOG00687	REFSEQ terminase small subunit
GCA_001047545___contig_7_fragment_1_44	GCA_001047545___contig_7_fragment_1	VOG00962	REFSEQ hypothetical protein
GCA_001047545___contig_7_fragment_1_45	GCA_001047545___contig_7_fragment_1	None	hypothetical protein
GCA_001047545___contig_7_fragment_1_46	GCA_001047545___contig_7_fragment_1	None	hypothetical protein
GCA_001047545___contig_7_fragment_1_47	GCA_001047545___contig_7_fragment_1	None	hypothetical protein
GCA_001047545___contig_7_fragment_1_48	GCA_001047545___contig_7_fragment_1	VOG00188	sp|Q03182|RINA_BPPHA Transcriptional activator rinA
GCA_001047545___contig_7_fragment_1_49	GCA_001047545___contig_7_fragment_1	VOG00065	sp|Q38441|YOR5_BPSPP Uncharacterized 10.3 kDa protein in GP2-GP6 intergenic region
GCA_001047545___contig_7_fragment_1_50	GCA_001047545___contig_7_fragment_1	None	hypothetical protein
GCA_001047545___contig_7_fragment_1_51	GCA_001047545___contig_7_fragment_1	None	hypothetical protein
GCA_001047545___contig_7_fragment_1_52	GCA_001047545___contig_7_fragment_1	PF05866.11	Endodeoxyribonuclease RusA
GCA_001047545___contig_7_fragment_1_53	GCA_001047545___contig_7_fragment_1	VOG00404	sp|P9WGD4|SSB_MYCTO Single-stranded DNA-binding protein
GCA_001047545___contig_7_fragment_1_54	GCA_001047545___contig_7_fragment_1	None	hypothetical protein
GCA_001047545___contig_7_fragment_1_55	GCA_001047545___contig_7_fragment_1	VOG21431	REFSEQ hypothetical protein
GCA_001047545___contig_7_fragment_1_56	GCA_001047545___contig_7_fragment_1	PF16784.5	Putative HNHc nuclease
GCA_001047545___contig_7_fragment_1_57	GCA_001047545___contig_7_fragment_1	PF04404.12	ERF superfamily
GCA_001047545___contig_7_fragment_1_58	GCA_001047545___contig_7_fragment_1	VOG11084	REFSEQ hypothetical protein
GCA_001047545___contig_7_fragment_1_59	GCA_001047545___contig_7_fragment_1	None	hypothetical protein
GCA_001047545___contig_7_fragment_1_60	GCA_001047545___contig_7_fragment_1	None	hypothetical protein
GCA_001047545___contig_7_fragment_1_61	GCA_001047545___contig_7_fragment_1	None	hypothetical protein
GCA_001047545___contig_7_fragment_1_62	GCA_001047545___contig_7_fragment_1	None	hypothetical protein
GCA_001047545___contig_7_fragment_1_63	GCA_001047545___contig_7_fragment_1	None	hypothetical protein
GCA_001047545___contig_7_fragment_1_64	GCA_001047545___contig_7_fragment_1	None	hypothetical protein
GCA_001047545___contig_7_fragment_1_65	GCA_001047545___contig_7_fragment_1	None	hypothetical protein
GCA_001047545___contig_7_fragment_1_66	GCA_001047545___contig_7_fragment_1	K07741	antB; anti-repressor protein
GCA_001047545___contig_7_fragment_1_67	GCA_001047545___contig_7_fragment_1	VOG14084	REFSEQ hypothetical protein
GCA_001047545___contig_7_fragment_1_68	GCA_001047545___contig_7_fragment_1	None	hypothetical protein
GCA_001047545___contig_7_fragment_1_69	GCA_001047545___contig_7_fragment_1	None	hypothetical protein
GCA_001047545___contig_7_fragment_1_70	GCA_001047545___contig_7_fragment_1	None	hypothetical protein
GCA_001047545___contig_7_fragment_1_71	GCA_001047545___contig_7_fragment_1	VOG10124	sp|O34449|YOQD_BACSU SPBc2 prophage-derived putative antirepressor protein YoqD
GCA_001047545___contig_7_fragment_1_72	GCA_001047545___contig_7_fragment_1	None	hypothetical protein
GCA_001047545___contig_7_fragment_1_73	GCA_001047545___contig_7_fragment_1	VOG20253	REFSEQ hypothetical protein
GCA_001047545___contig_7_fragment_1_74	GCA_001047545___contig_7_fragment_1	None	hypothetical protein
GCA_001047545___contig_7_fragment_1_75	GCA_001047545___contig_7_fragment_1	None	hypothetical protein
GCA_001047545___contig_7_fragment_1_76	GCA_001047545___contig_7_fragment_1	PF09669.10	Phage regulatory protein Rha (Phage_pRha)
GCA_001047545___contig_7_fragment_1_77	GCA_001047545___contig_7_fragment_1	None	hypothetical protein
GCA_001047545___contig_7_fragment_1_78	GCA_001047545___contig_7_fragment_1	None	hypothetical protein
GCA_001047545___contig_7_fragment_1_79	GCA_001047545___contig_7_fragment_1	K22300	"dicA; HTH-type transcriptional regulator, cell division transcriptional repressor"
GCA_001047545___contig_7_fragment_1_80	GCA_001047545___contig_7_fragment_1	VOG00041	sp|O10330|VLF1_NPVOP Very late expression factor 1
GCA_001047545___contig_7_fragment_1_81	GCA_001047545___contig_7_fragment_1	K02003	ABC.CD.A; putative ABC transport system ATP-binding protein
GCA_003966875___contig_1_fragment_4_503	GCA_003966875___contig_1_fragment_4	K02013	ABC.FEV.A; iron complex transport system ATP-binding protein [EC:7.2.2.-]
GCA_003966875___contig_1_fragment_4_504	GCA_003966875___contig_1_fragment_4	K09022	"ridA, tdcF, RIDA; 2-iminobutanoate/2-iminopropanoate deaminase [EC:3.5.99.10]"
GCA_003966875___contig_1_fragment_4_505	GCA_003966875___contig_1_fragment_4	None	hypothetical protein
GCA_003966875___contig_1_fragment_4_506	GCA_003966875___contig_1_fragment_4	VOG00459	REFSEQ putative CI-like transcriptional repressor
GCA_003966875___contig_1_fragment_4_507	GCA_003966875___contig_1_fragment_4	None	hypothetical protein
GCA_003966875___contig_1_fragment_4_508	GCA_003966875___contig_1_fragment_4	None	hypothetical protein
GCA_003966875___contig_1_fragment_4_509	GCA_003966875___contig_1_fragment_4	VOG00188	sp|Q03182|RINA_BPPHA Transcriptional activator rinA
GCA_003966875___contig_1_fragment_4_510	GCA_003966875___contig_1_fragment_4	K22994	pelX; pectate disaccharide-lyase [EC:4.2.2.9]
GCA_003966875___contig_1_fragment_4_511	GCA_003966875___contig_1_fragment_4	None	hypothetical protein
GCA_003966875___contig_1_fragment_4_512	GCA_003966875___contig_1_fragment_4	None	hypothetical protein
GCA_003966875___contig_1_fragment_4_513	GCA_003966875___contig_1_fragment_4	VOG00743	sp|O48448|COMPL_BPSPP Tail completion protein gp17
GCA_003966875___contig_1_fragment_4_514	GCA_003966875___contig_1_fragment_4	VOG00149	sp|A9CRB8|TAIL_BPMR1 Putative tail protein
GCA_003966875___contig_1_fragment_4_515	GCA_003966875___contig_1_fragment_4	PF12363.8	"Phage tail assembly chaperone protein, TAC"
GCA_003966875___contig_1_fragment_4_516	GCA_003966875___contig_1_fragment_4	VOG01394	REFSEQ hypothetical protein
GCA_003966875___contig_1_fragment_4_517	GCA_003966875___contig_1_fragment_4	VOG02632	REFSEQ gp14
GCA_003966875___contig_1_fragment_4_518	GCA_003966875___contig_1_fragment_4	VOG00097	sp|O48459|DIT_BPSPP Distal tail protein
GCA_003966875___contig_1_fragment_4_519	GCA_003966875___contig_1_fragment_4	VOG00824	REFSEQ putative antireceptor
GCA_003966875___contig_1_fragment_4_520	GCA_003966875___contig_1_fragment_4	VOG13479	REFSEQ gp067
GCA_003966875___contig_1_fragment_4_521	GCA_003966875___contig_1_fragment_4	None	hypothetical protein
GCA_003966875___contig_1_fragment_4_522	GCA_003966875___contig_1_fragment_4	None	hypothetical protein
GCA_003966875___contig_1_fragment_4_523	GCA_003966875___contig_1_fragment_4	None	hypothetical protein
GCA_003966875___contig_1_fragment_4_524	GCA_003966875___contig_1_fragment_4	None	hypothetical protein
GCA_003966875___contig_1_fragment_4_525	GCA_003966875___contig_1_fragment_4	PF16938.5	Putative phage holin Dp-1
GCA_003966875___contig_1_fragment_4_526	GCA_003966875___contig_1_fragment_4	PF05382.13	Bacteriophage peptidoglycan hydrolase
GCA_001047595___contig_10_fragment_2_60	GCA_001047595___contig_10_fragment_2	VOG14094	sp|A0A0H3CCP8|SOCA_CAUVN Antitoxin SocA
GCA_001047595___contig_10_fragment_2_61	GCA_001047595___contig_10_fragment_2	PF05382.13	Bacteriophage peptidoglycan hydrolase
GCA_001047595___contig_10_fragment_2_62	GCA_001047595___contig_10_fragment_2	PF16938.5	Putative phage holin Dp-1
GCA_001047595___contig_10_fragment_2_63	GCA_001047595___contig_10_fragment_2	PF10779.9	Haemolysin XhlA
GCA_001047595___contig_10_fragment_2_64	GCA_001047595___contig_10_fragment_2	PF09693.10	Phage uncharacterised protein (Phage_XkdX)
GCA_001047595___contig_10_fragment_2_65	GCA_001047595___contig_10_fragment_2	None	hypothetical protein
GCA_001047595___contig_10_fragment_2_66	GCA_001047595___contig_10_fragment_2	None	hypothetical protein
GCA_001047595___contig_10_fragment_2_67	GCA_001047595___contig_10_fragment_2	VOG18935	REFSEQ hypothetical protein
GCA_001047595___contig_10_fragment_2_68	GCA_001047595___contig_10_fragment_2	None	hypothetical protein
GCA_001047595___contig_10_fragment_2_69	GCA_001047595___contig_10_fragment_2	VOG00452	REFSEQ hypothetical protein
GCA_001047595___contig_10_fragment_2_70	GCA_001047595___contig_10_fragment_2	VOG01075	REFSEQ hypothetical protein
GCA_001047595___contig_10_fragment_2_71	GCA_001047595___contig_10_fragment_2	VOG00183	REFSEQ hypothetical protein
GCA_001047595___contig_10_fragment_2_72	GCA_001047595___contig_10_fragment_2	VOG21220	REFSEQ phage tape measure protein
GCA_001047595___contig_10_fragment_2_73	GCA_001047595___contig_10_fragment_2	VOG10276	REFSEQ hypothetical protein
GCA_001047595___contig_10_fragment_2_74	GCA_001047595___contig_10_fragment_2	None	hypothetical protein
GCA_001047595___contig_10_fragment_2_75	GCA_001047595___contig_10_fragment_2	None	hypothetical protein
GCA_001047595___contig_10_fragment_2_76	GCA_001047595___contig_10_fragment_2	VOG01483	REFSEQ major tail protein
GCA_001047595___contig_10_fragment_2_77	GCA_001047595___contig_10_fragment_2	VOG00870	REFSEQ hypothetical protein
GCA_001047595___contig_10_fragment_2_78	GCA_001047595___contig_10_fragment_2	PF11114.8	Minor capsid protein
GCA_001047595___contig_10_fragment_2_79	GCA_001047595___contig_10_fragment_2	VOG04818	sp|Q04769|YG35_BPLLH Uncharacterized protein ORF5
GCA_001047595___contig_10_fragment_2_80	GCA_001047595___contig_10_fragment_2	VOG00918	sp|Q04768|YG34_BPLLH Uncharacterized protein ORF4
GCA_001047595___contig_10_fragment_2_81	GCA_001047595___contig_10_fragment_2	None	hypothetical protein
GCA_001047595___contig_10_fragment_2_82	GCA_001047595___contig_10_fragment_2	VOG00241	sp|P19727|CAPSB_BPT7 Minor capsid protein
GCA_001047595___contig_10_fragment_2_83	GCA_001047595___contig_10_fragment_2	None	hypothetical protein
GCA_001047595___contig_10_fragment_2_84	GCA_001047595___contig_10_fragment_2	PF06810.11	Phage minor structural protein GP20
GCA_001047595___contig_10_fragment_2_85	GCA_001047595___contig_10_fragment_2	VOG01829	sp|Q04765|VSP1_BPLLH Structural protein
GCA_001047595___contig_10_fragment_2_86	GCA_001047595___contig_10_fragment_2	VOG01829	sp|Q04765|VSP1_BPLLH Structural protein
GCA_001047595___contig_10_fragment_2_87	GCA_001047595___contig_10_fragment_2	VOG00639	REFSEQ portal protein
GCA_001047595___contig_10_fragment_2_88	GCA_001047595___contig_10_fragment_2	PF17288.2	Terminase RNAseH like domain
GCA_001047595___contig_10_fragment_2_89	GCA_001047595___contig_10_fragment_2	K06909	xtmB; phage terminase large subunit
GCA_001047595___contig_10_fragment_2_90	GCA_001047595___contig_10_fragment_2	K06909	xtmB; phage terminase large subunit
GCA_001047595___contig_10_fragment_2_91	GCA_001047595___contig_10_fragment_2	K07474	xtmA; phage terminase small subunit
GCA_001047595___contig_10_fragment_2_92	GCA_001047595___contig_10_fragment_2	None	hypothetical protein
GCA_001047595___contig_10_fragment_2_93	GCA_001047595___contig_10_fragment_2	VOG00188	sp|Q03182|RINA_BPPHA Transcriptional activator rinA
GCA_001047595___contig_10_fragment_2_94	GCA_001047595___contig_10_fragment_2	VOG00065	sp|Q38441|YOR5_BPSPP Uncharacterized 10.3 kDa protein in GP2-GP6 intergenic region
GCA_001047595___contig_10_fragment_2_95	GCA_001047595___contig_10_fragment_2	None	hypothetical protein
GCA_001047595___contig_10_fragment_2_96	GCA_001047595___contig_10_fragment_2	None	hypothetical protein
GCA_001047595___contig_10_fragment_2_97	GCA_001047595___contig_10_fragment_2	VOG10295	REFSEQ hypothetical protein
GCA_001047595___contig_10_fragment_2_98	GCA_001047595___contig_10_fragment_2	VOG10294	REFSEQ hypothetical protein
GCA_001047595___contig_10_fragment_2_99	GCA_001047595___contig_10_fragment_2	PF05866.11	Endodeoxyribonuclease RusA
GCA_001047595___contig_10_fragment_2_100	GCA_001047595___contig_10_fragment_2	VOG00404	sp|P9WGD4|SSB_MYCTO Single-stranded DNA-binding protein
GCA_001047595___contig_10_fragment_2_101	GCA_001047595___contig_10_fragment_2	VOG00404	sp|P9WGD4|SSB_MYCTO Single-stranded DNA-binding protein
GCA_001047595___contig_10_fragment_2_102	GCA_001047595___contig_10_fragment_2	None	hypothetical protein
GCA_001047595___contig_10_fragment_2_103	GCA_001047595___contig_10_fragment_2	None	hypothetical protein
GCA_001047595___contig_10_fragment_2_104	GCA_001047595___contig_10_fragment_2	PF09681.10	N-terminal phage replisome organiser (Phage_rep_org_N)
GCA_001047595___contig_10_fragment_2_105	GCA_001047595___contig_10_fragment_2	PF16784.5	Putative HNHc nuclease
GCA_001047595___contig_10_fragment_2_106	GCA_001047595___contig_10_fragment_2	PF12684.7	PDDEXK-like domain of unknown function (DUF3799)
GCA_001047595___contig_10_fragment_2_107	GCA_001047595___contig_10_fragment_2	PF03837.14	RecT family
GCA_001047595___contig_10_fragment_2_108	GCA_001047595___contig_10_fragment_2	None	hypothetical protein
GCA_001047595___contig_10_fragment_2_109	GCA_001047595___contig_10_fragment_2	None	hypothetical protein
GCA_001047595___contig_10_fragment_2_110	GCA_001047595___contig_10_fragment_2	None	hypothetical protein
GCA_001047595___contig_10_fragment_2_111	GCA_001047595___contig_10_fragment_2	None	hypothetical protein
GCA_001047595___contig_10_fragment_2_112	GCA_001047595___contig_10_fragment_2	VOG10124	sp|O34449|YOQD_BACSU SPBc2 prophage-derived putative antirepressor protein YoqD
GCA_001047595___contig_10_fragment_2_113	GCA_001047595___contig_10_fragment_2	K07729	K07729; putative transcriptional regulator
GCA_001047595___contig_10_fragment_2_114	GCA_001047595___contig_10_fragment_2	VOG02771	sp|P03034|RPC1_LAMBD Repressor protein cI
GCA_001047595___contig_10_fragment_2_115	GCA_001047595___contig_10_fragment_2	VOG01271	sp|O31942|YONS_BACSU SPBc2 prophage-derived uncharacterized lipoprotein YonS
GCA_001047595___contig_10_fragment_2_116	GCA_001047595___contig_10_fragment_2	VOG18091	REFSEQ hypothetical protein
GCA_001047595___contig_10_fragment_2_117	GCA_001047595___contig_10_fragment_2	K06400	spoIVCA; site-specific DNA recombinase
GCA_001047595___contig_10_fragment_2_118	GCA_001047595___contig_10_fragment_2	K06400	spoIVCA; site-specific DNA recombinase
GCA_001047595___contig_10_fragment_2_119	GCA_001047595___contig_10_fragment_2	None	hypothetical protein
GCA_001047595___contig_10_fragment_2_120	GCA_001047595___contig_10_fragment_2	K06400	spoIVCA; site-specific DNA recombinase
GCA_001047595___contig_10_fragment_3_135	GCA_001047595___contig_10_fragment_3	PF05382.13	Bacteriophage peptidoglycan hydrolase
GCA_001047595___contig_10_fragment_3_136	GCA_001047595___contig_10_fragment_3	PF16938.5	Putative phage holin Dp-1
GCA_001047595___contig_10_fragment_3_137	GCA_001047595___contig_10_fragment_3	None	hypothetical protein
GCA_001047595___contig_10_fragment_3_138	GCA_001047595___contig_10_fragment_3	None	hypothetical protein
GCA_001047595___contig_10_fragment_3_139	GCA_001047595___contig_10_fragment_3	None	hypothetical protein
GCA_001047595___contig_10_fragment_3_140	GCA_001047595___contig_10_fragment_3	None	hypothetical protein
GCA_001047595___contig_10_fragment_3_141	GCA_001047595___contig_10_fragment_3	None	hypothetical protein
GCA_001047595___contig_10_fragment_3_142	GCA_001047595___contig_10_fragment_3	VOG13479	REFSEQ gp067
GCA_001047595___contig_10_fragment_3_143	GCA_001047595___contig_10_fragment_3	VOG21997	REFSEQ hypothetical protein
GCA_001047595___contig_10_fragment_3_144	GCA_001047595___contig_10_fragment_3	VOG00824	REFSEQ putative antireceptor
GCA_001047595___contig_10_fragment_3_145	GCA_001047595___contig_10_fragment_3	VOG00097	sp|O48459|DIT_BPSPP Distal tail protein
GCA_001047595___contig_10_fragment_3_146	GCA_001047595___contig_10_fragment_3	VOG02632	REFSEQ gp14
GCA_001047595___contig_10_fragment_3_147	GCA_001047595___contig_10_fragment_3	VOG01394	REFSEQ hypothetical protein
GCA_001047595___contig_10_fragment_3_148	GCA_001047595___contig_10_fragment_3	PF12363.8	"Phage tail assembly chaperone protein, TAC"
GCA_001047595___contig_10_fragment_3_149	GCA_001047595___contig_10_fragment_3	VOG00149	sp|A9CRB8|TAIL_BPMR1 Putative tail protein
GCA_001047595___contig_10_fragment_3_150	GCA_001047595___contig_10_fragment_3	VOG00743	sp|O48448|COMPL_BPSPP Tail completion protein gp17
GCA_001047595___contig_10_fragment_3_151	GCA_001047595___contig_10_fragment_3	None	hypothetical protein
GCA_001047595___contig_10_fragment_3_152	GCA_001047595___contig_10_fragment_3	None	hypothetical protein
GCA_001047595___contig_10_fragment_3_153	GCA_001047595___contig_10_fragment_3	K22994	pelX; pectate disaccharide-lyase [EC:4.2.2.9]
GCA_001047595___contig_10_fragment_3_154	GCA_001047595___contig_10_fragment_3	VOG00188	sp|Q03182|RINA_BPPHA Transcriptional activator rinA
GCA_001047595___contig_10_fragment_3_155	GCA_001047595___contig_10_fragment_3	None	hypothetical protein
GCA_001047595___contig_10_fragment_3_156	GCA_001047595___contig_10_fragment_3	None	hypothetical protein
GCA_001047595___contig_10_fragment_3_157	GCA_001047595___contig_10_fragment_3	VOG00459	REFSEQ putative CI-like transcriptional repressor
GCA_001047595___contig_10_fragment_3_158	GCA_001047595___contig_10_fragment_3	None	hypothetical protein
GCA_001047595___contig_10_fragment_3_159	GCA_001047595___contig_10_fragment_3	K09022	"ridA, tdcF, RIDA; 2-iminobutanoate/2-iminopropanoate deaminase [EC:3.5.99.10]"
GCA_001047595___contig_10_fragment_3_160	GCA_001047595___contig_10_fragment_3	K02013	ABC.FEV.A; iron complex transport system ATP-binding protein [EC:7.2.2.-]
GCA_014202715___contig_2_fragment_5_292	GCA_014202715___contig_2_fragment_5	K02013	ABC.FEV.A; iron complex transport system ATP-binding protein [EC:7.2.2.-]
GCA_014202715___contig_2_fragment_5_293	GCA_014202715___contig_2_fragment_5	K09022	"ridA, tdcF, RIDA; 2-iminobutanoate/2-iminopropanoate deaminase [EC:3.5.99.10]"
GCA_014202715___contig_2_fragment_5_294	GCA_014202715___contig_2_fragment_5	None	hypothetical protein
GCA_014202715___contig_2_fragment_5_295	GCA_014202715___contig_2_fragment_5	VOG00459	REFSEQ putative CI-like transcriptional repressor
GCA_014202715___contig_2_fragment_5_296	GCA_014202715___contig_2_fragment_5	None	hypothetical protein
GCA_014202715___contig_2_fragment_5_297	GCA_014202715___contig_2_fragment_5	None	hypothetical protein
GCA_014202715___contig_2_fragment_5_298	GCA_014202715___contig_2_fragment_5	None	hypothetical protein
GCA_014202715___contig_2_fragment_5_299	GCA_014202715___contig_2_fragment_5	VOG00188	sp|Q03182|RINA_BPPHA Transcriptional activator rinA
GCA_014202715___contig_2_fragment_5_300	GCA_014202715___contig_2_fragment_5	K22994	pelX; pectate disaccharide-lyase [EC:4.2.2.9]
GCA_014202715___contig_2_fragment_5_301	GCA_014202715___contig_2_fragment_5	None	hypothetical protein
GCA_014202715___contig_2_fragment_5_302	GCA_014202715___contig_2_fragment_5	None	hypothetical protein
GCA_014202715___contig_2_fragment_5_303	GCA_014202715___contig_2_fragment_5	VOG00743	sp|O48448|COMPL_BPSPP Tail completion protein gp17
GCA_014202715___contig_2_fragment_5_304	GCA_014202715___contig_2_fragment_5	VOG00149	sp|A9CRB8|TAIL_BPMR1 Putative tail protein
GCA_014202715___contig_2_fragment_5_305	GCA_014202715___contig_2_fragment_5	PF12363.8	"Phage tail assembly chaperone protein, TAC"
GCA_014202715___contig_2_fragment_5_306	GCA_014202715___contig_2_fragment_5	VOG01394	REFSEQ hypothetical protein
GCA_014202715___contig_2_fragment_5_307	GCA_014202715___contig_2_fragment_5	VOG02632	REFSEQ gp14
GCA_014202715___contig_2_fragment_5_308	GCA_014202715___contig_2_fragment_5	VOG00097	sp|O48459|DIT_BPSPP Distal tail protein
GCA_014202715___contig_2_fragment_5_309	GCA_014202715___contig_2_fragment_5	VOG00824	REFSEQ putative antireceptor
GCA_014202715___contig_2_fragment_5_310	GCA_014202715___contig_2_fragment_5	VOG21997	REFSEQ hypothetical protein
GCA_014202715___contig_2_fragment_5_311	GCA_014202715___contig_2_fragment_5	VOG13479	REFSEQ gp067
GCA_014202715___contig_2_fragment_5_312	GCA_014202715___contig_2_fragment_5	None	hypothetical protein
GCA_014202715___contig_2_fragment_5_313	GCA_014202715___contig_2_fragment_5	None	hypothetical protein
GCA_014202715___contig_2_fragment_5_314	GCA_014202715___contig_2_fragment_5	None	hypothetical protein
GCA_014202715___contig_2_fragment_5_315	GCA_014202715___contig_2_fragment_5	None	hypothetical protein
GCA_014202715___contig_2_fragment_5_316	GCA_014202715___contig_2_fragment_5	None	hypothetical protein
GCA_014202715___contig_2_fragment_5_317	GCA_014202715___contig_2_fragment_5	PF16938.5	Putative phage holin Dp-1
GCA_014202715___contig_2_fragment_5_318	GCA_014202715___contig_2_fragment_5	PF05382.13	Bacteriophage peptidoglycan hydrolase
GCA_014202715___contig_2_fragment_6_334	GCA_014202715___contig_2_fragment_6	K06400	spoIVCA; site-specific DNA recombinase
GCA_014202715___contig_2_fragment_6_335	GCA_014202715___contig_2_fragment_6	None	hypothetical protein
GCA_014202715___contig_2_fragment_6_336	GCA_014202715___contig_2_fragment_6	K06400	spoIVCA; site-specific DNA recombinase
GCA_014202715___contig_2_fragment_6_337	GCA_014202715___contig_2_fragment_6	K06400	spoIVCA; site-specific DNA recombinase
GCA_014202715___contig_2_fragment_6_338	GCA_014202715___contig_2_fragment_6	VOG18091	REFSEQ hypothetical protein
GCA_014202715___contig_2_fragment_6_339	GCA_014202715___contig_2_fragment_6	VOG01271	sp|O31942|YONS_BACSU SPBc2 prophage-derived uncharacterized lipoprotein YonS
GCA_014202715___contig_2_fragment_6_340	GCA_014202715___contig_2_fragment_6	VOG02771	sp|P03034|RPC1_LAMBD Repressor protein cI
GCA_014202715___contig_2_fragment_6_341	GCA_014202715___contig_2_fragment_6	K07729	K07729; putative transcriptional regulator
GCA_014202715___contig_2_fragment_6_342	GCA_014202715___contig_2_fragment_6	VOG10124	sp|O34449|YOQD_BACSU SPBc2 prophage-derived putative antirepressor protein YoqD
GCA_014202715___contig_2_fragment_6_343	GCA_014202715___contig_2_fragment_6	None	hypothetical protein
GCA_014202715___contig_2_fragment_6_344	GCA_014202715___contig_2_fragment_6	None	hypothetical protein
GCA_014202715___contig_2_fragment_6_345	GCA_014202715___contig_2_fragment_6	None	hypothetical protein
GCA_014202715___contig_2_fragment_6_346	GCA_014202715___contig_2_fragment_6	None	hypothetical protein
GCA_014202715___contig_2_fragment_6_347	GCA_014202715___contig_2_fragment_6	PF03837.14	RecT family
GCA_014202715___contig_2_fragment_6_348	GCA_014202715___contig_2_fragment_6	PF12684.7	PDDEXK-like domain of unknown function (DUF3799)
GCA_014202715___contig_2_fragment_6_349	GCA_014202715___contig_2_fragment_6	PF16784.5	Putative HNHc nuclease
GCA_014202715___contig_2_fragment_6_350	GCA_014202715___contig_2_fragment_6	None	hypothetical protein
GCA_014202715___contig_2_fragment_6_351	GCA_014202715___contig_2_fragment_6	None	hypothetical protein
GCA_014202715___contig_2_fragment_6_352	GCA_014202715___contig_2_fragment_6	VOG00404	sp|P9WGD4|SSB_MYCTO Single-stranded DNA-binding protein
GCA_014202715___contig_2_fragment_6_353	GCA_014202715___contig_2_fragment_6	VOG00404	sp|P9WGD4|SSB_MYCTO Single-stranded DNA-binding protein
GCA_014202715___contig_2_fragment_6_354	GCA_014202715___contig_2_fragment_6	PF05866.11	Endodeoxyribonuclease RusA
GCA_014202715___contig_2_fragment_6_355	GCA_014202715___contig_2_fragment_6	VOG10294	REFSEQ hypothetical protein
GCA_014202715___contig_2_fragment_6_356	GCA_014202715___contig_2_fragment_6	VOG10295	REFSEQ hypothetical protein
GCA_014202715___contig_2_fragment_6_357	GCA_014202715___contig_2_fragment_6	None	hypothetical protein
GCA_014202715___contig_2_fragment_6_358	GCA_014202715___contig_2_fragment_6	None	hypothetical protein
GCA_014202715___contig_2_fragment_6_359	GCA_014202715___contig_2_fragment_6	VOG00065	sp|Q38441|YOR5_BPSPP Uncharacterized 10.3 kDa protein in GP2-GP6 intergenic region
GCA_014202715___contig_2_fragment_6_360	GCA_014202715___contig_2_fragment_6	VOG00188	sp|Q03182|RINA_BPPHA Transcriptional activator rinA
GCA_014202715___contig_2_fragment_6_361	GCA_014202715___contig_2_fragment_6	None	hypothetical protein
GCA_014202715___contig_2_fragment_6_362	GCA_014202715___contig_2_fragment_6	K07474	xtmA; phage terminase small subunit
GCA_014202715___contig_2_fragment_6_363	GCA_014202715___contig_2_fragment_6	K06909	xtmB; phage terminase large subunit
GCA_014202715___contig_2_fragment_6_364	GCA_014202715___contig_2_fragment_6	K06909	xtmB; phage terminase large subunit
GCA_014202715___contig_2_fragment_6_365	GCA_014202715___contig_2_fragment_6	PF17288.2	Terminase RNAseH like domain
GCA_014202715___contig_2_fragment_6_366	GCA_014202715___contig_2_fragment_6	VOG00639	REFSEQ portal protein
GCA_014202715___contig_2_fragment_6_367	GCA_014202715___contig_2_fragment_6	VOG01829	sp|Q04765|VSP1_BPLLH Structural protein
GCA_014202715___contig_2_fragment_6_368	GCA_014202715___contig_2_fragment_6	VOG01829	sp|Q04765|VSP1_BPLLH Structural protein
GCA_014202715___contig_2_fragment_6_369	GCA_014202715___contig_2_fragment_6	PF06810.11	Phage minor structural protein GP20
GCA_014202715___contig_2_fragment_6_370	GCA_014202715___contig_2_fragment_6	None	hypothetical protein
GCA_014202715___contig_2_fragment_6_371	GCA_014202715___contig_2_fragment_6	VOG00241	sp|P19727|CAPSB_BPT7 Minor capsid protein
GCA_014202715___contig_2_fragment_6_372	GCA_014202715___contig_2_fragment_6	None	hypothetical protein
GCA_014202715___contig_2_fragment_6_373	GCA_014202715___contig_2_fragment_6	VOG00918	sp|Q04768|YG34_BPLLH Uncharacterized protein ORF4
GCA_014202715___contig_2_fragment_6_374	GCA_014202715___contig_2_fragment_6	VOG04818	sp|Q04769|YG35_BPLLH Uncharacterized protein ORF5
GCA_014202715___contig_2_fragment_6_375	GCA_014202715___contig_2_fragment_6	PF11114.8	Minor capsid protein
GCA_014202715___contig_2_fragment_6_376	GCA_014202715___contig_2_fragment_6	VOG00870	REFSEQ hypothetical protein
GCA_014202715___contig_2_fragment_6_377	GCA_014202715___contig_2_fragment_6	VOG01483	REFSEQ major tail protein
GCA_014202715___contig_2_fragment_6_378	GCA_014202715___contig_2_fragment_6	None	hypothetical protein
GCA_014202715___contig_2_fragment_6_379	GCA_014202715___contig_2_fragment_6	VOG10276	REFSEQ hypothetical protein
GCA_014202715___contig_2_fragment_6_380	GCA_014202715___contig_2_fragment_6	VOG21220	REFSEQ phage tape measure protein
GCA_014202715___contig_2_fragment_6_381	GCA_014202715___contig_2_fragment_6	VOG00183	REFSEQ hypothetical protein
GCA_014202715___contig_2_fragment_6_382	GCA_014202715___contig_2_fragment_6	VOG01075	REFSEQ hypothetical protein
GCA_014202715___contig_2_fragment_6_383	GCA_014202715___contig_2_fragment_6	VOG00452	REFSEQ hypothetical protein
GCA_014202715___contig_2_fragment_6_384	GCA_014202715___contig_2_fragment_6	None	hypothetical protein
GCA_014202715___contig_2_fragment_6_385	GCA_014202715___contig_2_fragment_6	VOG18935	REFSEQ hypothetical protein
GCA_014202715___contig_2_fragment_6_386	GCA_014202715___contig_2_fragment_6	None	hypothetical protein
GCA_014202715___contig_2_fragment_6_387	GCA_014202715___contig_2_fragment_6	None	hypothetical protein
GCA_014202715___contig_2_fragment_6_388	GCA_014202715___contig_2_fragment_6	PF09693.10	Phage uncharacterised protein (Phage_XkdX)
GCA_014202715___contig_2_fragment_6_389	GCA_014202715___contig_2_fragment_6	PF10779.9	Haemolysin XhlA
GCA_014202715___contig_2_fragment_6_390	GCA_014202715___contig_2_fragment_6	PF16938.5	Putative phage holin Dp-1
GCA_014202715___contig_2_fragment_6_391	GCA_014202715___contig_2_fragment_6	PF05382.13	Bacteriophage peptidoglycan hydrolase
GCA_014202715___contig_2_fragment_6_392	GCA_014202715___contig_2_fragment_6	VOG14094	sp|A0A0H3CCP8|SOCA_CAUVN Antitoxin SocA
GCA_025728645___contig_27_1	GCA_025728645___contig_27	None	hypothetical protein
GCA_025728645___contig_27_2	GCA_025728645___contig_27	None	hypothetical protein
GCA_025728645___contig_27_3	GCA_025728645___contig_27	None	hypothetical protein
GCA_025728645___contig_27_4	GCA_025728645___contig_27	PF09693.10	Phage uncharacterised protein (Phage_XkdX)
GCA_025728595___contig_25_1	GCA_025728595___contig_25	VOG21220	REFSEQ phage tape measure protein
GCA_025728595___contig_25_2	GCA_025728595___contig_25	None	hypothetical protein
GCA_025728595___contig_25_3	GCA_025728595___contig_25	None	hypothetical protein
GCA_025728595___contig_25_4	GCA_025728595___contig_25	VOG01397	REFSEQ major tail protein
GCA_025728695___contig_141_1	GCA_025728695___contig_141	None	hypothetical protein
GCA_025728695___contig_141_2	GCA_025728695___contig_141	VOG00361	sp|P10426|YIM2_BPPH1 Uncharacterized immunity region protein 2
GCA_025728695___contig_141_3	GCA_025728695___contig_141	VOG02771	sp|P03034|RPC1_LAMBD Repressor protein cI
GCA_025728695___contig_141_4	GCA_025728695___contig_141	None	hypothetical protein
GCA_025728695___contig_141_5	GCA_025728695___contig_141	None	hypothetical protein
MP_ONT231___contig_3_1	MP_ONT231___contig_3	K07467	rstA1; phage replication initiation protein
MP_ONT231___contig_3_2	MP_ONT231___contig_3	None	hypothetical protein
MP_ONT231___contig_3_3	MP_ONT231___contig_3	None	hypothetical protein
MP_ONT231___contig_3_4	MP_ONT231___contig_3	None	hypothetical protein
MP_ONT231___contig_3_5	MP_ONT231___contig_3	PF07564.11	Domain of Unknown Function (DUF1542)
MP_ONT231___contig_3_6	MP_ONT231___contig_3	None	hypothetical protein
MP_ONT231___contig_3_7	MP_ONT231___contig_3	PF00239.21	"Resolvase, N terminal domain"
MP_ONT231___contig_3_8	MP_ONT231___contig_3	VOG19011	REFSEQ hypothetical protein
MP_ONT231___contig_3_9	MP_ONT231___contig_3	None	hypothetical protein
MP_ONT231___contig_3_10	MP_ONT231___contig_3	PF03318.13	Clostridium epsilon toxin ETX/Bacillus mosquitocidal toxin MTX2
MP_ONT231___contig_3_11	MP_ONT231___contig_3	K01972	"E6.5.1.2, ligA, ligB; DNA ligase (NAD+) [EC:6.5.1.2]"
MP_ONT231___contig_3_12	MP_ONT231___contig_3	PF17363.2	Family of unknown function (DUF5388)
MP_ONT231___contig_3_13	MP_ONT231___contig_3	K03496	"parA, soj; chromosome partitioning protein"
MP_ONT231___contig_3_14	MP_ONT231___contig_3	None	hypothetical protein
MP_ONT231___contig_3_15	MP_ONT231___contig_3	None	hypothetical protein
MP_ONT231___contig_3_16	MP_ONT231___contig_3	None	hypothetical protein
MP_ONT231___contig_3_17	MP_ONT231___contig_3	VOG01473	REFSEQ FtsK/SpoIIIE protein
MP_ONT143___contig_3_1	MP_ONT143___contig_3	K07467	rstA1; phage replication initiation protein
MP_ONT143___contig_3_2	MP_ONT143___contig_3	None	hypothetical protein
MP_ONT143___contig_3_3	MP_ONT143___contig_3	None	hypothetical protein
MP_ONT143___contig_3_4	MP_ONT143___contig_3	None	hypothetical protein
MP_ONT143___contig_3_5	MP_ONT143___contig_3	PF07564.11	Domain of Unknown Function (DUF1542)
MP_ONT143___contig_3_6	MP_ONT143___contig_3	None	hypothetical protein
MP_ONT143___contig_3_7	MP_ONT143___contig_3	PF00239.21	"Resolvase, N terminal domain"
MP_ONT143___contig_3_8	MP_ONT143___contig_3	VOG19011	REFSEQ hypothetical protein
MP_ONT143___contig_3_9	MP_ONT143___contig_3	None	hypothetical protein
MP_ONT143___contig_3_10	MP_ONT143___contig_3	PF03318.13	Clostridium epsilon toxin ETX/Bacillus mosquitocidal toxin MTX2
MP_ONT143___contig_3_11	MP_ONT143___contig_3	None	hypothetical protein
MP_ONT143___contig_3_12	MP_ONT143___contig_3	K01972	"E6.5.1.2, ligA, ligB; DNA ligase (NAD+) [EC:6.5.1.2]"
MP_ONT143___contig_3_13	MP_ONT143___contig_3	PF17363.2	Family of unknown function (DUF5388)
MP_ONT143___contig_3_14	MP_ONT143___contig_3	K03496	"parA, soj; chromosome partitioning protein"
MP_ONT143___contig_3_15	MP_ONT143___contig_3	None	hypothetical protein
MP_ONT143___contig_3_16	MP_ONT143___contig_3	None	hypothetical protein
MP_ONT143___contig_3_17	MP_ONT143___contig_3	None	hypothetical protein
MP_ONT143___contig_3_18	MP_ONT143___contig_3	VOG01473	REFSEQ FtsK/SpoIIIE protein
GCA_025728675___contig_18_1	GCA_025728675___contig_18	VOG22086	REFSEQ minor tail protein
GCA_025728675___contig_18_2	GCA_025728675___contig_18	None	hypothetical protein
GCA_025728675___contig_18_3	GCA_025728675___contig_18	None	hypothetical protein
GCA_025728675___contig_18_4	GCA_025728675___contig_18	None	hypothetical protein
GCA_025728675___contig_18_5	GCA_025728675___contig_18	VOG01397	REFSEQ major tail protein
GCA_025728675___contig_18_6	GCA_025728675___contig_18	None	hypothetical protein
GCA_025728675___contig_18_7	GCA_025728675___contig_18	VOG03575	REFSEQ hypothetical protein
GCA_025728675___contig_18_8	GCA_025728675___contig_18	None	hypothetical protein
GCA_025728695___contig_128_1	GCA_025728695___contig_128	VOG14226	REFSEQ hypothetical protein
GCA_025728695___contig_128_2	GCA_025728695___contig_128	VOG00041	sp|O10330|VLF1_NPVOP Very late expression factor 1
GCA_025728695___contig_128_3	GCA_025728695___contig_128	None	hypothetical protein
GCA_025728695___contig_128_4	GCA_025728695___contig_128	None	hypothetical protein
GCA_025728695___contig_128_5	GCA_025728695___contig_128	VOG14094	sp|A0A0H3CCP8|SOCA_CAUVN Antitoxin SocA
GCA_025728645___contig_9_1	GCA_025728645___contig_9	None	hypothetical protein
GCA_025728645___contig_9_2	GCA_025728645___contig_9	None	hypothetical protein
GCA_025728645___contig_9_3	GCA_025728645___contig_9	VOG00523	sp|Q9T1Q7|VP41_BPAPS Putative protein p41
GCA_025728645___contig_9_4	GCA_025728645___contig_9	VOG00399	sp|Q9T1Q4|VP44_BPAPS Putative nuclease p44
GCA_025728645___contig_9_5	GCA_025728645___contig_9	None	hypothetical protein
GCA_025728645___contig_9_6	GCA_025728645___contig_9	PF13479.6	AAA domain
GCA_025728645___contig_9_7	GCA_025728645___contig_9	VOG03001	REFSEQ hypothetical protein
GCA_025728645___contig_9_8	GCA_025728645___contig_9	None	hypothetical protein
GCA_025728645___contig_9_9	GCA_025728645___contig_9	None	hypothetical protein
GCA_025728645___contig_9_10	GCA_025728645___contig_9	VOG00674	REFSEQ putative DNA polymerase
GCA_025728645___contig_9_11	GCA_025728645___contig_9	VOG00724	sp|P10277|PRIM_BPP4 Putative P4-specific DNA primase
GCA_025728645___contig_9_12	GCA_025728645___contig_9	VOG00188	sp|Q03182|RINA_BPPHA Transcriptional activator rinA
GCA_025728645___contig_9_13	GCA_025728645___contig_9	VOG00679	REFSEQ HNH endonuclease
GCA_025728645___contig_9_14	GCA_025728645___contig_9	None	hypothetical protein
GCA_025728645___contig_9_15	GCA_025728645___contig_9	PF03354.15	Phage Terminase
GCA_025728645___contig_9_16	GCA_025728645___contig_9	PF04860.12	Phage portal protein
GCA_025728645___contig_9_17	GCA_025728645___contig_9	K06904	K06904; uncharacterized protein
GCA_025728645___contig_9_18	GCA_025728645___contig_9	PF05065.13	Phage capsid family
GCA_025728645___contig_9_19	GCA_025728645___contig_9	VOG23089	REFSEQ hypothetical protein
GCA_025728645___contig_9_20	GCA_025728645___contig_9	VOG23090	REFSEQ head-tail adaptor
GCA_025728645___contig_9_21	GCA_025728645___contig_9	VOG23091	REFSEQ hypothetical protein
GCA_025728645___contig_9_22	GCA_025728645___contig_9	VOG00973	REFSEQ hypothetical protein
GCA_025728645___contig_9_23	GCA_025728645___contig_9	VOG01397	REFSEQ major tail protein
GCA_025728645___contig_9_24	GCA_025728645___contig_9	None	hypothetical protein
GCA_025728645___contig_9_25	GCA_025728645___contig_9	VOG02333	REFSEQ tail tape measure protein
GCA_025728645___contig_9_26	GCA_025728645___contig_9	None	hypothetical protein
GCA_025728645___contig_9_27	GCA_025728645___contig_9	VOG00824	REFSEQ putative antireceptor
MP_LCAL0054___contig_3_1	MP_LCAL0054___contig_3	K07467	rstA1; phage replication initiation protein
MP_LCAL0054___contig_3_2	MP_LCAL0054___contig_3	None	hypothetical protein
MP_LCAL0054___contig_3_3	MP_LCAL0054___contig_3	None	hypothetical protein
MP_LCAL0054___contig_3_4	MP_LCAL0054___contig_3	None	hypothetical protein
MP_LCAL0054___contig_3_5	MP_LCAL0054___contig_3	PF07564.11	Domain of Unknown Function (DUF1542)
MP_LCAL0054___contig_3_6	MP_LCAL0054___contig_3	None	hypothetical protein
MP_LCAL0054___contig_3_7	MP_LCAL0054___contig_3	PF00239.21	"Resolvase, N terminal domain"
MP_LCAL0054___contig_3_8	MP_LCAL0054___contig_3	VOG19011	REFSEQ hypothetical protein
MP_LCAL0054___contig_3_9	MP_LCAL0054___contig_3	None	hypothetical protein
MP_LCAL0054___contig_3_10	MP_LCAL0054___contig_3	PF03318.13	Clostridium epsilon toxin ETX/Bacillus mosquitocidal toxin MTX2
MP_LCAL0054___contig_3_11	MP_LCAL0054___contig_3	K01972	"E6.5.1.2, ligA, ligB; DNA ligase (NAD+) [EC:6.5.1.2]"
MP_LCAL0054___contig_3_12	MP_LCAL0054___contig_3	PF17363.2	Family of unknown function (DUF5388)
MP_LCAL0054___contig_3_13	MP_LCAL0054___contig_3	K03496	"parA, soj; chromosome partitioning protein"
MP_LCAL0054___contig_3_14	MP_LCAL0054___contig_3	None	hypothetical protein
MP_LCAL0054___contig_3_15	MP_LCAL0054___contig_3	None	hypothetical protein
MP_LCAL0054___contig_3_16	MP_LCAL0054___contig_3	None	hypothetical protein
MP_LCAL0054___contig_3_17	MP_LCAL0054___contig_3	VOG01473	REFSEQ FtsK/SpoIIIE protein
MP_BCQMy205___contig_1_fragment_3_287	MP_BCQMy205___contig_1_fragment_3	VOG00041	sp|O10330|VLF1_NPVOP Very late expression factor 1
MP_BCQMy205___contig_1_fragment_3_288	MP_BCQMy205___contig_1_fragment_3	VOG03321	REFSEQ hypothetical protein
MP_BCQMy205___contig_1_fragment_3_289	MP_BCQMy205___contig_1_fragment_3	VOG00361	sp|P10426|YIM2_BPPH1 Uncharacterized immunity region protein 2
MP_BCQMy205___contig_1_fragment_3_290	MP_BCQMy205___contig_1_fragment_3	VOG02771	sp|P03034|RPC1_LAMBD Repressor protein cI
MP_BCQMy205___contig_1_fragment_3_291	MP_BCQMy205___contig_1_fragment_3	None	hypothetical protein
MP_BCQMy205___contig_1_fragment_3_292	MP_BCQMy205___contig_1_fragment_3	None	hypothetical protein
MP_BCQMy205___contig_1_fragment_3_293	MP_BCQMy205___contig_1_fragment_3	None	hypothetical protein
MP_BCQMy205___contig_1_fragment_3_294	MP_BCQMy205___contig_1_fragment_3	None	hypothetical protein
MP_BCQMy205___contig_1_fragment_3_295	MP_BCQMy205___contig_1_fragment_3	None	hypothetical protein
MP_BCQMy205___contig_1_fragment_3_296	MP_BCQMy205___contig_1_fragment_3	None	hypothetical protein
MP_BCQMy205___contig_1_fragment_3_297	MP_BCQMy205___contig_1_fragment_3	None	hypothetical protein
MP_BCQMy205___contig_1_fragment_3_298	MP_BCQMy205___contig_1_fragment_3	VOG00523	sp|Q9T1Q7|VP41_BPAPS Putative protein p41
MP_BCQMy205___contig_1_fragment_3_299	MP_BCQMy205___contig_1_fragment_3	VOG00399	sp|Q9T1Q4|VP44_BPAPS Putative nuclease p44
MP_BCQMy205___contig_1_fragment_3_300	MP_BCQMy205___contig_1_fragment_3	None	hypothetical protein
MP_BCQMy205___contig_1_fragment_3_301	MP_BCQMy205___contig_1_fragment_3	PF13479.6	AAA domain
MP_BCQMy205___contig_1_fragment_3_302	MP_BCQMy205___contig_1_fragment_3	VOG03001	REFSEQ hypothetical protein
MP_BCQMy205___contig_1_fragment_3_303	MP_BCQMy205___contig_1_fragment_3	None	hypothetical protein
MP_BCQMy205___contig_1_fragment_3_304	MP_BCQMy205___contig_1_fragment_3	None	hypothetical protein
MP_BCQMy205___contig_1_fragment_3_305	MP_BCQMy205___contig_1_fragment_3	VOG00674	REFSEQ putative DNA polymerase
MP_BCQMy205___contig_1_fragment_3_306	MP_BCQMy205___contig_1_fragment_3	VOG00724	sp|P10277|PRIM_BPP4 Putative P4-specific DNA primase
MP_BCQMy205___contig_1_fragment_3_307	MP_BCQMy205___contig_1_fragment_3	VOG00188	sp|Q03182|RINA_BPPHA Transcriptional activator rinA
MP_BCQMy205___contig_1_fragment_3_308	MP_BCQMy205___contig_1_fragment_3	None	hypothetical protein
MP_BCQMy205___contig_1_fragment_3_309	MP_BCQMy205___contig_1_fragment_3	VOG00679	REFSEQ HNH endonuclease
MP_BCQMy205___contig_1_fragment_3_310	MP_BCQMy205___contig_1_fragment_3	None	hypothetical protein
MP_BCQMy205___contig_1_fragment_3_311	MP_BCQMy205___contig_1_fragment_3	PF03354.15	Phage Terminase
MP_BCQMy205___contig_1_fragment_3_312	MP_BCQMy205___contig_1_fragment_3	PF04860.12	Phage portal protein
MP_BCQMy205___contig_1_fragment_3_313	MP_BCQMy205___contig_1_fragment_3	K06904	K06904; uncharacterized protein
MP_BCQMy205___contig_1_fragment_3_314	MP_BCQMy205___contig_1_fragment_3	PF05065.13	Phage capsid family
MP_BCQMy205___contig_1_fragment_3_315	MP_BCQMy205___contig_1_fragment_3	VOG23089	REFSEQ hypothetical protein
MP_BCQMy205___contig_1_fragment_3_316	MP_BCQMy205___contig_1_fragment_3	VOG23090	REFSEQ head-tail adaptor
MP_BCQMy205___contig_1_fragment_3_317	MP_BCQMy205___contig_1_fragment_3	VOG23091	REFSEQ hypothetical protein
MP_BCQMy205___contig_1_fragment_3_318	MP_BCQMy205___contig_1_fragment_3	VOG00973	REFSEQ hypothetical protein
MP_BCQMy205___contig_1_fragment_3_319	MP_BCQMy205___contig_1_fragment_3	VOG01397	REFSEQ major tail protein
MP_BCQMy205___contig_1_fragment_3_320	MP_BCQMy205___contig_1_fragment_3	None	hypothetical protein
MP_BCQMy205___contig_1_fragment_3_321	MP_BCQMy205___contig_1_fragment_3	VOG02333	REFSEQ tail tape measure protein
MP_BCQMy205___contig_1_fragment_3_322	MP_BCQMy205___contig_1_fragment_3	None	hypothetical protein
MP_BCQMy205___contig_1_fragment_3_323	MP_BCQMy205___contig_1_fragment_3	VOG00824	REFSEQ putative antireceptor
MP_BCQMy205___contig_1_fragment_3_324	MP_BCQMy205___contig_1_fragment_3	VOG13479	REFSEQ gp067
MP_BCQMy205___contig_1_fragment_3_325	MP_BCQMy205___contig_1_fragment_3	None	hypothetical protein
MP_BCQMy205___contig_1_fragment_3_326	MP_BCQMy205___contig_1_fragment_3	None	hypothetical protein
MP_BCQMy205___contig_1_fragment_3_327	MP_BCQMy205___contig_1_fragment_3	PF10779.9	Haemolysin XhlA
MP_BCQMy205___contig_1_fragment_3_328	MP_BCQMy205___contig_1_fragment_3	PF16938.5	Putative phage holin Dp-1
MP_BCQMy205___contig_1_fragment_3_329	MP_BCQMy205___contig_1_fragment_3	PF05382.13	Bacteriophage peptidoglycan hydrolase
MP_BCQMy205___contig_1_fragment_5_447	MP_BCQMy205___contig_1_fragment_5	K06977	K06977; uncharacterized protein
MP_BCQMy205___contig_1_fragment_5_448	MP_BCQMy205___contig_1_fragment_5	None	hypothetical protein
MP_BCQMy205___contig_1_fragment_5_449	MP_BCQMy205___contig_1_fragment_5	PF08282.12	haloacid dehalogenase-like hydrolase
MP_BCQMy205___contig_1_fragment_5_450	MP_BCQMy205___contig_1_fragment_5	VOG00041	sp|O10330|VLF1_NPVOP Very late expression factor 1
MP_BCQMy205___contig_1_fragment_5_451	MP_BCQMy205___contig_1_fragment_5	None	hypothetical protein
MP_BCQMy205___contig_1_fragment_5_452	MP_BCQMy205___contig_1_fragment_5	PF07553.11	Host cell surface-exposed lipoprotein
MP_BCQMy205___contig_1_fragment_5_453	MP_BCQMy205___contig_1_fragment_5	VOG20253	REFSEQ hypothetical protein
MP_BCQMy205___contig_1_fragment_5_454	MP_BCQMy205___contig_1_fragment_5	None	hypothetical protein
MP_BCQMy205___contig_1_fragment_5_455	MP_BCQMy205___contig_1_fragment_5	VOG10124	sp|O34449|YOQD_BACSU SPBc2 prophage-derived putative antirepressor protein YoqD
MP_BCQMy205___contig_1_fragment_5_456	MP_BCQMy205___contig_1_fragment_5	None	hypothetical protein
MP_BCQMy205___contig_1_fragment_5_457	MP_BCQMy205___contig_1_fragment_5	None	hypothetical protein
MP_BCQMy205___contig_1_fragment_5_458	MP_BCQMy205___contig_1_fragment_5	K07741	antB; anti-repressor protein
MP_BCQMy205___contig_1_fragment_5_459	MP_BCQMy205___contig_1_fragment_5	None	hypothetical protein
MP_BCQMy205___contig_1_fragment_5_460	MP_BCQMy205___contig_1_fragment_5	None	hypothetical protein
MP_BCQMy205___contig_1_fragment_5_461	MP_BCQMy205___contig_1_fragment_5	None	hypothetical protein
MP_BCQMy205___contig_1_fragment_5_462	MP_BCQMy205___contig_1_fragment_5	K07741	antB; anti-repressor protein
MP_BCQMy205___contig_1_fragment_5_463	MP_BCQMy205___contig_1_fragment_5	None	hypothetical protein
MP_BCQMy205___contig_1_fragment_5_464	MP_BCQMy205___contig_1_fragment_5	None	hypothetical protein
MP_BCQMy205___contig_1_fragment_5_465	MP_BCQMy205___contig_1_fragment_5	None	hypothetical protein
MP_BCQMy205___contig_1_fragment_5_466	MP_BCQMy205___contig_1_fragment_5	None	hypothetical protein
MP_BCQMy205___contig_1_fragment_5_467	MP_BCQMy205___contig_1_fragment_5	None	hypothetical protein
MP_BCQMy205___contig_1_fragment_5_468	MP_BCQMy205___contig_1_fragment_5	None	hypothetical protein
MP_BCQMy205___contig_1_fragment_5_469	MP_BCQMy205___contig_1_fragment_5	PF03837.14	RecT family
MP_BCQMy205___contig_1_fragment_5_470	MP_BCQMy205___contig_1_fragment_5	PF12684.7	PDDEXK-like domain of unknown function (DUF3799)
MP_BCQMy205___contig_1_fragment_5_471	MP_BCQMy205___contig_1_fragment_5	PF16784.5	Putative HNHc nuclease
MP_BCQMy205___contig_1_fragment_5_472	MP_BCQMy205___contig_1_fragment_5	VOG21431	REFSEQ hypothetical protein
MP_BCQMy205___contig_1_fragment_5_473	MP_BCQMy205___contig_1_fragment_5	None	hypothetical protein
MP_BCQMy205___contig_1_fragment_5_474	MP_BCQMy205___contig_1_fragment_5	VOG00404	sp|P9WGD4|SSB_MYCTO Single-stranded DNA-binding protein
MP_BCQMy205___contig_1_fragment_5_475	MP_BCQMy205___contig_1_fragment_5	VOG01162	sp|O34055|ARPU_BPO12 Putative autolysin regulatory protein ArpU
MP_BCQMy205___contig_1_fragment_5_476	MP_BCQMy205___contig_1_fragment_5	None	hypothetical protein
MP_BCQMy205___contig_1_fragment_5_477	MP_BCQMy205___contig_1_fragment_5	VOG01156	REFSEQ hypothetical protein
MP_BCQMy205___contig_1_fragment_5_478	MP_BCQMy205___contig_1_fragment_5	None	hypothetical protein
MP_BCQMy205___contig_1_fragment_5_479	MP_BCQMy205___contig_1_fragment_5	None	hypothetical protein
MP_BCQMy205___contig_1_fragment_5_480	MP_BCQMy205___contig_1_fragment_5	VOG00962	REFSEQ hypothetical protein
MP_BCQMy205___contig_1_fragment_5_481	MP_BCQMy205___contig_1_fragment_5	VOG00687	REFSEQ terminase small subunit
MP_BCQMy205___contig_1_fragment_5_482	MP_BCQMy205___contig_1_fragment_5	VOG04497	REFSEQ putative terminase small subunit
MP_BCQMy205___contig_1_fragment_5_483	MP_BCQMy205___contig_1_fragment_5	PF04860.12	Phage portal protein
MP_BCQMy205___contig_1_fragment_5_484	MP_BCQMy205___contig_1_fragment_5	K06904	K06904; uncharacterized protein
MP_BCQMy205___contig_1_fragment_5_485	MP_BCQMy205___contig_1_fragment_5	VOG13487	REFSEQ major capsid L
MP_BCQMy205___contig_1_fragment_5_486	MP_BCQMy205___contig_1_fragment_5	VOG00181	REFSEQ hypothetical protein
MP_BCQMy205___contig_1_fragment_5_487	MP_BCQMy205___contig_1_fragment_5	VOG00066	sp|O48446|HCP16_BPSPP Head completion protein gp16
MP_BCQMy205___contig_1_fragment_5_488	MP_BCQMy205___contig_1_fragment_5	VOG03575	REFSEQ hypothetical protein
MP_BCQMy205___contig_1_fragment_5_489	MP_BCQMy205___contig_1_fragment_5	None	hypothetical protein
MP_BCQMy205___contig_1_fragment_5_490	MP_BCQMy205___contig_1_fragment_5	VOG01397	REFSEQ major tail protein
MP_BCQMy205___contig_1_fragment_5_491	MP_BCQMy205___contig_1_fragment_5	None	hypothetical protein
MP_BCQMy205___contig_1_fragment_5_492	MP_BCQMy205___contig_1_fragment_5	None	hypothetical protein
MP_BCQMy205___contig_1_fragment_5_493	MP_BCQMy205___contig_1_fragment_5	VOG04056	REFSEQ hypothetical protein
MP_BCQMy205___contig_1_fragment_5_494	MP_BCQMy205___contig_1_fragment_5	VOG01075	REFSEQ hypothetical protein
MP_BCQMy205___contig_1_fragment_5_495	MP_BCQMy205___contig_1_fragment_5	PF06605.11	Prophage endopeptidase tail
MP_BCQMy205___contig_1_fragment_5_496	MP_BCQMy205___contig_1_fragment_5	None	hypothetical protein
MP_BCQMy205___contig_1_fragment_5_497	MP_BCQMy205___contig_1_fragment_5	None	hypothetical protein
MP_BCQMy205___contig_1_fragment_5_498	MP_BCQMy205___contig_1_fragment_5	VOG18935	REFSEQ hypothetical protein
MP_BCQMy205___contig_1_fragment_5_499	MP_BCQMy205___contig_1_fragment_5	None	hypothetical protein
MP_BCQMy205___contig_1_fragment_5_500	MP_BCQMy205___contig_1_fragment_5	None	hypothetical protein
MP_BCQMy205___contig_1_fragment_5_501	MP_BCQMy205___contig_1_fragment_5	PF09693.10	Phage uncharacterised protein (Phage_XkdX)
MP_BCQMy205___contig_1_fragment_5_502	MP_BCQMy205___contig_1_fragment_5	PF10779.9	Haemolysin XhlA
MP_BCQMy205___contig_1_fragment_5_503	MP_BCQMy205___contig_1_fragment_5	PF16938.5	Putative phage holin Dp-1
MP_BCQMy205___contig_1_fragment_5_504	MP_BCQMy205___contig_1_fragment_5	K07273	acm; lysozyme
MP_BCQMy205___contig_1_fragment_5_505	MP_BCQMy205___contig_1_fragment_5	None	hypothetical protein
MP_BCQMy205___contig_1_fragment_5_506	MP_BCQMy205___contig_1_fragment_5	VOG14226	REFSEQ hypothetical protein
MP_BCQMy205___contig_1_fragment_11_1114	MP_BCQMy205___contig_1_fragment_11	VOG00041	sp|O10330|VLF1_NPVOP Very late expression factor 1
MP_BCQMy205___contig_1_fragment_11_1115	MP_BCQMy205___contig_1_fragment_11	None	hypothetical protein
MP_BCQMy205___contig_1_fragment_11_1116	MP_BCQMy205___contig_1_fragment_11	None	hypothetical protein
MP_BCQMy205___contig_1_fragment_11_1117	MP_BCQMy205___contig_1_fragment_11	None	hypothetical protein
MP_BCQMy205___contig_1_fragment_11_1118	MP_BCQMy205___contig_1_fragment_11	VOG14094	sp|A0A0H3CCP8|SOCA_CAUVN Antitoxin SocA
MP_BCQMy205___contig_1_fragment_11_1119	MP_BCQMy205___contig_1_fragment_11	K07273	acm; lysozyme
MP_BCQMy205___contig_1_fragment_11_1120	MP_BCQMy205___contig_1_fragment_11	PF16938.5	Putative phage holin Dp-1
MP_BCQMy205___contig_1_fragment_11_1121	MP_BCQMy205___contig_1_fragment_11	None	hypothetical protein
MP_BCQMy205___contig_1_fragment_11_1122	MP_BCQMy205___contig_1_fragment_11	PF09693.10	Phage uncharacterised protein (Phage_XkdX)
MP_BCQMy205___contig_1_fragment_11_1123	MP_BCQMy205___contig_1_fragment_11	None	hypothetical protein
MP_BCQMy205___contig_1_fragment_11_1124	MP_BCQMy205___contig_1_fragment_11	None	hypothetical protein
MP_BCQMy205___contig_1_fragment_11_1125	MP_BCQMy205___contig_1_fragment_11	VOG18935	REFSEQ hypothetical protein
MP_BCQMy205___contig_1_fragment_11_1126	MP_BCQMy205___contig_1_fragment_11	None	hypothetical protein
MP_BCQMy205___contig_1_fragment_11_1127	MP_BCQMy205___contig_1_fragment_11	None	hypothetical protein
MP_BCQMy205___contig_1_fragment_11_1128	MP_BCQMy205___contig_1_fragment_11	PF06605.11	Prophage endopeptidase tail
MP_BCQMy205___contig_1_fragment_11_1129	MP_BCQMy205___contig_1_fragment_11	VOG01075	REFSEQ hypothetical protein
MP_BCQMy205___contig_1_fragment_11_1130	MP_BCQMy205___contig_1_fragment_11	VOG04056	REFSEQ hypothetical protein
MP_BCQMy205___contig_1_fragment_11_1131	MP_BCQMy205___contig_1_fragment_11	None	hypothetical protein
MP_BCQMy205___contig_1_fragment_11_1132	MP_BCQMy205___contig_1_fragment_11	None	hypothetical protein
MP_BCQMy205___contig_1_fragment_11_1133	MP_BCQMy205___contig_1_fragment_11	VOG01397	REFSEQ major tail protein
MP_BCQMy205___contig_1_fragment_11_1134	MP_BCQMy205___contig_1_fragment_11	None	hypothetical protein
MP_BCQMy205___contig_1_fragment_11_1135	MP_BCQMy205___contig_1_fragment_11	VOG03575	REFSEQ hypothetical protein
MP_BCQMy205___contig_1_fragment_11_1136	MP_BCQMy205___contig_1_fragment_11	VOG00066	sp|O48446|HCP16_BPSPP Head completion protein gp16
MP_BCQMy205___contig_1_fragment_11_1137	MP_BCQMy205___contig_1_fragment_11	VOG00181	REFSEQ hypothetical protein
MP_BCQMy205___contig_1_fragment_11_1138	MP_BCQMy205___contig_1_fragment_11	VOG13487	REFSEQ major capsid L
MP_BCQMy205___contig_1_fragment_11_1139	MP_BCQMy205___contig_1_fragment_11	K06904	K06904; uncharacterized protein
MP_BCQMy205___contig_1_fragment_11_1140	MP_BCQMy205___contig_1_fragment_11	PF04860.12	Phage portal protein
MP_BCQMy205___contig_1_fragment_11_1141	MP_BCQMy205___contig_1_fragment_11	VOG04497	REFSEQ putative terminase small subunit
MP_BCQMy205___contig_1_fragment_11_1142	MP_BCQMy205___contig_1_fragment_11	VOG00687	REFSEQ terminase small subunit
MP_BCQMy205___contig_1_fragment_11_1143	MP_BCQMy205___contig_1_fragment_11	VOG00962	REFSEQ hypothetical protein
MP_BCQMy205___contig_1_fragment_11_1144	MP_BCQMy205___contig_1_fragment_11	None	hypothetical protein
MP_BCQMy205___contig_1_fragment_11_1145	MP_BCQMy205___contig_1_fragment_11	VOG00361	sp|P10426|YIM2_BPPH1 Uncharacterized immunity region protein 2
MP_BCQMy205___contig_1_fragment_11_1146	MP_BCQMy205___contig_1_fragment_11	None	hypothetical protein
MP_BCQMy205___contig_1_fragment_11_1147	MP_BCQMy205___contig_1_fragment_11	VOG01162	sp|O34055|ARPU_BPO12 Putative autolysin regulatory protein ArpU
MP_BCQMy205___contig_1_fragment_11_1148	MP_BCQMy205___contig_1_fragment_11	VOG00404	sp|P9WGD4|SSB_MYCTO Single-stranded DNA-binding protein
MP_BCQMy205___contig_1_fragment_11_1149	MP_BCQMy205___contig_1_fragment_11	None	hypothetical protein
MP_BCQMy205___contig_1_fragment_11_1150	MP_BCQMy205___contig_1_fragment_11	VOG01042	sp|P39787|DNAD_BACSU DNA replication protein DnaD
MP_BCQMy205___contig_1_fragment_11_1151	MP_BCQMy205___contig_1_fragment_11	PF16784.5	Putative HNHc nuclease
MP_BCQMy205___contig_1_fragment_11_1152	MP_BCQMy205___contig_1_fragment_11	VOG09746	sp|P04892|ERF_BPP22 Essential recombination function protein
MP_BCQMy205___contig_1_fragment_11_1153	MP_BCQMy205___contig_1_fragment_11	VOG11084	REFSEQ hypothetical protein
MP_BCQMy205___contig_1_fragment_11_1154	MP_BCQMy205___contig_1_fragment_11	None	hypothetical protein
MP_BCQMy205___contig_1_fragment_11_1155	MP_BCQMy205___contig_1_fragment_11	None	hypothetical protein
MP_BCQMy205___contig_1_fragment_11_1156	MP_BCQMy205___contig_1_fragment_11	None	hypothetical protein
MP_BCQMy205___contig_1_fragment_11_1157	MP_BCQMy205___contig_1_fragment_11	None	hypothetical protein
MP_BCQMy205___contig_1_fragment_11_1158	MP_BCQMy205___contig_1_fragment_11	None	hypothetical protein
MP_BCQMy205___contig_1_fragment_11_1159	MP_BCQMy205___contig_1_fragment_11	None	hypothetical protein
MP_BCQMy205___contig_1_fragment_11_1160	MP_BCQMy205___contig_1_fragment_11	None	hypothetical protein
MP_BCQMy205___contig_1_fragment_11_1161	MP_BCQMy205___contig_1_fragment_11	None	hypothetical protein
MP_BCQMy205___contig_1_fragment_11_1162	MP_BCQMy205___contig_1_fragment_11	None	hypothetical protein
MP_BCQMy205___contig_1_fragment_11_1163	MP_BCQMy205___contig_1_fragment_11	None	hypothetical protein
MP_BCQMy205___contig_1_fragment_11_1164	MP_BCQMy205___contig_1_fragment_11	None	hypothetical protein
MP_BCQMy205___contig_1_fragment_11_1165	MP_BCQMy205___contig_1_fragment_11	None	hypothetical protein
MP_BCQMy205___contig_1_fragment_11_1166	MP_BCQMy205___contig_1_fragment_11	None	hypothetical protein
MP_BCQMy205___contig_1_fragment_11_1167	MP_BCQMy205___contig_1_fragment_11	None	hypothetical protein
MP_BCQMy205___contig_1_fragment_11_1168	MP_BCQMy205___contig_1_fragment_11	None	hypothetical protein
MP_BCQMy205___contig_1_fragment_11_1169	MP_BCQMy205___contig_1_fragment_11	None	hypothetical protein
MP_BCQMy205___contig_1_fragment_11_1170	MP_BCQMy205___contig_1_fragment_11	K07741	antB; anti-repressor protein
MP_BCQMy205___contig_1_fragment_11_1171	MP_BCQMy205___contig_1_fragment_11	VOG14084	REFSEQ hypothetical protein
MP_BCQMy205___contig_1_fragment_11_1172	MP_BCQMy205___contig_1_fragment_11	None	hypothetical protein
MP_BCQMy205___contig_1_fragment_11_1173	MP_BCQMy205___contig_1_fragment_11	None	hypothetical protein
MP_BCQMy205___contig_1_fragment_11_1174	MP_BCQMy205___contig_1_fragment_11	PF01381.22	Helix-turn-helix
MP_BCQMy205___contig_1_fragment_11_1175	MP_BCQMy205___contig_1_fragment_11	VOG20253	REFSEQ hypothetical protein
MP_BCQMy205___contig_1_fragment_12_1191	MP_BCQMy205___contig_1_fragment_12	PF05382.13	Bacteriophage peptidoglycan hydrolase
MP_BCQMy205___contig_1_fragment_12_1192	MP_BCQMy205___contig_1_fragment_12	PF16938.5	Putative phage holin Dp-1
MP_BCQMy205___contig_1_fragment_12_1193	MP_BCQMy205___contig_1_fragment_12	None	hypothetical protein
MP_BCQMy205___contig_1_fragment_12_1194	MP_BCQMy205___contig_1_fragment_12	None	hypothetical protein
MP_BCQMy205___contig_1_fragment_12_1195	MP_BCQMy205___contig_1_fragment_12	None	hypothetical protein
MP_BCQMy205___contig_1_fragment_12_1196	MP_BCQMy205___contig_1_fragment_12	None	hypothetical protein
MP_BCQMy205___contig_1_fragment_12_1197	MP_BCQMy205___contig_1_fragment_12	VOG13479	REFSEQ gp067
MP_BCQMy205___contig_1_fragment_12_1198	MP_BCQMy205___contig_1_fragment_12	VOG00824	REFSEQ putative antireceptor
MP_BCQMy205___contig_1_fragment_12_1199	MP_BCQMy205___contig_1_fragment_12	VOG00097	sp|O48459|DIT_BPSPP Distal tail protein
MP_BCQMy205___contig_1_fragment_12_1200	MP_BCQMy205___contig_1_fragment_12	VOG02632	REFSEQ gp14
MP_BCQMy205___contig_1_fragment_12_1201	MP_BCQMy205___contig_1_fragment_12	VOG01394	REFSEQ hypothetical protein
MP_BCQMy205___contig_1_fragment_12_1202	MP_BCQMy205___contig_1_fragment_12	PF12363.8	"Phage tail assembly chaperone protein, TAC"
MP_BCQMy205___contig_1_fragment_12_1203	MP_BCQMy205___contig_1_fragment_12	VOG00149	sp|A9CRB8|TAIL_BPMR1 Putative tail protein
MP_BCQMy205___contig_1_fragment_12_1204	MP_BCQMy205___contig_1_fragment_12	VOG00743	sp|O48448|COMPL_BPSPP Tail completion protein gp17
MP_BCQMy205___contig_1_fragment_12_1205	MP_BCQMy205___contig_1_fragment_12	None	hypothetical protein
MP_BCQMy205___contig_1_fragment_12_1206	MP_BCQMy205___contig_1_fragment_12	None	hypothetical protein
MP_BCQMy205___contig_1_fragment_12_1207	MP_BCQMy205___contig_1_fragment_12	K22994	pelX; pectate disaccharide-lyase [EC:4.2.2.9]
MP_BCQMy205___contig_1_fragment_12_1208	MP_BCQMy205___contig_1_fragment_12	VOG00188	sp|Q03182|RINA_BPPHA Transcriptional activator rinA
MP_BCQMy205___contig_1_fragment_12_1209	MP_BCQMy205___contig_1_fragment_12	None	hypothetical protein
MP_BCQMy205___contig_1_fragment_12_1210	MP_BCQMy205___contig_1_fragment_12	None	hypothetical protein
MP_BCQMy205___contig_1_fragment_12_1211	MP_BCQMy205___contig_1_fragment_12	VOG00459	REFSEQ putative CI-like transcriptional repressor
MP_BCQMy205___contig_1_fragment_12_1212	MP_BCQMy205___contig_1_fragment_12	None	hypothetical protein
MP_BCQMy205___contig_1_fragment_12_1213	MP_BCQMy205___contig_1_fragment_12	K09022	"ridA, tdcF, RIDA; 2-iminobutanoate/2-iminopropanoate deaminase [EC:3.5.99.10]"
MP_BCQMy205___contig_1_fragment_12_1214	MP_BCQMy205___contig_1_fragment_12	K02013	ABC.FEV.A; iron complex transport system ATP-binding protein [EC:7.2.2.-]
MP_BCQMy205___contig_1_fragment_14_1429	MP_BCQMy205___contig_1_fragment_14	PF01183.20	Glycosyl hydrolases family 25
MP_BCQMy205___contig_1_fragment_14_1430	MP_BCQMy205___contig_1_fragment_14	VOG02762	REFSEQ holin
MP_BCQMy205___contig_1_fragment_14_1431	MP_BCQMy205___contig_1_fragment_14	None	hypothetical protein
MP_BCQMy205___contig_1_fragment_14_1432	MP_BCQMy205___contig_1_fragment_14	PF09693.10	Phage uncharacterised protein (Phage_XkdX)
MP_BCQMy205___contig_1_fragment_14_1433	MP_BCQMy205___contig_1_fragment_14	None	hypothetical protein
MP_BCQMy205___contig_1_fragment_14_1434	MP_BCQMy205___contig_1_fragment_14	None	hypothetical protein
MP_BCQMy205___contig_1_fragment_14_1435	MP_BCQMy205___contig_1_fragment_14	PF18667.1	Baseplate upper protein immunoglobulin like domain
MP_BCQMy205___contig_1_fragment_14_1436	MP_BCQMy205___contig_1_fragment_14	VOG21441	REFSEQ hypothetical protein
MP_BCQMy205___contig_1_fragment_14_1437	MP_BCQMy205___contig_1_fragment_14	None	hypothetical protein
MP_BCQMy205___contig_1_fragment_14_1438	MP_BCQMy205___contig_1_fragment_14	VOG03140	REFSEQ tape measure protein
MP_BCQMy205___contig_1_fragment_14_1439	MP_BCQMy205___contig_1_fragment_14	VOG01394	REFSEQ hypothetical protein
MP_BCQMy205___contig_1_fragment_14_1440	MP_BCQMy205___contig_1_fragment_14	VOG00446	REFSEQ hypothetical protein
MP_BCQMy205___contig_1_fragment_14_1441	MP_BCQMy205___contig_1_fragment_14	VOG03436	REFSEQ conserved structural protein
MP_BCQMy205___contig_1_fragment_14_1442	MP_BCQMy205___contig_1_fragment_14	VOG00149	sp|A9CRB8|TAIL_BPMR1 Putative tail protein
MP_BCQMy205___contig_1_fragment_14_1443	MP_BCQMy205___contig_1_fragment_14	VOG00743	sp|O48448|COMPL_BPSPP Tail completion protein gp17
MP_BCQMy205___contig_1_fragment_14_1444	MP_BCQMy205___contig_1_fragment_14	VOG00973	REFSEQ hypothetical protein
MP_BCQMy205___contig_1_fragment_14_1445	MP_BCQMy205___contig_1_fragment_14	None	hypothetical protein
MP_BCQMy205___contig_1_fragment_14_1446	MP_BCQMy205___contig_1_fragment_14	VOG00283	sp|Q38584|HCP15_BPSPP Head completion protein gp15
MP_BCQMy205___contig_1_fragment_14_1447	MP_BCQMy205___contig_1_fragment_14	None	hypothetical protein
MP_BCQMy205___contig_1_fragment_14_1448	MP_BCQMy205___contig_1_fragment_14	None	hypothetical protein
MP_BCQMy205___contig_1_fragment_14_1449	MP_BCQMy205___contig_1_fragment_14	VOG00686	sp|Q38442|GP7_BPSPP Minor head protein GP7
MP_BCQMy205___contig_1_fragment_14_1450	MP_BCQMy205___contig_1_fragment_14	PF05133.14	"Phage portal protein, SPP1 Gp6-like"
MP_BCQMy205___contig_1_fragment_14_1451	MP_BCQMy205___contig_1_fragment_14	K06909	xtmB; phage terminase large subunit
MP_BCQMy205___contig_1_fragment_14_1452	MP_BCQMy205___contig_1_fragment_14	K07474	xtmA; phage terminase small subunit
MP_BCQMy205___contig_1_fragment_14_1453	MP_BCQMy205___contig_1_fragment_14	None	hypothetical protein
MP_BCQMy205___contig_1_fragment_14_1454	MP_BCQMy205___contig_1_fragment_14	VOG00188	sp|Q03182|RINA_BPPHA Transcriptional activator rinA
MP_BCQMy205___contig_1_fragment_14_1455	MP_BCQMy205___contig_1_fragment_14	VOG00523	sp|Q9T1Q7|VP41_BPAPS Putative protein p41
MP_BCQMy205___contig_1_fragment_14_1456	MP_BCQMy205___contig_1_fragment_14	VOG00399	sp|Q9T1Q4|VP44_BPAPS Putative nuclease p44
MP_BCQMy205___contig_1_fragment_14_1457	MP_BCQMy205___contig_1_fragment_14	VOG00554	REFSEQ hypothetical protein
MP_BCQMy205___contig_1_fragment_14_1458	MP_BCQMy205___contig_1_fragment_14	None	hypothetical protein
MP_BCQMy205___contig_1_fragment_14_1459	MP_BCQMy205___contig_1_fragment_14	None	hypothetical protein
MP_BCQMy205___contig_1_fragment_14_1460	MP_BCQMy205___contig_1_fragment_14	None	hypothetical protein
MP_BCQMy205___contig_1_fragment_14_1461	MP_BCQMy205___contig_1_fragment_14	VOG03658	REFSEQ hypothetical protein
MP_BCQMy205___contig_1_fragment_14_1462	MP_BCQMy205___contig_1_fragment_14	None	hypothetical protein
MP_BCQMy205___contig_1_fragment_14_1463	MP_BCQMy205___contig_1_fragment_14	None	hypothetical protein
MP_BCQMy205___contig_1_fragment_14_1464	MP_BCQMy205___contig_1_fragment_14	K02334	dpo; DNA polymerase bacteriophage-type [EC:2.7.7.7]
MP_BCQMy205___contig_1_fragment_14_1465	MP_BCQMy205___contig_1_fragment_14	None	hypothetical protein
MP_BCQMy205___contig_1_fragment_14_1466	MP_BCQMy205___contig_1_fragment_14	None	hypothetical protein
MP_BCQMy205___contig_1_fragment_14_1467	MP_BCQMy205___contig_1_fragment_14	PF10991.8	Protein of unknown function (DUF2815)
MP_BCQMy205___contig_1_fragment_14_1468	MP_BCQMy205___contig_1_fragment_14	None	hypothetical protein
MP_BCQMy205___contig_1_fragment_14_1469	MP_BCQMy205___contig_1_fragment_14	PF10926.8	Protein of unknown function (DUF2800)
MP_BCQMy205___contig_1_fragment_14_1470	MP_BCQMy205___contig_1_fragment_14	None	hypothetical protein
MP_BCQMy205___contig_1_fragment_14_1471	MP_BCQMy205___contig_1_fragment_14	None	hypothetical protein
MP_BCQMy205___contig_1_fragment_14_1472	MP_BCQMy205___contig_1_fragment_14	VOG03500	REFSEQ hypothetical protein
MP_BCQMy205___contig_1_fragment_14_1473	MP_BCQMy205___contig_1_fragment_14	VOG22001	REFSEQ hypothetical protein
MP_BCQMy205___contig_1_fragment_14_1474	MP_BCQMy205___contig_1_fragment_14	VOG04233	REFSEQ hypothetical protein
MP_BCQMy205___contig_1_fragment_14_1475	MP_BCQMy205___contig_1_fragment_14	VOG17042	REFSEQ hypothetical protein
MP_BCQMy205___contig_1_fragment_14_1476	MP_BCQMy205___contig_1_fragment_14	None	hypothetical protein
MP_BCQMy205___contig_1_fragment_14_1477	MP_BCQMy205___contig_1_fragment_14	None	hypothetical protein
MP_BCQMy205___contig_1_fragment_14_1478	MP_BCQMy205___contig_1_fragment_14	VOG02771	sp|P03034|RPC1_LAMBD Repressor protein cI
MP_BCQMy205___contig_1_fragment_14_1479	MP_BCQMy205___contig_1_fragment_14	VOG00361	sp|P10426|YIM2_BPPH1 Uncharacterized immunity region protein 2
MP_BCQMy205___contig_1_fragment_14_1480	MP_BCQMy205___contig_1_fragment_14	VOG00041	sp|O10330|VLF1_NPVOP Very late expression factor 1
GCA_025728635___contig_1_fragment_4_341	GCA_025728635___contig_1_fragment_4	K03648	"UNG, UDG; uracil-DNA glycosylase [EC:3.2.2.27]"
GCA_025728635___contig_1_fragment_4_342	GCA_025728635___contig_1_fragment_4	PF07927.12	"HicA toxin of bacterial toxin-antitoxin,"
GCA_025728635___contig_1_fragment_4_343	GCA_025728635___contig_1_fragment_4	VOG11403	sp|P51716|YO14_BPHC1 Uncharacterized 14.9 kDa protein in rep-hol intergenic region
GCA_025728635___contig_1_fragment_4_344	GCA_025728635___contig_1_fragment_4	None	hypothetical protein
GCA_025728635___contig_1_fragment_4_345	GCA_025728635___contig_1_fragment_4	None	hypothetical protein
GCA_025728635___contig_1_fragment_4_346	GCA_025728635___contig_1_fragment_4	None	hypothetical protein
GCA_025728635___contig_1_fragment_4_347	GCA_025728635___contig_1_fragment_4	VOG14226	REFSEQ hypothetical protein
GCA_025728635___contig_1_fragment_4_348	GCA_025728635___contig_1_fragment_4	None	hypothetical protein
GCA_025728635___contig_1_fragment_4_349	GCA_025728635___contig_1_fragment_4	K07273	acm; lysozyme
GCA_025728635___contig_1_fragment_4_350	GCA_025728635___contig_1_fragment_4	PF16938.5	Putative phage holin Dp-1
GCA_025728635___contig_1_fragment_4_351	GCA_025728635___contig_1_fragment_4	PF10779.9	Haemolysin XhlA
GCA_025728635___contig_1_fragment_4_352	GCA_025728635___contig_1_fragment_4	PF09693.10	Phage uncharacterised protein (Phage_XkdX)
GCA_025728635___contig_1_fragment_4_353	GCA_025728635___contig_1_fragment_4	None	hypothetical protein
GCA_025728635___contig_1_fragment_4_354	GCA_025728635___contig_1_fragment_4	None	hypothetical protein
GCA_025728635___contig_1_fragment_4_355	GCA_025728635___contig_1_fragment_4	VOG18935	REFSEQ hypothetical protein
GCA_025728635___contig_1_fragment_4_356	GCA_025728635___contig_1_fragment_4	None	hypothetical protein
GCA_025728635___contig_1_fragment_4_357	GCA_025728635___contig_1_fragment_4	None	hypothetical protein
GCA_025728635___contig_1_fragment_4_358	GCA_025728635___contig_1_fragment_4	PF06605.11	Prophage endopeptidase tail
GCA_025728635___contig_1_fragment_4_359	GCA_025728635___contig_1_fragment_4	VOG01075	REFSEQ hypothetical protein
GCA_025728635___contig_1_fragment_4_360	GCA_025728635___contig_1_fragment_4	VOG04056	REFSEQ hypothetical protein
GCA_025728635___contig_1_fragment_4_361	GCA_025728635___contig_1_fragment_4	None	hypothetical protein
GCA_025728635___contig_1_fragment_4_362	GCA_025728635___contig_1_fragment_4	None	hypothetical protein
GCA_025728635___contig_1_fragment_4_363	GCA_025728635___contig_1_fragment_4	VOG01397	REFSEQ major tail protein
GCA_025728635___contig_1_fragment_4_364	GCA_025728635___contig_1_fragment_4	None	hypothetical protein
GCA_025728635___contig_1_fragment_4_365	GCA_025728635___contig_1_fragment_4	VOG03575	REFSEQ hypothetical protein
GCA_025728635___contig_1_fragment_4_366	GCA_025728635___contig_1_fragment_4	VOG00066	sp|O48446|HCP16_BPSPP Head completion protein gp16
GCA_025728635___contig_1_fragment_4_367	GCA_025728635___contig_1_fragment_4	VOG00181	REFSEQ hypothetical protein
GCA_025728635___contig_1_fragment_4_368	GCA_025728635___contig_1_fragment_4	VOG13487	REFSEQ major capsid L
GCA_025728635___contig_1_fragment_4_369	GCA_025728635___contig_1_fragment_4	K06904	K06904; uncharacterized protein
GCA_025728635___contig_1_fragment_4_370	GCA_025728635___contig_1_fragment_4	PF04860.12	Phage portal protein
GCA_025728635___contig_1_fragment_4_371	GCA_025728635___contig_1_fragment_4	VOG04497	REFSEQ putative terminase small subunit
GCA_025728635___contig_1_fragment_4_372	GCA_025728635___contig_1_fragment_4	VOG00687	REFSEQ terminase small subunit
GCA_025728635___contig_1_fragment_4_373	GCA_025728635___contig_1_fragment_4	VOG00962	REFSEQ hypothetical protein
GCA_025728635___contig_1_fragment_4_374	GCA_025728635___contig_1_fragment_4	None	hypothetical protein
GCA_025728635___contig_1_fragment_4_375	GCA_025728635___contig_1_fragment_4	VOG01156	REFSEQ hypothetical protein
GCA_025728635___contig_1_fragment_4_376	GCA_025728635___contig_1_fragment_4	None	hypothetical protein
GCA_025728635___contig_1_fragment_4_377	GCA_025728635___contig_1_fragment_4	VOG01162	sp|O34055|ARPU_BPO12 Putative autolysin regulatory protein ArpU
GCA_025728635___contig_1_fragment_4_378	GCA_025728635___contig_1_fragment_4	VOG00404	sp|P9WGD4|SSB_MYCTO Single-stranded DNA-binding protein
GCA_025728635___contig_1_fragment_4_379	GCA_025728635___contig_1_fragment_4	None	hypothetical protein
GCA_025728635___contig_1_fragment_4_380	GCA_025728635___contig_1_fragment_4	VOG21431	REFSEQ hypothetical protein
GCA_025728635___contig_1_fragment_4_381	GCA_025728635___contig_1_fragment_4	PF16784.5	Putative HNHc nuclease
GCA_025728635___contig_1_fragment_4_382	GCA_025728635___contig_1_fragment_4	PF12684.7	PDDEXK-like domain of unknown function (DUF3799)
GCA_025728635___contig_1_fragment_4_383	GCA_025728635___contig_1_fragment_4	PF03837.14	RecT family
GCA_001047455___contig_5_fragment_1_76	GCA_001047455___contig_5_fragment_1	PF05382.13	Bacteriophage peptidoglycan hydrolase
GCA_001047455___contig_5_fragment_1_77	GCA_001047455___contig_5_fragment_1	PF16938.5	Putative phage holin Dp-1
GCA_001047455___contig_5_fragment_1_78	GCA_001047455___contig_5_fragment_1	None	hypothetical protein
GCA_001047455___contig_5_fragment_1_79	GCA_001047455___contig_5_fragment_1	None	hypothetical protein
GCA_001047455___contig_5_fragment_1_80	GCA_001047455___contig_5_fragment_1	None	hypothetical protein
GCA_001047455___contig_5_fragment_1_81	GCA_001047455___contig_5_fragment_1	None	hypothetical protein
GCA_001047455___contig_5_fragment_1_82	GCA_001047455___contig_5_fragment_1	None	hypothetical protein
GCA_001047455___contig_5_fragment_1_83	GCA_001047455___contig_5_fragment_1	VOG13479	REFSEQ gp067
GCA_001047455___contig_5_fragment_1_84	GCA_001047455___contig_5_fragment_1	VOG21997	REFSEQ hypothetical protein
GCA_001047455___contig_5_fragment_1_85	GCA_001047455___contig_5_fragment_1	VOG00824	REFSEQ putative antireceptor
GCA_001047455___contig_5_fragment_1_86	GCA_001047455___contig_5_fragment_1	VOG00097	sp|O48459|DIT_BPSPP Distal tail protein
GCA_001047455___contig_5_fragment_1_87	GCA_001047455___contig_5_fragment_1	VOG02632	REFSEQ gp14
GCA_001047455___contig_5_fragment_1_88	GCA_001047455___contig_5_fragment_1	VOG01394	REFSEQ hypothetical protein
GCA_001047455___contig_5_fragment_1_89	GCA_001047455___contig_5_fragment_1	PF12363.8	"Phage tail assembly chaperone protein, TAC"
GCA_001047455___contig_5_fragment_1_90	GCA_001047455___contig_5_fragment_1	VOG00149	sp|A9CRB8|TAIL_BPMR1 Putative tail protein
GCA_001047455___contig_5_fragment_1_91	GCA_001047455___contig_5_fragment_1	VOG00743	sp|O48448|COMPL_BPSPP Tail completion protein gp17
GCA_001047455___contig_5_fragment_1_92	GCA_001047455___contig_5_fragment_1	None	hypothetical protein
GCA_001047455___contig_5_fragment_1_93	GCA_001047455___contig_5_fragment_1	None	hypothetical protein
GCA_001047455___contig_5_fragment_1_94	GCA_001047455___contig_5_fragment_1	K22994	pelX; pectate disaccharide-lyase [EC:4.2.2.9]
GCA_001047455___contig_5_fragment_1_95	GCA_001047455___contig_5_fragment_1	K22994	pelX; pectate disaccharide-lyase [EC:4.2.2.9]
GCA_001047455___contig_5_fragment_1_96	GCA_001047455___contig_5_fragment_1	VOG00188	sp|Q03182|RINA_BPPHA Transcriptional activator rinA
GCA_001047455___contig_5_fragment_1_97	GCA_001047455___contig_5_fragment_1	None	hypothetical protein
GCA_001047455___contig_5_fragment_1_98	GCA_001047455___contig_5_fragment_1	None	hypothetical protein
GCA_001047455___contig_5_fragment_1_99	GCA_001047455___contig_5_fragment_1	None	hypothetical protein
GCA_001047455___contig_5_fragment_1_100	GCA_001047455___contig_5_fragment_1	VOG00459	REFSEQ putative CI-like transcriptional repressor
GCA_001047455___contig_5_fragment_1_101	GCA_001047455___contig_5_fragment_1	None	hypothetical protein
GCA_001047455___contig_5_fragment_1_102	GCA_001047455___contig_5_fragment_1	K09022	"ridA, tdcF, RIDA; 2-iminobutanoate/2-iminopropanoate deaminase [EC:3.5.99.10]"
GCA_001047455___contig_5_fragment_1_103	GCA_001047455___contig_5_fragment_1	K02013	ABC.FEV.A; iron complex transport system ATP-binding protein [EC:7.2.2.-]
GCA_009731445___contig_1_fragment_6_789	GCA_009731445___contig_1_fragment_6	VOG14094	sp|A0A0H3CCP8|SOCA_CAUVN Antitoxin SocA
GCA_009731445___contig_1_fragment_6_790	GCA_009731445___contig_1_fragment_6	PF10097.9	Predicted membrane protein (DUF2335)
GCA_009731445___contig_1_fragment_6_791	GCA_009731445___contig_1_fragment_6	None	hypothetical protein
GCA_009731445___contig_1_fragment_6_792	GCA_009731445___contig_1_fragment_6	None	hypothetical protein
GCA_009731445___contig_1_fragment_6_793	GCA_009731445___contig_1_fragment_6	None	hypothetical protein
GCA_009731445___contig_1_fragment_6_794	GCA_009731445___contig_1_fragment_6	K07273	acm; lysozyme
GCA_009731445___contig_1_fragment_6_795	GCA_009731445___contig_1_fragment_6	PF16938.5	Putative phage holin Dp-1
GCA_009731445___contig_1_fragment_6_796	GCA_009731445___contig_1_fragment_6	None	hypothetical protein
GCA_009731445___contig_1_fragment_6_797	GCA_009731445___contig_1_fragment_6	PF09693.10	Phage uncharacterised protein (Phage_XkdX)
GCA_009731445___contig_1_fragment_6_798	GCA_009731445___contig_1_fragment_6	None	hypothetical protein
GCA_009731445___contig_1_fragment_6_799	GCA_009731445___contig_1_fragment_6	None	hypothetical protein
GCA_009731445___contig_1_fragment_6_800	GCA_009731445___contig_1_fragment_6	None	hypothetical protein
GCA_009731445___contig_1_fragment_6_801	GCA_009731445___contig_1_fragment_6	None	hypothetical protein
GCA_009731445___contig_1_fragment_6_802	GCA_009731445___contig_1_fragment_6	None	hypothetical protein
GCA_009731445___contig_1_fragment_6_803	GCA_009731445___contig_1_fragment_6	None	hypothetical protein
GCA_009731445___contig_1_fragment_6_804	GCA_009731445___contig_1_fragment_6	PF06605.11	Prophage endopeptidase tail
GCA_009731445___contig_1_fragment_6_805	GCA_009731445___contig_1_fragment_6	VOG01075	REFSEQ hypothetical protein
GCA_009731445___contig_1_fragment_6_806	GCA_009731445___contig_1_fragment_6	VOG04056	REFSEQ hypothetical protein
GCA_009731445___contig_1_fragment_6_807	GCA_009731445___contig_1_fragment_6	VOG21220	REFSEQ phage tape measure protein
GCA_009731445___contig_1_fragment_6_808	GCA_009731445___contig_1_fragment_6	None	hypothetical protein
GCA_009731445___contig_1_fragment_6_809	GCA_009731445___contig_1_fragment_6	None	hypothetical protein
GCA_009731445___contig_1_fragment_6_810	GCA_009731445___contig_1_fragment_6	None	hypothetical protein
GCA_009731445___contig_1_fragment_6_811	GCA_009731445___contig_1_fragment_6	VOG01397	REFSEQ major tail protein
GCA_009731445___contig_1_fragment_6_812	GCA_009731445___contig_1_fragment_6	None	hypothetical protein
GCA_009731445___contig_1_fragment_6_813	GCA_009731445___contig_1_fragment_6	VOG03575	REFSEQ hypothetical protein
GCA_009731445___contig_1_fragment_6_814	GCA_009731445___contig_1_fragment_6	None	hypothetical protein
GCA_009731445___contig_1_fragment_6_815	GCA_009731445___contig_1_fragment_6	VOG00181	REFSEQ hypothetical protein
GCA_009731445___contig_1_fragment_6_816	GCA_009731445___contig_1_fragment_6	VOG13487	REFSEQ major capsid L
GCA_009731445___contig_1_fragment_6_817	GCA_009731445___contig_1_fragment_6	K06904	K06904; uncharacterized protein
GCA_009731445___contig_1_fragment_6_818	GCA_009731445___contig_1_fragment_6	PF04860.12	Phage portal protein
GCA_009731445___contig_1_fragment_6_819	GCA_009731445___contig_1_fragment_6	PF03354.15	Phage Terminase
GCA_009731445___contig_1_fragment_6_820	GCA_009731445___contig_1_fragment_6	VOG04497	REFSEQ putative terminase small subunit
GCA_009731445___contig_1_fragment_6_821	GCA_009731445___contig_1_fragment_6	VOG00687	REFSEQ terminase small subunit
GCA_009731445___contig_1_fragment_6_822	GCA_009731445___contig_1_fragment_6	VOG00962	REFSEQ hypothetical protein
GCA_009731445___contig_1_fragment_6_823	GCA_009731445___contig_1_fragment_6	None	hypothetical protein
GCA_009731445___contig_1_fragment_6_824	GCA_009731445___contig_1_fragment_6	None	hypothetical protein
GCA_009731445___contig_1_fragment_6_825	GCA_009731445___contig_1_fragment_6	None	hypothetical protein
GCA_009731445___contig_1_fragment_6_826	GCA_009731445___contig_1_fragment_6	VOG00188	sp|Q03182|RINA_BPPHA Transcriptional activator rinA
GCA_009731445___contig_1_fragment_6_827	GCA_009731445___contig_1_fragment_6	VOG00065	sp|Q38441|YOR5_BPSPP Uncharacterized 10.3 kDa protein in GP2-GP6 intergenic region
GCA_009731445___contig_1_fragment_6_828	GCA_009731445___contig_1_fragment_6	None	hypothetical protein
GCA_009731445___contig_1_fragment_6_829	GCA_009731445___contig_1_fragment_6	None	hypothetical protein
GCA_009731445___contig_1_fragment_6_830	GCA_009731445___contig_1_fragment_6	None	hypothetical protein
GCA_009731445___contig_1_fragment_6_831	GCA_009731445___contig_1_fragment_6	PF05866.11	Endodeoxyribonuclease RusA
GCA_009731445___contig_1_fragment_6_832	GCA_009731445___contig_1_fragment_6	VOG00404	sp|P9WGD4|SSB_MYCTO Single-stranded DNA-binding protein
GCA_009731445___contig_1_fragment_6_833	GCA_009731445___contig_1_fragment_6	None	hypothetical protein
GCA_009731445___contig_1_fragment_6_834	GCA_009731445___contig_1_fragment_6	VOG21431	REFSEQ hypothetical protein
GCA_009731445___contig_1_fragment_6_835	GCA_009731445___contig_1_fragment_6	PF16784.5	Putative HNHc nuclease
GCA_009731445___contig_1_fragment_6_836	GCA_009731445___contig_1_fragment_6	PF04404.12	ERF superfamily
GCA_009731445___contig_1_fragment_6_837	GCA_009731445___contig_1_fragment_6	VOG11084	REFSEQ hypothetical protein
GCA_009731445___contig_1_fragment_6_838	GCA_009731445___contig_1_fragment_6	None	hypothetical protein
GCA_009731445___contig_1_fragment_6_839	GCA_009731445___contig_1_fragment_6	None	hypothetical protein
GCA_009731445___contig_1_fragment_6_840	GCA_009731445___contig_1_fragment_6	None	hypothetical protein
GCA_009731445___contig_1_fragment_6_841	GCA_009731445___contig_1_fragment_6	None	hypothetical protein
GCA_009731445___contig_1_fragment_6_842	GCA_009731445___contig_1_fragment_6	None	hypothetical protein
GCA_009731445___contig_1_fragment_6_843	GCA_009731445___contig_1_fragment_6	None	hypothetical protein
GCA_009731445___contig_1_fragment_6_844	GCA_009731445___contig_1_fragment_6	None	hypothetical protein
GCA_009731445___contig_1_fragment_6_845	GCA_009731445___contig_1_fragment_6	K07741	antB; anti-repressor protein
GCA_009731445___contig_1_fragment_6_846	GCA_009731445___contig_1_fragment_6	VOG14084	REFSEQ hypothetical protein
GCA_009731445___contig_1_fragment_6_847	GCA_009731445___contig_1_fragment_6	None	hypothetical protein
GCA_009731445___contig_1_fragment_6_848	GCA_009731445___contig_1_fragment_6	None	hypothetical protein
GCA_009731445___contig_1_fragment_6_849	GCA_009731445___contig_1_fragment_6	VOG10124	sp|O34449|YOQD_BACSU SPBc2 prophage-derived putative antirepressor protein YoqD
GCA_009731445___contig_1_fragment_6_850	GCA_009731445___contig_1_fragment_6	None	hypothetical protein
GCA_009731445___contig_1_fragment_6_851	GCA_009731445___contig_1_fragment_6	VOG20253	REFSEQ hypothetical protein
GCA_009731445___contig_1_fragment_6_852	GCA_009731445___contig_1_fragment_6	None	hypothetical protein
GCA_009731445___contig_1_fragment_6_853	GCA_009731445___contig_1_fragment_6	None	hypothetical protein
GCA_009731445___contig_1_fragment_6_854	GCA_009731445___contig_1_fragment_6	PF09669.10	Phage regulatory protein Rha (Phage_pRha)
GCA_009731445___contig_1_fragment_6_855	GCA_009731445___contig_1_fragment_6	None	hypothetical protein
GCA_009731445___contig_1_fragment_6_856	GCA_009731445___contig_1_fragment_6	None	hypothetical protein
GCA_009731445___contig_1_fragment_6_857	GCA_009731445___contig_1_fragment_6	K22300	"dicA; HTH-type transcriptional regulator, cell division transcriptional repressor"
GCA_009731445___contig_1_fragment_6_858	GCA_009731445___contig_1_fragment_6	VOG00041	sp|O10330|VLF1_NPVOP Very late expression factor 1
GCA_009731445___contig_1_fragment_6_859	GCA_009731445___contig_1_fragment_6	K02003	ABC.CD.A; putative ABC transport system ATP-binding protein
GCA_009731445___contig_1_fragment_9_1156	GCA_009731445___contig_1_fragment_9	PF05382.13	Bacteriophage peptidoglycan hydrolase
GCA_009731445___contig_1_fragment_9_1157	GCA_009731445___contig_1_fragment_9	PF16938.5	Putative phage holin Dp-1
GCA_009731445___contig_1_fragment_9_1158	GCA_009731445___contig_1_fragment_9	None	hypothetical protein
GCA_009731445___contig_1_fragment_9_1159	GCA_009731445___contig_1_fragment_9	None	hypothetical protein
GCA_009731445___contig_1_fragment_9_1160	GCA_009731445___contig_1_fragment_9	None	hypothetical protein
GCA_009731445___contig_1_fragment_9_1161	GCA_009731445___contig_1_fragment_9	None	hypothetical protein
GCA_009731445___contig_1_fragment_9_1162	GCA_009731445___contig_1_fragment_9	None	hypothetical protein
GCA_009731445___contig_1_fragment_9_1163	GCA_009731445___contig_1_fragment_9	VOG13479	REFSEQ gp067
GCA_009731445___contig_1_fragment_9_1164	GCA_009731445___contig_1_fragment_9	VOG21997	REFSEQ hypothetical protein
GCA_009731445___contig_1_fragment_9_1165	GCA_009731445___contig_1_fragment_9	VOG00824	REFSEQ putative antireceptor
GCA_009731445___contig_1_fragment_9_1166	GCA_009731445___contig_1_fragment_9	VOG00097	sp|O48459|DIT_BPSPP Distal tail protein
GCA_009731445___contig_1_fragment_9_1167	GCA_009731445___contig_1_fragment_9	VOG02632	REFSEQ gp14
GCA_009731445___contig_1_fragment_9_1168	GCA_009731445___contig_1_fragment_9	VOG01394	REFSEQ hypothetical protein
GCA_009731445___contig_1_fragment_9_1169	GCA_009731445___contig_1_fragment_9	PF12363.8	"Phage tail assembly chaperone protein, TAC"
GCA_009731445___contig_1_fragment_9_1170	GCA_009731445___contig_1_fragment_9	VOG00149	sp|A9CRB8|TAIL_BPMR1 Putative tail protein
GCA_009731445___contig_1_fragment_9_1171	GCA_009731445___contig_1_fragment_9	VOG00743	sp|O48448|COMPL_BPSPP Tail completion protein gp17
GCA_009731445___contig_1_fragment_9_1172	GCA_009731445___contig_1_fragment_9	None	hypothetical protein
GCA_009731445___contig_1_fragment_9_1173	GCA_009731445___contig_1_fragment_9	None	hypothetical protein
GCA_009731445___contig_1_fragment_9_1174	GCA_009731445___contig_1_fragment_9	K22994	pelX; pectate disaccharide-lyase [EC:4.2.2.9]
GCA_009731445___contig_1_fragment_9_1175	GCA_009731445___contig_1_fragment_9	K22994	pelX; pectate disaccharide-lyase [EC:4.2.2.9]
GCA_009731445___contig_1_fragment_9_1176	GCA_009731445___contig_1_fragment_9	VOG00188	sp|Q03182|RINA_BPPHA Transcriptional activator rinA
GCA_009731445___contig_1_fragment_9_1177	GCA_009731445___contig_1_fragment_9	None	hypothetical protein
GCA_009731445___contig_1_fragment_9_1178	GCA_009731445___contig_1_fragment_9	None	hypothetical protein
GCA_009731445___contig_1_fragment_9_1179	GCA_009731445___contig_1_fragment_9	VOG00459	REFSEQ putative CI-like transcriptional repressor
GCA_009731445___contig_1_fragment_9_1180	GCA_009731445___contig_1_fragment_9	None	hypothetical protein
GCA_009731445___contig_1_fragment_9_1181	GCA_009731445___contig_1_fragment_9	K09022	"ridA, tdcF, RIDA; 2-iminobutanoate/2-iminopropanoate deaminase [EC:3.5.99.10]"
GCA_009731445___contig_1_fragment_9_1182	GCA_009731445___contig_1_fragment_9	K02013	ABC.FEV.A; iron complex transport system ATP-binding protein [EC:7.2.2.-]
GCA_025728645___contig_8_1	GCA_025728645___contig_8	VOG00824	REFSEQ putative antireceptor
GCA_025728645___contig_8_2	GCA_025728645___contig_8	VOG00097	sp|O48459|DIT_BPSPP Distal tail protein
GCA_025728645___contig_8_3	GCA_025728645___contig_8	VOG02632	REFSEQ gp14
GCA_025728645___contig_8_4	GCA_025728645___contig_8	VOG01394	REFSEQ hypothetical protein
GCA_025728645___contig_8_5	GCA_025728645___contig_8	PF12363.8	"Phage tail assembly chaperone protein, TAC"
GCA_025728645___contig_8_6	GCA_025728645___contig_8	VOG00149	sp|A9CRB8|TAIL_BPMR1 Putative tail protein
GCA_025728645___contig_8_7	GCA_025728645___contig_8	VOG00743	sp|O48448|COMPL_BPSPP Tail completion protein gp17
GCA_025728645___contig_8_8	GCA_025728645___contig_8	VOG00973	REFSEQ hypothetical protein
GCA_025728645___contig_8_9	GCA_025728645___contig_8	VOG01134	REFSEQ hypothetical protein
GCA_025728645___contig_8_10	GCA_025728645___contig_8	VOG00283	sp|Q38584|HCP15_BPSPP Head completion protein gp15
GCA_025728645___contig_8_11	GCA_025728645___contig_8	PF02368.18	Bacterial Ig-like domain (group 2)
GCA_025728645___contig_8_12	GCA_025728645___contig_8	VOG00633	sp|O64210|CAPSD_BPMD2 Probable major capsid protein gp17
GCA_025728645___contig_8_13	GCA_025728645___contig_8	PF14265.6	Domain of unknown function (DUF4355)
GCA_025728645___contig_8_14	GCA_025728645___contig_8	VOG00686	sp|Q38442|GP7_BPSPP Minor head protein GP7
GCA_025728645___contig_8_15	GCA_025728645___contig_8	PF05133.14	"Phage portal protein, SPP1 Gp6-like"
GCA_025728645___contig_8_16	GCA_025728645___contig_8	K06909	xtmB; phage terminase large subunit
GCA_025728645___contig_8_17	GCA_025728645___contig_8	K07474	xtmA; phage terminase small subunit
GCA_025728645___contig_8_18	GCA_025728645___contig_8	None	hypothetical protein
GCA_025728645___contig_8_19	GCA_025728645___contig_8	VOG00188	sp|Q03182|RINA_BPPHA Transcriptional activator rinA
GCA_025728645___contig_8_20	GCA_025728645___contig_8	VOG24298	REFSEQ gp32
GCA_025728645___contig_8_21	GCA_025728645___contig_8	None	hypothetical protein
GCA_025728645___contig_8_22	GCA_025728645___contig_8	VOG00674	REFSEQ putative DNA polymerase
GCA_025728645___contig_8_23	GCA_025728645___contig_8	VOG24297	REFSEQ gp30
GCA_025728645___contig_8_24	GCA_025728645___contig_8	VOG12256	REFSEQ hypothetical protein
GCA_025728645___contig_8_25	GCA_025728645___contig_8	VOG01036	sp|C0SP91|YYCJ_BACSU Putative metallo-hydrolase YycJ
GCA_025728645___contig_8_26	GCA_025728645___contig_8	None	hypothetical protein
GCA_025728645___contig_8_27	GCA_025728645___contig_8	None	hypothetical protein
GCA_025728645___contig_8_28	GCA_025728645___contig_8	None	hypothetical protein
GCA_025728645___contig_8_29	GCA_025728645___contig_8	None	hypothetical protein
MP_BCQMy204___contig_3_1	MP_BCQMy204___contig_3	K07467	rstA1; phage replication initiation protein
MP_BCQMy204___contig_3_2	MP_BCQMy204___contig_3	None	hypothetical protein
MP_BCQMy204___contig_3_3	MP_BCQMy204___contig_3	None	hypothetical protein
MP_BCQMy204___contig_3_4	MP_BCQMy204___contig_3	None	hypothetical protein
MP_BCQMy204___contig_3_5	MP_BCQMy204___contig_3	PF07564.11	Domain of Unknown Function (DUF1542)
MP_BCQMy204___contig_3_6	MP_BCQMy204___contig_3	None	hypothetical protein
MP_BCQMy204___contig_3_7	MP_BCQMy204___contig_3	PF00239.21	"Resolvase, N terminal domain"
MP_BCQMy204___contig_3_8	MP_BCQMy204___contig_3	VOG19011	REFSEQ hypothetical protein
MP_BCQMy204___contig_3_9	MP_BCQMy204___contig_3	None	hypothetical protein
MP_BCQMy204___contig_3_10	MP_BCQMy204___contig_3	PF03318.13	Clostridium epsilon toxin ETX/Bacillus mosquitocidal toxin MTX2
MP_BCQMy204___contig_3_11	MP_BCQMy204___contig_3	K01972	"E6.5.1.2, ligA, ligB; DNA ligase (NAD+) [EC:6.5.1.2]"
MP_BCQMy204___contig_3_12	MP_BCQMy204___contig_3	PF17363.2	Family of unknown function (DUF5388)
MP_BCQMy204___contig_3_13	MP_BCQMy204___contig_3	K03496	"parA, soj; chromosome partitioning protein"
MP_BCQMy204___contig_3_14	MP_BCQMy204___contig_3	None	hypothetical protein
MP_BCQMy204___contig_3_15	MP_BCQMy204___contig_3	None	hypothetical protein
MP_BCQMy204___contig_3_16	MP_BCQMy204___contig_3	None	hypothetical protein
MP_BCQMy204___contig_3_17	MP_BCQMy204___contig_3	VOG01473	REFSEQ FtsK/SpoIIIE protein
MP_BC9___contig_3_1	MP_BC9___contig_3	K07467	rstA1; phage replication initiation protein
MP_BC9___contig_3_2	MP_BC9___contig_3	None	hypothetical protein
MP_BC9___contig_3_3	MP_BC9___contig_3	None	hypothetical protein
MP_BC9___contig_3_4	MP_BC9___contig_3	None	hypothetical protein
MP_BC9___contig_3_5	MP_BC9___contig_3	PF07564.11	Domain of Unknown Function (DUF1542)
MP_BC9___contig_3_6	MP_BC9___contig_3	None	hypothetical protein
MP_BC9___contig_3_7	MP_BC9___contig_3	PF00239.21	"Resolvase, N terminal domain"
MP_BC9___contig_3_8	MP_BC9___contig_3	VOG19011	REFSEQ hypothetical protein
MP_BC9___contig_3_9	MP_BC9___contig_3	None	hypothetical protein
MP_BC9___contig_3_10	MP_BC9___contig_3	PF03318.13	Clostridium epsilon toxin ETX/Bacillus mosquitocidal toxin MTX2
MP_BC9___contig_3_11	MP_BC9___contig_3	K01972	"E6.5.1.2, ligA, ligB; DNA ligase (NAD+) [EC:6.5.1.2]"
MP_BC9___contig_3_12	MP_BC9___contig_3	PF17363.2	Family of unknown function (DUF5388)
MP_BC9___contig_3_13	MP_BC9___contig_3	K03496	"parA, soj; chromosome partitioning protein"
MP_BC9___contig_3_14	MP_BC9___contig_3	None	hypothetical protein
MP_BC9___contig_3_15	MP_BC9___contig_3	None	hypothetical protein
MP_BC9___contig_3_16	MP_BC9___contig_3	None	hypothetical protein
MP_BC9___contig_3_17	MP_BC9___contig_3	VOG01473	REFSEQ FtsK/SpoIIIE protein
GCA_025728635___contig_25_1	GCA_025728635___contig_25	None	hypothetical protein
GCA_025728635___contig_25_2	GCA_025728635___contig_25	None	hypothetical protein
GCA_025728635___contig_25_3	GCA_025728635___contig_25	None	hypothetical protein
GCA_025728635___contig_25_4	GCA_025728635___contig_25	VOG03676	REFSEQ hypothetical protein
GCA_025728635___contig_25_5	GCA_025728635___contig_25	None	hypothetical protein
GCA_025728635___contig_25_6	GCA_025728635___contig_25	VOG10124	sp|O34449|YOQD_BACSU SPBc2 prophage-derived putative antirepressor protein YoqD
GCA_025728635___contig_25_7	GCA_025728635___contig_25	None	hypothetical protein
GCA_025728635___contig_25_8	GCA_025728635___contig_25	VOG20253	REFSEQ hypothetical protein
GCA_025728635___contig_25_9	GCA_025728635___contig_25	None	hypothetical protein
GCA_025728635___contig_25_10	GCA_025728635___contig_25	VOG01190	REFSEQ hypothetical protein
GCA_025728635___contig_25_11	GCA_025728635___contig_25	K06400	spoIVCA; site-specific DNA recombinase
GCA_025728595___contig_27_1	GCA_025728595___contig_27	PF05382.13	Bacteriophage peptidoglycan hydrolase
GCA_025728595___contig_27_2	GCA_025728595___contig_27	PF16938.5	Putative phage holin Dp-1
GCA_025728595___contig_27_3	GCA_025728595___contig_27	None	hypothetical protein
GCA_025728595___contig_27_4	GCA_025728595___contig_27	PF09693.10	Phage uncharacterised protein (Phage_XkdX)
GCA_025728595___contig_27_5	GCA_025728595___contig_27	None	hypothetical protein
GCA_025728595___contig_27_6	GCA_025728595___contig_27	None	hypothetical protein
GCA_025728595___contig_27_7	GCA_025728595___contig_27	None	hypothetical protein
GCA_025728595___contig_22_1	GCA_025728595___contig_22	None	hypothetical protein
GCA_025728595___contig_22_2	GCA_025728595___contig_22	VOG00361	sp|P10426|YIM2_BPPH1 Uncharacterized immunity region protein 2
GCA_025728595___contig_22_3	GCA_025728595___contig_22	None	hypothetical protein
GCA_025728595___contig_22_4	GCA_025728595___contig_22	None	hypothetical protein
MP_LCAL0064___contig_3_1	MP_LCAL0064___contig_3	K07467	rstA1; phage replication initiation protein
MP_LCAL0064___contig_3_2	MP_LCAL0064___contig_3	None	hypothetical protein
MP_LCAL0064___contig_3_3	MP_LCAL0064___contig_3	None	hypothetical protein
MP_LCAL0064___contig_3_4	MP_LCAL0064___contig_3	None	hypothetical protein
MP_LCAL0064___contig_3_5	MP_LCAL0064___contig_3	PF07564.11	Domain of Unknown Function (DUF1542)
MP_LCAL0064___contig_3_6	MP_LCAL0064___contig_3	None	hypothetical protein
MP_LCAL0064___contig_3_7	MP_LCAL0064___contig_3	PF00239.21	"Resolvase, N terminal domain"
MP_LCAL0064___contig_3_8	MP_LCAL0064___contig_3	VOG19011	REFSEQ hypothetical protein
MP_LCAL0064___contig_3_9	MP_LCAL0064___contig_3	None	hypothetical protein
MP_LCAL0064___contig_3_10	MP_LCAL0064___contig_3	PF03318.13	Clostridium epsilon toxin ETX/Bacillus mosquitocidal toxin MTX2
MP_LCAL0064___contig_3_11	MP_LCAL0064___contig_3	K01972	"E6.5.1.2, ligA, ligB; DNA ligase (NAD+) [EC:6.5.1.2]"
MP_LCAL0064___contig_3_12	MP_LCAL0064___contig_3	PF17363.2	Family of unknown function (DUF5388)
MP_LCAL0064___contig_3_13	MP_LCAL0064___contig_3	K03496	"parA, soj; chromosome partitioning protein"
MP_LCAL0064___contig_3_14	MP_LCAL0064___contig_3	None	hypothetical protein
MP_LCAL0064___contig_3_15	MP_LCAL0064___contig_3	None	hypothetical protein
MP_LCAL0064___contig_3_16	MP_LCAL0064___contig_3	None	hypothetical protein
MP_LCAL0064___contig_3_17	MP_LCAL0064___contig_3	None	hypothetical protein
MP_LCAL0064___contig_3_18	MP_LCAL0064___contig_3	VOG01473	REFSEQ FtsK/SpoIIIE protein
MP_LCAL0064___contig_1_fragment_3_287	MP_LCAL0064___contig_1_fragment_3	VOG00041	sp|O10330|VLF1_NPVOP Very late expression factor 1
MP_LCAL0064___contig_1_fragment_3_288	MP_LCAL0064___contig_1_fragment_3	VOG03321	REFSEQ hypothetical protein
MP_LCAL0064___contig_1_fragment_3_289	MP_LCAL0064___contig_1_fragment_3	VOG00361	sp|P10426|YIM2_BPPH1 Uncharacterized immunity region protein 2
MP_LCAL0064___contig_1_fragment_3_290	MP_LCAL0064___contig_1_fragment_3	VOG02771	sp|P03034|RPC1_LAMBD Repressor protein cI
MP_LCAL0064___contig_1_fragment_3_291	MP_LCAL0064___contig_1_fragment_3	None	hypothetical protein
MP_LCAL0064___contig_1_fragment_3_292	MP_LCAL0064___contig_1_fragment_3	None	hypothetical protein
MP_LCAL0064___contig_1_fragment_3_293	MP_LCAL0064___contig_1_fragment_3	None	hypothetical protein
MP_LCAL0064___contig_1_fragment_3_294	MP_LCAL0064___contig_1_fragment_3	None	hypothetical protein
MP_LCAL0064___contig_1_fragment_3_295	MP_LCAL0064___contig_1_fragment_3	None	hypothetical protein
MP_LCAL0064___contig_1_fragment_3_296	MP_LCAL0064___contig_1_fragment_3	None	hypothetical protein
MP_LCAL0064___contig_1_fragment_3_297	MP_LCAL0064___contig_1_fragment_3	None	hypothetical protein
MP_LCAL0064___contig_1_fragment_3_298	MP_LCAL0064___contig_1_fragment_3	VOG00523	sp|Q9T1Q7|VP41_BPAPS Putative protein p41
MP_LCAL0064___contig_1_fragment_3_299	MP_LCAL0064___contig_1_fragment_3	VOG00399	sp|Q9T1Q4|VP44_BPAPS Putative nuclease p44
MP_LCAL0064___contig_1_fragment_3_300	MP_LCAL0064___contig_1_fragment_3	None	hypothetical protein
MP_LCAL0064___contig_1_fragment_3_301	MP_LCAL0064___contig_1_fragment_3	PF13479.6	AAA domain
MP_LCAL0064___contig_1_fragment_3_302	MP_LCAL0064___contig_1_fragment_3	VOG03001	REFSEQ hypothetical protein
MP_LCAL0064___contig_1_fragment_3_303	MP_LCAL0064___contig_1_fragment_3	None	hypothetical protein
MP_LCAL0064___contig_1_fragment_3_304	MP_LCAL0064___contig_1_fragment_3	None	hypothetical protein
MP_LCAL0064___contig_1_fragment_3_305	MP_LCAL0064___contig_1_fragment_3	VOG00674	REFSEQ putative DNA polymerase
MP_LCAL0064___contig_1_fragment_3_306	MP_LCAL0064___contig_1_fragment_3	VOG00724	sp|P10277|PRIM_BPP4 Putative P4-specific DNA primase
MP_LCAL0064___contig_1_fragment_3_307	MP_LCAL0064___contig_1_fragment_3	VOG00188	sp|Q03182|RINA_BPPHA Transcriptional activator rinA
MP_LCAL0064___contig_1_fragment_3_308	MP_LCAL0064___contig_1_fragment_3	None	hypothetical protein
MP_LCAL0064___contig_1_fragment_3_309	MP_LCAL0064___contig_1_fragment_3	VOG00679	REFSEQ HNH endonuclease
MP_LCAL0064___contig_1_fragment_3_310	MP_LCAL0064___contig_1_fragment_3	None	hypothetical protein
MP_LCAL0064___contig_1_fragment_3_311	MP_LCAL0064___contig_1_fragment_3	PF03354.15	Phage Terminase
MP_LCAL0064___contig_1_fragment_3_312	MP_LCAL0064___contig_1_fragment_3	PF04860.12	Phage portal protein
MP_LCAL0064___contig_1_fragment_3_313	MP_LCAL0064___contig_1_fragment_3	K06904	K06904; uncharacterized protein
MP_LCAL0064___contig_1_fragment_3_314	MP_LCAL0064___contig_1_fragment_3	PF05065.13	Phage capsid family
MP_LCAL0064___contig_1_fragment_3_315	MP_LCAL0064___contig_1_fragment_3	VOG23089	REFSEQ hypothetical protein
MP_LCAL0064___contig_1_fragment_3_316	MP_LCAL0064___contig_1_fragment_3	VOG23090	REFSEQ head-tail adaptor
MP_LCAL0064___contig_1_fragment_3_317	MP_LCAL0064___contig_1_fragment_3	VOG23091	REFSEQ hypothetical protein
MP_LCAL0064___contig_1_fragment_3_318	MP_LCAL0064___contig_1_fragment_3	VOG00973	REFSEQ hypothetical protein
MP_LCAL0064___contig_1_fragment_3_319	MP_LCAL0064___contig_1_fragment_3	VOG01397	REFSEQ major tail protein
MP_LCAL0064___contig_1_fragment_3_320	MP_LCAL0064___contig_1_fragment_3	None	hypothetical protein
MP_LCAL0064___contig_1_fragment_3_321	MP_LCAL0064___contig_1_fragment_3	VOG02333	REFSEQ tail tape measure protein
MP_LCAL0064___contig_1_fragment_3_322	MP_LCAL0064___contig_1_fragment_3	None	hypothetical protein
MP_LCAL0064___contig_1_fragment_3_323	MP_LCAL0064___contig_1_fragment_3	VOG00824	REFSEQ putative antireceptor
MP_LCAL0064___contig_1_fragment_3_324	MP_LCAL0064___contig_1_fragment_3	VOG13479	REFSEQ gp067
MP_LCAL0064___contig_1_fragment_3_325	MP_LCAL0064___contig_1_fragment_3	None	hypothetical protein
MP_LCAL0064___contig_1_fragment_3_326	MP_LCAL0064___contig_1_fragment_3	None	hypothetical protein
MP_LCAL0064___contig_1_fragment_3_327	MP_LCAL0064___contig_1_fragment_3	PF10779.9	Haemolysin XhlA
MP_LCAL0064___contig_1_fragment_3_328	MP_LCAL0064___contig_1_fragment_3	PF16938.5	Putative phage holin Dp-1
MP_LCAL0064___contig_1_fragment_3_329	MP_LCAL0064___contig_1_fragment_3	PF05382.13	Bacteriophage peptidoglycan hydrolase
MP_LCAL0064___contig_1_fragment_5_447	MP_LCAL0064___contig_1_fragment_5	K06977	K06977; uncharacterized protein
MP_LCAL0064___contig_1_fragment_5_448	MP_LCAL0064___contig_1_fragment_5	None	hypothetical protein
MP_LCAL0064___contig_1_fragment_5_449	MP_LCAL0064___contig_1_fragment_5	PF08282.12	haloacid dehalogenase-like hydrolase
MP_LCAL0064___contig_1_fragment_5_450	MP_LCAL0064___contig_1_fragment_5	VOG00041	sp|O10330|VLF1_NPVOP Very late expression factor 1
MP_LCAL0064___contig_1_fragment_5_451	MP_LCAL0064___contig_1_fragment_5	None	hypothetical protein
MP_LCAL0064___contig_1_fragment_5_452	MP_LCAL0064___contig_1_fragment_5	PF07553.11	Host cell surface-exposed lipoprotein
MP_LCAL0064___contig_1_fragment_5_453	MP_LCAL0064___contig_1_fragment_5	VOG20253	REFSEQ hypothetical protein
MP_LCAL0064___contig_1_fragment_5_454	MP_LCAL0064___contig_1_fragment_5	None	hypothetical protein
MP_LCAL0064___contig_1_fragment_5_455	MP_LCAL0064___contig_1_fragment_5	VOG10124	sp|O34449|YOQD_BACSU SPBc2 prophage-derived putative antirepressor protein YoqD
MP_LCAL0064___contig_1_fragment_5_456	MP_LCAL0064___contig_1_fragment_5	None	hypothetical protein
MP_LCAL0064___contig_1_fragment_5_457	MP_LCAL0064___contig_1_fragment_5	None	hypothetical protein
MP_LCAL0064___contig_1_fragment_5_458	MP_LCAL0064___contig_1_fragment_5	K07741	antB; anti-repressor protein
MP_LCAL0064___contig_1_fragment_5_459	MP_LCAL0064___contig_1_fragment_5	None	hypothetical protein
MP_LCAL0064___contig_1_fragment_5_460	MP_LCAL0064___contig_1_fragment_5	None	hypothetical protein
MP_LCAL0064___contig_1_fragment_5_461	MP_LCAL0064___contig_1_fragment_5	None	hypothetical protein
MP_LCAL0064___contig_1_fragment_5_462	MP_LCAL0064___contig_1_fragment_5	K07741	antB; anti-repressor protein
MP_LCAL0064___contig_1_fragment_5_463	MP_LCAL0064___contig_1_fragment_5	None	hypothetical protein
MP_LCAL0064___contig_1_fragment_5_464	MP_LCAL0064___contig_1_fragment_5	None	hypothetical protein
MP_LCAL0064___contig_1_fragment_5_465	MP_LCAL0064___contig_1_fragment_5	None	hypothetical protein
MP_LCAL0064___contig_1_fragment_5_466	MP_LCAL0064___contig_1_fragment_5	None	hypothetical protein
MP_LCAL0064___contig_1_fragment_5_467	MP_LCAL0064___contig_1_fragment_5	None	hypothetical protein
MP_LCAL0064___contig_1_fragment_5_468	MP_LCAL0064___contig_1_fragment_5	None	hypothetical protein
MP_LCAL0064___contig_1_fragment_5_469	MP_LCAL0064___contig_1_fragment_5	PF03837.14	RecT family
MP_LCAL0064___contig_1_fragment_5_470	MP_LCAL0064___contig_1_fragment_5	PF12684.7	PDDEXK-like domain of unknown function (DUF3799)
MP_LCAL0064___contig_1_fragment_5_471	MP_LCAL0064___contig_1_fragment_5	PF16784.5	Putative HNHc nuclease
MP_LCAL0064___contig_1_fragment_5_472	MP_LCAL0064___contig_1_fragment_5	VOG21431	REFSEQ hypothetical protein
MP_LCAL0064___contig_1_fragment_5_473	MP_LCAL0064___contig_1_fragment_5	None	hypothetical protein
MP_LCAL0064___contig_1_fragment_5_474	MP_LCAL0064___contig_1_fragment_5	VOG00404	sp|P9WGD4|SSB_MYCTO Single-stranded DNA-binding protein
MP_LCAL0064___contig_1_fragment_5_475	MP_LCAL0064___contig_1_fragment_5	VOG01162	sp|O34055|ARPU_BPO12 Putative autolysin regulatory protein ArpU
MP_LCAL0064___contig_1_fragment_5_476	MP_LCAL0064___contig_1_fragment_5	None	hypothetical protein
MP_LCAL0064___contig_1_fragment_5_477	MP_LCAL0064___contig_1_fragment_5	VOG01156	REFSEQ hypothetical protein
MP_LCAL0064___contig_1_fragment_5_478	MP_LCAL0064___contig_1_fragment_5	None	hypothetical protein
MP_LCAL0064___contig_1_fragment_5_479	MP_LCAL0064___contig_1_fragment_5	None	hypothetical protein
MP_LCAL0064___contig_1_fragment_5_480	MP_LCAL0064___contig_1_fragment_5	VOG00962	REFSEQ hypothetical protein
MP_LCAL0064___contig_1_fragment_5_481	MP_LCAL0064___contig_1_fragment_5	VOG00687	REFSEQ terminase small subunit
MP_LCAL0064___contig_1_fragment_5_482	MP_LCAL0064___contig_1_fragment_5	VOG04497	REFSEQ putative terminase small subunit
MP_LCAL0064___contig_1_fragment_5_483	MP_LCAL0064___contig_1_fragment_5	PF04860.12	Phage portal protein
MP_LCAL0064___contig_1_fragment_5_484	MP_LCAL0064___contig_1_fragment_5	K06904	K06904; uncharacterized protein
MP_LCAL0064___contig_1_fragment_5_485	MP_LCAL0064___contig_1_fragment_5	VOG13487	REFSEQ major capsid L
MP_LCAL0064___contig_1_fragment_5_486	MP_LCAL0064___contig_1_fragment_5	VOG00181	REFSEQ hypothetical protein
MP_LCAL0064___contig_1_fragment_5_487	MP_LCAL0064___contig_1_fragment_5	VOG00066	sp|O48446|HCP16_BPSPP Head completion protein gp16
MP_LCAL0064___contig_1_fragment_5_488	MP_LCAL0064___contig_1_fragment_5	VOG03575	REFSEQ hypothetical protein
MP_LCAL0064___contig_1_fragment_5_489	MP_LCAL0064___contig_1_fragment_5	None	hypothetical protein
MP_LCAL0064___contig_1_fragment_5_490	MP_LCAL0064___contig_1_fragment_5	VOG01397	REFSEQ major tail protein
MP_LCAL0064___contig_1_fragment_5_491	MP_LCAL0064___contig_1_fragment_5	None	hypothetical protein
MP_LCAL0064___contig_1_fragment_5_492	MP_LCAL0064___contig_1_fragment_5	None	hypothetical protein
MP_LCAL0064___contig_1_fragment_5_493	MP_LCAL0064___contig_1_fragment_5	VOG04056	REFSEQ hypothetical protein
MP_LCAL0064___contig_1_fragment_5_494	MP_LCAL0064___contig_1_fragment_5	VOG01075	REFSEQ hypothetical protein
MP_LCAL0064___contig_1_fragment_5_495	MP_LCAL0064___contig_1_fragment_5	PF06605.11	Prophage endopeptidase tail
MP_LCAL0064___contig_1_fragment_5_496	MP_LCAL0064___contig_1_fragment_5	None	hypothetical protein
MP_LCAL0064___contig_1_fragment_5_497	MP_LCAL0064___contig_1_fragment_5	None	hypothetical protein
MP_LCAL0064___contig_1_fragment_5_498	MP_LCAL0064___contig_1_fragment_5	VOG18935	REFSEQ hypothetical protein
MP_LCAL0064___contig_1_fragment_5_499	MP_LCAL0064___contig_1_fragment_5	None	hypothetical protein
MP_LCAL0064___contig_1_fragment_5_500	MP_LCAL0064___contig_1_fragment_5	None	hypothetical protein
MP_LCAL0064___contig_1_fragment_5_501	MP_LCAL0064___contig_1_fragment_5	PF09693.10	Phage uncharacterised protein (Phage_XkdX)
MP_LCAL0064___contig_1_fragment_5_502	MP_LCAL0064___contig_1_fragment_5	PF10779.9	Haemolysin XhlA
MP_LCAL0064___contig_1_fragment_5_503	MP_LCAL0064___contig_1_fragment_5	PF16938.5	Putative phage holin Dp-1
MP_LCAL0064___contig_1_fragment_5_504	MP_LCAL0064___contig_1_fragment_5	K07273	acm; lysozyme
MP_LCAL0064___contig_1_fragment_5_505	MP_LCAL0064___contig_1_fragment_5	None	hypothetical protein
MP_LCAL0064___contig_1_fragment_5_506	MP_LCAL0064___contig_1_fragment_5	VOG14226	REFSEQ hypothetical protein
MP_LCAL0064___contig_1_fragment_7_675	MP_LCAL0064___contig_1_fragment_7	K00059	"fabG, OAR1; 3-oxoacyl-[acyl-carrier protein] reductase [EC:1.1.1.100]"
MP_LCAL0064___contig_1_fragment_7_676	MP_LCAL0064___contig_1_fragment_7	PF11195.8	Protein of unknown function (DUF2829)
MP_LCAL0064___contig_1_fragment_7_677	MP_LCAL0064___contig_1_fragment_7	PF01205.19	Uncharacterized protein family UPF0029
MP_LCAL0064___contig_1_fragment_7_678	MP_LCAL0064___contig_1_fragment_7	K02240	comFA; competence protein ComFA
MP_LCAL0064___contig_1_fragment_7_679	MP_LCAL0064___contig_1_fragment_7	K06400	spoIVCA; site-specific DNA recombinase
MP_LCAL0064___contig_1_fragment_7_680	MP_LCAL0064___contig_1_fragment_7	VOG01190	REFSEQ hypothetical protein
MP_LCAL0064___contig_1_fragment_7_681	MP_LCAL0064___contig_1_fragment_7	None	hypothetical protein
MP_LCAL0064___contig_1_fragment_7_682	MP_LCAL0064___contig_1_fragment_7	VOG20253	REFSEQ hypothetical protein
MP_LCAL0064___contig_1_fragment_7_683	MP_LCAL0064___contig_1_fragment_7	None	hypothetical protein
MP_LCAL0064___contig_1_fragment_7_684	MP_LCAL0064___contig_1_fragment_7	VOG10124	sp|O34449|YOQD_BACSU SPBc2 prophage-derived putative antirepressor protein YoqD
MP_LCAL0064___contig_1_fragment_7_685	MP_LCAL0064___contig_1_fragment_7	None	hypothetical protein
MP_LCAL0064___contig_1_fragment_7_686	MP_LCAL0064___contig_1_fragment_7	VOG03676	REFSEQ hypothetical protein
MP_LCAL0064___contig_1_fragment_7_687	MP_LCAL0064___contig_1_fragment_7	None	hypothetical protein
MP_LCAL0064___contig_1_fragment_7_688	MP_LCAL0064___contig_1_fragment_7	None	hypothetical protein
MP_LCAL0064___contig_1_fragment_7_689	MP_LCAL0064___contig_1_fragment_7	None	hypothetical protein
MP_LCAL0064___contig_1_fragment_7_690	MP_LCAL0064___contig_1_fragment_7	None	hypothetical protein
MP_LCAL0064___contig_1_fragment_7_691	MP_LCAL0064___contig_1_fragment_7	None	hypothetical protein
MP_LCAL0064___contig_1_fragment_7_692	MP_LCAL0064___contig_1_fragment_7	None	hypothetical protein
MP_LCAL0064___contig_1_fragment_7_693	MP_LCAL0064___contig_1_fragment_7	None	hypothetical protein
MP_LCAL0064___contig_1_fragment_7_694	MP_LCAL0064___contig_1_fragment_7	None	hypothetical protein
MP_LCAL0064___contig_1_fragment_7_695	MP_LCAL0064___contig_1_fragment_7	VOG01036	sp|C0SP91|YYCJ_BACSU Putative metallo-hydrolase YycJ
MP_LCAL0064___contig_1_fragment_7_696	MP_LCAL0064___contig_1_fragment_7	VOG12256	REFSEQ hypothetical protein
MP_LCAL0064___contig_1_fragment_7_697	MP_LCAL0064___contig_1_fragment_7	VOG24297	REFSEQ gp30
MP_LCAL0064___contig_1_fragment_7_698	MP_LCAL0064___contig_1_fragment_7	VOG00674	REFSEQ putative DNA polymerase
MP_LCAL0064___contig_1_fragment_7_699	MP_LCAL0064___contig_1_fragment_7	None	hypothetical protein
MP_LCAL0064___contig_1_fragment_7_700	MP_LCAL0064___contig_1_fragment_7	VOG24298	REFSEQ gp32
MP_LCAL0064___contig_1_fragment_7_701	MP_LCAL0064___contig_1_fragment_7	None	hypothetical protein
MP_LCAL0064___contig_1_fragment_7_702	MP_LCAL0064___contig_1_fragment_7	VOG00188	sp|Q03182|RINA_BPPHA Transcriptional activator rinA
MP_LCAL0064___contig_1_fragment_7_703	MP_LCAL0064___contig_1_fragment_7	None	hypothetical protein
MP_LCAL0064___contig_1_fragment_7_704	MP_LCAL0064___contig_1_fragment_7	K07474	xtmA; phage terminase small subunit
MP_LCAL0064___contig_1_fragment_7_705	MP_LCAL0064___contig_1_fragment_7	K06909	xtmB; phage terminase large subunit
MP_LCAL0064___contig_1_fragment_7_706	MP_LCAL0064___contig_1_fragment_7	PF05133.14	"Phage portal protein, SPP1 Gp6-like"
MP_LCAL0064___contig_1_fragment_7_707	MP_LCAL0064___contig_1_fragment_7	VOG00686	sp|Q38442|GP7_BPSPP Minor head protein GP7
MP_LCAL0064___contig_1_fragment_7_708	MP_LCAL0064___contig_1_fragment_7	PF14265.6	Domain of unknown function (DUF4355)
MP_LCAL0064___contig_1_fragment_7_709	MP_LCAL0064___contig_1_fragment_7	VOG00633	sp|O64210|CAPSD_BPMD2 Probable major capsid protein gp17
MP_LCAL0064___contig_1_fragment_7_710	MP_LCAL0064___contig_1_fragment_7	PF02368.18	Bacterial Ig-like domain (group 2)
MP_LCAL0064___contig_1_fragment_7_711	MP_LCAL0064___contig_1_fragment_7	VOG00283	sp|Q38584|HCP15_BPSPP Head completion protein gp15
MP_LCAL0064___contig_1_fragment_7_712	MP_LCAL0064___contig_1_fragment_7	VOG01134	REFSEQ hypothetical protein
MP_LCAL0064___contig_1_fragment_7_713	MP_LCAL0064___contig_1_fragment_7	VOG00973	REFSEQ hypothetical protein
MP_LCAL0064___contig_1_fragment_7_714	MP_LCAL0064___contig_1_fragment_7	VOG00743	sp|O48448|COMPL_BPSPP Tail completion protein gp17
MP_LCAL0064___contig_1_fragment_7_715	MP_LCAL0064___contig_1_fragment_7	VOG00149	sp|A9CRB8|TAIL_BPMR1 Putative tail protein
MP_LCAL0064___contig_1_fragment_7_716	MP_LCAL0064___contig_1_fragment_7	PF12363.8	"Phage tail assembly chaperone protein, TAC"
MP_LCAL0064___contig_1_fragment_7_717	MP_LCAL0064___contig_1_fragment_7	VOG01394	REFSEQ hypothetical protein
MP_LCAL0064___contig_1_fragment_7_718	MP_LCAL0064___contig_1_fragment_7	VOG02632	REFSEQ gp14
MP_LCAL0064___contig_1_fragment_7_719	MP_LCAL0064___contig_1_fragment_7	VOG00097	sp|O48459|DIT_BPSPP Distal tail protein
MP_LCAL0064___contig_1_fragment_7_720	MP_LCAL0064___contig_1_fragment_7	VOG00824	REFSEQ putative antireceptor
MP_LCAL0064___contig_1_fragment_7_721	MP_LCAL0064___contig_1_fragment_7	VOG13479	REFSEQ gp067
MP_LCAL0064___contig_1_fragment_7_722	MP_LCAL0064___contig_1_fragment_7	None	hypothetical protein
MP_LCAL0064___contig_1_fragment_7_723	MP_LCAL0064___contig_1_fragment_7	None	hypothetical protein
MP_LCAL0064___contig_1_fragment_7_724	MP_LCAL0064___contig_1_fragment_7	PF10779.9	Haemolysin XhlA
MP_LCAL0064___contig_1_fragment_7_725	MP_LCAL0064___contig_1_fragment_7	PF16938.5	Putative phage holin Dp-1
MP_LCAL0064___contig_1_fragment_7_726	MP_LCAL0064___contig_1_fragment_7	PF05382.13	Bacteriophage peptidoglycan hydrolase
MP_LCAL0064___contig_1_fragment_12_1168	MP_LCAL0064___contig_1_fragment_12	VOG00041	sp|O10330|VLF1_NPVOP Very late expression factor 1
MP_LCAL0064___contig_1_fragment_12_1169	MP_LCAL0064___contig_1_fragment_12	None	hypothetical protein
MP_LCAL0064___contig_1_fragment_12_1170	MP_LCAL0064___contig_1_fragment_12	None	hypothetical protein
MP_LCAL0064___contig_1_fragment_12_1171	MP_LCAL0064___contig_1_fragment_12	None	hypothetical protein
MP_LCAL0064___contig_1_fragment_12_1172	MP_LCAL0064___contig_1_fragment_12	VOG14094	sp|A0A0H3CCP8|SOCA_CAUVN Antitoxin SocA
MP_LCAL0064___contig_1_fragment_12_1173	MP_LCAL0064___contig_1_fragment_12	K07273	acm; lysozyme
MP_LCAL0064___contig_1_fragment_12_1174	MP_LCAL0064___contig_1_fragment_12	PF16938.5	Putative phage holin Dp-1
MP_LCAL0064___contig_1_fragment_12_1175	MP_LCAL0064___contig_1_fragment_12	None	hypothetical protein
MP_LCAL0064___contig_1_fragment_12_1176	MP_LCAL0064___contig_1_fragment_12	PF09693.10	Phage uncharacterised protein (Phage_XkdX)
MP_LCAL0064___contig_1_fragment_12_1177	MP_LCAL0064___contig_1_fragment_12	None	hypothetical protein
MP_LCAL0064___contig_1_fragment_12_1178	MP_LCAL0064___contig_1_fragment_12	None	hypothetical protein
MP_LCAL0064___contig_1_fragment_12_1179	MP_LCAL0064___contig_1_fragment_12	VOG18935	REFSEQ hypothetical protein
MP_LCAL0064___contig_1_fragment_12_1180	MP_LCAL0064___contig_1_fragment_12	None	hypothetical protein
MP_LCAL0064___contig_1_fragment_12_1181	MP_LCAL0064___contig_1_fragment_12	None	hypothetical protein
MP_LCAL0064___contig_1_fragment_12_1182	MP_LCAL0064___contig_1_fragment_12	PF06605.11	Prophage endopeptidase tail
MP_LCAL0064___contig_1_fragment_12_1183	MP_LCAL0064___contig_1_fragment_12	VOG01075	REFSEQ hypothetical protein
MP_LCAL0064___contig_1_fragment_12_1184	MP_LCAL0064___contig_1_fragment_12	VOG04056	REFSEQ hypothetical protein
MP_LCAL0064___contig_1_fragment_12_1185	MP_LCAL0064___contig_1_fragment_12	None	hypothetical protein
MP_LCAL0064___contig_1_fragment_12_1186	MP_LCAL0064___contig_1_fragment_12	None	hypothetical protein
MP_LCAL0064___contig_1_fragment_12_1187	MP_LCAL0064___contig_1_fragment_12	VOG01397	REFSEQ major tail protein
MP_LCAL0064___contig_1_fragment_12_1188	MP_LCAL0064___contig_1_fragment_12	None	hypothetical protein
MP_LCAL0064___contig_1_fragment_12_1189	MP_LCAL0064___contig_1_fragment_12	VOG03575	REFSEQ hypothetical protein
MP_LCAL0064___contig_1_fragment_12_1190	MP_LCAL0064___contig_1_fragment_12	VOG00066	sp|O48446|HCP16_BPSPP Head completion protein gp16
MP_LCAL0064___contig_1_fragment_12_1191	MP_LCAL0064___contig_1_fragment_12	VOG00181	REFSEQ hypothetical protein
MP_LCAL0064___contig_1_fragment_12_1192	MP_LCAL0064___contig_1_fragment_12	VOG13487	REFSEQ major capsid L
MP_LCAL0064___contig_1_fragment_12_1193	MP_LCAL0064___contig_1_fragment_12	K06904	K06904; uncharacterized protein
MP_LCAL0064___contig_1_fragment_12_1194	MP_LCAL0064___contig_1_fragment_12	PF04860.12	Phage portal protein
MP_LCAL0064___contig_1_fragment_12_1195	MP_LCAL0064___contig_1_fragment_12	VOG04497	REFSEQ putative terminase small subunit
MP_LCAL0064___contig_1_fragment_12_1196	MP_LCAL0064___contig_1_fragment_12	VOG00687	REFSEQ terminase small subunit
MP_LCAL0064___contig_1_fragment_12_1197	MP_LCAL0064___contig_1_fragment_12	VOG00962	REFSEQ hypothetical protein
MP_LCAL0064___contig_1_fragment_12_1198	MP_LCAL0064___contig_1_fragment_12	None	hypothetical protein
MP_LCAL0064___contig_1_fragment_12_1199	MP_LCAL0064___contig_1_fragment_12	VOG00361	sp|P10426|YIM2_BPPH1 Uncharacterized immunity region protein 2
MP_LCAL0064___contig_1_fragment_12_1200	MP_LCAL0064___contig_1_fragment_12	None	hypothetical protein
MP_LCAL0064___contig_1_fragment_12_1201	MP_LCAL0064___contig_1_fragment_12	VOG01162	sp|O34055|ARPU_BPO12 Putative autolysin regulatory protein ArpU
MP_LCAL0064___contig_1_fragment_12_1202	MP_LCAL0064___contig_1_fragment_12	VOG00404	sp|P9WGD4|SSB_MYCTO Single-stranded DNA-binding protein
MP_LCAL0064___contig_1_fragment_12_1203	MP_LCAL0064___contig_1_fragment_12	None	hypothetical protein
MP_LCAL0064___contig_1_fragment_12_1204	MP_LCAL0064___contig_1_fragment_12	VOG01042	sp|P39787|DNAD_BACSU DNA replication protein DnaD
MP_LCAL0064___contig_1_fragment_12_1205	MP_LCAL0064___contig_1_fragment_12	PF16784.5	Putative HNHc nuclease
MP_LCAL0064___contig_1_fragment_12_1206	MP_LCAL0064___contig_1_fragment_12	VOG09746	sp|P04892|ERF_BPP22 Essential recombination function protein
MP_LCAL0064___contig_1_fragment_12_1207	MP_LCAL0064___contig_1_fragment_12	VOG11084	REFSEQ hypothetical protein
MP_LCAL0064___contig_1_fragment_12_1208	MP_LCAL0064___contig_1_fragment_12	None	hypothetical protein
MP_LCAL0064___contig_1_fragment_12_1209	MP_LCAL0064___contig_1_fragment_12	None	hypothetical protein
MP_LCAL0064___contig_1_fragment_12_1210	MP_LCAL0064___contig_1_fragment_12	None	hypothetical protein
MP_LCAL0064___contig_1_fragment_12_1211	MP_LCAL0064___contig_1_fragment_12	None	hypothetical protein
MP_LCAL0064___contig_1_fragment_12_1212	MP_LCAL0064___contig_1_fragment_12	None	hypothetical protein
MP_LCAL0064___contig_1_fragment_12_1213	MP_LCAL0064___contig_1_fragment_12	None	hypothetical protein
MP_LCAL0064___contig_1_fragment_12_1214	MP_LCAL0064___contig_1_fragment_12	None	hypothetical protein
MP_LCAL0064___contig_1_fragment_12_1215	MP_LCAL0064___contig_1_fragment_12	None	hypothetical protein
MP_LCAL0064___contig_1_fragment_12_1216	MP_LCAL0064___contig_1_fragment_12	None	hypothetical protein
MP_LCAL0064___contig_1_fragment_12_1217	MP_LCAL0064___contig_1_fragment_12	None	hypothetical protein
MP_LCAL0064___contig_1_fragment_12_1218	MP_LCAL0064___contig_1_fragment_12	None	hypothetical protein
MP_LCAL0064___contig_1_fragment_12_1219	MP_LCAL0064___contig_1_fragment_12	None	hypothetical protein
MP_LCAL0064___contig_1_fragment_12_1220	MP_LCAL0064___contig_1_fragment_12	PF01381.22	Helix-turn-helix
MP_LCAL0064___contig_1_fragment_12_1221	MP_LCAL0064___contig_1_fragment_12	VOG20253	REFSEQ hypothetical protein
MP_LCAL0064___contig_1_fragment_13_1237	MP_LCAL0064___contig_1_fragment_13	PF05382.13	Bacteriophage peptidoglycan hydrolase
MP_LCAL0064___contig_1_fragment_13_1238	MP_LCAL0064___contig_1_fragment_13	PF16938.5	Putative phage holin Dp-1
MP_LCAL0064___contig_1_fragment_13_1239	MP_LCAL0064___contig_1_fragment_13	None	hypothetical protein
MP_LCAL0064___contig_1_fragment_13_1240	MP_LCAL0064___contig_1_fragment_13	None	hypothetical protein
MP_LCAL0064___contig_1_fragment_13_1241	MP_LCAL0064___contig_1_fragment_13	None	hypothetical protein
MP_LCAL0064___contig_1_fragment_13_1242	MP_LCAL0064___contig_1_fragment_13	None	hypothetical protein
MP_LCAL0064___contig_1_fragment_13_1243	MP_LCAL0064___contig_1_fragment_13	VOG13479	REFSEQ gp067
MP_LCAL0064___contig_1_fragment_13_1244	MP_LCAL0064___contig_1_fragment_13	VOG00824	REFSEQ putative antireceptor
MP_LCAL0064___contig_1_fragment_13_1245	MP_LCAL0064___contig_1_fragment_13	VOG00097	sp|O48459|DIT_BPSPP Distal tail protein
MP_LCAL0064___contig_1_fragment_13_1246	MP_LCAL0064___contig_1_fragment_13	VOG02632	REFSEQ gp14
MP_LCAL0064___contig_1_fragment_13_1247	MP_LCAL0064___contig_1_fragment_13	VOG01394	REFSEQ hypothetical protein
MP_LCAL0064___contig_1_fragment_13_1248	MP_LCAL0064___contig_1_fragment_13	PF12363.8	"Phage tail assembly chaperone protein, TAC"
MP_LCAL0064___contig_1_fragment_13_1249	MP_LCAL0064___contig_1_fragment_13	VOG00149	sp|A9CRB8|TAIL_BPMR1 Putative tail protein
MP_LCAL0064___contig_1_fragment_13_1250	MP_LCAL0064___contig_1_fragment_13	VOG00743	sp|O48448|COMPL_BPSPP Tail completion protein gp17
MP_LCAL0064___contig_1_fragment_13_1251	MP_LCAL0064___contig_1_fragment_13	None	hypothetical protein
MP_LCAL0064___contig_1_fragment_13_1252	MP_LCAL0064___contig_1_fragment_13	None	hypothetical protein
MP_LCAL0064___contig_1_fragment_13_1253	MP_LCAL0064___contig_1_fragment_13	K22994	pelX; pectate disaccharide-lyase [EC:4.2.2.9]
MP_LCAL0064___contig_1_fragment_13_1254	MP_LCAL0064___contig_1_fragment_13	VOG00188	sp|Q03182|RINA_BPPHA Transcriptional activator rinA
MP_LCAL0064___contig_1_fragment_13_1255	MP_LCAL0064___contig_1_fragment_13	None	hypothetical protein
MP_LCAL0064___contig_1_fragment_13_1256	MP_LCAL0064___contig_1_fragment_13	None	hypothetical protein
MP_LCAL0064___contig_1_fragment_13_1257	MP_LCAL0064___contig_1_fragment_13	VOG00459	REFSEQ putative CI-like transcriptional repressor
MP_LCAL0064___contig_1_fragment_13_1258	MP_LCAL0064___contig_1_fragment_13	None	hypothetical protein
MP_LCAL0064___contig_1_fragment_13_1259	MP_LCAL0064___contig_1_fragment_13	K09022	"ridA, tdcF, RIDA; 2-iminobutanoate/2-iminopropanoate deaminase [EC:3.5.99.10]"
MP_LCAL0064___contig_1_fragment_13_1260	MP_LCAL0064___contig_1_fragment_13	K02013	ABC.FEV.A; iron complex transport system ATP-binding protein [EC:7.2.2.-]
GCA_004001205___contig_1_fragment_11_1342	GCA_004001205___contig_1_fragment_11	VOG14094	sp|A0A0H3CCP8|SOCA_CAUVN Antitoxin SocA
GCA_004001205___contig_1_fragment_11_1343	GCA_004001205___contig_1_fragment_11	PF05382.13	Bacteriophage peptidoglycan hydrolase
GCA_004001205___contig_1_fragment_11_1344	GCA_004001205___contig_1_fragment_11	PF16938.5	Putative phage holin Dp-1
GCA_004001205___contig_1_fragment_11_1345	GCA_004001205___contig_1_fragment_11	PF10779.9	Haemolysin XhlA
GCA_004001205___contig_1_fragment_11_1346	GCA_004001205___contig_1_fragment_11	PF09693.10	Phage uncharacterised protein (Phage_XkdX)
GCA_004001205___contig_1_fragment_11_1347	GCA_004001205___contig_1_fragment_11	None	hypothetical protein
GCA_004001205___contig_1_fragment_11_1348	GCA_004001205___contig_1_fragment_11	None	hypothetical protein
GCA_004001205___contig_1_fragment_11_1349	GCA_004001205___contig_1_fragment_11	VOG18935	REFSEQ hypothetical protein
GCA_004001205___contig_1_fragment_11_1350	GCA_004001205___contig_1_fragment_11	None	hypothetical protein
GCA_004001205___contig_1_fragment_11_1351	GCA_004001205___contig_1_fragment_11	VOG00452	REFSEQ hypothetical protein
GCA_004001205___contig_1_fragment_11_1352	GCA_004001205___contig_1_fragment_11	VOG01075	REFSEQ hypothetical protein
GCA_004001205___contig_1_fragment_11_1353	GCA_004001205___contig_1_fragment_11	VOG00183	REFSEQ hypothetical protein
GCA_004001205___contig_1_fragment_11_1354	GCA_004001205___contig_1_fragment_11	VOG21220	REFSEQ phage tape measure protein
GCA_004001205___contig_1_fragment_11_1355	GCA_004001205___contig_1_fragment_11	VOG10276	REFSEQ hypothetical protein
GCA_004001205___contig_1_fragment_11_1356	GCA_004001205___contig_1_fragment_11	None	hypothetical protein
GCA_004001205___contig_1_fragment_11_1357	GCA_004001205___contig_1_fragment_11	None	hypothetical protein
GCA_004001205___contig_1_fragment_11_1358	GCA_004001205___contig_1_fragment_11	VOG01483	REFSEQ major tail protein
GCA_004001205___contig_1_fragment_11_1359	GCA_004001205___contig_1_fragment_11	VOG00870	REFSEQ hypothetical protein
GCA_004001205___contig_1_fragment_11_1360	GCA_004001205___contig_1_fragment_11	PF11114.8	Minor capsid protein
GCA_004001205___contig_1_fragment_11_1361	GCA_004001205___contig_1_fragment_11	VOG04818	sp|Q04769|YG35_BPLLH Uncharacterized protein ORF5
GCA_004001205___contig_1_fragment_11_1362	GCA_004001205___contig_1_fragment_11	VOG00918	sp|Q04768|YG34_BPLLH Uncharacterized protein ORF4
GCA_004001205___contig_1_fragment_11_1363	GCA_004001205___contig_1_fragment_11	None	hypothetical protein
GCA_004001205___contig_1_fragment_11_1364	GCA_004001205___contig_1_fragment_11	VOG00241	sp|P19727|CAPSB_BPT7 Minor capsid protein
GCA_004001205___contig_1_fragment_11_1365	GCA_004001205___contig_1_fragment_11	None	hypothetical protein
GCA_004001205___contig_1_fragment_11_1366	GCA_004001205___contig_1_fragment_11	PF06810.11	Phage minor structural protein GP20
GCA_004001205___contig_1_fragment_11_1367	GCA_004001205___contig_1_fragment_11	VOG01829	sp|Q04765|VSP1_BPLLH Structural protein
GCA_004001205___contig_1_fragment_11_1368	GCA_004001205___contig_1_fragment_11	VOG01829	sp|Q04765|VSP1_BPLLH Structural protein
GCA_004001205___contig_1_fragment_11_1369	GCA_004001205___contig_1_fragment_11	VOG00639	REFSEQ portal protein
GCA_004001205___contig_1_fragment_11_1370	GCA_004001205___contig_1_fragment_11	PF17288.2	Terminase RNAseH like domain
GCA_004001205___contig_1_fragment_11_1371	GCA_004001205___contig_1_fragment_11	K06909	xtmB; phage terminase large subunit
GCA_004001205___contig_1_fragment_11_1372	GCA_004001205___contig_1_fragment_11	K06909	xtmB; phage terminase large subunit
GCA_004001205___contig_1_fragment_11_1373	GCA_004001205___contig_1_fragment_11	K07474	xtmA; phage terminase small subunit
GCA_004001205___contig_1_fragment_11_1374	GCA_004001205___contig_1_fragment_11	None	hypothetical protein
GCA_004001205___contig_1_fragment_11_1375	GCA_004001205___contig_1_fragment_11	VOG00188	sp|Q03182|RINA_BPPHA Transcriptional activator rinA
GCA_004001205___contig_1_fragment_11_1376	GCA_004001205___contig_1_fragment_11	VOG00065	sp|Q38441|YOR5_BPSPP Uncharacterized 10.3 kDa protein in GP2-GP6 intergenic region
GCA_004001205___contig_1_fragment_11_1377	GCA_004001205___contig_1_fragment_11	None	hypothetical protein
GCA_004001205___contig_1_fragment_11_1378	GCA_004001205___contig_1_fragment_11	None	hypothetical protein
GCA_004001205___contig_1_fragment_11_1379	GCA_004001205___contig_1_fragment_11	VOG10295	REFSEQ hypothetical protein
GCA_004001205___contig_1_fragment_11_1380	GCA_004001205___contig_1_fragment_11	VOG10294	REFSEQ hypothetical protein
GCA_004001205___contig_1_fragment_11_1381	GCA_004001205___contig_1_fragment_11	PF05866.11	Endodeoxyribonuclease RusA
GCA_004001205___contig_1_fragment_11_1382	GCA_004001205___contig_1_fragment_11	VOG00404	sp|P9WGD4|SSB_MYCTO Single-stranded DNA-binding protein
GCA_004001205___contig_1_fragment_11_1383	GCA_004001205___contig_1_fragment_11	VOG00404	sp|P9WGD4|SSB_MYCTO Single-stranded DNA-binding protein
GCA_004001205___contig_1_fragment_11_1384	GCA_004001205___contig_1_fragment_11	None	hypothetical protein
GCA_004001205___contig_1_fragment_11_1385	GCA_004001205___contig_1_fragment_11	PF09681.10	N-terminal phage replisome organiser (Phage_rep_org_N)
GCA_004001205___contig_1_fragment_11_1386	GCA_004001205___contig_1_fragment_11	PF16784.5	Putative HNHc nuclease
GCA_004001205___contig_1_fragment_11_1387	GCA_004001205___contig_1_fragment_11	PF12684.7	PDDEXK-like domain of unknown function (DUF3799)
GCA_004001205___contig_1_fragment_11_1388	GCA_004001205___contig_1_fragment_11	PF03837.14	RecT family
GCA_004001205___contig_1_fragment_11_1389	GCA_004001205___contig_1_fragment_11	None	hypothetical protein
GCA_004001205___contig_1_fragment_11_1390	GCA_004001205___contig_1_fragment_11	None	hypothetical protein
GCA_004001205___contig_1_fragment_11_1391	GCA_004001205___contig_1_fragment_11	None	hypothetical protein
GCA_004001205___contig_1_fragment_11_1392	GCA_004001205___contig_1_fragment_11	None	hypothetical protein
GCA_004001205___contig_1_fragment_11_1393	GCA_004001205___contig_1_fragment_11	VOG10124	sp|O34449|YOQD_BACSU SPBc2 prophage-derived putative antirepressor protein YoqD
GCA_004001205___contig_1_fragment_11_1394	GCA_004001205___contig_1_fragment_11	None	hypothetical protein
GCA_004001205___contig_1_fragment_11_1395	GCA_004001205___contig_1_fragment_11	VOG02771	sp|P03034|RPC1_LAMBD Repressor protein cI
GCA_004001205___contig_1_fragment_11_1396	GCA_004001205___contig_1_fragment_11	VOG01271	sp|O31942|YONS_BACSU SPBc2 prophage-derived uncharacterized lipoprotein YonS
GCA_004001205___contig_1_fragment_11_1397	GCA_004001205___contig_1_fragment_11	VOG18091	REFSEQ hypothetical protein
GCA_004001205___contig_1_fragment_11_1398	GCA_004001205___contig_1_fragment_11	K06400	spoIVCA; site-specific DNA recombinase
GCA_004001205___contig_1_fragment_11_1399	GCA_004001205___contig_1_fragment_11	K06400	spoIVCA; site-specific DNA recombinase
GCA_004001205___contig_1_fragment_12_1415	GCA_004001205___contig_1_fragment_12	PF05382.13	Bacteriophage peptidoglycan hydrolase
GCA_004001205___contig_1_fragment_12_1416	GCA_004001205___contig_1_fragment_12	PF16938.5	Putative phage holin Dp-1
GCA_004001205___contig_1_fragment_12_1417	GCA_004001205___contig_1_fragment_12	None	hypothetical protein
GCA_004001205___contig_1_fragment_12_1418	GCA_004001205___contig_1_fragment_12	None	hypothetical protein
GCA_004001205___contig_1_fragment_12_1419	GCA_004001205___contig_1_fragment_12	None	hypothetical protein
GCA_004001205___contig_1_fragment_12_1420	GCA_004001205___contig_1_fragment_12	None	hypothetical protein
GCA_004001205___contig_1_fragment_12_1421	GCA_004001205___contig_1_fragment_12	None	hypothetical protein
GCA_004001205___contig_1_fragment_12_1422	GCA_004001205___contig_1_fragment_12	VOG13479	REFSEQ gp067
GCA_004001205___contig_1_fragment_12_1423	GCA_004001205___contig_1_fragment_12	VOG21997	REFSEQ hypothetical protein
GCA_004001205___contig_1_fragment_12_1424	GCA_004001205___contig_1_fragment_12	VOG00824	REFSEQ putative antireceptor
GCA_004001205___contig_1_fragment_12_1425	GCA_004001205___contig_1_fragment_12	VOG00097	sp|O48459|DIT_BPSPP Distal tail protein
GCA_004001205___contig_1_fragment_12_1426	GCA_004001205___contig_1_fragment_12	VOG02632	REFSEQ gp14
GCA_004001205___contig_1_fragment_12_1427	GCA_004001205___contig_1_fragment_12	VOG01394	REFSEQ hypothetical protein
GCA_004001205___contig_1_fragment_12_1428	GCA_004001205___contig_1_fragment_12	PF12363.8	"Phage tail assembly chaperone protein, TAC"
GCA_004001205___contig_1_fragment_12_1429	GCA_004001205___contig_1_fragment_12	VOG00149	sp|A9CRB8|TAIL_BPMR1 Putative tail protein
GCA_004001205___contig_1_fragment_12_1430	GCA_004001205___contig_1_fragment_12	VOG00743	sp|O48448|COMPL_BPSPP Tail completion protein gp17
GCA_004001205___contig_1_fragment_12_1431	GCA_004001205___contig_1_fragment_12	None	hypothetical protein
GCA_004001205___contig_1_fragment_12_1432	GCA_004001205___contig_1_fragment_12	None	hypothetical protein
GCA_004001205___contig_1_fragment_12_1433	GCA_004001205___contig_1_fragment_12	K22994	pelX; pectate disaccharide-lyase [EC:4.2.2.9]
GCA_004001205___contig_1_fragment_12_1434	GCA_004001205___contig_1_fragment_12	VOG00188	sp|Q03182|RINA_BPPHA Transcriptional activator rinA
GCA_004001205___contig_1_fragment_12_1435	GCA_004001205___contig_1_fragment_12	None	hypothetical protein
GCA_004001205___contig_1_fragment_12_1436	GCA_004001205___contig_1_fragment_12	None	hypothetical protein
GCA_004001205___contig_1_fragment_12_1437	GCA_004001205___contig_1_fragment_12	VOG00459	REFSEQ putative CI-like transcriptional repressor
GCA_004001205___contig_1_fragment_12_1438	GCA_004001205___contig_1_fragment_12	None	hypothetical protein
GCA_004001205___contig_1_fragment_12_1439	GCA_004001205___contig_1_fragment_12	K09022	"ridA, tdcF, RIDA; 2-iminobutanoate/2-iminopropanoate deaminase [EC:3.5.99.10]"
GCA_004001205___contig_1_fragment_12_1440	GCA_004001205___contig_1_fragment_12	K02013	ABC.FEV.A; iron complex transport system ATP-binding protein [EC:7.2.2.-]
GCA_025728675___contig_42_fragment_2_123	GCA_025728675___contig_42_fragment_2	PF05382.13	Bacteriophage peptidoglycan hydrolase
GCA_025728675___contig_42_fragment_2_124	GCA_025728675___contig_42_fragment_2	PF16938.5	Putative phage holin Dp-1
GCA_025728675___contig_42_fragment_2_125	GCA_025728675___contig_42_fragment_2	PF10779.9	Haemolysin XhlA
GCA_025728675___contig_42_fragment_2_126	GCA_025728675___contig_42_fragment_2	None	hypothetical protein
GCA_025728675___contig_42_fragment_2_127	GCA_025728675___contig_42_fragment_2	None	hypothetical protein
GCA_025728675___contig_42_fragment_2_128	GCA_025728675___contig_42_fragment_2	VOG13479	REFSEQ gp067
GCA_025728675___contig_42_fragment_2_129	GCA_025728675___contig_42_fragment_2	VOG00824	REFSEQ putative antireceptor
GCA_025728675___contig_42_fragment_2_130	GCA_025728675___contig_42_fragment_2	None	hypothetical protein
GCA_025728675___contig_42_fragment_2_131	GCA_025728675___contig_42_fragment_2	VOG02333	REFSEQ tail tape measure protein
GCA_025728675___contig_42_fragment_2_132	GCA_025728675___contig_42_fragment_2	None	hypothetical protein
GCA_025728675___contig_42_fragment_2_133	GCA_025728675___contig_42_fragment_2	VOG01397	REFSEQ major tail protein
GCA_025728675___contig_42_fragment_2_134	GCA_025728675___contig_42_fragment_2	VOG00973	REFSEQ hypothetical protein
GCA_025728675___contig_42_fragment_2_135	GCA_025728675___contig_42_fragment_2	VOG23091	REFSEQ hypothetical protein
GCA_025728675___contig_42_fragment_2_136	GCA_025728675___contig_42_fragment_2	VOG23090	REFSEQ head-tail adaptor
GCA_025728675___contig_42_fragment_2_137	GCA_025728675___contig_42_fragment_2	VOG23089	REFSEQ hypothetical protein
GCA_025728675___contig_42_fragment_2_138	GCA_025728675___contig_42_fragment_2	PF05065.13	Phage capsid family
GCA_025728675___contig_42_fragment_2_139	GCA_025728675___contig_42_fragment_2	K06904	K06904; uncharacterized protein
GCA_025728675___contig_42_fragment_2_140	GCA_025728675___contig_42_fragment_2	PF04860.12	Phage portal protein
GCA_025728675___contig_42_fragment_2_141	GCA_025728675___contig_42_fragment_2	PF03354.15	Phage Terminase
GCA_025728675___contig_42_fragment_2_142	GCA_025728675___contig_42_fragment_2	None	hypothetical protein
GCA_025728675___contig_42_fragment_2_143	GCA_025728675___contig_42_fragment_2	VOG00679	REFSEQ HNH endonuclease
GCA_025728675___contig_42_fragment_2_144	GCA_025728675___contig_42_fragment_2	VOG00188	sp|Q03182|RINA_BPPHA Transcriptional activator rinA
GCA_025728675___contig_42_fragment_2_145	GCA_025728675___contig_42_fragment_2	VOG00724	sp|P10277|PRIM_BPP4 Putative P4-specific DNA primase
GCA_025728675___contig_42_fragment_2_146	GCA_025728675___contig_42_fragment_2	VOG00674	REFSEQ putative DNA polymerase
GCA_025728675___contig_42_fragment_2_147	GCA_025728675___contig_42_fragment_2	None	hypothetical protein
GCA_025728675___contig_42_fragment_2_148	GCA_025728675___contig_42_fragment_2	None	hypothetical protein
GCA_025728675___contig_42_fragment_2_149	GCA_025728675___contig_42_fragment_2	VOG03001	REFSEQ hypothetical protein
GCA_025728675___contig_42_fragment_2_150	GCA_025728675___contig_42_fragment_2	PF13479.6	AAA domain
GCA_025728675___contig_42_fragment_2_151	GCA_025728675___contig_42_fragment_2	None	hypothetical protein
GCA_025728675___contig_42_fragment_2_152	GCA_025728675___contig_42_fragment_2	VOG00399	sp|Q9T1Q4|VP44_BPAPS Putative nuclease p44
GCA_025728675___contig_42_fragment_2_153	GCA_025728675___contig_42_fragment_2	VOG00523	sp|Q9T1Q7|VP41_BPAPS Putative protein p41
GCA_025728615___contig_13_1	GCA_025728615___contig_13	None	hypothetical protein
GCA_025728615___contig_13_2	GCA_025728615___contig_13	None	hypothetical protein
GCA_025728615___contig_13_3	GCA_025728615___contig_13	VOG00523	sp|Q9T1Q7|VP41_BPAPS Putative protein p41
GCA_025728615___contig_13_4	GCA_025728615___contig_13	VOG00399	sp|Q9T1Q4|VP44_BPAPS Putative nuclease p44
GCA_025728615___contig_13_5	GCA_025728615___contig_13	None	hypothetical protein
GCA_025728615___contig_13_6	GCA_025728615___contig_13	PF13479.6	AAA domain
GCA_025728615___contig_13_7	GCA_025728615___contig_13	VOG03001	REFSEQ hypothetical protein
GCA_025728615___contig_13_8	GCA_025728615___contig_13	None	hypothetical protein
GCA_025728615___contig_13_9	GCA_025728615___contig_13	None	hypothetical protein
GCA_025728615___contig_13_10	GCA_025728615___contig_13	VOG00674	REFSEQ putative DNA polymerase
GCA_025728615___contig_13_11	GCA_025728615___contig_13	VOG00724	sp|P10277|PRIM_BPP4 Putative P4-specific DNA primase
GCA_025728615___contig_13_12	GCA_025728615___contig_13	VOG00188	sp|Q03182|RINA_BPPHA Transcriptional activator rinA
GCA_025728615___contig_13_13	GCA_025728615___contig_13	VOG00679	REFSEQ HNH endonuclease
GCA_025728615___contig_13_14	GCA_025728615___contig_13	None	hypothetical protein
GCA_025728615___contig_13_15	GCA_025728615___contig_13	PF03354.15	Phage Terminase
GCA_025728615___contig_13_16	GCA_025728615___contig_13	PF04860.12	Phage portal protein
GCA_025728615___contig_13_17	GCA_025728615___contig_13	K06904	K06904; uncharacterized protein
GCA_025728615___contig_13_18	GCA_025728615___contig_13	PF05065.13	Phage capsid family
GCA_025728615___contig_13_19	GCA_025728615___contig_13	VOG23089	REFSEQ hypothetical protein
GCA_025728615___contig_13_20	GCA_025728615___contig_13	VOG23090	REFSEQ head-tail adaptor
GCA_025728615___contig_13_21	GCA_025728615___contig_13	VOG23091	REFSEQ hypothetical protein
GCA_025728615___contig_13_22	GCA_025728615___contig_13	VOG00973	REFSEQ hypothetical protein
GCA_025728615___contig_13_23	GCA_025728615___contig_13	VOG01397	REFSEQ major tail protein
GCA_025728615___contig_13_24	GCA_025728615___contig_13	None	hypothetical protein
GCA_025728615___contig_13_25	GCA_025728615___contig_13	VOG02333	REFSEQ tail tape measure protein
GCA_025728615___contig_13_26	GCA_025728615___contig_13	None	hypothetical protein
GCA_025728615___contig_13_27	GCA_025728615___contig_13	VOG00824	REFSEQ putative antireceptor
MP_BCQMy205___contig_3_1	MP_BCQMy205___contig_3	K07467	rstA1; phage replication initiation protein
MP_BCQMy205___contig_3_2	MP_BCQMy205___contig_3	None	hypothetical protein
MP_BCQMy205___contig_3_3	MP_BCQMy205___contig_3	None	hypothetical protein
MP_BCQMy205___contig_3_4	MP_BCQMy205___contig_3	None	hypothetical protein
MP_BCQMy205___contig_3_5	MP_BCQMy205___contig_3	PF07564.11	Domain of Unknown Function (DUF1542)
MP_BCQMy205___contig_3_6	MP_BCQMy205___contig_3	None	hypothetical protein
MP_BCQMy205___contig_3_7	MP_BCQMy205___contig_3	PF00239.21	"Resolvase, N terminal domain"
MP_BCQMy205___contig_3_8	MP_BCQMy205___contig_3	VOG19011	REFSEQ hypothetical protein
MP_BCQMy205___contig_3_9	MP_BCQMy205___contig_3	None	hypothetical protein
MP_BCQMy205___contig_3_10	MP_BCQMy205___contig_3	PF03318.13	Clostridium epsilon toxin ETX/Bacillus mosquitocidal toxin MTX2
MP_BCQMy205___contig_3_11	MP_BCQMy205___contig_3	K01972	"E6.5.1.2, ligA, ligB; DNA ligase (NAD+) [EC:6.5.1.2]"
MP_BCQMy205___contig_3_12	MP_BCQMy205___contig_3	PF17363.2	Family of unknown function (DUF5388)
MP_BCQMy205___contig_3_13	MP_BCQMy205___contig_3	K03496	"parA, soj; chromosome partitioning protein"
MP_BCQMy205___contig_3_14	MP_BCQMy205___contig_3	None	hypothetical protein
MP_BCQMy205___contig_3_15	MP_BCQMy205___contig_3	None	hypothetical protein
MP_BCQMy205___contig_3_16	MP_BCQMy205___contig_3	None	hypothetical protein
MP_BCQMy205___contig_3_17	MP_BCQMy205___contig_3	VOG01473	REFSEQ FtsK/SpoIIIE protein
GCA_001047455___contig_8_1	GCA_001047455___contig_8	None	hypothetical protein
GCA_001047455___contig_8_2	GCA_001047455___contig_8	None	hypothetical protein
GCA_001047455___contig_8_3	GCA_001047455___contig_8	PF00239.21	"Resolvase, N terminal domain"
GCA_001047455___contig_8_4	GCA_001047455___contig_8	VOG19011	REFSEQ hypothetical protein
GCA_001047455___contig_8_5	GCA_001047455___contig_8	None	hypothetical protein
GCA_001047455___contig_8_6	GCA_001047455___contig_8	PF03318.13	Clostridium epsilon toxin ETX/Bacillus mosquitocidal toxin MTX2
GCA_001047455___contig_8_7	GCA_001047455___contig_8	K01972	"E6.5.1.2, ligA, ligB; DNA ligase (NAD+) [EC:6.5.1.2]"
GCA_001047455___contig_8_8	GCA_001047455___contig_8	PF17363.2	Family of unknown function (DUF5388)
GCA_001047455___contig_8_9	GCA_001047455___contig_8	K03496	"parA, soj; chromosome partitioning protein"
GCA_001047455___contig_8_10	GCA_001047455___contig_8	None	hypothetical protein
GCA_001047455___contig_8_11	GCA_001047455___contig_8	None	hypothetical protein
GCA_001047455___contig_8_12	GCA_001047455___contig_8	None	hypothetical protein
GCA_001047455___contig_8_13	GCA_001047455___contig_8	None	hypothetical protein
GCA_001047455___contig_8_14	GCA_001047455___contig_8	VOG01473	REFSEQ FtsK/SpoIIIE protein
GCA_001047455___contig_8_15	GCA_001047455___contig_8	K07467	rstA1; phage replication initiation protein
GCA_001047455___contig_8_16	GCA_001047455___contig_8	None	hypothetical protein
GCA_001047455___contig_8_17	GCA_001047455___contig_8	None	hypothetical protein
GCA_001047455___contig_8_18	GCA_001047455___contig_8	None	hypothetical protein
GCA_001047455___contig_8_19	GCA_001047455___contig_8	PF07564.11	Domain of Unknown Function (DUF1542)
GCA_025728635___contig_34_1	GCA_025728635___contig_34	PF05382.13	Bacteriophage peptidoglycan hydrolase
GCA_025728635___contig_34_2	GCA_025728635___contig_34	PF16938.5	Putative phage holin Dp-1
GCA_025728635___contig_34_3	GCA_025728635___contig_34	None	hypothetical protein
GCA_025728635___contig_34_4	GCA_025728635___contig_34	PF09693.10	Phage uncharacterised protein (Phage_XkdX)
GCA_025728635___contig_34_5	GCA_025728635___contig_34	None	hypothetical protein
GCA_025728635___contig_34_6	GCA_025728635___contig_34	None	hypothetical protein
GCA_025728635___contig_34_7	GCA_025728635___contig_34	None	hypothetical protein
GCA_025728635___contig_22_1	GCA_025728635___contig_22	VOG00824	REFSEQ putative antireceptor
GCA_025728635___contig_22_2	GCA_025728635___contig_22	None	hypothetical protein
GCA_025728635___contig_22_3	GCA_025728635___contig_22	VOG02333	REFSEQ tail tape measure protein
GCA_025728635___contig_22_4	GCA_025728635___contig_22	None	hypothetical protein
GCA_025728635___contig_22_5	GCA_025728635___contig_22	VOG01397	REFSEQ major tail protein
GCA_025728635___contig_22_6	GCA_025728635___contig_22	VOG00973	REFSEQ hypothetical protein
GCA_025728635___contig_22_7	GCA_025728635___contig_22	VOG23091	REFSEQ hypothetical protein
GCA_025728635___contig_22_8	GCA_025728635___contig_22	VOG23090	REFSEQ head-tail adaptor
GCA_025728635___contig_22_9	GCA_025728635___contig_22	VOG23089	REFSEQ hypothetical protein
GCA_025728635___contig_22_10	GCA_025728635___contig_22	PF05065.13	Phage capsid family
GCA_025728635___contig_22_11	GCA_025728635___contig_22	K06904	K06904; uncharacterized protein
GCA_025728635___contig_22_12	GCA_025728635___contig_22	PF04860.12	Phage portal protein
GCA_025728635___contig_22_13	GCA_025728635___contig_22	PF03354.15	Phage Terminase
GCA_025728635___contig_22_14	GCA_025728635___contig_22	None	hypothetical protein
GCA_025728635___contig_22_15	GCA_025728635___contig_22	VOG00679	REFSEQ HNH endonuclease
GCA_025728635___contig_22_16	GCA_025728635___contig_22	VOG00188	sp|Q03182|RINA_BPPHA Transcriptional activator rinA
GCA_025728635___contig_22_17	GCA_025728635___contig_22	VOG00724	sp|P10277|PRIM_BPP4 Putative P4-specific DNA primase
GCA_025728635___contig_22_18	GCA_025728635___contig_22	VOG00674	REFSEQ putative DNA polymerase
GCA_025728635___contig_22_19	GCA_025728635___contig_22	None	hypothetical protein
GCA_025728635___contig_22_20	GCA_025728635___contig_22	None	hypothetical protein
GCA_025728635___contig_22_21	GCA_025728635___contig_22	VOG03001	REFSEQ hypothetical protein
GCA_025728635___contig_22_22	GCA_025728635___contig_22	PF13479.6	AAA domain
GCA_025728635___contig_22_23	GCA_025728635___contig_22	None	hypothetical protein
GCA_025728635___contig_22_24	GCA_025728635___contig_22	VOG00399	sp|Q9T1Q4|VP44_BPAPS Putative nuclease p44
GCA_025728635___contig_22_25	GCA_025728635___contig_22	VOG00523	sp|Q9T1Q7|VP41_BPAPS Putative protein p41
GCA_025728635___contig_22_26	GCA_025728635___contig_22	None	hypothetical protein
GCA_025728635___contig_22_27	GCA_025728635___contig_22	None	hypothetical protein
GCA_025728675___contig_17_1	GCA_025728675___contig_17	VOG01075	REFSEQ hypothetical protein
GCA_025728675___contig_17_2	GCA_025728675___contig_17	PF06605.11	Prophage endopeptidase tail
GCA_025728675___contig_17_3	GCA_025728675___contig_17	None	hypothetical protein
GCA_025728675___contig_17_4	GCA_025728675___contig_17	None	hypothetical protein
GCA_025728675___contig_17_5	GCA_025728675___contig_17	VOG18935	REFSEQ hypothetical protein
GCA_025728675___contig_17_6	GCA_025728675___contig_17	None	hypothetical protein
GCA_025728595___contig_10_1	GCA_025728595___contig_10	VOG00824	REFSEQ putative antireceptor
GCA_025728595___contig_10_2	GCA_025728595___contig_10	None	hypothetical protein
GCA_025728595___contig_10_3	GCA_025728595___contig_10	VOG02333	REFSEQ tail tape measure protein
GCA_025728595___contig_10_4	GCA_025728595___contig_10	None	hypothetical protein
GCA_025728595___contig_10_5	GCA_025728595___contig_10	VOG01397	REFSEQ major tail protein
GCA_025728595___contig_10_6	GCA_025728595___contig_10	VOG00973	REFSEQ hypothetical protein
GCA_025728595___contig_10_7	GCA_025728595___contig_10	VOG23091	REFSEQ hypothetical protein
GCA_025728595___contig_10_8	GCA_025728595___contig_10	VOG23090	REFSEQ head-tail adaptor
GCA_025728595___contig_10_9	GCA_025728595___contig_10	VOG23089	REFSEQ hypothetical protein
GCA_025728595___contig_10_10	GCA_025728595___contig_10	PF05065.13	Phage capsid family
GCA_025728595___contig_10_11	GCA_025728595___contig_10	K06904	K06904; uncharacterized protein
GCA_025728595___contig_10_12	GCA_025728595___contig_10	PF04860.12	Phage portal protein
GCA_025728595___contig_10_13	GCA_025728595___contig_10	PF03354.15	Phage Terminase
GCA_025728595___contig_10_14	GCA_025728595___contig_10	None	hypothetical protein
GCA_025728595___contig_10_15	GCA_025728595___contig_10	VOG00679	REFSEQ HNH endonuclease
GCA_025728595___contig_10_16	GCA_025728595___contig_10	VOG00188	sp|Q03182|RINA_BPPHA Transcriptional activator rinA
GCA_025728595___contig_10_17	GCA_025728595___contig_10	VOG00724	sp|P10277|PRIM_BPP4 Putative P4-specific DNA primase
GCA_025728595___contig_10_18	GCA_025728595___contig_10	VOG00674	REFSEQ putative DNA polymerase
GCA_025728595___contig_10_19	GCA_025728595___contig_10	None	hypothetical protein
GCA_025728595___contig_10_20	GCA_025728595___contig_10	None	hypothetical protein
GCA_025728595___contig_10_21	GCA_025728595___contig_10	VOG03001	REFSEQ hypothetical protein
GCA_025728595___contig_10_22	GCA_025728595___contig_10	PF13479.6	AAA domain
GCA_025728595___contig_10_23	GCA_025728595___contig_10	None	hypothetical protein
GCA_025728595___contig_10_24	GCA_025728595___contig_10	VOG00399	sp|Q9T1Q4|VP44_BPAPS Putative nuclease p44
GCA_025728595___contig_10_25	GCA_025728595___contig_10	VOG00523	sp|Q9T1Q7|VP41_BPAPS Putative protein p41
GCA_025728595___contig_10_26	GCA_025728595___contig_10	None	hypothetical protein
GCA_025728595___contig_10_27	GCA_025728595___contig_10	None	hypothetical protein
GCA_025728595___contig_10_28	GCA_025728595___contig_10	None	hypothetical protein
MP_BCQMy224___contig_1_fragment_3_287	MP_BCQMy224___contig_1_fragment_3	VOG00041	sp|O10330|VLF1_NPVOP Very late expression factor 1
MP_BCQMy224___contig_1_fragment_3_288	MP_BCQMy224___contig_1_fragment_3	VOG03321	REFSEQ hypothetical protein
MP_BCQMy224___contig_1_fragment_3_289	MP_BCQMy224___contig_1_fragment_3	VOG00361	sp|P10426|YIM2_BPPH1 Uncharacterized immunity region protein 2
MP_BCQMy224___contig_1_fragment_3_290	MP_BCQMy224___contig_1_fragment_3	VOG02771	sp|P03034|RPC1_LAMBD Repressor protein cI
MP_BCQMy224___contig_1_fragment_3_291	MP_BCQMy224___contig_1_fragment_3	None	hypothetical protein
MP_BCQMy224___contig_1_fragment_3_292	MP_BCQMy224___contig_1_fragment_3	None	hypothetical protein
MP_BCQMy224___contig_1_fragment_3_293	MP_BCQMy224___contig_1_fragment_3	None	hypothetical protein
MP_BCQMy224___contig_1_fragment_3_294	MP_BCQMy224___contig_1_fragment_3	None	hypothetical protein
MP_BCQMy224___contig_1_fragment_3_295	MP_BCQMy224___contig_1_fragment_3	None	hypothetical protein
MP_BCQMy224___contig_1_fragment_3_296	MP_BCQMy224___contig_1_fragment_3	None	hypothetical protein
MP_BCQMy224___contig_1_fragment_3_297	MP_BCQMy224___contig_1_fragment_3	None	hypothetical protein
MP_BCQMy224___contig_1_fragment_3_298	MP_BCQMy224___contig_1_fragment_3	VOG00523	sp|Q9T1Q7|VP41_BPAPS Putative protein p41
MP_BCQMy224___contig_1_fragment_3_299	MP_BCQMy224___contig_1_fragment_3	VOG00399	sp|Q9T1Q4|VP44_BPAPS Putative nuclease p44
MP_BCQMy224___contig_1_fragment_3_300	MP_BCQMy224___contig_1_fragment_3	None	hypothetical protein
MP_BCQMy224___contig_1_fragment_3_301	MP_BCQMy224___contig_1_fragment_3	PF13479.6	AAA domain
MP_BCQMy224___contig_1_fragment_3_302	MP_BCQMy224___contig_1_fragment_3	VOG03001	REFSEQ hypothetical protein
MP_BCQMy224___contig_1_fragment_3_303	MP_BCQMy224___contig_1_fragment_3	None	hypothetical protein
MP_BCQMy224___contig_1_fragment_3_304	MP_BCQMy224___contig_1_fragment_3	None	hypothetical protein
MP_BCQMy224___contig_1_fragment_3_305	MP_BCQMy224___contig_1_fragment_3	VOG00674	REFSEQ putative DNA polymerase
MP_BCQMy224___contig_1_fragment_3_306	MP_BCQMy224___contig_1_fragment_3	VOG00724	sp|P10277|PRIM_BPP4 Putative P4-specific DNA primase
MP_BCQMy224___contig_1_fragment_3_307	MP_BCQMy224___contig_1_fragment_3	VOG00188	sp|Q03182|RINA_BPPHA Transcriptional activator rinA
MP_BCQMy224___contig_1_fragment_3_308	MP_BCQMy224___contig_1_fragment_3	None	hypothetical protein
MP_BCQMy224___contig_1_fragment_3_309	MP_BCQMy224___contig_1_fragment_3	VOG00679	REFSEQ HNH endonuclease
MP_BCQMy224___contig_1_fragment_3_310	MP_BCQMy224___contig_1_fragment_3	None	hypothetical protein
MP_BCQMy224___contig_1_fragment_3_311	MP_BCQMy224___contig_1_fragment_3	PF03354.15	Phage Terminase
MP_BCQMy224___contig_1_fragment_3_312	MP_BCQMy224___contig_1_fragment_3	PF04860.12	Phage portal protein
MP_BCQMy224___contig_1_fragment_3_313	MP_BCQMy224___contig_1_fragment_3	K06904	K06904; uncharacterized protein
MP_BCQMy224___contig_1_fragment_3_314	MP_BCQMy224___contig_1_fragment_3	PF05065.13	Phage capsid family
MP_BCQMy224___contig_1_fragment_3_315	MP_BCQMy224___contig_1_fragment_3	VOG23089	REFSEQ hypothetical protein
MP_BCQMy224___contig_1_fragment_3_316	MP_BCQMy224___contig_1_fragment_3	VOG23090	REFSEQ head-tail adaptor
MP_BCQMy224___contig_1_fragment_3_317	MP_BCQMy224___contig_1_fragment_3	VOG23091	REFSEQ hypothetical protein
MP_BCQMy224___contig_1_fragment_3_318	MP_BCQMy224___contig_1_fragment_3	VOG00973	REFSEQ hypothetical protein
MP_BCQMy224___contig_1_fragment_3_319	MP_BCQMy224___contig_1_fragment_3	VOG01397	REFSEQ major tail protein
MP_BCQMy224___contig_1_fragment_3_320	MP_BCQMy224___contig_1_fragment_3	None	hypothetical protein
MP_BCQMy224___contig_1_fragment_3_321	MP_BCQMy224___contig_1_fragment_3	VOG02333	REFSEQ tail tape measure protein
MP_BCQMy224___contig_1_fragment_3_322	MP_BCQMy224___contig_1_fragment_3	None	hypothetical protein
MP_BCQMy224___contig_1_fragment_3_323	MP_BCQMy224___contig_1_fragment_3	VOG00824	REFSEQ putative antireceptor
MP_BCQMy224___contig_1_fragment_3_324	MP_BCQMy224___contig_1_fragment_3	VOG13479	REFSEQ gp067
MP_BCQMy224___contig_1_fragment_3_325	MP_BCQMy224___contig_1_fragment_3	None	hypothetical protein
MP_BCQMy224___contig_1_fragment_3_326	MP_BCQMy224___contig_1_fragment_3	None	hypothetical protein
MP_BCQMy224___contig_1_fragment_3_327	MP_BCQMy224___contig_1_fragment_3	PF10779.9	Haemolysin XhlA
MP_BCQMy224___contig_1_fragment_3_328	MP_BCQMy224___contig_1_fragment_3	PF16938.5	Putative phage holin Dp-1
MP_BCQMy224___contig_1_fragment_3_329	MP_BCQMy224___contig_1_fragment_3	PF05382.13	Bacteriophage peptidoglycan hydrolase
MP_BCQMy224___contig_1_fragment_5_447	MP_BCQMy224___contig_1_fragment_5	K06977	K06977; uncharacterized protein
MP_BCQMy224___contig_1_fragment_5_448	MP_BCQMy224___contig_1_fragment_5	None	hypothetical protein
MP_BCQMy224___contig_1_fragment_5_449	MP_BCQMy224___contig_1_fragment_5	PF08282.12	haloacid dehalogenase-like hydrolase
MP_BCQMy224___contig_1_fragment_5_450	MP_BCQMy224___contig_1_fragment_5	VOG00041	sp|O10330|VLF1_NPVOP Very late expression factor 1
MP_BCQMy224___contig_1_fragment_5_451	MP_BCQMy224___contig_1_fragment_5	None	hypothetical protein
MP_BCQMy224___contig_1_fragment_5_452	MP_BCQMy224___contig_1_fragment_5	PF07553.11	Host cell surface-exposed lipoprotein
MP_BCQMy224___contig_1_fragment_5_453	MP_BCQMy224___contig_1_fragment_5	VOG20253	REFSEQ hypothetical protein
MP_BCQMy224___contig_1_fragment_5_454	MP_BCQMy224___contig_1_fragment_5	None	hypothetical protein
MP_BCQMy224___contig_1_fragment_5_455	MP_BCQMy224___contig_1_fragment_5	VOG10124	sp|O34449|YOQD_BACSU SPBc2 prophage-derived putative antirepressor protein YoqD
MP_BCQMy224___contig_1_fragment_5_456	MP_BCQMy224___contig_1_fragment_5	None	hypothetical protein
MP_BCQMy224___contig_1_fragment_5_457	MP_BCQMy224___contig_1_fragment_5	None	hypothetical protein
MP_BCQMy224___contig_1_fragment_5_458	MP_BCQMy224___contig_1_fragment_5	K07741	antB; anti-repressor protein
MP_BCQMy224___contig_1_fragment_5_459	MP_BCQMy224___contig_1_fragment_5	None	hypothetical protein
MP_BCQMy224___contig_1_fragment_5_460	MP_BCQMy224___contig_1_fragment_5	None	hypothetical protein
MP_BCQMy224___contig_1_fragment_5_461	MP_BCQMy224___contig_1_fragment_5	None	hypothetical protein
MP_BCQMy224___contig_1_fragment_5_462	MP_BCQMy224___contig_1_fragment_5	K07741	antB; anti-repressor protein
MP_BCQMy224___contig_1_fragment_5_463	MP_BCQMy224___contig_1_fragment_5	None	hypothetical protein
MP_BCQMy224___contig_1_fragment_5_464	MP_BCQMy224___contig_1_fragment_5	None	hypothetical protein
MP_BCQMy224___contig_1_fragment_5_465	MP_BCQMy224___contig_1_fragment_5	None	hypothetical protein
MP_BCQMy224___contig_1_fragment_5_466	MP_BCQMy224___contig_1_fragment_5	None	hypothetical protein
MP_BCQMy224___contig_1_fragment_5_467	MP_BCQMy224___contig_1_fragment_5	None	hypothetical protein
MP_BCQMy224___contig_1_fragment_5_468	MP_BCQMy224___contig_1_fragment_5	None	hypothetical protein
MP_BCQMy224___contig_1_fragment_5_469	MP_BCQMy224___contig_1_fragment_5	PF03837.14	RecT family
MP_BCQMy224___contig_1_fragment_5_470	MP_BCQMy224___contig_1_fragment_5	PF12684.7	PDDEXK-like domain of unknown function (DUF3799)
MP_BCQMy224___contig_1_fragment_5_471	MP_BCQMy224___contig_1_fragment_5	PF16784.5	Putative HNHc nuclease
MP_BCQMy224___contig_1_fragment_5_472	MP_BCQMy224___contig_1_fragment_5	VOG21431	REFSEQ hypothetical protein
MP_BCQMy224___contig_1_fragment_5_473	MP_BCQMy224___contig_1_fragment_5	None	hypothetical protein
MP_BCQMy224___contig_1_fragment_5_474	MP_BCQMy224___contig_1_fragment_5	VOG00404	sp|P9WGD4|SSB_MYCTO Single-stranded DNA-binding protein
MP_BCQMy224___contig_1_fragment_5_475	MP_BCQMy224___contig_1_fragment_5	VOG01162	sp|O34055|ARPU_BPO12 Putative autolysin regulatory protein ArpU
MP_BCQMy224___contig_1_fragment_5_476	MP_BCQMy224___contig_1_fragment_5	None	hypothetical protein
MP_BCQMy224___contig_1_fragment_5_477	MP_BCQMy224___contig_1_fragment_5	VOG01156	REFSEQ hypothetical protein
MP_BCQMy224___contig_1_fragment_5_478	MP_BCQMy224___contig_1_fragment_5	None	hypothetical protein
MP_BCQMy224___contig_1_fragment_5_479	MP_BCQMy224___contig_1_fragment_5	None	hypothetical protein
MP_BCQMy224___contig_1_fragment_5_480	MP_BCQMy224___contig_1_fragment_5	VOG00962	REFSEQ hypothetical protein
MP_BCQMy224___contig_1_fragment_5_481	MP_BCQMy224___contig_1_fragment_5	VOG00687	REFSEQ terminase small subunit
MP_BCQMy224___contig_1_fragment_5_482	MP_BCQMy224___contig_1_fragment_5	VOG04497	REFSEQ putative terminase small subunit
MP_BCQMy224___contig_1_fragment_5_483	MP_BCQMy224___contig_1_fragment_5	PF04860.12	Phage portal protein
MP_BCQMy224___contig_1_fragment_5_484	MP_BCQMy224___contig_1_fragment_5	K06904	K06904; uncharacterized protein
MP_BCQMy224___contig_1_fragment_5_485	MP_BCQMy224___contig_1_fragment_5	VOG13487	REFSEQ major capsid L
MP_BCQMy224___contig_1_fragment_5_486	MP_BCQMy224___contig_1_fragment_5	VOG00181	REFSEQ hypothetical protein
MP_BCQMy224___contig_1_fragment_5_487	MP_BCQMy224___contig_1_fragment_5	VOG00066	sp|O48446|HCP16_BPSPP Head completion protein gp16
MP_BCQMy224___contig_1_fragment_5_488	MP_BCQMy224___contig_1_fragment_5	VOG03575	REFSEQ hypothetical protein
MP_BCQMy224___contig_1_fragment_5_489	MP_BCQMy224___contig_1_fragment_5	None	hypothetical protein
MP_BCQMy224___contig_1_fragment_5_490	MP_BCQMy224___contig_1_fragment_5	VOG01397	REFSEQ major tail protein
MP_BCQMy224___contig_1_fragment_5_491	MP_BCQMy224___contig_1_fragment_5	None	hypothetical protein
MP_BCQMy224___contig_1_fragment_5_492	MP_BCQMy224___contig_1_fragment_5	None	hypothetical protein
MP_BCQMy224___contig_1_fragment_5_493	MP_BCQMy224___contig_1_fragment_5	VOG04056	REFSEQ hypothetical protein
MP_BCQMy224___contig_1_fragment_5_494	MP_BCQMy224___contig_1_fragment_5	VOG01075	REFSEQ hypothetical protein
MP_BCQMy224___contig_1_fragment_5_495	MP_BCQMy224___contig_1_fragment_5	PF06605.11	Prophage endopeptidase tail
MP_BCQMy224___contig_1_fragment_5_496	MP_BCQMy224___contig_1_fragment_5	None	hypothetical protein
MP_BCQMy224___contig_1_fragment_5_497	MP_BCQMy224___contig_1_fragment_5	None	hypothetical protein
MP_BCQMy224___contig_1_fragment_5_498	MP_BCQMy224___contig_1_fragment_5	VOG18935	REFSEQ hypothetical protein
MP_BCQMy224___contig_1_fragment_5_499	MP_BCQMy224___contig_1_fragment_5	None	hypothetical protein
MP_BCQMy224___contig_1_fragment_5_500	MP_BCQMy224___contig_1_fragment_5	None	hypothetical protein
MP_BCQMy224___contig_1_fragment_5_501	MP_BCQMy224___contig_1_fragment_5	PF09693.10	Phage uncharacterised protein (Phage_XkdX)
MP_BCQMy224___contig_1_fragment_5_502	MP_BCQMy224___contig_1_fragment_5	PF10779.9	Haemolysin XhlA
MP_BCQMy224___contig_1_fragment_5_503	MP_BCQMy224___contig_1_fragment_5	PF16938.5	Putative phage holin Dp-1
MP_BCQMy224___contig_1_fragment_5_504	MP_BCQMy224___contig_1_fragment_5	K07273	acm; lysozyme
MP_BCQMy224___contig_1_fragment_5_505	MP_BCQMy224___contig_1_fragment_5	None	hypothetical protein
MP_BCQMy224___contig_1_fragment_5_506	MP_BCQMy224___contig_1_fragment_5	VOG14226	REFSEQ hypothetical protein
MP_BCQMy224___contig_1_fragment_11_1117	MP_BCQMy224___contig_1_fragment_11	VOG00041	sp|O10330|VLF1_NPVOP Very late expression factor 1
MP_BCQMy224___contig_1_fragment_11_1118	MP_BCQMy224___contig_1_fragment_11	None	hypothetical protein
MP_BCQMy224___contig_1_fragment_11_1119	MP_BCQMy224___contig_1_fragment_11	None	hypothetical protein
MP_BCQMy224___contig_1_fragment_11_1120	MP_BCQMy224___contig_1_fragment_11	None	hypothetical protein
MP_BCQMy224___contig_1_fragment_11_1121	MP_BCQMy224___contig_1_fragment_11	VOG14094	sp|A0A0H3CCP8|SOCA_CAUVN Antitoxin SocA
MP_BCQMy224___contig_1_fragment_11_1122	MP_BCQMy224___contig_1_fragment_11	K07273	acm; lysozyme
MP_BCQMy224___contig_1_fragment_11_1123	MP_BCQMy224___contig_1_fragment_11	PF16938.5	Putative phage holin Dp-1
MP_BCQMy224___contig_1_fragment_11_1124	MP_BCQMy224___contig_1_fragment_11	None	hypothetical protein
MP_BCQMy224___contig_1_fragment_11_1125	MP_BCQMy224___contig_1_fragment_11	PF09693.10	Phage uncharacterised protein (Phage_XkdX)
MP_BCQMy224___contig_1_fragment_11_1126	MP_BCQMy224___contig_1_fragment_11	None	hypothetical protein
MP_BCQMy224___contig_1_fragment_11_1127	MP_BCQMy224___contig_1_fragment_11	None	hypothetical protein
MP_BCQMy224___contig_1_fragment_11_1128	MP_BCQMy224___contig_1_fragment_11	VOG18935	REFSEQ hypothetical protein
MP_BCQMy224___contig_1_fragment_11_1129	MP_BCQMy224___contig_1_fragment_11	None	hypothetical protein
MP_BCQMy224___contig_1_fragment_11_1130	MP_BCQMy224___contig_1_fragment_11	None	hypothetical protein
MP_BCQMy224___contig_1_fragment_11_1131	MP_BCQMy224___contig_1_fragment_11	PF06605.11	Prophage endopeptidase tail
MP_BCQMy224___contig_1_fragment_11_1132	MP_BCQMy224___contig_1_fragment_11	VOG01075	REFSEQ hypothetical protein
MP_BCQMy224___contig_1_fragment_11_1133	MP_BCQMy224___contig_1_fragment_11	VOG04056	REFSEQ hypothetical protein
MP_BCQMy224___contig_1_fragment_11_1134	MP_BCQMy224___contig_1_fragment_11	None	hypothetical protein
MP_BCQMy224___contig_1_fragment_11_1135	MP_BCQMy224___contig_1_fragment_11	None	hypothetical protein
MP_BCQMy224___contig_1_fragment_11_1136	MP_BCQMy224___contig_1_fragment_11	VOG01397	REFSEQ major tail protein
MP_BCQMy224___contig_1_fragment_11_1137	MP_BCQMy224___contig_1_fragment_11	None	hypothetical protein
MP_BCQMy224___contig_1_fragment_11_1138	MP_BCQMy224___contig_1_fragment_11	VOG03575	REFSEQ hypothetical protein
MP_BCQMy224___contig_1_fragment_11_1139	MP_BCQMy224___contig_1_fragment_11	VOG00066	sp|O48446|HCP16_BPSPP Head completion protein gp16
MP_BCQMy224___contig_1_fragment_11_1140	MP_BCQMy224___contig_1_fragment_11	VOG00181	REFSEQ hypothetical protein
MP_BCQMy224___contig_1_fragment_11_1141	MP_BCQMy224___contig_1_fragment_11	VOG13487	REFSEQ major capsid L
MP_BCQMy224___contig_1_fragment_11_1142	MP_BCQMy224___contig_1_fragment_11	K06904	K06904; uncharacterized protein
MP_BCQMy224___contig_1_fragment_11_1143	MP_BCQMy224___contig_1_fragment_11	PF04860.12	Phage portal protein
MP_BCQMy224___contig_1_fragment_11_1144	MP_BCQMy224___contig_1_fragment_11	VOG04497	REFSEQ putative terminase small subunit
MP_BCQMy224___contig_1_fragment_11_1145	MP_BCQMy224___contig_1_fragment_11	VOG00687	REFSEQ terminase small subunit
MP_BCQMy224___contig_1_fragment_11_1146	MP_BCQMy224___contig_1_fragment_11	VOG00962	REFSEQ hypothetical protein
MP_BCQMy224___contig_1_fragment_11_1147	MP_BCQMy224___contig_1_fragment_11	None	hypothetical protein
MP_BCQMy224___contig_1_fragment_11_1148	MP_BCQMy224___contig_1_fragment_11	VOG00361	sp|P10426|YIM2_BPPH1 Uncharacterized immunity region protein 2
MP_BCQMy224___contig_1_fragment_11_1149	MP_BCQMy224___contig_1_fragment_11	None	hypothetical protein
MP_BCQMy224___contig_1_fragment_11_1150	MP_BCQMy224___contig_1_fragment_11	VOG01162	sp|O34055|ARPU_BPO12 Putative autolysin regulatory protein ArpU
MP_BCQMy224___contig_1_fragment_11_1151	MP_BCQMy224___contig_1_fragment_11	VOG00404	sp|P9WGD4|SSB_MYCTO Single-stranded DNA-binding protein
MP_BCQMy224___contig_1_fragment_11_1152	MP_BCQMy224___contig_1_fragment_11	None	hypothetical protein
MP_BCQMy224___contig_1_fragment_11_1153	MP_BCQMy224___contig_1_fragment_11	VOG01042	sp|P39787|DNAD_BACSU DNA replication protein DnaD
MP_BCQMy224___contig_1_fragment_11_1154	MP_BCQMy224___contig_1_fragment_11	PF16784.5	Putative HNHc nuclease
MP_BCQMy224___contig_1_fragment_11_1155	MP_BCQMy224___contig_1_fragment_11	VOG09746	sp|P04892|ERF_BPP22 Essential recombination function protein
MP_BCQMy224___contig_1_fragment_11_1156	MP_BCQMy224___contig_1_fragment_11	VOG11084	REFSEQ hypothetical protein
MP_BCQMy224___contig_1_fragment_11_1157	MP_BCQMy224___contig_1_fragment_11	None	hypothetical protein
MP_BCQMy224___contig_1_fragment_11_1158	MP_BCQMy224___contig_1_fragment_11	None	hypothetical protein
MP_BCQMy224___contig_1_fragment_11_1159	MP_BCQMy224___contig_1_fragment_11	None	hypothetical protein
MP_BCQMy224___contig_1_fragment_11_1160	MP_BCQMy224___contig_1_fragment_11	None	hypothetical protein
MP_BCQMy224___contig_1_fragment_11_1161	MP_BCQMy224___contig_1_fragment_11	None	hypothetical protein
MP_BCQMy224___contig_1_fragment_11_1162	MP_BCQMy224___contig_1_fragment_11	None	hypothetical protein
MP_BCQMy224___contig_1_fragment_11_1163	MP_BCQMy224___contig_1_fragment_11	None	hypothetical protein
MP_BCQMy224___contig_1_fragment_11_1164	MP_BCQMy224___contig_1_fragment_11	None	hypothetical protein
MP_BCQMy224___contig_1_fragment_11_1165	MP_BCQMy224___contig_1_fragment_11	None	hypothetical protein
MP_BCQMy224___contig_1_fragment_11_1166	MP_BCQMy224___contig_1_fragment_11	None	hypothetical protein
MP_BCQMy224___contig_1_fragment_11_1167	MP_BCQMy224___contig_1_fragment_11	None	hypothetical protein
MP_BCQMy224___contig_1_fragment_11_1168	MP_BCQMy224___contig_1_fragment_11	None	hypothetical protein
MP_BCQMy224___contig_1_fragment_11_1169	MP_BCQMy224___contig_1_fragment_11	None	hypothetical protein
MP_BCQMy224___contig_1_fragment_11_1170	MP_BCQMy224___contig_1_fragment_11	None	hypothetical protein
MP_BCQMy224___contig_1_fragment_11_1171	MP_BCQMy224___contig_1_fragment_11	None	hypothetical protein
MP_BCQMy224___contig_1_fragment_11_1172	MP_BCQMy224___contig_1_fragment_11	None	hypothetical protein
MP_BCQMy224___contig_1_fragment_11_1173	MP_BCQMy224___contig_1_fragment_11	K07741	antB; anti-repressor protein
MP_BCQMy224___contig_1_fragment_11_1174	MP_BCQMy224___contig_1_fragment_11	VOG14084	REFSEQ hypothetical protein
MP_BCQMy224___contig_1_fragment_11_1175	MP_BCQMy224___contig_1_fragment_11	None	hypothetical protein
MP_BCQMy224___contig_1_fragment_11_1176	MP_BCQMy224___contig_1_fragment_11	None	hypothetical protein
MP_BCQMy224___contig_1_fragment_11_1177	MP_BCQMy224___contig_1_fragment_11	PF01381.22	Helix-turn-helix
MP_BCQMy224___contig_1_fragment_11_1178	MP_BCQMy224___contig_1_fragment_11	VOG20253	REFSEQ hypothetical protein
MP_BCQMy224___contig_1_fragment_12_1194	MP_BCQMy224___contig_1_fragment_12	PF05382.13	Bacteriophage peptidoglycan hydrolase
MP_BCQMy224___contig_1_fragment_12_1195	MP_BCQMy224___contig_1_fragment_12	PF16938.5	Putative phage holin Dp-1
MP_BCQMy224___contig_1_fragment_12_1196	MP_BCQMy224___contig_1_fragment_12	None	hypothetical protein
MP_BCQMy224___contig_1_fragment_12_1197	MP_BCQMy224___contig_1_fragment_12	None	hypothetical protein
MP_BCQMy224___contig_1_fragment_12_1198	MP_BCQMy224___contig_1_fragment_12	None	hypothetical protein
MP_BCQMy224___contig_1_fragment_12_1199	MP_BCQMy224___contig_1_fragment_12	None	hypothetical protein
MP_BCQMy224___contig_1_fragment_12_1200	MP_BCQMy224___contig_1_fragment_12	VOG13479	REFSEQ gp067
MP_BCQMy224___contig_1_fragment_12_1201	MP_BCQMy224___contig_1_fragment_12	VOG00824	REFSEQ putative antireceptor
MP_BCQMy224___contig_1_fragment_12_1202	MP_BCQMy224___contig_1_fragment_12	VOG00097	sp|O48459|DIT_BPSPP Distal tail protein
MP_BCQMy224___contig_1_fragment_12_1203	MP_BCQMy224___contig_1_fragment_12	VOG02632	REFSEQ gp14
MP_BCQMy224___contig_1_fragment_12_1204	MP_BCQMy224___contig_1_fragment_12	VOG01394	REFSEQ hypothetical protein
MP_BCQMy224___contig_1_fragment_12_1205	MP_BCQMy224___contig_1_fragment_12	PF12363.8	"Phage tail assembly chaperone protein, TAC"
MP_BCQMy224___contig_1_fragment_12_1206	MP_BCQMy224___contig_1_fragment_12	VOG00149	sp|A9CRB8|TAIL_BPMR1 Putative tail protein
MP_BCQMy224___contig_1_fragment_12_1207	MP_BCQMy224___contig_1_fragment_12	VOG00743	sp|O48448|COMPL_BPSPP Tail completion protein gp17
MP_BCQMy224___contig_1_fragment_12_1208	MP_BCQMy224___contig_1_fragment_12	None	hypothetical protein
MP_BCQMy224___contig_1_fragment_12_1209	MP_BCQMy224___contig_1_fragment_12	None	hypothetical protein
MP_BCQMy224___contig_1_fragment_12_1210	MP_BCQMy224___contig_1_fragment_12	K22994	pelX; pectate disaccharide-lyase [EC:4.2.2.9]
MP_BCQMy224___contig_1_fragment_12_1211	MP_BCQMy224___contig_1_fragment_12	VOG00188	sp|Q03182|RINA_BPPHA Transcriptional activator rinA
MP_BCQMy224___contig_1_fragment_12_1212	MP_BCQMy224___contig_1_fragment_12	None	hypothetical protein
MP_BCQMy224___contig_1_fragment_12_1213	MP_BCQMy224___contig_1_fragment_12	None	hypothetical protein
MP_BCQMy224___contig_1_fragment_12_1214	MP_BCQMy224___contig_1_fragment_12	VOG00459	REFSEQ putative CI-like transcriptional repressor
MP_BCQMy224___contig_1_fragment_12_1215	MP_BCQMy224___contig_1_fragment_12	None	hypothetical protein
MP_BCQMy224___contig_1_fragment_12_1216	MP_BCQMy224___contig_1_fragment_12	K09022	"ridA, tdcF, RIDA; 2-iminobutanoate/2-iminopropanoate deaminase [EC:3.5.99.10]"
MP_BCQMy224___contig_1_fragment_12_1217	MP_BCQMy224___contig_1_fragment_12	K02013	ABC.FEV.A; iron complex transport system ATP-binding protein [EC:7.2.2.-]
MP_BCQMy224___contig_1_fragment_14_1432	MP_BCQMy224___contig_1_fragment_14	PF01183.20	Glycosyl hydrolases family 25
MP_BCQMy224___contig_1_fragment_14_1433	MP_BCQMy224___contig_1_fragment_14	VOG02762	REFSEQ holin
MP_BCQMy224___contig_1_fragment_14_1434	MP_BCQMy224___contig_1_fragment_14	None	hypothetical protein
MP_BCQMy224___contig_1_fragment_14_1435	MP_BCQMy224___contig_1_fragment_14	PF09693.10	Phage uncharacterised protein (Phage_XkdX)
MP_BCQMy224___contig_1_fragment_14_1436	MP_BCQMy224___contig_1_fragment_14	None	hypothetical protein
MP_BCQMy224___contig_1_fragment_14_1437	MP_BCQMy224___contig_1_fragment_14	None	hypothetical protein
MP_BCQMy224___contig_1_fragment_14_1438	MP_BCQMy224___contig_1_fragment_14	PF18667.1	Baseplate upper protein immunoglobulin like domain
MP_BCQMy224___contig_1_fragment_14_1439	MP_BCQMy224___contig_1_fragment_14	VOG21441	REFSEQ hypothetical protein
MP_BCQMy224___contig_1_fragment_14_1440	MP_BCQMy224___contig_1_fragment_14	None	hypothetical protein
MP_BCQMy224___contig_1_fragment_14_1441	MP_BCQMy224___contig_1_fragment_14	VOG03140	REFSEQ tape measure protein
MP_BCQMy224___contig_1_fragment_14_1442	MP_BCQMy224___contig_1_fragment_14	VOG01394	REFSEQ hypothetical protein
MP_BCQMy224___contig_1_fragment_14_1443	MP_BCQMy224___contig_1_fragment_14	VOG00446	REFSEQ hypothetical protein
MP_BCQMy224___contig_1_fragment_14_1444	MP_BCQMy224___contig_1_fragment_14	VOG03436	REFSEQ conserved structural protein
MP_BCQMy224___contig_1_fragment_14_1445	MP_BCQMy224___contig_1_fragment_14	VOG00149	sp|A9CRB8|TAIL_BPMR1 Putative tail protein
MP_BCQMy224___contig_1_fragment_14_1446	MP_BCQMy224___contig_1_fragment_14	VOG00743	sp|O48448|COMPL_BPSPP Tail completion protein gp17
MP_BCQMy224___contig_1_fragment_14_1447	MP_BCQMy224___contig_1_fragment_14	VOG00973	REFSEQ hypothetical protein
MP_BCQMy224___contig_1_fragment_14_1448	MP_BCQMy224___contig_1_fragment_14	None	hypothetical protein
MP_BCQMy224___contig_1_fragment_14_1449	MP_BCQMy224___contig_1_fragment_14	VOG00283	sp|Q38584|HCP15_BPSPP Head completion protein gp15
MP_BCQMy224___contig_1_fragment_14_1450	MP_BCQMy224___contig_1_fragment_14	None	hypothetical protein
MP_BCQMy224___contig_1_fragment_14_1451	MP_BCQMy224___contig_1_fragment_14	None	hypothetical protein
MP_BCQMy224___contig_1_fragment_14_1452	MP_BCQMy224___contig_1_fragment_14	VOG00686	sp|Q38442|GP7_BPSPP Minor head protein GP7
MP_BCQMy224___contig_1_fragment_14_1453	MP_BCQMy224___contig_1_fragment_14	PF05133.14	"Phage portal protein, SPP1 Gp6-like"
MP_BCQMy224___contig_1_fragment_14_1454	MP_BCQMy224___contig_1_fragment_14	K06909	xtmB; phage terminase large subunit
MP_BCQMy224___contig_1_fragment_14_1455	MP_BCQMy224___contig_1_fragment_14	K07474	xtmA; phage terminase small subunit
MP_BCQMy224___contig_1_fragment_14_1456	MP_BCQMy224___contig_1_fragment_14	VOG04514	REFSEQ hypothetical protein
MP_BCQMy224___contig_1_fragment_14_1457	MP_BCQMy224___contig_1_fragment_14	VOG17047	REFSEQ hypothetical protein
MP_BCQMy224___contig_1_fragment_14_1458	MP_BCQMy224___contig_1_fragment_14	PF05866.11	Endodeoxyribonuclease RusA
MP_BCQMy224___contig_1_fragment_14_1459	MP_BCQMy224___contig_1_fragment_14	None	hypothetical protein
MP_BCQMy224___contig_1_fragment_14_1460	MP_BCQMy224___contig_1_fragment_14	VOG17046	REFSEQ DNA primase
MP_BCQMy224___contig_1_fragment_14_1461	MP_BCQMy224___contig_1_fragment_14	None	hypothetical protein
MP_BCQMy224___contig_1_fragment_14_1462	MP_BCQMy224___contig_1_fragment_14	None	hypothetical protein
MP_BCQMy224___contig_1_fragment_14_1463	MP_BCQMy224___contig_1_fragment_14	VOG02949	REFSEQ hypothetical protein
MP_BCQMy224___contig_1_fragment_14_1464	MP_BCQMy224___contig_1_fragment_14	VOG10295	REFSEQ hypothetical protein
MP_BCQMy224___contig_1_fragment_14_1465	MP_BCQMy224___contig_1_fragment_14	VOG10294	REFSEQ hypothetical protein
MP_BCQMy224___contig_1_fragment_14_1466	MP_BCQMy224___contig_1_fragment_14	VOG17043	REFSEQ hypothetical protein
MP_BCQMy224___contig_1_fragment_14_1467	MP_BCQMy224___contig_1_fragment_14	PF13479.6	AAA domain
MP_BCQMy224___contig_1_fragment_14_1468	MP_BCQMy224___contig_1_fragment_14	VOG00461	REFSEQ hypothetical protein
MP_BCQMy224___contig_1_fragment_14_1469	MP_BCQMy224___contig_1_fragment_14	VOG00194	sp|P07719|V17_BPT3 Gene 1.7 protein
MP_BCQMy224___contig_1_fragment_14_1470	MP_BCQMy224___contig_1_fragment_14	VOG04466	REFSEQ hypothetical protein
MP_BCQMy224___contig_1_fragment_14_1471	MP_BCQMy224___contig_1_fragment_14	None	hypothetical protein
MP_BCQMy224___contig_1_fragment_14_1472	MP_BCQMy224___contig_1_fragment_14	VOG04233	REFSEQ hypothetical protein
MP_BCQMy224___contig_1_fragment_14_1473	MP_BCQMy224___contig_1_fragment_14	VOG17042	REFSEQ hypothetical protein
MP_BCQMy224___contig_1_fragment_14_1474	MP_BCQMy224___contig_1_fragment_14	None	hypothetical protein
MP_BCQMy224___contig_1_fragment_14_1475	MP_BCQMy224___contig_1_fragment_14	None	hypothetical protein
MP_BCQMy224___contig_1_fragment_14_1476	MP_BCQMy224___contig_1_fragment_14	VOG02771	sp|P03034|RPC1_LAMBD Repressor protein cI
MP_BCQMy224___contig_1_fragment_14_1477	MP_BCQMy224___contig_1_fragment_14	VOG00361	sp|P10426|YIM2_BPPH1 Uncharacterized immunity region protein 2
MP_BCQMy224___contig_1_fragment_14_1478	MP_BCQMy224___contig_1_fragment_14	VOG00041	sp|O10330|VLF1_NPVOP Very late expression factor 1
MP_BCQMy302___contig_1_fragment_3_287	MP_BCQMy302___contig_1_fragment_3	VOG00041	sp|O10330|VLF1_NPVOP Very late expression factor 1
MP_BCQMy302___contig_1_fragment_3_288	MP_BCQMy302___contig_1_fragment_3	VOG03321	REFSEQ hypothetical protein
MP_BCQMy302___contig_1_fragment_3_289	MP_BCQMy302___contig_1_fragment_3	VOG00361	sp|P10426|YIM2_BPPH1 Uncharacterized immunity region protein 2
MP_BCQMy302___contig_1_fragment_3_290	MP_BCQMy302___contig_1_fragment_3	VOG02771	sp|P03034|RPC1_LAMBD Repressor protein cI
MP_BCQMy302___contig_1_fragment_3_291	MP_BCQMy302___contig_1_fragment_3	None	hypothetical protein
MP_BCQMy302___contig_1_fragment_3_292	MP_BCQMy302___contig_1_fragment_3	None	hypothetical protein
MP_BCQMy302___contig_1_fragment_3_293	MP_BCQMy302___contig_1_fragment_3	None	hypothetical protein
MP_BCQMy302___contig_1_fragment_3_294	MP_BCQMy302___contig_1_fragment_3	None	hypothetical protein
MP_BCQMy302___contig_1_fragment_3_295	MP_BCQMy302___contig_1_fragment_3	None	hypothetical protein
MP_BCQMy302___contig_1_fragment_3_296	MP_BCQMy302___contig_1_fragment_3	None	hypothetical protein
MP_BCQMy302___contig_1_fragment_3_297	MP_BCQMy302___contig_1_fragment_3	None	hypothetical protein
MP_BCQMy302___contig_1_fragment_3_298	MP_BCQMy302___contig_1_fragment_3	VOG00523	sp|Q9T1Q7|VP41_BPAPS Putative protein p41
MP_BCQMy302___contig_1_fragment_3_299	MP_BCQMy302___contig_1_fragment_3	VOG00399	sp|Q9T1Q4|VP44_BPAPS Putative nuclease p44
MP_BCQMy302___contig_1_fragment_3_300	MP_BCQMy302___contig_1_fragment_3	None	hypothetical protein
MP_BCQMy302___contig_1_fragment_3_301	MP_BCQMy302___contig_1_fragment_3	PF13479.6	AAA domain
MP_BCQMy302___contig_1_fragment_3_302	MP_BCQMy302___contig_1_fragment_3	VOG03001	REFSEQ hypothetical protein
MP_BCQMy302___contig_1_fragment_3_303	MP_BCQMy302___contig_1_fragment_3	None	hypothetical protein
MP_BCQMy302___contig_1_fragment_3_304	MP_BCQMy302___contig_1_fragment_3	None	hypothetical protein
MP_BCQMy302___contig_1_fragment_3_305	MP_BCQMy302___contig_1_fragment_3	VOG00674	REFSEQ putative DNA polymerase
MP_BCQMy302___contig_1_fragment_3_306	MP_BCQMy302___contig_1_fragment_3	VOG00724	sp|P10277|PRIM_BPP4 Putative P4-specific DNA primase
MP_BCQMy302___contig_1_fragment_3_307	MP_BCQMy302___contig_1_fragment_3	VOG00188	sp|Q03182|RINA_BPPHA Transcriptional activator rinA
MP_BCQMy302___contig_1_fragment_3_308	MP_BCQMy302___contig_1_fragment_3	None	hypothetical protein
MP_BCQMy302___contig_1_fragment_3_309	MP_BCQMy302___contig_1_fragment_3	VOG00679	REFSEQ HNH endonuclease
MP_BCQMy302___contig_1_fragment_3_310	MP_BCQMy302___contig_1_fragment_3	None	hypothetical protein
MP_BCQMy302___contig_1_fragment_3_311	MP_BCQMy302___contig_1_fragment_3	PF03354.15	Phage Terminase
MP_BCQMy302___contig_1_fragment_3_312	MP_BCQMy302___contig_1_fragment_3	PF04860.12	Phage portal protein
MP_BCQMy302___contig_1_fragment_3_313	MP_BCQMy302___contig_1_fragment_3	K06904	K06904; uncharacterized protein
MP_BCQMy302___contig_1_fragment_3_314	MP_BCQMy302___contig_1_fragment_3	PF05065.13	Phage capsid family
MP_BCQMy302___contig_1_fragment_3_315	MP_BCQMy302___contig_1_fragment_3	VOG23089	REFSEQ hypothetical protein
MP_BCQMy302___contig_1_fragment_3_316	MP_BCQMy302___contig_1_fragment_3	VOG23090	REFSEQ head-tail adaptor
MP_BCQMy302___contig_1_fragment_3_317	MP_BCQMy302___contig_1_fragment_3	VOG23091	REFSEQ hypothetical protein
MP_BCQMy302___contig_1_fragment_3_318	MP_BCQMy302___contig_1_fragment_3	VOG00973	REFSEQ hypothetical protein
MP_BCQMy302___contig_1_fragment_3_319	MP_BCQMy302___contig_1_fragment_3	VOG01397	REFSEQ major tail protein
MP_BCQMy302___contig_1_fragment_3_320	MP_BCQMy302___contig_1_fragment_3	None	hypothetical protein
MP_BCQMy302___contig_1_fragment_3_321	MP_BCQMy302___contig_1_fragment_3	VOG02333	REFSEQ tail tape measure protein
MP_BCQMy302___contig_1_fragment_3_322	MP_BCQMy302___contig_1_fragment_3	None	hypothetical protein
MP_BCQMy302___contig_1_fragment_3_323	MP_BCQMy302___contig_1_fragment_3	VOG00824	REFSEQ putative antireceptor
MP_BCQMy302___contig_1_fragment_3_324	MP_BCQMy302___contig_1_fragment_3	VOG13479	REFSEQ gp067
MP_BCQMy302___contig_1_fragment_3_325	MP_BCQMy302___contig_1_fragment_3	None	hypothetical protein
MP_BCQMy302___contig_1_fragment_3_326	MP_BCQMy302___contig_1_fragment_3	None	hypothetical protein
MP_BCQMy302___contig_1_fragment_3_327	MP_BCQMy302___contig_1_fragment_3	PF10779.9	Haemolysin XhlA
MP_BCQMy302___contig_1_fragment_3_328	MP_BCQMy302___contig_1_fragment_3	PF16938.5	Putative phage holin Dp-1
MP_BCQMy302___contig_1_fragment_3_329	MP_BCQMy302___contig_1_fragment_3	PF05382.13	Bacteriophage peptidoglycan hydrolase
MP_BCQMy302___contig_1_fragment_5_447	MP_BCQMy302___contig_1_fragment_5	K06977	K06977; uncharacterized protein
MP_BCQMy302___contig_1_fragment_5_448	MP_BCQMy302___contig_1_fragment_5	None	hypothetical protein
MP_BCQMy302___contig_1_fragment_5_449	MP_BCQMy302___contig_1_fragment_5	PF08282.12	haloacid dehalogenase-like hydrolase
MP_BCQMy302___contig_1_fragment_5_450	MP_BCQMy302___contig_1_fragment_5	VOG00041	sp|O10330|VLF1_NPVOP Very late expression factor 1
MP_BCQMy302___contig_1_fragment_5_451	MP_BCQMy302___contig_1_fragment_5	None	hypothetical protein
MP_BCQMy302___contig_1_fragment_5_452	MP_BCQMy302___contig_1_fragment_5	PF07553.11	Host cell surface-exposed lipoprotein
MP_BCQMy302___contig_1_fragment_5_453	MP_BCQMy302___contig_1_fragment_5	VOG20253	REFSEQ hypothetical protein
MP_BCQMy302___contig_1_fragment_5_454	MP_BCQMy302___contig_1_fragment_5	None	hypothetical protein
MP_BCQMy302___contig_1_fragment_5_455	MP_BCQMy302___contig_1_fragment_5	VOG10124	sp|O34449|YOQD_BACSU SPBc2 prophage-derived putative antirepressor protein YoqD
MP_BCQMy302___contig_1_fragment_5_456	MP_BCQMy302___contig_1_fragment_5	None	hypothetical protein
MP_BCQMy302___contig_1_fragment_5_457	MP_BCQMy302___contig_1_fragment_5	None	hypothetical protein
MP_BCQMy302___contig_1_fragment_5_458	MP_BCQMy302___contig_1_fragment_5	K07741	antB; anti-repressor protein
MP_BCQMy302___contig_1_fragment_5_459	MP_BCQMy302___contig_1_fragment_5	None	hypothetical protein
MP_BCQMy302___contig_1_fragment_5_460	MP_BCQMy302___contig_1_fragment_5	None	hypothetical protein
MP_BCQMy302___contig_1_fragment_5_461	MP_BCQMy302___contig_1_fragment_5	None	hypothetical protein
MP_BCQMy302___contig_1_fragment_5_462	MP_BCQMy302___contig_1_fragment_5	K07741	antB; anti-repressor protein
MP_BCQMy302___contig_1_fragment_5_463	MP_BCQMy302___contig_1_fragment_5	None	hypothetical protein
MP_BCQMy302___contig_1_fragment_5_464	MP_BCQMy302___contig_1_fragment_5	None	hypothetical protein
MP_BCQMy302___contig_1_fragment_5_465	MP_BCQMy302___contig_1_fragment_5	None	hypothetical protein
MP_BCQMy302___contig_1_fragment_5_466	MP_BCQMy302___contig_1_fragment_5	None	hypothetical protein
MP_BCQMy302___contig_1_fragment_5_467	MP_BCQMy302___contig_1_fragment_5	None	hypothetical protein
MP_BCQMy302___contig_1_fragment_5_468	MP_BCQMy302___contig_1_fragment_5	None	hypothetical protein
MP_BCQMy302___contig_1_fragment_5_469	MP_BCQMy302___contig_1_fragment_5	PF03837.14	RecT family
MP_BCQMy302___contig_1_fragment_5_470	MP_BCQMy302___contig_1_fragment_5	PF12684.7	PDDEXK-like domain of unknown function (DUF3799)
MP_BCQMy302___contig_1_fragment_5_471	MP_BCQMy302___contig_1_fragment_5	PF16784.5	Putative HNHc nuclease
MP_BCQMy302___contig_1_fragment_5_472	MP_BCQMy302___contig_1_fragment_5	VOG21431	REFSEQ hypothetical protein
MP_BCQMy302___contig_1_fragment_5_473	MP_BCQMy302___contig_1_fragment_5	None	hypothetical protein
MP_BCQMy302___contig_1_fragment_5_474	MP_BCQMy302___contig_1_fragment_5	VOG00404	sp|P9WGD4|SSB_MYCTO Single-stranded DNA-binding protein
MP_BCQMy302___contig_1_fragment_5_475	MP_BCQMy302___contig_1_fragment_5	VOG01162	sp|O34055|ARPU_BPO12 Putative autolysin regulatory protein ArpU
MP_BCQMy302___contig_1_fragment_5_476	MP_BCQMy302___contig_1_fragment_5	None	hypothetical protein
MP_BCQMy302___contig_1_fragment_5_477	MP_BCQMy302___contig_1_fragment_5	VOG01156	REFSEQ hypothetical protein
MP_BCQMy302___contig_1_fragment_5_478	MP_BCQMy302___contig_1_fragment_5	None	hypothetical protein
MP_BCQMy302___contig_1_fragment_5_479	MP_BCQMy302___contig_1_fragment_5	None	hypothetical protein
MP_BCQMy302___contig_1_fragment_5_480	MP_BCQMy302___contig_1_fragment_5	VOG00962	REFSEQ hypothetical protein
MP_BCQMy302___contig_1_fragment_5_481	MP_BCQMy302___contig_1_fragment_5	VOG00687	REFSEQ terminase small subunit
MP_BCQMy302___contig_1_fragment_5_482	MP_BCQMy302___contig_1_fragment_5	VOG04497	REFSEQ putative terminase small subunit
MP_BCQMy302___contig_1_fragment_5_483	MP_BCQMy302___contig_1_fragment_5	PF04860.12	Phage portal protein
MP_BCQMy302___contig_1_fragment_5_484	MP_BCQMy302___contig_1_fragment_5	K06904	K06904; uncharacterized protein
MP_BCQMy302___contig_1_fragment_5_485	MP_BCQMy302___contig_1_fragment_5	VOG13487	REFSEQ major capsid L
MP_BCQMy302___contig_1_fragment_5_486	MP_BCQMy302___contig_1_fragment_5	VOG00181	REFSEQ hypothetical protein
MP_BCQMy302___contig_1_fragment_5_487	MP_BCQMy302___contig_1_fragment_5	VOG00066	sp|O48446|HCP16_BPSPP Head completion protein gp16
MP_BCQMy302___contig_1_fragment_5_488	MP_BCQMy302___contig_1_fragment_5	VOG03575	REFSEQ hypothetical protein
MP_BCQMy302___contig_1_fragment_5_489	MP_BCQMy302___contig_1_fragment_5	None	hypothetical protein
MP_BCQMy302___contig_1_fragment_5_490	MP_BCQMy302___contig_1_fragment_5	VOG01397	REFSEQ major tail protein
MP_BCQMy302___contig_1_fragment_5_491	MP_BCQMy302___contig_1_fragment_5	None	hypothetical protein
MP_BCQMy302___contig_1_fragment_5_492	MP_BCQMy302___contig_1_fragment_5	None	hypothetical protein
MP_BCQMy302___contig_1_fragment_5_493	MP_BCQMy302___contig_1_fragment_5	VOG04056	REFSEQ hypothetical protein
MP_BCQMy302___contig_1_fragment_5_494	MP_BCQMy302___contig_1_fragment_5	VOG01075	REFSEQ hypothetical protein
MP_BCQMy302___contig_1_fragment_5_495	MP_BCQMy302___contig_1_fragment_5	PF06605.11	Prophage endopeptidase tail
MP_BCQMy302___contig_1_fragment_5_496	MP_BCQMy302___contig_1_fragment_5	None	hypothetical protein
MP_BCQMy302___contig_1_fragment_5_497	MP_BCQMy302___contig_1_fragment_5	None	hypothetical protein
MP_BCQMy302___contig_1_fragment_5_498	MP_BCQMy302___contig_1_fragment_5	VOG18935	REFSEQ hypothetical protein
MP_BCQMy302___contig_1_fragment_5_499	MP_BCQMy302___contig_1_fragment_5	None	hypothetical protein
MP_BCQMy302___contig_1_fragment_5_500	MP_BCQMy302___contig_1_fragment_5	None	hypothetical protein
MP_BCQMy302___contig_1_fragment_5_501	MP_BCQMy302___contig_1_fragment_5	PF09693.10	Phage uncharacterised protein (Phage_XkdX)
MP_BCQMy302___contig_1_fragment_5_502	MP_BCQMy302___contig_1_fragment_5	PF10779.9	Haemolysin XhlA
MP_BCQMy302___contig_1_fragment_5_503	MP_BCQMy302___contig_1_fragment_5	K07273	acm; lysozyme
MP_BCQMy302___contig_1_fragment_5_504	MP_BCQMy302___contig_1_fragment_5	None	hypothetical protein
MP_BCQMy302___contig_1_fragment_5_505	MP_BCQMy302___contig_1_fragment_5	VOG14226	REFSEQ hypothetical protein
MP_BCQMy302___contig_1_fragment_7_674	MP_BCQMy302___contig_1_fragment_7	K00059	"fabG, OAR1; 3-oxoacyl-[acyl-carrier protein] reductase [EC:1.1.1.100]"
MP_BCQMy302___contig_1_fragment_7_675	MP_BCQMy302___contig_1_fragment_7	PF11195.8	Protein of unknown function (DUF2829)
MP_BCQMy302___contig_1_fragment_7_676	MP_BCQMy302___contig_1_fragment_7	PF01205.19	Uncharacterized protein family UPF0029
MP_BCQMy302___contig_1_fragment_7_677	MP_BCQMy302___contig_1_fragment_7	K02240	comFA; competence protein ComFA
MP_BCQMy302___contig_1_fragment_7_678	MP_BCQMy302___contig_1_fragment_7	K06400	spoIVCA; site-specific DNA recombinase
MP_BCQMy302___contig_1_fragment_7_679	MP_BCQMy302___contig_1_fragment_7	VOG01190	REFSEQ hypothetical protein
MP_BCQMy302___contig_1_fragment_7_680	MP_BCQMy302___contig_1_fragment_7	None	hypothetical protein
MP_BCQMy302___contig_1_fragment_7_681	MP_BCQMy302___contig_1_fragment_7	VOG20253	REFSEQ hypothetical protein
MP_BCQMy302___contig_1_fragment_7_682	MP_BCQMy302___contig_1_fragment_7	None	hypothetical protein
MP_BCQMy302___contig_1_fragment_7_683	MP_BCQMy302___contig_1_fragment_7	VOG10124	sp|O34449|YOQD_BACSU SPBc2 prophage-derived putative antirepressor protein YoqD
MP_BCQMy302___contig_1_fragment_7_684	MP_BCQMy302___contig_1_fragment_7	None	hypothetical protein
MP_BCQMy302___contig_1_fragment_7_685	MP_BCQMy302___contig_1_fragment_7	VOG03676	REFSEQ hypothetical protein
MP_BCQMy302___contig_1_fragment_7_686	MP_BCQMy302___contig_1_fragment_7	None	hypothetical protein
MP_BCQMy302___contig_1_fragment_7_687	MP_BCQMy302___contig_1_fragment_7	None	hypothetical protein
MP_BCQMy302___contig_1_fragment_7_688	MP_BCQMy302___contig_1_fragment_7	None	hypothetical protein
MP_BCQMy302___contig_1_fragment_7_689	MP_BCQMy302___contig_1_fragment_7	None	hypothetical protein
MP_BCQMy302___contig_1_fragment_7_690	MP_BCQMy302___contig_1_fragment_7	None	hypothetical protein
MP_BCQMy302___contig_1_fragment_7_691	MP_BCQMy302___contig_1_fragment_7	None	hypothetical protein
MP_BCQMy302___contig_1_fragment_7_692	MP_BCQMy302___contig_1_fragment_7	None	hypothetical protein
MP_BCQMy302___contig_1_fragment_7_693	MP_BCQMy302___contig_1_fragment_7	None	hypothetical protein
MP_BCQMy302___contig_1_fragment_7_694	MP_BCQMy302___contig_1_fragment_7	VOG01036	sp|C0SP91|YYCJ_BACSU Putative metallo-hydrolase YycJ
MP_BCQMy302___contig_1_fragment_7_695	MP_BCQMy302___contig_1_fragment_7	VOG12256	REFSEQ hypothetical protein
MP_BCQMy302___contig_1_fragment_7_696	MP_BCQMy302___contig_1_fragment_7	VOG24297	REFSEQ gp30
MP_BCQMy302___contig_1_fragment_7_697	MP_BCQMy302___contig_1_fragment_7	VOG00674	REFSEQ putative DNA polymerase
MP_BCQMy302___contig_1_fragment_7_698	MP_BCQMy302___contig_1_fragment_7	None	hypothetical protein
MP_BCQMy302___contig_1_fragment_7_699	MP_BCQMy302___contig_1_fragment_7	VOG24298	REFSEQ gp32
MP_BCQMy302___contig_1_fragment_7_700	MP_BCQMy302___contig_1_fragment_7	None	hypothetical protein
MP_BCQMy302___contig_1_fragment_7_701	MP_BCQMy302___contig_1_fragment_7	VOG00188	sp|Q03182|RINA_BPPHA Transcriptional activator rinA
MP_BCQMy302___contig_1_fragment_7_702	MP_BCQMy302___contig_1_fragment_7	None	hypothetical protein
MP_BCQMy302___contig_1_fragment_7_703	MP_BCQMy302___contig_1_fragment_7	K07474	xtmA; phage terminase small subunit
MP_BCQMy302___contig_1_fragment_7_704	MP_BCQMy302___contig_1_fragment_7	K06909	xtmB; phage terminase large subunit
MP_BCQMy302___contig_1_fragment_7_705	MP_BCQMy302___contig_1_fragment_7	PF05133.14	"Phage portal protein, SPP1 Gp6-like"
MP_BCQMy302___contig_1_fragment_7_706	MP_BCQMy302___contig_1_fragment_7	VOG00686	sp|Q38442|GP7_BPSPP Minor head protein GP7
MP_BCQMy302___contig_1_fragment_7_707	MP_BCQMy302___contig_1_fragment_7	PF14265.6	Domain of unknown function (DUF4355)
MP_BCQMy302___contig_1_fragment_7_708	MP_BCQMy302___contig_1_fragment_7	VOG00633	sp|O64210|CAPSD_BPMD2 Probable major capsid protein gp17
MP_BCQMy302___contig_1_fragment_7_709	MP_BCQMy302___contig_1_fragment_7	PF02368.18	Bacterial Ig-like domain (group 2)
MP_BCQMy302___contig_1_fragment_7_710	MP_BCQMy302___contig_1_fragment_7	VOG00283	sp|Q38584|HCP15_BPSPP Head completion protein gp15
MP_BCQMy302___contig_1_fragment_7_711	MP_BCQMy302___contig_1_fragment_7	VOG01134	REFSEQ hypothetical protein
MP_BCQMy302___contig_1_fragment_7_712	MP_BCQMy302___contig_1_fragment_7	VOG00973	REFSEQ hypothetical protein
MP_BCQMy302___contig_1_fragment_7_713	MP_BCQMy302___contig_1_fragment_7	VOG00743	sp|O48448|COMPL_BPSPP Tail completion protein gp17
MP_BCQMy302___contig_1_fragment_7_714	MP_BCQMy302___contig_1_fragment_7	VOG00149	sp|A9CRB8|TAIL_BPMR1 Putative tail protein
MP_BCQMy302___contig_1_fragment_7_715	MP_BCQMy302___contig_1_fragment_7	PF12363.8	"Phage tail assembly chaperone protein, TAC"
MP_BCQMy302___contig_1_fragment_7_716	MP_BCQMy302___contig_1_fragment_7	VOG01394	REFSEQ hypothetical protein
MP_BCQMy302___contig_1_fragment_7_717	MP_BCQMy302___contig_1_fragment_7	VOG02632	REFSEQ gp14
MP_BCQMy302___contig_1_fragment_7_718	MP_BCQMy302___contig_1_fragment_7	VOG00097	sp|O48459|DIT_BPSPP Distal tail protein
MP_BCQMy302___contig_1_fragment_7_719	MP_BCQMy302___contig_1_fragment_7	VOG00824	REFSEQ putative antireceptor
MP_BCQMy302___contig_1_fragment_7_720	MP_BCQMy302___contig_1_fragment_7	VOG13479	REFSEQ gp067
MP_BCQMy302___contig_1_fragment_7_721	MP_BCQMy302___contig_1_fragment_7	None	hypothetical protein
MP_BCQMy302___contig_1_fragment_7_722	MP_BCQMy302___contig_1_fragment_7	None	hypothetical protein
MP_BCQMy302___contig_1_fragment_7_723	MP_BCQMy302___contig_1_fragment_7	None	hypothetical protein
MP_BCQMy302___contig_1_fragment_7_724	MP_BCQMy302___contig_1_fragment_7	None	hypothetical protein
MP_BCQMy302___contig_1_fragment_7_725	MP_BCQMy302___contig_1_fragment_7	PF09693.10	Phage uncharacterised protein (Phage_XkdX)
MP_BCQMy302___contig_1_fragment_7_726	MP_BCQMy302___contig_1_fragment_7	None	hypothetical protein
MP_BCQMy302___contig_1_fragment_7_727	MP_BCQMy302___contig_1_fragment_7	PF16938.5	Putative phage holin Dp-1
MP_BCQMy302___contig_1_fragment_7_728	MP_BCQMy302___contig_1_fragment_7	PF05382.13	Bacteriophage peptidoglycan hydrolase
MP_BCQMy302___contig_1_fragment_12_1171	MP_BCQMy302___contig_1_fragment_12	VOG00041	sp|O10330|VLF1_NPVOP Very late expression factor 1
MP_BCQMy302___contig_1_fragment_12_1172	MP_BCQMy302___contig_1_fragment_12	None	hypothetical protein
MP_BCQMy302___contig_1_fragment_12_1173	MP_BCQMy302___contig_1_fragment_12	None	hypothetical protein
MP_BCQMy302___contig_1_fragment_12_1174	MP_BCQMy302___contig_1_fragment_12	VOG14094	sp|A0A0H3CCP8|SOCA_CAUVN Antitoxin SocA
MP_BCQMy302___contig_1_fragment_12_1175	MP_BCQMy302___contig_1_fragment_12	PF16775.5	Target recognition domain of lytic exoenzyme
MP_BCQMy302___contig_1_fragment_12_1176	MP_BCQMy302___contig_1_fragment_12	K07273	acm; lysozyme
MP_BCQMy302___contig_1_fragment_12_1177	MP_BCQMy302___contig_1_fragment_12	PF16938.5	Putative phage holin Dp-1
MP_BCQMy302___contig_1_fragment_12_1178	MP_BCQMy302___contig_1_fragment_12	PF10779.9	Haemolysin XhlA
MP_BCQMy302___contig_1_fragment_12_1179	MP_BCQMy302___contig_1_fragment_12	None	hypothetical protein
MP_BCQMy302___contig_1_fragment_12_1180	MP_BCQMy302___contig_1_fragment_12	None	hypothetical protein
MP_BCQMy302___contig_1_fragment_12_1181	MP_BCQMy302___contig_1_fragment_12	VOG18935	REFSEQ hypothetical protein
MP_BCQMy302___contig_1_fragment_12_1182	MP_BCQMy302___contig_1_fragment_12	None	hypothetical protein
MP_BCQMy302___contig_1_fragment_12_1183	MP_BCQMy302___contig_1_fragment_12	None	hypothetical protein
MP_BCQMy302___contig_1_fragment_12_1184	MP_BCQMy302___contig_1_fragment_12	PF06605.11	Prophage endopeptidase tail
MP_BCQMy302___contig_1_fragment_12_1185	MP_BCQMy302___contig_1_fragment_12	VOG01075	REFSEQ hypothetical protein
MP_BCQMy302___contig_1_fragment_12_1186	MP_BCQMy302___contig_1_fragment_12	VOG21220	REFSEQ phage tape measure protein
MP_BCQMy302___contig_1_fragment_12_1187	MP_BCQMy302___contig_1_fragment_12	None	hypothetical protein
MP_BCQMy302___contig_1_fragment_12_1188	MP_BCQMy302___contig_1_fragment_12	None	hypothetical protein
MP_BCQMy302___contig_1_fragment_12_1189	MP_BCQMy302___contig_1_fragment_12	VOG01397	REFSEQ major tail protein
MP_BCQMy302___contig_1_fragment_12_1190	MP_BCQMy302___contig_1_fragment_12	None	hypothetical protein
MP_BCQMy302___contig_1_fragment_12_1191	MP_BCQMy302___contig_1_fragment_12	VOG03575	REFSEQ hypothetical protein
MP_BCQMy302___contig_1_fragment_12_1192	MP_BCQMy302___contig_1_fragment_12	None	hypothetical protein
MP_BCQMy302___contig_1_fragment_12_1193	MP_BCQMy302___contig_1_fragment_12	VOG00181	REFSEQ hypothetical protein
MP_BCQMy302___contig_1_fragment_12_1194	MP_BCQMy302___contig_1_fragment_12	VOG13487	REFSEQ major capsid L
MP_BCQMy302___contig_1_fragment_12_1195	MP_BCQMy302___contig_1_fragment_12	K06904	K06904; uncharacterized protein
MP_BCQMy302___contig_1_fragment_12_1196	MP_BCQMy302___contig_1_fragment_12	PF04860.12	Phage portal protein
MP_BCQMy302___contig_1_fragment_12_1197	MP_BCQMy302___contig_1_fragment_12	VOG04497	REFSEQ putative terminase small subunit
MP_BCQMy302___contig_1_fragment_12_1198	MP_BCQMy302___contig_1_fragment_12	VOG00687	REFSEQ terminase small subunit
MP_BCQMy302___contig_1_fragment_12_1199	MP_BCQMy302___contig_1_fragment_12	VOG00962	REFSEQ hypothetical protein
MP_BCQMy302___contig_1_fragment_12_1200	MP_BCQMy302___contig_1_fragment_12	None	hypothetical protein
MP_BCQMy302___contig_1_fragment_12_1201	MP_BCQMy302___contig_1_fragment_12	VOG00361	sp|P10426|YIM2_BPPH1 Uncharacterized immunity region protein 2
MP_BCQMy302___contig_1_fragment_12_1202	MP_BCQMy302___contig_1_fragment_12	None	hypothetical protein
MP_BCQMy302___contig_1_fragment_12_1203	MP_BCQMy302___contig_1_fragment_12	VOG01162	sp|O34055|ARPU_BPO12 Putative autolysin regulatory protein ArpU
MP_BCQMy302___contig_1_fragment_12_1204	MP_BCQMy302___contig_1_fragment_12	VOG00404	sp|P9WGD4|SSB_MYCTO Single-stranded DNA-binding protein
MP_BCQMy302___contig_1_fragment_12_1205	MP_BCQMy302___contig_1_fragment_12	None	hypothetical protein
MP_BCQMy302___contig_1_fragment_12_1206	MP_BCQMy302___contig_1_fragment_12	VOG01042	sp|P39787|DNAD_BACSU DNA replication protein DnaD
MP_BCQMy302___contig_1_fragment_12_1207	MP_BCQMy302___contig_1_fragment_12	PF16784.5	Putative HNHc nuclease
MP_BCQMy302___contig_1_fragment_12_1208	MP_BCQMy302___contig_1_fragment_12	VOG09746	sp|P04892|ERF_BPP22 Essential recombination function protein
MP_BCQMy302___contig_1_fragment_12_1209	MP_BCQMy302___contig_1_fragment_12	VOG11084	REFSEQ hypothetical protein
MP_BCQMy302___contig_1_fragment_12_1210	MP_BCQMy302___contig_1_fragment_12	None	hypothetical protein
MP_BCQMy302___contig_1_fragment_12_1211	MP_BCQMy302___contig_1_fragment_12	None	hypothetical protein
MP_BCQMy302___contig_1_fragment_12_1212	MP_BCQMy302___contig_1_fragment_12	None	hypothetical protein
MP_BCQMy302___contig_1_fragment_12_1213	MP_BCQMy302___contig_1_fragment_12	None	hypothetical protein
MP_BCQMy302___contig_1_fragment_12_1214	MP_BCQMy302___contig_1_fragment_12	None	hypothetical protein
MP_BCQMy302___contig_1_fragment_12_1215	MP_BCQMy302___contig_1_fragment_12	None	hypothetical protein
MP_BCQMy302___contig_1_fragment_12_1216	MP_BCQMy302___contig_1_fragment_12	None	hypothetical protein
MP_BCQMy302___contig_1_fragment_12_1217	MP_BCQMy302___contig_1_fragment_12	None	hypothetical protein
MP_BCQMy302___contig_1_fragment_12_1218	MP_BCQMy302___contig_1_fragment_12	None	hypothetical protein
MP_BCQMy302___contig_1_fragment_12_1219	MP_BCQMy302___contig_1_fragment_12	None	hypothetical protein
MP_BCQMy302___contig_1_fragment_12_1220	MP_BCQMy302___contig_1_fragment_12	None	hypothetical protein
MP_BCQMy302___contig_1_fragment_12_1221	MP_BCQMy302___contig_1_fragment_12	None	hypothetical protein
MP_BCQMy302___contig_1_fragment_12_1222	MP_BCQMy302___contig_1_fragment_12	None	hypothetical protein
MP_BCQMy302___contig_1_fragment_12_1223	MP_BCQMy302___contig_1_fragment_12	None	hypothetical protein
MP_BCQMy302___contig_1_fragment_12_1224	MP_BCQMy302___contig_1_fragment_12	None	hypothetical protein
MP_BCQMy302___contig_1_fragment_12_1225	MP_BCQMy302___contig_1_fragment_12	None	hypothetical protein
MP_BCQMy302___contig_1_fragment_12_1226	MP_BCQMy302___contig_1_fragment_12	K07741	antB; anti-repressor protein
MP_BCQMy302___contig_1_fragment_12_1227	MP_BCQMy302___contig_1_fragment_12	VOG14084	REFSEQ hypothetical protein
MP_BCQMy302___contig_1_fragment_12_1228	MP_BCQMy302___contig_1_fragment_12	None	hypothetical protein
MP_BCQMy302___contig_1_fragment_12_1229	MP_BCQMy302___contig_1_fragment_12	None	hypothetical protein
MP_BCQMy302___contig_1_fragment_12_1230	MP_BCQMy302___contig_1_fragment_12	PF01381.22	Helix-turn-helix
MP_BCQMy302___contig_1_fragment_12_1231	MP_BCQMy302___contig_1_fragment_12	VOG20253	REFSEQ hypothetical protein
MP_BCQMy302___contig_1_fragment_13_1247	MP_BCQMy302___contig_1_fragment_13	PF05382.13	Bacteriophage peptidoglycan hydrolase
MP_BCQMy302___contig_1_fragment_13_1248	MP_BCQMy302___contig_1_fragment_13	PF16938.5	Putative phage holin Dp-1
MP_BCQMy302___contig_1_fragment_13_1249	MP_BCQMy302___contig_1_fragment_13	None	hypothetical protein
MP_BCQMy302___contig_1_fragment_13_1250	MP_BCQMy302___contig_1_fragment_13	None	hypothetical protein
MP_BCQMy302___contig_1_fragment_13_1251	MP_BCQMy302___contig_1_fragment_13	None	hypothetical protein
MP_BCQMy302___contig_1_fragment_13_1252	MP_BCQMy302___contig_1_fragment_13	None	hypothetical protein
MP_BCQMy302___contig_1_fragment_13_1253	MP_BCQMy302___contig_1_fragment_13	VOG13479	REFSEQ gp067
MP_BCQMy302___contig_1_fragment_13_1254	MP_BCQMy302___contig_1_fragment_13	VOG00824	REFSEQ putative antireceptor
MP_BCQMy302___contig_1_fragment_13_1255	MP_BCQMy302___contig_1_fragment_13	VOG00097	sp|O48459|DIT_BPSPP Distal tail protein
MP_BCQMy302___contig_1_fragment_13_1256	MP_BCQMy302___contig_1_fragment_13	VOG02632	REFSEQ gp14
MP_BCQMy302___contig_1_fragment_13_1257	MP_BCQMy302___contig_1_fragment_13	VOG01394	REFSEQ hypothetical protein
MP_BCQMy302___contig_1_fragment_13_1258	MP_BCQMy302___contig_1_fragment_13	PF12363.8	"Phage tail assembly chaperone protein, TAC"
MP_BCQMy302___contig_1_fragment_13_1259	MP_BCQMy302___contig_1_fragment_13	VOG00149	sp|A9CRB8|TAIL_BPMR1 Putative tail protein
MP_BCQMy302___contig_1_fragment_13_1260	MP_BCQMy302___contig_1_fragment_13	VOG00743	sp|O48448|COMPL_BPSPP Tail completion protein gp17
MP_BCQMy302___contig_1_fragment_13_1261	MP_BCQMy302___contig_1_fragment_13	None	hypothetical protein
MP_BCQMy302___contig_1_fragment_13_1262	MP_BCQMy302___contig_1_fragment_13	None	hypothetical protein
MP_BCQMy302___contig_1_fragment_13_1263	MP_BCQMy302___contig_1_fragment_13	K22994	pelX; pectate disaccharide-lyase [EC:4.2.2.9]
MP_BCQMy302___contig_1_fragment_13_1264	MP_BCQMy302___contig_1_fragment_13	VOG00188	sp|Q03182|RINA_BPPHA Transcriptional activator rinA
MP_BCQMy302___contig_1_fragment_13_1265	MP_BCQMy302___contig_1_fragment_13	None	hypothetical protein
MP_BCQMy302___contig_1_fragment_13_1266	MP_BCQMy302___contig_1_fragment_13	None	hypothetical protein
MP_BCQMy302___contig_1_fragment_13_1267	MP_BCQMy302___contig_1_fragment_13	VOG00459	REFSEQ putative CI-like transcriptional repressor
MP_BCQMy302___contig_1_fragment_13_1268	MP_BCQMy302___contig_1_fragment_13	None	hypothetical protein
MP_BCQMy302___contig_1_fragment_13_1269	MP_BCQMy302___contig_1_fragment_13	K09022	"ridA, tdcF, RIDA; 2-iminobutanoate/2-iminopropanoate deaminase [EC:3.5.99.10]"
MP_BCQMy302___contig_1_fragment_13_1270	MP_BCQMy302___contig_1_fragment_13	K02013	ABC.FEV.A; iron complex transport system ATP-binding protein [EC:7.2.2.-]
GCA_001047405___contig_4_fragment_1_76	GCA_001047405___contig_4_fragment_1	PF05382.13	Bacteriophage peptidoglycan hydrolase
GCA_001047405___contig_4_fragment_1_77	GCA_001047405___contig_4_fragment_1	PF16938.5	Putative phage holin Dp-1
GCA_001047405___contig_4_fragment_1_78	GCA_001047405___contig_4_fragment_1	None	hypothetical protein
GCA_001047405___contig_4_fragment_1_79	GCA_001047405___contig_4_fragment_1	None	hypothetical protein
GCA_001047405___contig_4_fragment_1_80	GCA_001047405___contig_4_fragment_1	None	hypothetical protein
GCA_001047405___contig_4_fragment_1_81	GCA_001047405___contig_4_fragment_1	None	hypothetical protein
GCA_001047405___contig_4_fragment_1_82	GCA_001047405___contig_4_fragment_1	None	hypothetical protein
GCA_001047405___contig_4_fragment_1_83	GCA_001047405___contig_4_fragment_1	VOG13479	REFSEQ gp067
GCA_001047405___contig_4_fragment_1_84	GCA_001047405___contig_4_fragment_1	VOG21997	REFSEQ hypothetical protein
GCA_001047405___contig_4_fragment_1_85	GCA_001047405___contig_4_fragment_1	VOG00824	REFSEQ putative antireceptor
GCA_001047405___contig_4_fragment_1_86	GCA_001047405___contig_4_fragment_1	VOG00097	sp|O48459|DIT_BPSPP Distal tail protein
GCA_001047405___contig_4_fragment_1_87	GCA_001047405___contig_4_fragment_1	VOG02632	REFSEQ gp14
GCA_001047405___contig_4_fragment_1_88	GCA_001047405___contig_4_fragment_1	VOG01394	REFSEQ hypothetical protein
GCA_001047405___contig_4_fragment_1_89	GCA_001047405___contig_4_fragment_1	PF12363.8	"Phage tail assembly chaperone protein, TAC"
GCA_001047405___contig_4_fragment_1_90	GCA_001047405___contig_4_fragment_1	VOG00149	sp|A9CRB8|TAIL_BPMR1 Putative tail protein
GCA_001047405___contig_4_fragment_1_91	GCA_001047405___contig_4_fragment_1	VOG00743	sp|O48448|COMPL_BPSPP Tail completion protein gp17
GCA_001047405___contig_4_fragment_1_92	GCA_001047405___contig_4_fragment_1	None	hypothetical protein
GCA_001047405___contig_4_fragment_1_93	GCA_001047405___contig_4_fragment_1	None	hypothetical protein
GCA_001047405___contig_4_fragment_1_94	GCA_001047405___contig_4_fragment_1	K22994	pelX; pectate disaccharide-lyase [EC:4.2.2.9]
GCA_001047405___contig_4_fragment_1_95	GCA_001047405___contig_4_fragment_1	K22994	pelX; pectate disaccharide-lyase [EC:4.2.2.9]
GCA_001047405___contig_4_fragment_1_96	GCA_001047405___contig_4_fragment_1	VOG00188	sp|Q03182|RINA_BPPHA Transcriptional activator rinA
GCA_001047405___contig_4_fragment_1_97	GCA_001047405___contig_4_fragment_1	None	hypothetical protein
GCA_001047405___contig_4_fragment_1_98	GCA_001047405___contig_4_fragment_1	None	hypothetical protein
GCA_001047405___contig_4_fragment_1_99	GCA_001047405___contig_4_fragment_1	None	hypothetical protein
GCA_001047405___contig_4_fragment_1_100	GCA_001047405___contig_4_fragment_1	VOG00459	REFSEQ putative CI-like transcriptional repressor
GCA_001047405___contig_4_fragment_1_101	GCA_001047405___contig_4_fragment_1	None	hypothetical protein
GCA_001047405___contig_4_fragment_1_102	GCA_001047405___contig_4_fragment_1	K09022	"ridA, tdcF, RIDA; 2-iminobutanoate/2-iminopropanoate deaminase [EC:3.5.99.10]"
GCA_001047405___contig_4_fragment_1_103	GCA_001047405___contig_4_fragment_1	K02013	ABC.FEV.A; iron complex transport system ATP-binding protein [EC:7.2.2.-]
MP_ONT63___contig_1_fragment_1_53	MP_ONT63___contig_1_fragment_1	VOG00041	sp|O10330|VLF1_NPVOP Very late expression factor 1
MP_ONT63___contig_1_fragment_1_54	MP_ONT63___contig_1_fragment_1	VOG02135	REFSEQ hypothetical protein
MP_ONT63___contig_1_fragment_1_55	MP_ONT63___contig_1_fragment_1	VOG20253	REFSEQ hypothetical protein
MP_ONT63___contig_1_fragment_1_56	MP_ONT63___contig_1_fragment_1	None	hypothetical protein
MP_ONT63___contig_1_fragment_1_57	MP_ONT63___contig_1_fragment_1	None	hypothetical protein
MP_ONT63___contig_1_fragment_1_58	MP_ONT63___contig_1_fragment_1	PF09669.10	Phage regulatory protein Rha (Phage_pRha)
MP_ONT63___contig_1_fragment_1_59	MP_ONT63___contig_1_fragment_1	None	hypothetical protein
MP_ONT63___contig_1_fragment_1_60	MP_ONT63___contig_1_fragment_1	None	hypothetical protein
MP_ONT63___contig_1_fragment_1_61	MP_ONT63___contig_1_fragment_1	K07741	antB; anti-repressor protein
MP_ONT63___contig_1_fragment_1_62	MP_ONT63___contig_1_fragment_1	None	hypothetical protein
MP_ONT63___contig_1_fragment_1_63	MP_ONT63___contig_1_fragment_1	None	hypothetical protein
MP_ONT63___contig_1_fragment_1_64	MP_ONT63___contig_1_fragment_1	None	hypothetical protein
MP_ONT63___contig_1_fragment_1_65	MP_ONT63___contig_1_fragment_1	None	hypothetical protein
MP_ONT63___contig_1_fragment_1_66	MP_ONT63___contig_1_fragment_1	None	hypothetical protein
MP_ONT63___contig_1_fragment_1_67	MP_ONT63___contig_1_fragment_1	VOG02181	REFSEQ hypothetical protein
MP_ONT63___contig_1_fragment_1_68	MP_ONT63___contig_1_fragment_1	None	hypothetical protein
MP_ONT63___contig_1_fragment_1_69	MP_ONT63___contig_1_fragment_1	None	hypothetical protein
MP_ONT63___contig_1_fragment_1_70	MP_ONT63___contig_1_fragment_1	None	hypothetical protein
MP_ONT63___contig_1_fragment_1_71	MP_ONT63___contig_1_fragment_1	PF13412.6	Winged helix-turn-helix DNA-binding
MP_ONT63___contig_1_fragment_1_72	MP_ONT63___contig_1_fragment_1	VOG01036	sp|C0SP91|YYCJ_BACSU Putative metallo-hydrolase YycJ
MP_ONT63___contig_1_fragment_1_73	MP_ONT63___contig_1_fragment_1	None	hypothetical protein
MP_ONT63___contig_1_fragment_1_74	MP_ONT63___contig_1_fragment_1	VOG12256	REFSEQ hypothetical protein
MP_ONT63___contig_1_fragment_1_75	MP_ONT63___contig_1_fragment_1	VOG24297	REFSEQ gp30
MP_ONT63___contig_1_fragment_1_76	MP_ONT63___contig_1_fragment_1	VOG00674	REFSEQ putative DNA polymerase
MP_ONT63___contig_1_fragment_1_77	MP_ONT63___contig_1_fragment_1	VOG24298	REFSEQ gp32
MP_ONT63___contig_1_fragment_1_78	MP_ONT63___contig_1_fragment_1	VOG00065	sp|Q38441|YOR5_BPSPP Uncharacterized 10.3 kDa protein in GP2-GP6 intergenic region
MP_ONT63___contig_1_fragment_1_79	MP_ONT63___contig_1_fragment_1	None	hypothetical protein
MP_ONT63___contig_1_fragment_1_80	MP_ONT63___contig_1_fragment_1	VOG00188	sp|Q03182|RINA_BPPHA Transcriptional activator rinA
MP_ONT63___contig_1_fragment_1_81	MP_ONT63___contig_1_fragment_1	None	hypothetical protein
MP_ONT63___contig_1_fragment_1_82	MP_ONT63___contig_1_fragment_1	None	hypothetical protein
MP_ONT63___contig_1_fragment_1_83	MP_ONT63___contig_1_fragment_1	VOG00962	REFSEQ hypothetical protein
MP_ONT63___contig_1_fragment_1_84	MP_ONT63___contig_1_fragment_1	VOG00687	REFSEQ terminase small subunit
MP_ONT63___contig_1_fragment_1_85	MP_ONT63___contig_1_fragment_1	VOG04497	REFSEQ putative terminase small subunit
MP_ONT63___contig_1_fragment_1_86	MP_ONT63___contig_1_fragment_1	PF04860.12	Phage portal protein
MP_ONT63___contig_1_fragment_1_87	MP_ONT63___contig_1_fragment_1	K06904	K06904; uncharacterized protein
MP_ONT63___contig_1_fragment_1_88	MP_ONT63___contig_1_fragment_1	VOG13487	REFSEQ major capsid L
MP_ONT63___contig_1_fragment_1_89	MP_ONT63___contig_1_fragment_1	VOG00181	REFSEQ hypothetical protein
MP_ONT63___contig_1_fragment_1_90	MP_ONT63___contig_1_fragment_1	None	hypothetical protein
MP_ONT63___contig_1_fragment_1_91	MP_ONT63___contig_1_fragment_1	VOG03575	REFSEQ hypothetical protein
MP_ONT63___contig_1_fragment_1_92	MP_ONT63___contig_1_fragment_1	None	hypothetical protein
MP_ONT63___contig_1_fragment_1_93	MP_ONT63___contig_1_fragment_1	VOG01397	REFSEQ major tail protein
MP_ONT63___contig_1_fragment_1_94	MP_ONT63___contig_1_fragment_1	None	hypothetical protein
MP_ONT63___contig_1_fragment_1_95	MP_ONT63___contig_1_fragment_1	None	hypothetical protein
MP_ONT63___contig_1_fragment_1_96	MP_ONT63___contig_1_fragment_1	None	hypothetical protein
MP_ONT63___contig_1_fragment_1_97	MP_ONT63___contig_1_fragment_1	VOG04056	REFSEQ hypothetical protein
MP_ONT63___contig_1_fragment_1_98	MP_ONT63___contig_1_fragment_1	VOG01075	REFSEQ hypothetical protein
MP_ONT63___contig_1_fragment_1_99	MP_ONT63___contig_1_fragment_1	PF06605.11	Prophage endopeptidase tail
MP_ONT63___contig_1_fragment_1_100	MP_ONT63___contig_1_fragment_1	PF06605.11	Prophage endopeptidase tail
MP_ONT63___contig_1_fragment_1_101	MP_ONT63___contig_1_fragment_1	None	hypothetical protein
MP_ONT63___contig_1_fragment_1_102	MP_ONT63___contig_1_fragment_1	None	hypothetical protein
MP_ONT63___contig_1_fragment_1_103	MP_ONT63___contig_1_fragment_1	VOG18935	REFSEQ hypothetical protein
MP_ONT63___contig_1_fragment_1_104	MP_ONT63___contig_1_fragment_1	None	hypothetical protein
MP_ONT63___contig_1_fragment_1_105	MP_ONT63___contig_1_fragment_1	None	hypothetical protein
MP_ONT63___contig_1_fragment_1_106	MP_ONT63___contig_1_fragment_1	PF09693.10	Phage uncharacterised protein (Phage_XkdX)
MP_ONT63___contig_1_fragment_1_107	MP_ONT63___contig_1_fragment_1	PF10779.9	Haemolysin XhlA
MP_ONT63___contig_1_fragment_1_108	MP_ONT63___contig_1_fragment_1	PF16938.5	Putative phage holin Dp-1
MP_ONT63___contig_1_fragment_1_109	MP_ONT63___contig_1_fragment_1	K07273	acm; lysozyme
MP_ONT63___contig_1_fragment_4_555	MP_ONT63___contig_1_fragment_4	K02013	ABC.FEV.A; iron complex transport system ATP-binding protein [EC:7.2.2.-]
MP_ONT63___contig_1_fragment_4_556	MP_ONT63___contig_1_fragment_4	K09022	"ridA, tdcF, RIDA; 2-iminobutanoate/2-iminopropanoate deaminase [EC:3.5.99.10]"
MP_ONT63___contig_1_fragment_4_557	MP_ONT63___contig_1_fragment_4	None	hypothetical protein
MP_ONT63___contig_1_fragment_4_558	MP_ONT63___contig_1_fragment_4	VOG00459	REFSEQ putative CI-like transcriptional repressor
MP_ONT63___contig_1_fragment_4_559	MP_ONT63___contig_1_fragment_4	None	hypothetical protein
MP_ONT63___contig_1_fragment_4_560	MP_ONT63___contig_1_fragment_4	None	hypothetical protein
MP_ONT63___contig_1_fragment_4_561	MP_ONT63___contig_1_fragment_4	VOG00188	sp|Q03182|RINA_BPPHA Transcriptional activator rinA
MP_ONT63___contig_1_fragment_4_562	MP_ONT63___contig_1_fragment_4	K22994	pelX; pectate disaccharide-lyase [EC:4.2.2.9]
MP_ONT63___contig_1_fragment_4_563	MP_ONT63___contig_1_fragment_4	None	hypothetical protein
MP_ONT63___contig_1_fragment_4_564	MP_ONT63___contig_1_fragment_4	None	hypothetical protein
MP_ONT63___contig_1_fragment_4_565	MP_ONT63___contig_1_fragment_4	VOG00743	sp|O48448|COMPL_BPSPP Tail completion protein gp17
MP_ONT63___contig_1_fragment_4_566	MP_ONT63___contig_1_fragment_4	VOG00149	sp|A9CRB8|TAIL_BPMR1 Putative tail protein
MP_ONT63___contig_1_fragment_4_567	MP_ONT63___contig_1_fragment_4	PF12363.8	"Phage tail assembly chaperone protein, TAC"
MP_ONT63___contig_1_fragment_4_568	MP_ONT63___contig_1_fragment_4	VOG01394	REFSEQ hypothetical protein
MP_ONT63___contig_1_fragment_4_569	MP_ONT63___contig_1_fragment_4	VOG02632	REFSEQ gp14
MP_ONT63___contig_1_fragment_4_570	MP_ONT63___contig_1_fragment_4	VOG00097	sp|O48459|DIT_BPSPP Distal tail protein
MP_ONT63___contig_1_fragment_4_571	MP_ONT63___contig_1_fragment_4	VOG00824	REFSEQ putative antireceptor
MP_ONT63___contig_1_fragment_4_572	MP_ONT63___contig_1_fragment_4	VOG13479	REFSEQ gp067
MP_ONT63___contig_1_fragment_4_573	MP_ONT63___contig_1_fragment_4	None	hypothetical protein
MP_ONT63___contig_1_fragment_4_574	MP_ONT63___contig_1_fragment_4	None	hypothetical protein
MP_ONT63___contig_1_fragment_4_575	MP_ONT63___contig_1_fragment_4	None	hypothetical protein
MP_ONT63___contig_1_fragment_4_576	MP_ONT63___contig_1_fragment_4	None	hypothetical protein
MP_ONT63___contig_1_fragment_4_577	MP_ONT63___contig_1_fragment_4	PF16938.5	Putative phage holin Dp-1
MP_ONT63___contig_1_fragment_4_578	MP_ONT63___contig_1_fragment_4	PF05382.13	Bacteriophage peptidoglycan hydrolase
MP_ONT63___contig_1_fragment_12_1197	MP_ONT63___contig_1_fragment_12	K03648	"UNG, UDG; uracil-DNA glycosylase [EC:3.2.2.27]"
MP_ONT63___contig_1_fragment_12_1198	MP_ONT63___contig_1_fragment_12	PF07927.12	"HicA toxin of bacterial toxin-antitoxin,"
MP_ONT63___contig_1_fragment_12_1199	MP_ONT63___contig_1_fragment_12	VOG11403	sp|P51716|YO14_BPHC1 Uncharacterized 14.9 kDa protein in rep-hol intergenic region
MP_ONT63___contig_1_fragment_12_1200	MP_ONT63___contig_1_fragment_12	None	hypothetical protein
MP_ONT63___contig_1_fragment_12_1201	MP_ONT63___contig_1_fragment_12	None	hypothetical protein
MP_ONT63___contig_1_fragment_12_1202	MP_ONT63___contig_1_fragment_12	None	hypothetical protein
MP_ONT63___contig_1_fragment_12_1203	MP_ONT63___contig_1_fragment_12	VOG14226	REFSEQ hypothetical protein
MP_ONT63___contig_1_fragment_12_1204	MP_ONT63___contig_1_fragment_12	None	hypothetical protein
MP_ONT63___contig_1_fragment_12_1205	MP_ONT63___contig_1_fragment_12	K07273	acm; lysozyme
MP_ONT63___contig_1_fragment_12_1206	MP_ONT63___contig_1_fragment_12	PF16938.5	Putative phage holin Dp-1
MP_ONT63___contig_1_fragment_12_1207	MP_ONT63___contig_1_fragment_12	PF10779.9	Haemolysin XhlA
MP_ONT63___contig_1_fragment_12_1208	MP_ONT63___contig_1_fragment_12	PF09693.10	Phage uncharacterised protein (Phage_XkdX)
MP_ONT63___contig_1_fragment_12_1209	MP_ONT63___contig_1_fragment_12	None	hypothetical protein
MP_ONT63___contig_1_fragment_12_1210	MP_ONT63___contig_1_fragment_12	None	hypothetical protein
MP_ONT63___contig_1_fragment_12_1211	MP_ONT63___contig_1_fragment_12	VOG18935	REFSEQ hypothetical protein
MP_ONT63___contig_1_fragment_12_1212	MP_ONT63___contig_1_fragment_12	None	hypothetical protein
MP_ONT63___contig_1_fragment_12_1213	MP_ONT63___contig_1_fragment_12	None	hypothetical protein
MP_ONT63___contig_1_fragment_12_1214	MP_ONT63___contig_1_fragment_12	PF06605.11	Prophage endopeptidase tail
MP_ONT63___contig_1_fragment_12_1215	MP_ONT63___contig_1_fragment_12	VOG01075	REFSEQ hypothetical protein
MP_ONT63___contig_1_fragment_12_1216	MP_ONT63___contig_1_fragment_12	VOG04056	REFSEQ hypothetical protein
MP_ONT63___contig_1_fragment_12_1217	MP_ONT63___contig_1_fragment_12	None	hypothetical protein
MP_ONT63___contig_1_fragment_12_1218	MP_ONT63___contig_1_fragment_12	None	hypothetical protein
MP_ONT63___contig_1_fragment_12_1219	MP_ONT63___contig_1_fragment_12	VOG01397	REFSEQ major tail protein
MP_ONT63___contig_1_fragment_12_1220	MP_ONT63___contig_1_fragment_12	None	hypothetical protein
MP_ONT63___contig_1_fragment_12_1221	MP_ONT63___contig_1_fragment_12	VOG03575	REFSEQ hypothetical protein
MP_ONT63___contig_1_fragment_12_1222	MP_ONT63___contig_1_fragment_12	VOG00066	sp|O48446|HCP16_BPSPP Head completion protein gp16
MP_ONT63___contig_1_fragment_12_1223	MP_ONT63___contig_1_fragment_12	VOG00181	REFSEQ hypothetical protein
MP_ONT63___contig_1_fragment_12_1224	MP_ONT63___contig_1_fragment_12	VOG13487	REFSEQ major capsid L
MP_ONT63___contig_1_fragment_12_1225	MP_ONT63___contig_1_fragment_12	K06904	K06904; uncharacterized protein
MP_ONT63___contig_1_fragment_12_1226	MP_ONT63___contig_1_fragment_12	PF04860.12	Phage portal protein
MP_ONT63___contig_1_fragment_12_1227	MP_ONT63___contig_1_fragment_12	VOG04497	REFSEQ putative terminase small subunit
MP_ONT63___contig_1_fragment_12_1228	MP_ONT63___contig_1_fragment_12	VOG00687	REFSEQ terminase small subunit
MP_ONT63___contig_1_fragment_12_1229	MP_ONT63___contig_1_fragment_12	VOG00962	REFSEQ hypothetical protein
MP_ONT63___contig_1_fragment_12_1230	MP_ONT63___contig_1_fragment_12	None	hypothetical protein
MP_ONT63___contig_1_fragment_12_1231	MP_ONT63___contig_1_fragment_12	None	hypothetical protein
MP_ONT63___contig_1_fragment_12_1232	MP_ONT63___contig_1_fragment_12	VOG01156	REFSEQ hypothetical protein
MP_ONT63___contig_1_fragment_12_1233	MP_ONT63___contig_1_fragment_12	None	hypothetical protein
MP_ONT63___contig_1_fragment_12_1234	MP_ONT63___contig_1_fragment_12	VOG01162	sp|O34055|ARPU_BPO12 Putative autolysin regulatory protein ArpU
MP_ONT63___contig_1_fragment_12_1235	MP_ONT63___contig_1_fragment_12	VOG00404	sp|P9WGD4|SSB_MYCTO Single-stranded DNA-binding protein
MP_ONT63___contig_1_fragment_12_1236	MP_ONT63___contig_1_fragment_12	None	hypothetical protein
MP_ONT63___contig_1_fragment_12_1237	MP_ONT63___contig_1_fragment_12	VOG21431	REFSEQ hypothetical protein
MP_ONT63___contig_1_fragment_12_1238	MP_ONT63___contig_1_fragment_12	PF16784.5	Putative HNHc nuclease
MP_ONT63___contig_1_fragment_12_1239	MP_ONT63___contig_1_fragment_12	VOG01757	REFSEQ AAA ATPase
MP_ONT63___contig_1_fragment_12_1240	MP_ONT63___contig_1_fragment_12	VOG11084	REFSEQ hypothetical protein
MP_ONT63___contig_1_fragment_12_1241	MP_ONT63___contig_1_fragment_12	None	hypothetical protein
MP_ONT63___contig_1_fragment_12_1242	MP_ONT63___contig_1_fragment_12	None	hypothetical protein
MP_ONT63___contig_1_fragment_12_1243	MP_ONT63___contig_1_fragment_12	VOG02181	REFSEQ hypothetical protein
MP_ONT63___contig_1_fragment_12_1244	MP_ONT63___contig_1_fragment_12	None	hypothetical protein
MP_ONT63___contig_1_fragment_12_1245	MP_ONT63___contig_1_fragment_12	None	hypothetical protein
MP_ONT63___contig_1_fragment_12_1246	MP_ONT63___contig_1_fragment_12	K07741	antB; anti-repressor protein
MP_ONT63___contig_1_fragment_12_1247	MP_ONT63___contig_1_fragment_12	None	hypothetical protein
MP_ONT63___contig_1_fragment_12_1248	MP_ONT63___contig_1_fragment_12	None	hypothetical protein
MP_ONT63___contig_1_fragment_12_1249	MP_ONT63___contig_1_fragment_12	None	hypothetical protein
MP_ONT63___contig_1_fragment_12_1250	MP_ONT63___contig_1_fragment_12	K07741	antB; anti-repressor protein
MP_ONT63___contig_1_fragment_12_1251	MP_ONT63___contig_1_fragment_12	VOG14084	REFSEQ hypothetical protein
MP_ONT63___contig_1_fragment_12_1252	MP_ONT63___contig_1_fragment_12	None	hypothetical protein
MP_ONT63___contig_1_fragment_12_1253	MP_ONT63___contig_1_fragment_12	PF01381.22	Helix-turn-helix
MP_ONT63___contig_1_fragment_12_1254	MP_ONT63___contig_1_fragment_12	VOG20253	REFSEQ hypothetical protein
MP_ONT63___contig_1_fragment_12_1255	MP_ONT63___contig_1_fragment_12	None	hypothetical protein
MP_ONT63___contig_1_fragment_12_1256	MP_ONT63___contig_1_fragment_12	VOG00041	sp|O10330|VLF1_NPVOP Very late expression factor 1
MP_ONT63___contig_1_fragment_14_1377	MP_ONT63___contig_1_fragment_14	PF05382.13	Bacteriophage peptidoglycan hydrolase
MP_ONT63___contig_1_fragment_14_1378	MP_ONT63___contig_1_fragment_14	PF16938.5	Putative phage holin Dp-1
MP_ONT63___contig_1_fragment_14_1379	MP_ONT63___contig_1_fragment_14	PF10779.9	Haemolysin XhlA
MP_ONT63___contig_1_fragment_14_1380	MP_ONT63___contig_1_fragment_14	None	hypothetical protein
MP_ONT63___contig_1_fragment_14_1381	MP_ONT63___contig_1_fragment_14	None	hypothetical protein
MP_ONT63___contig_1_fragment_14_1382	MP_ONT63___contig_1_fragment_14	VOG13479	REFSEQ gp067
MP_ONT63___contig_1_fragment_14_1383	MP_ONT63___contig_1_fragment_14	VOG00824	REFSEQ putative antireceptor
MP_ONT63___contig_1_fragment_14_1384	MP_ONT63___contig_1_fragment_14	None	hypothetical protein
MP_ONT63___contig_1_fragment_14_1385	MP_ONT63___contig_1_fragment_14	VOG02333	REFSEQ tail tape measure protein
MP_ONT63___contig_1_fragment_14_1386	MP_ONT63___contig_1_fragment_14	None	hypothetical protein
MP_ONT63___contig_1_fragment_14_1387	MP_ONT63___contig_1_fragment_14	VOG01397	REFSEQ major tail protein
MP_ONT63___contig_1_fragment_14_1388	MP_ONT63___contig_1_fragment_14	VOG00973	REFSEQ hypothetical protein
MP_ONT63___contig_1_fragment_14_1389	MP_ONT63___contig_1_fragment_14	VOG23091	REFSEQ hypothetical protein
MP_ONT63___contig_1_fragment_14_1390	MP_ONT63___contig_1_fragment_14	VOG23090	REFSEQ head-tail adaptor
MP_ONT63___contig_1_fragment_14_1391	MP_ONT63___contig_1_fragment_14	VOG23089	REFSEQ hypothetical protein
MP_ONT63___contig_1_fragment_14_1392	MP_ONT63___contig_1_fragment_14	PF05065.13	Phage capsid family
MP_ONT63___contig_1_fragment_14_1393	MP_ONT63___contig_1_fragment_14	K06904	K06904; uncharacterized protein
MP_ONT63___contig_1_fragment_14_1394	MP_ONT63___contig_1_fragment_14	PF04860.12	Phage portal protein
MP_ONT63___contig_1_fragment_14_1395	MP_ONT63___contig_1_fragment_14	PF03354.15	Phage Terminase
MP_ONT63___contig_1_fragment_14_1396	MP_ONT63___contig_1_fragment_14	None	hypothetical protein
MP_ONT63___contig_1_fragment_14_1397	MP_ONT63___contig_1_fragment_14	VOG00679	REFSEQ HNH endonuclease
MP_ONT63___contig_1_fragment_14_1398	MP_ONT63___contig_1_fragment_14	None	hypothetical protein
MP_ONT63___contig_1_fragment_14_1399	MP_ONT63___contig_1_fragment_14	VOG00188	sp|Q03182|RINA_BPPHA Transcriptional activator rinA
MP_ONT63___contig_1_fragment_14_1400	MP_ONT63___contig_1_fragment_14	VOG00724	sp|P10277|PRIM_BPP4 Putative P4-specific DNA primase
MP_ONT63___contig_1_fragment_14_1401	MP_ONT63___contig_1_fragment_14	VOG00674	REFSEQ putative DNA polymerase
MP_ONT63___contig_1_fragment_14_1402	MP_ONT63___contig_1_fragment_14	None	hypothetical protein
MP_ONT63___contig_1_fragment_14_1403	MP_ONT63___contig_1_fragment_14	None	hypothetical protein
MP_ONT63___contig_1_fragment_14_1404	MP_ONT63___contig_1_fragment_14	VOG03001	REFSEQ hypothetical protein
MP_ONT63___contig_1_fragment_14_1405	MP_ONT63___contig_1_fragment_14	PF13479.6	AAA domain
MP_ONT63___contig_1_fragment_14_1406	MP_ONT63___contig_1_fragment_14	None	hypothetical protein
MP_ONT63___contig_1_fragment_14_1407	MP_ONT63___contig_1_fragment_14	VOG00399	sp|Q9T1Q4|VP44_BPAPS Putative nuclease p44
MP_ONT63___contig_1_fragment_14_1408	MP_ONT63___contig_1_fragment_14	VOG00523	sp|Q9T1Q7|VP41_BPAPS Putative protein p41
MP_ONT63___contig_1_fragment_14_1409	MP_ONT63___contig_1_fragment_14	None	hypothetical protein
MP_ONT63___contig_1_fragment_14_1410	MP_ONT63___contig_1_fragment_14	None	hypothetical protein
MP_ONT63___contig_1_fragment_14_1411	MP_ONT63___contig_1_fragment_14	None	hypothetical protein
MP_ONT63___contig_1_fragment_14_1412	MP_ONT63___contig_1_fragment_14	None	hypothetical protein
MP_ONT63___contig_1_fragment_14_1413	MP_ONT63___contig_1_fragment_14	None	hypothetical protein
MP_ONT63___contig_1_fragment_14_1414	MP_ONT63___contig_1_fragment_14	None	hypothetical protein
MP_ONT63___contig_1_fragment_14_1415	MP_ONT63___contig_1_fragment_14	None	hypothetical protein
MP_ONT63___contig_1_fragment_14_1416	MP_ONT63___contig_1_fragment_14	VOG02771	sp|P03034|RPC1_LAMBD Repressor protein cI
MP_ONT63___contig_1_fragment_14_1417	MP_ONT63___contig_1_fragment_14	VOG00361	sp|P10426|YIM2_BPPH1 Uncharacterized immunity region protein 2
MP_ONT63___contig_1_fragment_14_1418	MP_ONT63___contig_1_fragment_14	VOG03321	REFSEQ hypothetical protein
MP_ONT63___contig_1_fragment_14_1419	MP_ONT63___contig_1_fragment_14	VOG00041	sp|O10330|VLF1_NPVOP Very late expression factor 1
GCA_001047455___contig_4_fragment_1_12	GCA_001047455___contig_4_fragment_1	VOG14094	sp|A0A0H3CCP8|SOCA_CAUVN Antitoxin SocA
GCA_001047455___contig_4_fragment_1_13	GCA_001047455___contig_4_fragment_1	PF10097.9	Predicted membrane protein (DUF2335)
GCA_001047455___contig_4_fragment_1_14	GCA_001047455___contig_4_fragment_1	None	hypothetical protein
GCA_001047455___contig_4_fragment_1_15	GCA_001047455___contig_4_fragment_1	None	hypothetical protein
GCA_001047455___contig_4_fragment_1_16	GCA_001047455___contig_4_fragment_1	None	hypothetical protein
GCA_001047455___contig_4_fragment_1_17	GCA_001047455___contig_4_fragment_1	K07273	acm; lysozyme
GCA_001047455___contig_4_fragment_1_18	GCA_001047455___contig_4_fragment_1	PF16938.5	Putative phage holin Dp-1
GCA_001047455___contig_4_fragment_1_19	GCA_001047455___contig_4_fragment_1	None	hypothetical protein
GCA_001047455___contig_4_fragment_1_20	GCA_001047455___contig_4_fragment_1	PF09693.10	Phage uncharacterised protein (Phage_XkdX)
GCA_001047455___contig_4_fragment_1_21	GCA_001047455___contig_4_fragment_1	None	hypothetical protein
GCA_001047455___contig_4_fragment_1_22	GCA_001047455___contig_4_fragment_1	None	hypothetical protein
GCA_001047455___contig_4_fragment_1_23	GCA_001047455___contig_4_fragment_1	VOG18935	REFSEQ hypothetical protein
GCA_001047455___contig_4_fragment_1_24	GCA_001047455___contig_4_fragment_1	None	hypothetical protein
GCA_001047455___contig_4_fragment_1_25	GCA_001047455___contig_4_fragment_1	None	hypothetical protein
GCA_001047455___contig_4_fragment_1_26	GCA_001047455___contig_4_fragment_1	PF06605.11	Prophage endopeptidase tail
GCA_001047455___contig_4_fragment_1_27	GCA_001047455___contig_4_fragment_1	VOG01075	REFSEQ hypothetical protein
GCA_001047455___contig_4_fragment_1_28	GCA_001047455___contig_4_fragment_1	VOG04056	REFSEQ hypothetical protein
GCA_001047455___contig_4_fragment_1_29	GCA_001047455___contig_4_fragment_1	VOG21220	REFSEQ phage tape measure protein
GCA_001047455___contig_4_fragment_1_30	GCA_001047455___contig_4_fragment_1	None	hypothetical protein
GCA_001047455___contig_4_fragment_1_31	GCA_001047455___contig_4_fragment_1	None	hypothetical protein
GCA_001047455___contig_4_fragment_1_32	GCA_001047455___contig_4_fragment_1	None	hypothetical protein
GCA_001047455___contig_4_fragment_1_33	GCA_001047455___contig_4_fragment_1	VOG01397	REFSEQ major tail protein
GCA_001047455___contig_4_fragment_1_34	GCA_001047455___contig_4_fragment_1	None	hypothetical protein
GCA_001047455___contig_4_fragment_1_35	GCA_001047455___contig_4_fragment_1	VOG03575	REFSEQ hypothetical protein
GCA_001047455___contig_4_fragment_1_36	GCA_001047455___contig_4_fragment_1	None	hypothetical protein
GCA_001047455___contig_4_fragment_1_37	GCA_001047455___contig_4_fragment_1	VOG00181	REFSEQ hypothetical protein
GCA_001047455___contig_4_fragment_1_38	GCA_001047455___contig_4_fragment_1	VOG13487	REFSEQ major capsid L
GCA_001047455___contig_4_fragment_1_39	GCA_001047455___contig_4_fragment_1	K06904	K06904; uncharacterized protein
GCA_001047455___contig_4_fragment_1_40	GCA_001047455___contig_4_fragment_1	PF04860.12	Phage portal protein
GCA_001047455___contig_4_fragment_1_41	GCA_001047455___contig_4_fragment_1	PF03354.15	Phage Terminase
GCA_001047455___contig_4_fragment_1_42	GCA_001047455___contig_4_fragment_1	VOG04497	REFSEQ putative terminase small subunit
GCA_001047455___contig_4_fragment_1_43	GCA_001047455___contig_4_fragment_1	VOG00687	REFSEQ terminase small subunit
GCA_001047455___contig_4_fragment_1_44	GCA_001047455___contig_4_fragment_1	VOG00962	REFSEQ hypothetical protein
GCA_001047455___contig_4_fragment_1_45	GCA_001047455___contig_4_fragment_1	None	hypothetical protein
GCA_001047455___contig_4_fragment_1_46	GCA_001047455___contig_4_fragment_1	None	hypothetical protein
GCA_001047455___contig_4_fragment_1_47	GCA_001047455___contig_4_fragment_1	None	hypothetical protein
GCA_001047455___contig_4_fragment_1_48	GCA_001047455___contig_4_fragment_1	VOG00188	sp|Q03182|RINA_BPPHA Transcriptional activator rinA
GCA_001047455___contig_4_fragment_1_49	GCA_001047455___contig_4_fragment_1	VOG00065	sp|Q38441|YOR5_BPSPP Uncharacterized 10.3 kDa protein in GP2-GP6 intergenic region
GCA_001047455___contig_4_fragment_1_50	GCA_001047455___contig_4_fragment_1	None	hypothetical protein
GCA_001047455___contig_4_fragment_1_51	GCA_001047455___contig_4_fragment_1	None	hypothetical protein
GCA_001047455___contig_4_fragment_1_52	GCA_001047455___contig_4_fragment_1	PF05866.11	Endodeoxyribonuclease RusA
GCA_001047455___contig_4_fragment_1_53	GCA_001047455___contig_4_fragment_1	VOG00404	sp|P9WGD4|SSB_MYCTO Single-stranded DNA-binding protein
GCA_001047455___contig_4_fragment_1_54	GCA_001047455___contig_4_fragment_1	None	hypothetical protein
GCA_001047455___contig_4_fragment_1_55	GCA_001047455___contig_4_fragment_1	VOG21431	REFSEQ hypothetical protein
GCA_001047455___contig_4_fragment_1_56	GCA_001047455___contig_4_fragment_1	PF16784.5	Putative HNHc nuclease
GCA_001047455___contig_4_fragment_1_57	GCA_001047455___contig_4_fragment_1	PF04404.12	ERF superfamily
GCA_001047455___contig_4_fragment_1_58	GCA_001047455___contig_4_fragment_1	VOG11084	REFSEQ hypothetical protein
GCA_001047455___contig_4_fragment_1_59	GCA_001047455___contig_4_fragment_1	None	hypothetical protein
GCA_001047455___contig_4_fragment_1_60	GCA_001047455___contig_4_fragment_1	None	hypothetical protein
GCA_001047455___contig_4_fragment_1_61	GCA_001047455___contig_4_fragment_1	None	hypothetical protein
GCA_001047455___contig_4_fragment_1_62	GCA_001047455___contig_4_fragment_1	None	hypothetical protein
GCA_001047455___contig_4_fragment_1_63	GCA_001047455___contig_4_fragment_1	None	hypothetical protein
GCA_001047455___contig_4_fragment_1_64	GCA_001047455___contig_4_fragment_1	None	hypothetical protein
GCA_001047455___contig_4_fragment_1_65	GCA_001047455___contig_4_fragment_1	None	hypothetical protein
GCA_001047455___contig_4_fragment_1_66	GCA_001047455___contig_4_fragment_1	K07741	antB; anti-repressor protein
GCA_001047455___contig_4_fragment_1_67	GCA_001047455___contig_4_fragment_1	VOG14084	REFSEQ hypothetical protein
GCA_001047455___contig_4_fragment_1_68	GCA_001047455___contig_4_fragment_1	None	hypothetical protein
GCA_001047455___contig_4_fragment_1_69	GCA_001047455___contig_4_fragment_1	None	hypothetical protein
GCA_001047455___contig_4_fragment_1_70	GCA_001047455___contig_4_fragment_1	None	hypothetical protein
GCA_001047455___contig_4_fragment_1_71	GCA_001047455___contig_4_fragment_1	VOG10124	sp|O34449|YOQD_BACSU SPBc2 prophage-derived putative antirepressor protein YoqD
GCA_001047455___contig_4_fragment_1_72	GCA_001047455___contig_4_fragment_1	None	hypothetical protein
GCA_001047455___contig_4_fragment_1_73	GCA_001047455___contig_4_fragment_1	VOG20253	REFSEQ hypothetical protein
GCA_001047455___contig_4_fragment_1_74	GCA_001047455___contig_4_fragment_1	None	hypothetical protein
GCA_001047455___contig_4_fragment_1_75	GCA_001047455___contig_4_fragment_1	None	hypothetical protein
GCA_001047455___contig_4_fragment_1_76	GCA_001047455___contig_4_fragment_1	PF09669.10	Phage regulatory protein Rha (Phage_pRha)
GCA_001047455___contig_4_fragment_1_77	GCA_001047455___contig_4_fragment_1	None	hypothetical protein
GCA_001047455___contig_4_fragment_1_78	GCA_001047455___contig_4_fragment_1	None	hypothetical protein
GCA_001047455___contig_4_fragment_1_79	GCA_001047455___contig_4_fragment_1	K22300	"dicA; HTH-type transcriptional regulator, cell division transcriptional repressor"
GCA_001047455___contig_4_fragment_1_80	GCA_001047455___contig_4_fragment_1	VOG00041	sp|O10330|VLF1_NPVOP Very late expression factor 1
GCA_001047455___contig_4_fragment_1_81	GCA_001047455___contig_4_fragment_1	K02003	ABC.CD.A; putative ABC transport system ATP-binding protein
GCA_025728595___contig_34_fragment_3_178	GCA_025728595___contig_34_fragment_3	K03648	"UNG, UDG; uracil-DNA glycosylase [EC:3.2.2.27]"
GCA_025728595___contig_34_fragment_3_179	GCA_025728595___contig_34_fragment_3	PF07927.12	"HicA toxin of bacterial toxin-antitoxin,"
GCA_025728595___contig_34_fragment_3_180	GCA_025728595___contig_34_fragment_3	VOG11403	sp|P51716|YO14_BPHC1 Uncharacterized 14.9 kDa protein in rep-hol intergenic region
GCA_025728595___contig_34_fragment_3_181	GCA_025728595___contig_34_fragment_3	None	hypothetical protein
GCA_025728595___contig_34_fragment_3_182	GCA_025728595___contig_34_fragment_3	None	hypothetical protein
GCA_025728595___contig_34_fragment_3_183	GCA_025728595___contig_34_fragment_3	None	hypothetical protein
GCA_025728595___contig_34_fragment_3_184	GCA_025728595___contig_34_fragment_3	VOG14226	REFSEQ hypothetical protein
GCA_025728595___contig_34_fragment_3_185	GCA_025728595___contig_34_fragment_3	None	hypothetical protein
GCA_025728595___contig_34_fragment_3_186	GCA_025728595___contig_34_fragment_3	K07273	acm; lysozyme
GCA_025728595___contig_34_fragment_3_187	GCA_025728595___contig_34_fragment_3	PF16938.5	Putative phage holin Dp-1
GCA_025728595___contig_34_fragment_3_188	GCA_025728595___contig_34_fragment_3	PF10779.9	Haemolysin XhlA
GCA_025728595___contig_34_fragment_3_189	GCA_025728595___contig_34_fragment_3	PF09693.10	Phage uncharacterised protein (Phage_XkdX)
GCA_025728595___contig_34_fragment_3_190	GCA_025728595___contig_34_fragment_3	None	hypothetical protein
GCA_025728595___contig_34_fragment_3_191	GCA_025728595___contig_34_fragment_3	None	hypothetical protein
GCA_025728595___contig_34_fragment_3_192	GCA_025728595___contig_34_fragment_3	VOG18935	REFSEQ hypothetical protein
GCA_025728595___contig_21_1	GCA_025728595___contig_21	VOG00459	REFSEQ putative CI-like transcriptional repressor
GCA_025728595___contig_21_2	GCA_025728595___contig_21	None	hypothetical protein
GCA_025728595___contig_21_3	GCA_025728595___contig_21	VOG10124	sp|O34449|YOQD_BACSU SPBc2 prophage-derived putative antirepressor protein YoqD
GCA_025728595___contig_21_4	GCA_025728595___contig_21	None	hypothetical protein
GCA_025728595___contig_21_5	GCA_025728595___contig_21	None	hypothetical protein
GCA_025728595___contig_21_6	GCA_025728595___contig_21	None	hypothetical protein
GCA_025728595___contig_21_7	GCA_025728595___contig_21	K07741	antB; anti-repressor protein
GCA_025728595___contig_21_8	GCA_025728595___contig_21	None	hypothetical protein
GCA_025728695___contig_122_1	GCA_025728695___contig_122	PF12363.8	"Phage tail assembly chaperone protein, TAC"
GCA_025728695___contig_122_2	GCA_025728695___contig_122	VOG00149	sp|A9CRB8|TAIL_BPMR1 Putative tail protein
GCA_025728695___contig_122_3	GCA_025728695___contig_122	VOG00743	sp|O48448|COMPL_BPSPP Tail completion protein gp17
GCA_025728695___contig_122_4	GCA_025728695___contig_122	VOG00973	REFSEQ hypothetical protein
GCA_025728695___contig_122_5	GCA_025728695___contig_122	VOG01134	REFSEQ hypothetical protein
GCA_025728695___contig_122_6	GCA_025728695___contig_122	VOG00283	sp|Q38584|HCP15_BPSPP Head completion protein gp15
GCA_025728695___contig_122_7	GCA_025728695___contig_122	PF02368.18	Bacterial Ig-like domain (group 2)
GCA_025728695___contig_122_8	GCA_025728695___contig_122	VOG00633	sp|O64210|CAPSD_BPMD2 Probable major capsid protein gp17
GCA_025728695___contig_122_9	GCA_025728695___contig_122	PF14265.6	Domain of unknown function (DUF4355)
GCA_025728695___contig_102_1	GCA_025728695___contig_102	None	hypothetical protein
GCA_025728695___contig_102_2	GCA_025728695___contig_102	None	hypothetical protein
GCA_025728695___contig_102_3	GCA_025728695___contig_102	None	hypothetical protein
GCA_025728695___contig_102_4	GCA_025728695___contig_102	None	hypothetical protein
GCA_025728695___contig_102_5	GCA_025728695___contig_102	VOG01036	sp|C0SP91|YYCJ_BACSU Putative metallo-hydrolase YycJ
GCA_025728695___contig_102_6	GCA_025728695___contig_102	VOG12256	REFSEQ hypothetical protein
GCA_025728695___contig_102_7	GCA_025728695___contig_102	VOG24297	REFSEQ gp30
GCA_025728695___contig_102_8	GCA_025728695___contig_102	VOG00674	REFSEQ putative DNA polymerase
GCA_025728695___contig_102_9	GCA_025728695___contig_102	None	hypothetical protein
GCA_025728695___contig_102_10	GCA_025728695___contig_102	VOG24298	REFSEQ gp32
GCA_025728695___contig_102_11	GCA_025728695___contig_102	VOG00188	sp|Q03182|RINA_BPPHA Transcriptional activator rinA
GCA_025728695___contig_102_12	GCA_025728695___contig_102	None	hypothetical protein
GCA_025728695___contig_102_13	GCA_025728695___contig_102	K07474	xtmA; phage terminase small subunit
GCA_025728695___contig_102_14	GCA_025728695___contig_102	K06909	xtmB; phage terminase large subunit
GCA_025728695___contig_102_15	GCA_025728695___contig_102	PF05133.14	"Phage portal protein, SPP1 Gp6-like"
GCA_025728695___contig_102_16	GCA_025728695___contig_102	VOG00686	sp|Q38442|GP7_BPSPP Minor head protein GP7
GCA_025728595___contig_17_1	GCA_025728595___contig_17	VOG04056	REFSEQ hypothetical protein
GCA_025728595___contig_17_2	GCA_025728595___contig_17	VOG01075	REFSEQ hypothetical protein
GCA_025728595___contig_17_3	GCA_025728595___contig_17	PF06605.11	Prophage endopeptidase tail
GCA_025728595___contig_17_4	GCA_025728595___contig_17	None	hypothetical protein
GCA_025728595___contig_17_5	GCA_025728595___contig_17	None	hypothetical protein
GCA_025728695___contig_87_1	GCA_025728695___contig_87	VOG00824	REFSEQ putative antireceptor
GCA_025728695___contig_87_2	GCA_025728695___contig_87	None	hypothetical protein
GCA_025728695___contig_87_3	GCA_025728695___contig_87	VOG02333	REFSEQ tail tape measure protein
GCA_025728695___contig_87_4	GCA_025728695___contig_87	None	hypothetical protein
GCA_025728695___contig_87_5	GCA_025728695___contig_87	VOG01397	REFSEQ major tail protein
GCA_025728695___contig_87_6	GCA_025728695___contig_87	VOG00973	REFSEQ hypothetical protein
GCA_025728695___contig_87_7	GCA_025728695___contig_87	VOG23091	REFSEQ hypothetical protein
GCA_025728695___contig_87_8	GCA_025728695___contig_87	VOG23090	REFSEQ head-tail adaptor
GCA_025728695___contig_87_9	GCA_025728695___contig_87	VOG23089	REFSEQ hypothetical protein
GCA_025728695___contig_87_10	GCA_025728695___contig_87	PF05065.13	Phage capsid family
GCA_025728695___contig_87_11	GCA_025728695___contig_87	K06904	K06904; uncharacterized protein
GCA_025728695___contig_87_12	GCA_025728695___contig_87	PF04860.12	Phage portal protein
GCA_025728695___contig_87_13	GCA_025728695___contig_87	PF03354.15	Phage Terminase
GCA_025728695___contig_87_14	GCA_025728695___contig_87	None	hypothetical protein
GCA_025728695___contig_87_15	GCA_025728695___contig_87	VOG00679	REFSEQ HNH endonuclease
GCA_025728695___contig_87_16	GCA_025728695___contig_87	VOG00188	sp|Q03182|RINA_BPPHA Transcriptional activator rinA
GCA_025728695___contig_87_17	GCA_025728695___contig_87	VOG00724	sp|P10277|PRIM_BPP4 Putative P4-specific DNA primase
GCA_025728695___contig_87_18	GCA_025728695___contig_87	VOG00674	REFSEQ putative DNA polymerase
GCA_025728695___contig_87_19	GCA_025728695___contig_87	None	hypothetical protein
GCA_025728695___contig_87_20	GCA_025728695___contig_87	None	hypothetical protein
GCA_025728695___contig_87_21	GCA_025728695___contig_87	VOG03001	REFSEQ hypothetical protein
GCA_025728695___contig_87_22	GCA_025728695___contig_87	PF13479.6	AAA domain
GCA_025728695___contig_87_23	GCA_025728695___contig_87	None	hypothetical protein
GCA_025728695___contig_87_24	GCA_025728695___contig_87	VOG00399	sp|Q9T1Q4|VP44_BPAPS Putative nuclease p44
GCA_025728695___contig_87_25	GCA_025728695___contig_87	VOG00523	sp|Q9T1Q7|VP41_BPAPS Putative protein p41
GCA_025728695___contig_87_26	GCA_025728695___contig_87	None	hypothetical protein
GCA_025728695___contig_87_27	GCA_025728695___contig_87	None	hypothetical protein
GCA_025728645___contig_12_1	GCA_025728645___contig_12	None	hypothetical protein
GCA_025728645___contig_12_2	GCA_025728645___contig_12	None	hypothetical protein
GCA_025728645___contig_12_3	GCA_025728645___contig_12	VOG03676	REFSEQ hypothetical protein
GCA_025728645___contig_12_4	GCA_025728645___contig_12	None	hypothetical protein
GCA_025728645___contig_12_5	GCA_025728645___contig_12	VOG10124	sp|O34449|YOQD_BACSU SPBc2 prophage-derived putative antirepressor protein YoqD
GCA_025728645___contig_12_6	GCA_025728645___contig_12	None	hypothetical protein
GCA_025728645___contig_12_7	GCA_025728645___contig_12	VOG20253	REFSEQ hypothetical protein
GCA_025728645___contig_12_8	GCA_025728645___contig_12	None	hypothetical protein
GCA_025728645___contig_12_9	GCA_025728645___contig_12	VOG01190	REFSEQ hypothetical protein
GCA_025728645___contig_12_10	GCA_025728645___contig_12	K06400	spoIVCA; site-specific DNA recombinase
GCA_025728635___contig_26_fragment_1_1	GCA_025728635___contig_26_fragment_1	VOG00824	REFSEQ putative antireceptor
GCA_025728635___contig_26_fragment_1_2	GCA_025728635___contig_26_fragment_1	VOG00097	sp|O48459|DIT_BPSPP Distal tail protein
GCA_025728635___contig_26_fragment_1_3	GCA_025728635___contig_26_fragment_1	VOG02632	REFSEQ gp14
GCA_025728635___contig_26_fragment_1_4	GCA_025728635___contig_26_fragment_1	VOG01394	REFSEQ hypothetical protein
GCA_025728635___contig_26_fragment_1_5	GCA_025728635___contig_26_fragment_1	PF12363.8	"Phage tail assembly chaperone protein, TAC"
GCA_025728635___contig_26_fragment_1_6	GCA_025728635___contig_26_fragment_1	VOG00149	sp|A9CRB8|TAIL_BPMR1 Putative tail protein
GCA_025728635___contig_26_fragment_1_7	GCA_025728635___contig_26_fragment_1	VOG00743	sp|O48448|COMPL_BPSPP Tail completion protein gp17
GCA_025728635___contig_26_fragment_1_8	GCA_025728635___contig_26_fragment_1	None	hypothetical protein
GCA_025728635___contig_26_fragment_1_9	GCA_025728635___contig_26_fragment_1	None	hypothetical protein
GCA_025728635___contig_26_fragment_1_10	GCA_025728635___contig_26_fragment_1	None	hypothetical protein
GCA_025728635___contig_26_fragment_1_11	GCA_025728635___contig_26_fragment_1	K22994	pelX; pectate disaccharide-lyase [EC:4.2.2.9]
GCA_025728635___contig_26_fragment_1_12	GCA_025728635___contig_26_fragment_1	VOG00188	sp|Q03182|RINA_BPPHA Transcriptional activator rinA
GCA_025728635___contig_26_fragment_1_13	GCA_025728635___contig_26_fragment_1	None	hypothetical protein
GCA_025728635___contig_26_fragment_1_14	GCA_025728635___contig_26_fragment_1	None	hypothetical protein
GCA_025728635___contig_26_fragment_1_15	GCA_025728635___contig_26_fragment_1	None	hypothetical protein
GCA_025728635___contig_26_fragment_1_16	GCA_025728635___contig_26_fragment_1	VOG00459	REFSEQ putative CI-like transcriptional repressor
GCA_025728635___contig_26_fragment_1_17	GCA_025728635___contig_26_fragment_1	None	hypothetical protein
GCA_025728635___contig_26_fragment_1_18	GCA_025728635___contig_26_fragment_1	K09022	"ridA, tdcF, RIDA; 2-iminobutanoate/2-iminopropanoate deaminase [EC:3.5.99.10]"
GCA_025728635___contig_26_fragment_1_19	GCA_025728635___contig_26_fragment_1	K02013	ABC.FEV.A; iron complex transport system ATP-binding protein [EC:7.2.2.-]
MP_ONT141___contig_1_fragment_1_53	MP_ONT141___contig_1_fragment_1	VOG00041	sp|O10330|VLF1_NPVOP Very late expression factor 1
MP_ONT141___contig_1_fragment_1_54	MP_ONT141___contig_1_fragment_1	VOG02135	REFSEQ hypothetical protein
MP_ONT141___contig_1_fragment_1_55	MP_ONT141___contig_1_fragment_1	VOG02771	sp|P03034|RPC1_LAMBD Repressor protein cI
MP_ONT141___contig_1_fragment_1_56	MP_ONT141___contig_1_fragment_1	K07729	K07729; putative transcriptional regulator
MP_ONT141___contig_1_fragment_1_57	MP_ONT141___contig_1_fragment_1	None	hypothetical protein
MP_ONT141___contig_1_fragment_1_58	MP_ONT141___contig_1_fragment_1	VOG10124	sp|O34449|YOQD_BACSU SPBc2 prophage-derived putative antirepressor protein YoqD
MP_ONT141___contig_1_fragment_1_59	MP_ONT141___contig_1_fragment_1	None	hypothetical protein
MP_ONT141___contig_1_fragment_1_60	MP_ONT141___contig_1_fragment_1	None	hypothetical protein
MP_ONT141___contig_1_fragment_1_61	MP_ONT141___contig_1_fragment_1	None	hypothetical protein
MP_ONT141___contig_1_fragment_1_62	MP_ONT141___contig_1_fragment_1	None	hypothetical protein
MP_ONT141___contig_1_fragment_1_63	MP_ONT141___contig_1_fragment_1	None	hypothetical protein
MP_ONT141___contig_1_fragment_1_64	MP_ONT141___contig_1_fragment_1	VOG02181	REFSEQ hypothetical protein
MP_ONT141___contig_1_fragment_1_65	MP_ONT141___contig_1_fragment_1	None	hypothetical protein
MP_ONT141___contig_1_fragment_1_66	MP_ONT141___contig_1_fragment_1	None	hypothetical protein
MP_ONT141___contig_1_fragment_1_67	MP_ONT141___contig_1_fragment_1	None	hypothetical protein
MP_ONT141___contig_1_fragment_1_68	MP_ONT141___contig_1_fragment_1	PF13412.6	Winged helix-turn-helix DNA-binding
MP_ONT141___contig_1_fragment_1_69	MP_ONT141___contig_1_fragment_1	VOG01036	sp|C0SP91|YYCJ_BACSU Putative metallo-hydrolase YycJ
MP_ONT141___contig_1_fragment_1_70	MP_ONT141___contig_1_fragment_1	None	hypothetical protein
MP_ONT141___contig_1_fragment_1_71	MP_ONT141___contig_1_fragment_1	VOG12256	REFSEQ hypothetical protein
MP_ONT141___contig_1_fragment_1_72	MP_ONT141___contig_1_fragment_1	VOG24297	REFSEQ gp30
MP_ONT141___contig_1_fragment_1_73	MP_ONT141___contig_1_fragment_1	VOG00674	REFSEQ putative DNA polymerase
MP_ONT141___contig_1_fragment_1_74	MP_ONT141___contig_1_fragment_1	VOG24298	REFSEQ gp32
MP_ONT141___contig_1_fragment_1_75	MP_ONT141___contig_1_fragment_1	VOG00065	sp|Q38441|YOR5_BPSPP Uncharacterized 10.3 kDa protein in GP2-GP6 intergenic region
MP_ONT141___contig_1_fragment_1_76	MP_ONT141___contig_1_fragment_1	None	hypothetical protein
MP_ONT141___contig_1_fragment_1_77	MP_ONT141___contig_1_fragment_1	VOG00188	sp|Q03182|RINA_BPPHA Transcriptional activator rinA
MP_ONT141___contig_1_fragment_1_78	MP_ONT141___contig_1_fragment_1	None	hypothetical protein
MP_ONT141___contig_1_fragment_1_79	MP_ONT141___contig_1_fragment_1	None	hypothetical protein
MP_ONT141___contig_1_fragment_1_80	MP_ONT141___contig_1_fragment_1	VOG00962	REFSEQ hypothetical protein
MP_ONT141___contig_1_fragment_1_81	MP_ONT141___contig_1_fragment_1	VOG00687	REFSEQ terminase small subunit
MP_ONT141___contig_1_fragment_1_82	MP_ONT141___contig_1_fragment_1	VOG04497	REFSEQ putative terminase small subunit
MP_ONT141___contig_1_fragment_1_83	MP_ONT141___contig_1_fragment_1	PF04860.12	Phage portal protein
MP_ONT141___contig_1_fragment_1_84	MP_ONT141___contig_1_fragment_1	K06904	K06904; uncharacterized protein
MP_ONT141___contig_1_fragment_1_85	MP_ONT141___contig_1_fragment_1	VOG13487	REFSEQ major capsid L
MP_ONT141___contig_1_fragment_1_86	MP_ONT141___contig_1_fragment_1	VOG00181	REFSEQ hypothetical protein
MP_ONT141___contig_1_fragment_1_87	MP_ONT141___contig_1_fragment_1	None	hypothetical protein
MP_ONT141___contig_1_fragment_1_88	MP_ONT141___contig_1_fragment_1	VOG03575	REFSEQ hypothetical protein
MP_ONT141___contig_1_fragment_1_89	MP_ONT141___contig_1_fragment_1	None	hypothetical protein
MP_ONT141___contig_1_fragment_1_90	MP_ONT141___contig_1_fragment_1	VOG01397	REFSEQ major tail protein
MP_ONT141___contig_1_fragment_1_91	MP_ONT141___contig_1_fragment_1	None	hypothetical protein
MP_ONT141___contig_1_fragment_1_92	MP_ONT141___contig_1_fragment_1	None	hypothetical protein
MP_ONT141___contig_1_fragment_1_93	MP_ONT141___contig_1_fragment_1	None	hypothetical protein
MP_ONT141___contig_1_fragment_1_94	MP_ONT141___contig_1_fragment_1	VOG04056	REFSEQ hypothetical protein
MP_ONT141___contig_1_fragment_1_95	MP_ONT141___contig_1_fragment_1	VOG01075	REFSEQ hypothetical protein
MP_ONT141___contig_1_fragment_1_96	MP_ONT141___contig_1_fragment_1	PF06605.11	Prophage endopeptidase tail
MP_ONT141___contig_1_fragment_1_97	MP_ONT141___contig_1_fragment_1	None	hypothetical protein
MP_ONT141___contig_1_fragment_1_98	MP_ONT141___contig_1_fragment_1	None	hypothetical protein
MP_ONT141___contig_1_fragment_1_99	MP_ONT141___contig_1_fragment_1	VOG18935	REFSEQ hypothetical protein
MP_ONT141___contig_1_fragment_1_100	MP_ONT141___contig_1_fragment_1	None	hypothetical protein
MP_ONT141___contig_1_fragment_1_101	MP_ONT141___contig_1_fragment_1	None	hypothetical protein
MP_ONT141___contig_1_fragment_1_102	MP_ONT141___contig_1_fragment_1	PF09693.10	Phage uncharacterised protein (Phage_XkdX)
MP_ONT141___contig_1_fragment_1_103	MP_ONT141___contig_1_fragment_1	PF10779.9	Haemolysin XhlA
MP_ONT141___contig_1_fragment_1_104	MP_ONT141___contig_1_fragment_1	PF16938.5	Putative phage holin Dp-1
MP_ONT141___contig_1_fragment_1_105	MP_ONT141___contig_1_fragment_1	K07273	acm; lysozyme
MP_ONT141___contig_1_fragment_4_551	MP_ONT141___contig_1_fragment_4	K02013	ABC.FEV.A; iron complex transport system ATP-binding protein [EC:7.2.2.-]
MP_ONT141___contig_1_fragment_4_552	MP_ONT141___contig_1_fragment_4	K09022	"ridA, tdcF, RIDA; 2-iminobutanoate/2-iminopropanoate deaminase [EC:3.5.99.10]"
MP_ONT141___contig_1_fragment_4_553	MP_ONT141___contig_1_fragment_4	None	hypothetical protein
MP_ONT141___contig_1_fragment_4_554	MP_ONT141___contig_1_fragment_4	VOG00459	REFSEQ putative CI-like transcriptional repressor
MP_ONT141___contig_1_fragment_4_555	MP_ONT141___contig_1_fragment_4	None	hypothetical protein
MP_ONT141___contig_1_fragment_4_556	MP_ONT141___contig_1_fragment_4	None	hypothetical protein
MP_ONT141___contig_1_fragment_4_557	MP_ONT141___contig_1_fragment_4	VOG00188	sp|Q03182|RINA_BPPHA Transcriptional activator rinA
MP_ONT141___contig_1_fragment_4_558	MP_ONT141___contig_1_fragment_4	K22994	pelX; pectate disaccharide-lyase [EC:4.2.2.9]
MP_ONT141___contig_1_fragment_4_559	MP_ONT141___contig_1_fragment_4	None	hypothetical protein
MP_ONT141___contig_1_fragment_4_560	MP_ONT141___contig_1_fragment_4	None	hypothetical protein
MP_ONT141___contig_1_fragment_4_561	MP_ONT141___contig_1_fragment_4	VOG00743	sp|O48448|COMPL_BPSPP Tail completion protein gp17
MP_ONT141___contig_1_fragment_4_562	MP_ONT141___contig_1_fragment_4	VOG00149	sp|A9CRB8|TAIL_BPMR1 Putative tail protein
MP_ONT141___contig_1_fragment_4_563	MP_ONT141___contig_1_fragment_4	PF12363.8	"Phage tail assembly chaperone protein, TAC"
MP_ONT141___contig_1_fragment_4_564	MP_ONT141___contig_1_fragment_4	VOG01394	REFSEQ hypothetical protein
MP_ONT141___contig_1_fragment_4_565	MP_ONT141___contig_1_fragment_4	VOG02632	REFSEQ gp14
MP_ONT141___contig_1_fragment_4_566	MP_ONT141___contig_1_fragment_4	VOG00097	sp|O48459|DIT_BPSPP Distal tail protein
MP_ONT141___contig_1_fragment_4_567	MP_ONT141___contig_1_fragment_4	VOG00824	REFSEQ putative antireceptor
MP_ONT141___contig_1_fragment_4_568	MP_ONT141___contig_1_fragment_4	VOG13479	REFSEQ gp067
MP_ONT141___contig_1_fragment_4_569	MP_ONT141___contig_1_fragment_4	None	hypothetical protein
MP_ONT141___contig_1_fragment_4_570	MP_ONT141___contig_1_fragment_4	None	hypothetical protein
MP_ONT141___contig_1_fragment_4_571	MP_ONT141___contig_1_fragment_4	None	hypothetical protein
MP_ONT141___contig_1_fragment_4_572	MP_ONT141___contig_1_fragment_4	None	hypothetical protein
MP_ONT141___contig_1_fragment_4_573	MP_ONT141___contig_1_fragment_4	PF16938.5	Putative phage holin Dp-1
MP_ONT141___contig_1_fragment_4_574	MP_ONT141___contig_1_fragment_4	PF05382.13	Bacteriophage peptidoglycan hydrolase
MP_ONT141___contig_1_fragment_12_1193	MP_ONT141___contig_1_fragment_12	K03648	"UNG, UDG; uracil-DNA glycosylase [EC:3.2.2.27]"
MP_ONT141___contig_1_fragment_12_1194	MP_ONT141___contig_1_fragment_12	PF07927.12	"HicA toxin of bacterial toxin-antitoxin,"
MP_ONT141___contig_1_fragment_12_1195	MP_ONT141___contig_1_fragment_12	VOG11403	sp|P51716|YO14_BPHC1 Uncharacterized 14.9 kDa protein in rep-hol intergenic region
MP_ONT141___contig_1_fragment_12_1196	MP_ONT141___contig_1_fragment_12	None	hypothetical protein
MP_ONT141___contig_1_fragment_12_1197	MP_ONT141___contig_1_fragment_12	None	hypothetical protein
MP_ONT141___contig_1_fragment_12_1198	MP_ONT141___contig_1_fragment_12	None	hypothetical protein
MP_ONT141___contig_1_fragment_12_1199	MP_ONT141___contig_1_fragment_12	VOG14226	REFSEQ hypothetical protein
MP_ONT141___contig_1_fragment_12_1200	MP_ONT141___contig_1_fragment_12	None	hypothetical protein
MP_ONT141___contig_1_fragment_12_1201	MP_ONT141___contig_1_fragment_12	K07273	acm; lysozyme
MP_ONT141___contig_1_fragment_12_1202	MP_ONT141___contig_1_fragment_12	PF16938.5	Putative phage holin Dp-1
MP_ONT141___contig_1_fragment_12_1203	MP_ONT141___contig_1_fragment_12	PF10779.9	Haemolysin XhlA
MP_ONT141___contig_1_fragment_12_1204	MP_ONT141___contig_1_fragment_12	PF09693.10	Phage uncharacterised protein (Phage_XkdX)
MP_ONT141___contig_1_fragment_12_1205	MP_ONT141___contig_1_fragment_12	None	hypothetical protein
MP_ONT141___contig_1_fragment_12_1206	MP_ONT141___contig_1_fragment_12	None	hypothetical protein
MP_ONT141___contig_1_fragment_12_1207	MP_ONT141___contig_1_fragment_12	VOG18935	REFSEQ hypothetical protein
MP_ONT141___contig_1_fragment_12_1208	MP_ONT141___contig_1_fragment_12	None	hypothetical protein
MP_ONT141___contig_1_fragment_12_1209	MP_ONT141___contig_1_fragment_12	None	hypothetical protein
MP_ONT141___contig_1_fragment_12_1210	MP_ONT141___contig_1_fragment_12	PF06605.11	Prophage endopeptidase tail
MP_ONT141___contig_1_fragment_12_1211	MP_ONT141___contig_1_fragment_12	VOG01075	REFSEQ hypothetical protein
MP_ONT141___contig_1_fragment_12_1212	MP_ONT141___contig_1_fragment_12	VOG04056	REFSEQ hypothetical protein
MP_ONT141___contig_1_fragment_12_1213	MP_ONT141___contig_1_fragment_12	None	hypothetical protein
MP_ONT141___contig_1_fragment_12_1214	MP_ONT141___contig_1_fragment_12	None	hypothetical protein
MP_ONT141___contig_1_fragment_12_1215	MP_ONT141___contig_1_fragment_12	VOG01397	REFSEQ major tail protein
MP_ONT141___contig_1_fragment_12_1216	MP_ONT141___contig_1_fragment_12	None	hypothetical protein
MP_ONT141___contig_1_fragment_12_1217	MP_ONT141___contig_1_fragment_12	VOG03575	REFSEQ hypothetical protein
MP_ONT141___contig_1_fragment_12_1218	MP_ONT141___contig_1_fragment_12	VOG00066	sp|O48446|HCP16_BPSPP Head completion protein gp16
MP_ONT141___contig_1_fragment_12_1219	MP_ONT141___contig_1_fragment_12	VOG00181	REFSEQ hypothetical protein
MP_ONT141___contig_1_fragment_12_1220	MP_ONT141___contig_1_fragment_12	VOG13487	REFSEQ major capsid L
MP_ONT141___contig_1_fragment_12_1221	MP_ONT141___contig_1_fragment_12	K06904	K06904; uncharacterized protein
MP_ONT141___contig_1_fragment_12_1222	MP_ONT141___contig_1_fragment_12	PF04860.12	Phage portal protein
MP_ONT141___contig_1_fragment_12_1223	MP_ONT141___contig_1_fragment_12	VOG04497	REFSEQ putative terminase small subunit
MP_ONT141___contig_1_fragment_12_1224	MP_ONT141___contig_1_fragment_12	VOG00687	REFSEQ terminase small subunit
MP_ONT141___contig_1_fragment_12_1225	MP_ONT141___contig_1_fragment_12	VOG00962	REFSEQ hypothetical protein
MP_ONT141___contig_1_fragment_12_1226	MP_ONT141___contig_1_fragment_12	None	hypothetical protein
MP_ONT141___contig_1_fragment_12_1227	MP_ONT141___contig_1_fragment_12	None	hypothetical protein
MP_ONT141___contig_1_fragment_12_1228	MP_ONT141___contig_1_fragment_12	VOG01156	REFSEQ hypothetical protein
MP_ONT141___contig_1_fragment_12_1229	MP_ONT141___contig_1_fragment_12	None	hypothetical protein
MP_ONT141___contig_1_fragment_12_1230	MP_ONT141___contig_1_fragment_12	VOG01162	sp|O34055|ARPU_BPO12 Putative autolysin regulatory protein ArpU
MP_ONT141___contig_1_fragment_12_1231	MP_ONT141___contig_1_fragment_12	VOG00404	sp|P9WGD4|SSB_MYCTO Single-stranded DNA-binding protein
MP_ONT141___contig_1_fragment_12_1232	MP_ONT141___contig_1_fragment_12	None	hypothetical protein
MP_ONT141___contig_1_fragment_12_1233	MP_ONT141___contig_1_fragment_12	VOG21431	REFSEQ hypothetical protein
MP_ONT141___contig_1_fragment_12_1234	MP_ONT141___contig_1_fragment_12	PF16784.5	Putative HNHc nuclease
MP_ONT141___contig_1_fragment_12_1235	MP_ONT141___contig_1_fragment_12	VOG01757	REFSEQ AAA ATPase
MP_ONT141___contig_1_fragment_12_1236	MP_ONT141___contig_1_fragment_12	VOG11084	REFSEQ hypothetical protein
MP_ONT141___contig_1_fragment_12_1237	MP_ONT141___contig_1_fragment_12	None	hypothetical protein
MP_ONT141___contig_1_fragment_12_1238	MP_ONT141___contig_1_fragment_12	None	hypothetical protein
MP_ONT141___contig_1_fragment_12_1239	MP_ONT141___contig_1_fragment_12	VOG02181	REFSEQ hypothetical protein
MP_ONT141___contig_1_fragment_12_1240	MP_ONT141___contig_1_fragment_12	None	hypothetical protein
MP_ONT141___contig_1_fragment_12_1241	MP_ONT141___contig_1_fragment_12	None	hypothetical protein
MP_ONT141___contig_1_fragment_12_1242	MP_ONT141___contig_1_fragment_12	K07741	antB; anti-repressor protein
MP_ONT141___contig_1_fragment_12_1243	MP_ONT141___contig_1_fragment_12	None	hypothetical protein
MP_ONT141___contig_1_fragment_12_1244	MP_ONT141___contig_1_fragment_12	None	hypothetical protein
MP_ONT141___contig_1_fragment_12_1245	MP_ONT141___contig_1_fragment_12	None	hypothetical protein
MP_ONT141___contig_1_fragment_12_1246	MP_ONT141___contig_1_fragment_12	VOG14084	REFSEQ hypothetical protein
MP_ONT141___contig_1_fragment_12_1247	MP_ONT141___contig_1_fragment_12	None	hypothetical protein
MP_ONT141___contig_1_fragment_12_1248	MP_ONT141___contig_1_fragment_12	PF01381.22	Helix-turn-helix
MP_ONT141___contig_1_fragment_12_1249	MP_ONT141___contig_1_fragment_12	VOG20253	REFSEQ hypothetical protein
MP_ONT141___contig_1_fragment_12_1250	MP_ONT141___contig_1_fragment_12	None	hypothetical protein
MP_ONT141___contig_1_fragment_12_1251	MP_ONT141___contig_1_fragment_12	VOG00041	sp|O10330|VLF1_NPVOP Very late expression factor 1
MP_ONT141___contig_1_fragment_14_1372	MP_ONT141___contig_1_fragment_14	PF05382.13	Bacteriophage peptidoglycan hydrolase
MP_ONT141___contig_1_fragment_14_1373	MP_ONT141___contig_1_fragment_14	PF16938.5	Putative phage holin Dp-1
MP_ONT141___contig_1_fragment_14_1374	MP_ONT141___contig_1_fragment_14	PF10779.9	Haemolysin XhlA
MP_ONT141___contig_1_fragment_14_1375	MP_ONT141___contig_1_fragment_14	None	hypothetical protein
MP_ONT141___contig_1_fragment_14_1376	MP_ONT141___contig_1_fragment_14	None	hypothetical protein
MP_ONT141___contig_1_fragment_14_1377	MP_ONT141___contig_1_fragment_14	VOG13479	REFSEQ gp067
MP_ONT141___contig_1_fragment_14_1378	MP_ONT141___contig_1_fragment_14	VOG00824	REFSEQ putative antireceptor
MP_ONT141___contig_1_fragment_14_1379	MP_ONT141___contig_1_fragment_14	None	hypothetical protein
MP_ONT141___contig_1_fragment_14_1380	MP_ONT141___contig_1_fragment_14	VOG02333	REFSEQ tail tape measure protein
MP_ONT141___contig_1_fragment_14_1381	MP_ONT141___contig_1_fragment_14	None	hypothetical protein
MP_ONT141___contig_1_fragment_14_1382	MP_ONT141___contig_1_fragment_14	VOG01397	REFSEQ major tail protein
MP_ONT141___contig_1_fragment_14_1383	MP_ONT141___contig_1_fragment_14	VOG00973	REFSEQ hypothetical protein
MP_ONT141___contig_1_fragment_14_1384	MP_ONT141___contig_1_fragment_14	VOG23091	REFSEQ hypothetical protein
MP_ONT141___contig_1_fragment_14_1385	MP_ONT141___contig_1_fragment_14	VOG23090	REFSEQ head-tail adaptor
MP_ONT141___contig_1_fragment_14_1386	MP_ONT141___contig_1_fragment_14	VOG23089	REFSEQ hypothetical protein
MP_ONT141___contig_1_fragment_14_1387	MP_ONT141___contig_1_fragment_14	PF05065.13	Phage capsid family
MP_ONT141___contig_1_fragment_14_1388	MP_ONT141___contig_1_fragment_14	K06904	K06904; uncharacterized protein
MP_ONT141___contig_1_fragment_14_1389	MP_ONT141___contig_1_fragment_14	PF04860.12	Phage portal protein
MP_ONT141___contig_1_fragment_14_1390	MP_ONT141___contig_1_fragment_14	PF03354.15	Phage Terminase
MP_ONT141___contig_1_fragment_14_1391	MP_ONT141___contig_1_fragment_14	None	hypothetical protein
MP_ONT141___contig_1_fragment_14_1392	MP_ONT141___contig_1_fragment_14	VOG00679	REFSEQ HNH endonuclease
MP_ONT141___contig_1_fragment_14_1393	MP_ONT141___contig_1_fragment_14	None	hypothetical protein
MP_ONT141___contig_1_fragment_14_1394	MP_ONT141___contig_1_fragment_14	VOG00188	sp|Q03182|RINA_BPPHA Transcriptional activator rinA
MP_ONT141___contig_1_fragment_14_1395	MP_ONT141___contig_1_fragment_14	VOG00724	sp|P10277|PRIM_BPP4 Putative P4-specific DNA primase
MP_ONT141___contig_1_fragment_14_1396	MP_ONT141___contig_1_fragment_14	VOG00674	REFSEQ putative DNA polymerase
MP_ONT141___contig_1_fragment_14_1397	MP_ONT141___contig_1_fragment_14	None	hypothetical protein
MP_ONT141___contig_1_fragment_14_1398	MP_ONT141___contig_1_fragment_14	None	hypothetical protein
MP_ONT141___contig_1_fragment_14_1399	MP_ONT141___contig_1_fragment_14	VOG03001	REFSEQ hypothetical protein
MP_ONT141___contig_1_fragment_14_1400	MP_ONT141___contig_1_fragment_14	PF13479.6	AAA domain
MP_ONT141___contig_1_fragment_14_1401	MP_ONT141___contig_1_fragment_14	None	hypothetical protein
MP_ONT141___contig_1_fragment_14_1402	MP_ONT141___contig_1_fragment_14	VOG00399	sp|Q9T1Q4|VP44_BPAPS Putative nuclease p44
MP_ONT141___contig_1_fragment_14_1403	MP_ONT141___contig_1_fragment_14	VOG00523	sp|Q9T1Q7|VP41_BPAPS Putative protein p41
MP_ONT141___contig_1_fragment_14_1404	MP_ONT141___contig_1_fragment_14	None	hypothetical protein
MP_ONT141___contig_1_fragment_14_1405	MP_ONT141___contig_1_fragment_14	None	hypothetical protein
MP_ONT141___contig_1_fragment_14_1406	MP_ONT141___contig_1_fragment_14	None	hypothetical protein
MP_ONT141___contig_1_fragment_14_1407	MP_ONT141___contig_1_fragment_14	None	hypothetical protein
MP_ONT141___contig_1_fragment_14_1408	MP_ONT141___contig_1_fragment_14	None	hypothetical protein
MP_ONT141___contig_1_fragment_14_1409	MP_ONT141___contig_1_fragment_14	None	hypothetical protein
MP_ONT141___contig_1_fragment_14_1410	MP_ONT141___contig_1_fragment_14	None	hypothetical protein
MP_ONT141___contig_1_fragment_14_1411	MP_ONT141___contig_1_fragment_14	VOG02771	sp|P03034|RPC1_LAMBD Repressor protein cI
MP_ONT141___contig_1_fragment_14_1412	MP_ONT141___contig_1_fragment_14	VOG00361	sp|P10426|YIM2_BPPH1 Uncharacterized immunity region protein 2
MP_ONT141___contig_1_fragment_14_1413	MP_ONT141___contig_1_fragment_14	VOG03321	REFSEQ hypothetical protein
MP_ONT141___contig_1_fragment_14_1414	MP_ONT141___contig_1_fragment_14	VOG00041	sp|O10330|VLF1_NPVOP Very late expression factor 1
MP_QEQMy133751___contig_1_fragment_7_566	MP_QEQMy133751___contig_1_fragment_7	K02013	ABC.FEV.A; iron complex transport system ATP-binding protein [EC:7.2.2.-]
MP_QEQMy133751___contig_1_fragment_7_567	MP_QEQMy133751___contig_1_fragment_7	K09022	"ridA, tdcF, RIDA; 2-iminobutanoate/2-iminopropanoate deaminase [EC:3.5.99.10]"
MP_QEQMy133751___contig_1_fragment_7_568	MP_QEQMy133751___contig_1_fragment_7	None	hypothetical protein
MP_QEQMy133751___contig_1_fragment_7_569	MP_QEQMy133751___contig_1_fragment_7	VOG00459	REFSEQ putative CI-like transcriptional repressor
MP_QEQMy133751___contig_1_fragment_7_570	MP_QEQMy133751___contig_1_fragment_7	None	hypothetical protein
MP_QEQMy133751___contig_1_fragment_7_571	MP_QEQMy133751___contig_1_fragment_7	None	hypothetical protein
MP_QEQMy133751___contig_1_fragment_7_572	MP_QEQMy133751___contig_1_fragment_7	VOG00188	sp|Q03182|RINA_BPPHA Transcriptional activator rinA
MP_QEQMy133751___contig_1_fragment_7_573	MP_QEQMy133751___contig_1_fragment_7	K22994	pelX; pectate disaccharide-lyase [EC:4.2.2.9]
MP_QEQMy133751___contig_1_fragment_7_574	MP_QEQMy133751___contig_1_fragment_7	K22994	pelX; pectate disaccharide-lyase [EC:4.2.2.9]
MP_QEQMy133751___contig_1_fragment_7_575	MP_QEQMy133751___contig_1_fragment_7	None	hypothetical protein
MP_QEQMy133751___contig_1_fragment_7_576	MP_QEQMy133751___contig_1_fragment_7	None	hypothetical protein
MP_QEQMy133751___contig_1_fragment_7_577	MP_QEQMy133751___contig_1_fragment_7	VOG00743	sp|O48448|COMPL_BPSPP Tail completion protein gp17
MP_QEQMy133751___contig_1_fragment_7_578	MP_QEQMy133751___contig_1_fragment_7	VOG00149	sp|A9CRB8|TAIL_BPMR1 Putative tail protein
MP_QEQMy133751___contig_1_fragment_7_579	MP_QEQMy133751___contig_1_fragment_7	PF12363.8	"Phage tail assembly chaperone protein, TAC"
MP_QEQMy133751___contig_1_fragment_7_580	MP_QEQMy133751___contig_1_fragment_7	VOG01394	REFSEQ hypothetical protein
MP_QEQMy133751___contig_1_fragment_7_581	MP_QEQMy133751___contig_1_fragment_7	VOG02632	REFSEQ gp14
MP_QEQMy133751___contig_1_fragment_7_582	MP_QEQMy133751___contig_1_fragment_7	VOG00097	sp|O48459|DIT_BPSPP Distal tail protein
MP_QEQMy133751___contig_1_fragment_7_583	MP_QEQMy133751___contig_1_fragment_7	VOG00824	REFSEQ putative antireceptor
MP_QEQMy133751___contig_1_fragment_7_584	MP_QEQMy133751___contig_1_fragment_7	VOG21997	REFSEQ hypothetical protein
MP_QEQMy133751___contig_1_fragment_7_585	MP_QEQMy133751___contig_1_fragment_7	VOG13479	REFSEQ gp067
MP_QEQMy133751___contig_1_fragment_7_586	MP_QEQMy133751___contig_1_fragment_7	None	hypothetical protein
MP_QEQMy133751___contig_1_fragment_7_587	MP_QEQMy133751___contig_1_fragment_7	None	hypothetical protein
MP_QEQMy133751___contig_1_fragment_7_588	MP_QEQMy133751___contig_1_fragment_7	None	hypothetical protein
MP_QEQMy133751___contig_1_fragment_7_589	MP_QEQMy133751___contig_1_fragment_7	None	hypothetical protein
MP_QEQMy133751___contig_1_fragment_7_590	MP_QEQMy133751___contig_1_fragment_7	None	hypothetical protein
MP_QEQMy133751___contig_1_fragment_7_591	MP_QEQMy133751___contig_1_fragment_7	PF16938.5	Putative phage holin Dp-1
MP_QEQMy133751___contig_1_fragment_7_592	MP_QEQMy133751___contig_1_fragment_7	PF05382.13	Bacteriophage peptidoglycan hydrolase
MP_QEQMy133751___contig_1_fragment_10_888	MP_QEQMy133751___contig_1_fragment_10	K02003	ABC.CD.A; putative ABC transport system ATP-binding protein
MP_QEQMy133751___contig_1_fragment_10_889	MP_QEQMy133751___contig_1_fragment_10	VOG00041	sp|O10330|VLF1_NPVOP Very late expression factor 1
MP_QEQMy133751___contig_1_fragment_10_890	MP_QEQMy133751___contig_1_fragment_10	K22300	"dicA; HTH-type transcriptional regulator, cell division transcriptional repressor"
MP_QEQMy133751___contig_1_fragment_10_891	MP_QEQMy133751___contig_1_fragment_10	None	hypothetical protein
MP_QEQMy133751___contig_1_fragment_10_892	MP_QEQMy133751___contig_1_fragment_10	None	hypothetical protein
MP_QEQMy133751___contig_1_fragment_10_893	MP_QEQMy133751___contig_1_fragment_10	PF09669.10	Phage regulatory protein Rha (Phage_pRha)
MP_QEQMy133751___contig_1_fragment_10_894	MP_QEQMy133751___contig_1_fragment_10	None	hypothetical protein
MP_QEQMy133751___contig_1_fragment_10_895	MP_QEQMy133751___contig_1_fragment_10	None	hypothetical protein
MP_QEQMy133751___contig_1_fragment_10_896	MP_QEQMy133751___contig_1_fragment_10	VOG20253	REFSEQ hypothetical protein
MP_QEQMy133751___contig_1_fragment_10_897	MP_QEQMy133751___contig_1_fragment_10	None	hypothetical protein
MP_QEQMy133751___contig_1_fragment_10_898	MP_QEQMy133751___contig_1_fragment_10	VOG10124	sp|O34449|YOQD_BACSU SPBc2 prophage-derived putative antirepressor protein YoqD
MP_QEQMy133751___contig_1_fragment_10_899	MP_QEQMy133751___contig_1_fragment_10	None	hypothetical protein
MP_QEQMy133751___contig_1_fragment_10_900	MP_QEQMy133751___contig_1_fragment_10	None	hypothetical protein
MP_QEQMy133751___contig_1_fragment_10_901	MP_QEQMy133751___contig_1_fragment_10	VOG14084	REFSEQ hypothetical protein
MP_QEQMy133751___contig_1_fragment_10_902	MP_QEQMy133751___contig_1_fragment_10	K07741	antB; anti-repressor protein
MP_QEQMy133751___contig_1_fragment_10_903	MP_QEQMy133751___contig_1_fragment_10	None	hypothetical protein
MP_QEQMy133751___contig_1_fragment_10_904	MP_QEQMy133751___contig_1_fragment_10	None	hypothetical protein
MP_QEQMy133751___contig_1_fragment_10_905	MP_QEQMy133751___contig_1_fragment_10	None	hypothetical protein
MP_QEQMy133751___contig_1_fragment_10_906	MP_QEQMy133751___contig_1_fragment_10	None	hypothetical protein
MP_QEQMy133751___contig_1_fragment_10_907	MP_QEQMy133751___contig_1_fragment_10	None	hypothetical protein
MP_QEQMy133751___contig_1_fragment_10_908	MP_QEQMy133751___contig_1_fragment_10	None	hypothetical protein
MP_QEQMy133751___contig_1_fragment_10_909	MP_QEQMy133751___contig_1_fragment_10	None	hypothetical protein
MP_QEQMy133751___contig_1_fragment_10_910	MP_QEQMy133751___contig_1_fragment_10	None	hypothetical protein
MP_QEQMy133751___contig_1_fragment_10_911	MP_QEQMy133751___contig_1_fragment_10	VOG11084	REFSEQ hypothetical protein
MP_QEQMy133751___contig_1_fragment_10_912	MP_QEQMy133751___contig_1_fragment_10	PF04404.12	ERF superfamily
MP_QEQMy133751___contig_1_fragment_10_913	MP_QEQMy133751___contig_1_fragment_10	PF16784.5	Putative HNHc nuclease
MP_QEQMy133751___contig_1_fragment_10_914	MP_QEQMy133751___contig_1_fragment_10	VOG21431	REFSEQ hypothetical protein
MP_QEQMy133751___contig_1_fragment_10_915	MP_QEQMy133751___contig_1_fragment_10	None	hypothetical protein
MP_QEQMy133751___contig_1_fragment_10_916	MP_QEQMy133751___contig_1_fragment_10	VOG00404	sp|P9WGD4|SSB_MYCTO Single-stranded DNA-binding protein
MP_QEQMy133751___contig_1_fragment_10_917	MP_QEQMy133751___contig_1_fragment_10	PF05866.11	Endodeoxyribonuclease RusA
MP_QEQMy133751___contig_1_fragment_10_918	MP_QEQMy133751___contig_1_fragment_10	None	hypothetical protein
MP_QEQMy133751___contig_1_fragment_10_919	MP_QEQMy133751___contig_1_fragment_10	None	hypothetical protein
MP_QEQMy133751___contig_1_fragment_10_920	MP_QEQMy133751___contig_1_fragment_10	None	hypothetical protein
MP_QEQMy133751___contig_1_fragment_10_921	MP_QEQMy133751___contig_1_fragment_10	VOG00065	sp|Q38441|YOR5_BPSPP Uncharacterized 10.3 kDa protein in GP2-GP6 intergenic region
MP_QEQMy133751___contig_1_fragment_10_922	MP_QEQMy133751___contig_1_fragment_10	VOG00188	sp|Q03182|RINA_BPPHA Transcriptional activator rinA
MP_QEQMy133751___contig_1_fragment_10_923	MP_QEQMy133751___contig_1_fragment_10	None	hypothetical protein
MP_QEQMy133751___contig_1_fragment_10_924	MP_QEQMy133751___contig_1_fragment_10	None	hypothetical protein
MP_QEQMy133751___contig_1_fragment_10_925	MP_QEQMy133751___contig_1_fragment_10	None	hypothetical protein
MP_QEQMy133751___contig_1_fragment_10_926	MP_QEQMy133751___contig_1_fragment_10	VOG00962	REFSEQ hypothetical protein
MP_QEQMy133751___contig_1_fragment_10_927	MP_QEQMy133751___contig_1_fragment_10	VOG00687	REFSEQ terminase small subunit
MP_QEQMy133751___contig_1_fragment_10_928	MP_QEQMy133751___contig_1_fragment_10	VOG04497	REFSEQ putative terminase small subunit
MP_QEQMy133751___contig_1_fragment_10_929	MP_QEQMy133751___contig_1_fragment_10	PF03354.15	Phage Terminase
MP_QEQMy133751___contig_1_fragment_10_930	MP_QEQMy133751___contig_1_fragment_10	PF04860.12	Phage portal protein
MP_QEQMy133751___contig_1_fragment_10_931	MP_QEQMy133751___contig_1_fragment_10	K06904	K06904; uncharacterized protein
MP_QEQMy133751___contig_1_fragment_10_932	MP_QEQMy133751___contig_1_fragment_10	VOG13487	REFSEQ major capsid L
MP_QEQMy133751___contig_1_fragment_10_933	MP_QEQMy133751___contig_1_fragment_10	VOG00181	REFSEQ hypothetical protein
MP_QEQMy133751___contig_1_fragment_10_934	MP_QEQMy133751___contig_1_fragment_10	None	hypothetical protein
MP_QEQMy133751___contig_1_fragment_10_935	MP_QEQMy133751___contig_1_fragment_10	VOG03575	REFSEQ hypothetical protein
MP_QEQMy133751___contig_1_fragment_10_936	MP_QEQMy133751___contig_1_fragment_10	None	hypothetical protein
MP_QEQMy133751___contig_1_fragment_10_937	MP_QEQMy133751___contig_1_fragment_10	VOG01397	REFSEQ major tail protein
MP_QEQMy133751___contig_1_fragment_10_938	MP_QEQMy133751___contig_1_fragment_10	None	hypothetical protein
MP_QEQMy133751___contig_1_fragment_10_939	MP_QEQMy133751___contig_1_fragment_10	None	hypothetical protein
MP_QEQMy133751___contig_1_fragment_10_940	MP_QEQMy133751___contig_1_fragment_10	None	hypothetical protein
MP_QEQMy133751___contig_1_fragment_10_941	MP_QEQMy133751___contig_1_fragment_10	VOG21220	REFSEQ phage tape measure protein
MP_QEQMy133751___contig_1_fragment_10_942	MP_QEQMy133751___contig_1_fragment_10	VOG04056	REFSEQ hypothetical protein
MP_QEQMy133751___contig_1_fragment_10_943	MP_QEQMy133751___contig_1_fragment_10	VOG01075	REFSEQ hypothetical protein
MP_QEQMy133751___contig_1_fragment_10_944	MP_QEQMy133751___contig_1_fragment_10	PF06605.11	Prophage endopeptidase tail
MP_QEQMy133751___contig_1_fragment_10_945	MP_QEQMy133751___contig_1_fragment_10	None	hypothetical protein
MP_QEQMy133751___contig_1_fragment_10_946	MP_QEQMy133751___contig_1_fragment_10	None	hypothetical protein
MP_QEQMy133751___contig_1_fragment_10_947	MP_QEQMy133751___contig_1_fragment_10	VOG18935	REFSEQ hypothetical protein
MP_QEQMy133751___contig_1_fragment_10_948	MP_QEQMy133751___contig_1_fragment_10	None	hypothetical protein
MP_QEQMy133751___contig_1_fragment_10_949	MP_QEQMy133751___contig_1_fragment_10	None	hypothetical protein
MP_QEQMy133751___contig_1_fragment_10_950	MP_QEQMy133751___contig_1_fragment_10	PF09693.10	Phage uncharacterised protein (Phage_XkdX)
MP_QEQMy133751___contig_1_fragment_10_951	MP_QEQMy133751___contig_1_fragment_10	None	hypothetical protein
MP_QEQMy133751___contig_1_fragment_10_952	MP_QEQMy133751___contig_1_fragment_10	PF16938.5	Putative phage holin Dp-1
MP_QEQMy133751___contig_1_fragment_10_953	MP_QEQMy133751___contig_1_fragment_10	K07273	acm; lysozyme
MP_QEQMy133751___contig_1_fragment_10_954	MP_QEQMy133751___contig_1_fragment_10	None	hypothetical protein
MP_QEQMy133751___contig_1_fragment_10_955	MP_QEQMy133751___contig_1_fragment_10	None	hypothetical protein
MP_QEQMy133751___contig_1_fragment_10_956	MP_QEQMy133751___contig_1_fragment_10	None	hypothetical protein
MP_QEQMy133751___contig_1_fragment_10_957	MP_QEQMy133751___contig_1_fragment_10	PF10097.9	Predicted membrane protein (DUF2335)
MP_QEQMy133751___contig_1_fragment_10_958	MP_QEQMy133751___contig_1_fragment_10	VOG14094	sp|A0A0H3CCP8|SOCA_CAUVN Antitoxin SocA
MP_AB35___contig_1_fragment_3_288	MP_AB35___contig_1_fragment_3	VOG00041	sp|O10330|VLF1_NPVOP Very late expression factor 1
MP_AB35___contig_1_fragment_3_289	MP_AB35___contig_1_fragment_3	VOG03321	REFSEQ hypothetical protein
MP_AB35___contig_1_fragment_3_290	MP_AB35___contig_1_fragment_3	VOG00361	sp|P10426|YIM2_BPPH1 Uncharacterized immunity region protein 2
MP_AB35___contig_1_fragment_3_291	MP_AB35___contig_1_fragment_3	VOG02771	sp|P03034|RPC1_LAMBD Repressor protein cI
MP_AB35___contig_1_fragment_3_292	MP_AB35___contig_1_fragment_3	None	hypothetical protein
MP_AB35___contig_1_fragment_3_293	MP_AB35___contig_1_fragment_3	None	hypothetical protein
MP_AB35___contig_1_fragment_3_294	MP_AB35___contig_1_fragment_3	None	hypothetical protein
MP_AB35___contig_1_fragment_3_295	MP_AB35___contig_1_fragment_3	None	hypothetical protein
MP_AB35___contig_1_fragment_3_296	MP_AB35___contig_1_fragment_3	None	hypothetical protein
MP_AB35___contig_1_fragment_3_297	MP_AB35___contig_1_fragment_3	None	hypothetical protein
MP_AB35___contig_1_fragment_3_298	MP_AB35___contig_1_fragment_3	None	hypothetical protein
MP_AB35___contig_1_fragment_3_299	MP_AB35___contig_1_fragment_3	VOG00523	sp|Q9T1Q7|VP41_BPAPS Putative protein p41
MP_AB35___contig_1_fragment_3_300	MP_AB35___contig_1_fragment_3	VOG00399	sp|Q9T1Q4|VP44_BPAPS Putative nuclease p44
MP_AB35___contig_1_fragment_3_301	MP_AB35___contig_1_fragment_3	None	hypothetical protein
MP_AB35___contig_1_fragment_3_302	MP_AB35___contig_1_fragment_3	PF13479.6	AAA domain
MP_AB35___contig_1_fragment_3_303	MP_AB35___contig_1_fragment_3	VOG03001	REFSEQ hypothetical protein
MP_AB35___contig_1_fragment_3_304	MP_AB35___contig_1_fragment_3	None	hypothetical protein
MP_AB35___contig_1_fragment_3_305	MP_AB35___contig_1_fragment_3	None	hypothetical protein
MP_AB35___contig_1_fragment_3_306	MP_AB35___contig_1_fragment_3	VOG00674	REFSEQ putative DNA polymerase
MP_AB35___contig_1_fragment_3_307	MP_AB35___contig_1_fragment_3	VOG00724	sp|P10277|PRIM_BPP4 Putative P4-specific DNA primase
MP_AB35___contig_1_fragment_3_308	MP_AB35___contig_1_fragment_3	VOG00188	sp|Q03182|RINA_BPPHA Transcriptional activator rinA
MP_AB35___contig_1_fragment_3_309	MP_AB35___contig_1_fragment_3	None	hypothetical protein
MP_AB35___contig_1_fragment_3_310	MP_AB35___contig_1_fragment_3	VOG00679	REFSEQ HNH endonuclease
MP_AB35___contig_1_fragment_3_311	MP_AB35___contig_1_fragment_3	None	hypothetical protein
MP_AB35___contig_1_fragment_3_312	MP_AB35___contig_1_fragment_3	PF03354.15	Phage Terminase
MP_AB35___contig_1_fragment_3_313	MP_AB35___contig_1_fragment_3	PF04860.12	Phage portal protein
MP_AB35___contig_1_fragment_3_314	MP_AB35___contig_1_fragment_3	K06904	K06904; uncharacterized protein
MP_AB35___contig_1_fragment_3_315	MP_AB35___contig_1_fragment_3	PF05065.13	Phage capsid family
MP_AB35___contig_1_fragment_3_316	MP_AB35___contig_1_fragment_3	VOG23089	REFSEQ hypothetical protein
MP_AB35___contig_1_fragment_3_317	MP_AB35___contig_1_fragment_3	VOG23090	REFSEQ head-tail adaptor
MP_AB35___contig_1_fragment_3_318	MP_AB35___contig_1_fragment_3	VOG23091	REFSEQ hypothetical protein
MP_AB35___contig_1_fragment_3_319	MP_AB35___contig_1_fragment_3	VOG00973	REFSEQ hypothetical protein
MP_AB35___contig_1_fragment_3_320	MP_AB35___contig_1_fragment_3	VOG01397	REFSEQ major tail protein
MP_AB35___contig_1_fragment_3_321	MP_AB35___contig_1_fragment_3	None	hypothetical protein
MP_AB35___contig_1_fragment_3_322	MP_AB35___contig_1_fragment_3	VOG02333	REFSEQ tail tape measure protein
MP_AB35___contig_1_fragment_3_323	MP_AB35___contig_1_fragment_3	None	hypothetical protein
MP_AB35___contig_1_fragment_3_324	MP_AB35___contig_1_fragment_3	VOG00824	REFSEQ putative antireceptor
MP_AB35___contig_1_fragment_3_325	MP_AB35___contig_1_fragment_3	VOG13479	REFSEQ gp067
MP_AB35___contig_1_fragment_3_326	MP_AB35___contig_1_fragment_3	None	hypothetical protein
MP_AB35___contig_1_fragment_3_327	MP_AB35___contig_1_fragment_3	None	hypothetical protein
MP_AB35___contig_1_fragment_3_328	MP_AB35___contig_1_fragment_3	PF10779.9	Haemolysin XhlA
MP_AB35___contig_1_fragment_3_329	MP_AB35___contig_1_fragment_3	PF16938.5	Putative phage holin Dp-1
MP_AB35___contig_1_fragment_3_330	MP_AB35___contig_1_fragment_3	PF05382.13	Bacteriophage peptidoglycan hydrolase
MP_AB35___contig_1_fragment_5_448	MP_AB35___contig_1_fragment_5	K06977	K06977; uncharacterized protein
MP_AB35___contig_1_fragment_5_449	MP_AB35___contig_1_fragment_5	None	hypothetical protein
MP_AB35___contig_1_fragment_5_450	MP_AB35___contig_1_fragment_5	PF08282.12	haloacid dehalogenase-like hydrolase
MP_AB35___contig_1_fragment_5_451	MP_AB35___contig_1_fragment_5	VOG00041	sp|O10330|VLF1_NPVOP Very late expression factor 1
MP_AB35___contig_1_fragment_5_452	MP_AB35___contig_1_fragment_5	None	hypothetical protein
MP_AB35___contig_1_fragment_5_453	MP_AB35___contig_1_fragment_5	PF07553.11	Host cell surface-exposed lipoprotein
MP_AB35___contig_1_fragment_5_454	MP_AB35___contig_1_fragment_5	VOG20253	REFSEQ hypothetical protein
MP_AB35___contig_1_fragment_5_455	MP_AB35___contig_1_fragment_5	None	hypothetical protein
MP_AB35___contig_1_fragment_5_456	MP_AB35___contig_1_fragment_5	VOG10124	sp|O34449|YOQD_BACSU SPBc2 prophage-derived putative antirepressor protein YoqD
MP_AB35___contig_1_fragment_5_457	MP_AB35___contig_1_fragment_5	None	hypothetical protein
MP_AB35___contig_1_fragment_5_458	MP_AB35___contig_1_fragment_5	None	hypothetical protein
MP_AB35___contig_1_fragment_5_459	MP_AB35___contig_1_fragment_5	K07741	antB; anti-repressor protein
MP_AB35___contig_1_fragment_5_460	MP_AB35___contig_1_fragment_5	None	hypothetical protein
MP_AB35___contig_1_fragment_5_461	MP_AB35___contig_1_fragment_5	None	hypothetical protein
MP_AB35___contig_1_fragment_5_462	MP_AB35___contig_1_fragment_5	None	hypothetical protein
MP_AB35___contig_1_fragment_5_463	MP_AB35___contig_1_fragment_5	K07741	antB; anti-repressor protein
MP_AB35___contig_1_fragment_5_464	MP_AB35___contig_1_fragment_5	None	hypothetical protein
MP_AB35___contig_1_fragment_5_465	MP_AB35___contig_1_fragment_5	None	hypothetical protein
MP_AB35___contig_1_fragment_5_466	MP_AB35___contig_1_fragment_5	None	hypothetical protein
MP_AB35___contig_1_fragment_5_467	MP_AB35___contig_1_fragment_5	None	hypothetical protein
MP_AB35___contig_1_fragment_5_468	MP_AB35___contig_1_fragment_5	None	hypothetical protein
MP_AB35___contig_1_fragment_5_469	MP_AB35___contig_1_fragment_5	None	hypothetical protein
MP_AB35___contig_1_fragment_5_470	MP_AB35___contig_1_fragment_5	PF03837.14	RecT family
MP_AB35___contig_1_fragment_5_471	MP_AB35___contig_1_fragment_5	PF12684.7	PDDEXK-like domain of unknown function (DUF3799)
MP_AB35___contig_1_fragment_5_472	MP_AB35___contig_1_fragment_5	PF16784.5	Putative HNHc nuclease
MP_AB35___contig_1_fragment_5_473	MP_AB35___contig_1_fragment_5	VOG21431	REFSEQ hypothetical protein
MP_AB35___contig_1_fragment_5_474	MP_AB35___contig_1_fragment_5	None	hypothetical protein
MP_AB35___contig_1_fragment_5_475	MP_AB35___contig_1_fragment_5	VOG00404	sp|P9WGD4|SSB_MYCTO Single-stranded DNA-binding protein
MP_AB35___contig_1_fragment_5_476	MP_AB35___contig_1_fragment_5	VOG01162	sp|O34055|ARPU_BPO12 Putative autolysin regulatory protein ArpU
MP_AB35___contig_1_fragment_5_477	MP_AB35___contig_1_fragment_5	None	hypothetical protein
MP_AB35___contig_1_fragment_5_478	MP_AB35___contig_1_fragment_5	VOG01156	REFSEQ hypothetical protein
MP_AB35___contig_1_fragment_5_479	MP_AB35___contig_1_fragment_5	None	hypothetical protein
MP_AB35___contig_1_fragment_5_480	MP_AB35___contig_1_fragment_5	None	hypothetical protein
MP_AB35___contig_1_fragment_5_481	MP_AB35___contig_1_fragment_5	VOG00962	REFSEQ hypothetical protein
MP_AB35___contig_1_fragment_5_482	MP_AB35___contig_1_fragment_5	VOG00687	REFSEQ terminase small subunit
MP_AB35___contig_1_fragment_5_483	MP_AB35___contig_1_fragment_5	VOG04497	REFSEQ putative terminase small subunit
MP_AB35___contig_1_fragment_5_484	MP_AB35___contig_1_fragment_5	PF04860.12	Phage portal protein
MP_AB35___contig_1_fragment_5_485	MP_AB35___contig_1_fragment_5	K06904	K06904; uncharacterized protein
MP_AB35___contig_1_fragment_5_486	MP_AB35___contig_1_fragment_5	VOG13487	REFSEQ major capsid L
MP_AB35___contig_1_fragment_5_487	MP_AB35___contig_1_fragment_5	VOG00181	REFSEQ hypothetical protein
MP_AB35___contig_1_fragment_5_488	MP_AB35___contig_1_fragment_5	VOG00066	sp|O48446|HCP16_BPSPP Head completion protein gp16
MP_AB35___contig_1_fragment_5_489	MP_AB35___contig_1_fragment_5	VOG03575	REFSEQ hypothetical protein
MP_AB35___contig_1_fragment_5_490	MP_AB35___contig_1_fragment_5	None	hypothetical protein
MP_AB35___contig_1_fragment_5_491	MP_AB35___contig_1_fragment_5	VOG01397	REFSEQ major tail protein
MP_AB35___contig_1_fragment_5_492	MP_AB35___contig_1_fragment_5	None	hypothetical protein
MP_AB35___contig_1_fragment_5_493	MP_AB35___contig_1_fragment_5	None	hypothetical protein
MP_AB35___contig_1_fragment_5_494	MP_AB35___contig_1_fragment_5	VOG04056	REFSEQ hypothetical protein
MP_AB35___contig_1_fragment_5_495	MP_AB35___contig_1_fragment_5	VOG01075	REFSEQ hypothetical protein
MP_AB35___contig_1_fragment_5_496	MP_AB35___contig_1_fragment_5	PF06605.11	Prophage endopeptidase tail
MP_AB35___contig_1_fragment_5_497	MP_AB35___contig_1_fragment_5	None	hypothetical protein
MP_AB35___contig_1_fragment_5_498	MP_AB35___contig_1_fragment_5	None	hypothetical protein
MP_AB35___contig_1_fragment_5_499	MP_AB35___contig_1_fragment_5	VOG18935	REFSEQ hypothetical protein
MP_AB35___contig_1_fragment_5_500	MP_AB35___contig_1_fragment_5	None	hypothetical protein
MP_AB35___contig_1_fragment_5_501	MP_AB35___contig_1_fragment_5	None	hypothetical protein
MP_AB35___contig_1_fragment_5_502	MP_AB35___contig_1_fragment_5	PF09693.10	Phage uncharacterised protein (Phage_XkdX)
MP_AB35___contig_1_fragment_5_503	MP_AB35___contig_1_fragment_5	PF10779.9	Haemolysin XhlA
MP_AB35___contig_1_fragment_5_504	MP_AB35___contig_1_fragment_5	PF16938.5	Putative phage holin Dp-1
MP_AB35___contig_1_fragment_5_505	MP_AB35___contig_1_fragment_5	K07273	acm; lysozyme
MP_AB35___contig_1_fragment_5_506	MP_AB35___contig_1_fragment_5	None	hypothetical protein
MP_AB35___contig_1_fragment_5_507	MP_AB35___contig_1_fragment_5	VOG14226	REFSEQ hypothetical protein
MP_AB35___contig_1_fragment_7_676	MP_AB35___contig_1_fragment_7	K00059	"fabG, OAR1; 3-oxoacyl-[acyl-carrier protein] reductase [EC:1.1.1.100]"
MP_AB35___contig_1_fragment_7_677	MP_AB35___contig_1_fragment_7	PF11195.8	Protein of unknown function (DUF2829)
MP_AB35___contig_1_fragment_7_678	MP_AB35___contig_1_fragment_7	PF01205.19	Uncharacterized protein family UPF0029
MP_AB35___contig_1_fragment_7_679	MP_AB35___contig_1_fragment_7	K02240	comFA; competence protein ComFA
MP_AB35___contig_1_fragment_7_680	MP_AB35___contig_1_fragment_7	K06400	spoIVCA; site-specific DNA recombinase
MP_AB35___contig_1_fragment_7_681	MP_AB35___contig_1_fragment_7	VOG01190	REFSEQ hypothetical protein
MP_AB35___contig_1_fragment_7_682	MP_AB35___contig_1_fragment_7	None	hypothetical protein
MP_AB35___contig_1_fragment_7_683	MP_AB35___contig_1_fragment_7	VOG20253	REFSEQ hypothetical protein
MP_AB35___contig_1_fragment_7_684	MP_AB35___contig_1_fragment_7	None	hypothetical protein
MP_AB35___contig_1_fragment_7_685	MP_AB35___contig_1_fragment_7	VOG10124	sp|O34449|YOQD_BACSU SPBc2 prophage-derived putative antirepressor protein YoqD
MP_AB35___contig_1_fragment_7_686	MP_AB35___contig_1_fragment_7	None	hypothetical protein
MP_AB35___contig_1_fragment_7_687	MP_AB35___contig_1_fragment_7	VOG03676	REFSEQ hypothetical protein
MP_AB35___contig_1_fragment_7_688	MP_AB35___contig_1_fragment_7	None	hypothetical protein
MP_AB35___contig_1_fragment_7_689	MP_AB35___contig_1_fragment_7	None	hypothetical protein
MP_AB35___contig_1_fragment_7_690	MP_AB35___contig_1_fragment_7	None	hypothetical protein
MP_AB35___contig_1_fragment_7_691	MP_AB35___contig_1_fragment_7	None	hypothetical protein
MP_AB35___contig_1_fragment_7_692	MP_AB35___contig_1_fragment_7	None	hypothetical protein
MP_AB35___contig_1_fragment_7_693	MP_AB35___contig_1_fragment_7	None	hypothetical protein
MP_AB35___contig_1_fragment_7_694	MP_AB35___contig_1_fragment_7	None	hypothetical protein
MP_AB35___contig_1_fragment_7_695	MP_AB35___contig_1_fragment_7	None	hypothetical protein
MP_AB35___contig_1_fragment_7_696	MP_AB35___contig_1_fragment_7	VOG01036	sp|C0SP91|YYCJ_BACSU Putative metallo-hydrolase YycJ
MP_AB35___contig_1_fragment_7_697	MP_AB35___contig_1_fragment_7	VOG12256	REFSEQ hypothetical protein
MP_AB35___contig_1_fragment_7_698	MP_AB35___contig_1_fragment_7	VOG24297	REFSEQ gp30
MP_AB35___contig_1_fragment_7_699	MP_AB35___contig_1_fragment_7	VOG00674	REFSEQ putative DNA polymerase
MP_AB35___contig_1_fragment_7_700	MP_AB35___contig_1_fragment_7	None	hypothetical protein
MP_AB35___contig_1_fragment_7_701	MP_AB35___contig_1_fragment_7	VOG24298	REFSEQ gp32
MP_AB35___contig_1_fragment_7_702	MP_AB35___contig_1_fragment_7	None	hypothetical protein
MP_AB35___contig_1_fragment_7_703	MP_AB35___contig_1_fragment_7	VOG00188	sp|Q03182|RINA_BPPHA Transcriptional activator rinA
MP_AB35___contig_1_fragment_7_704	MP_AB35___contig_1_fragment_7	None	hypothetical protein
MP_AB35___contig_1_fragment_7_705	MP_AB35___contig_1_fragment_7	K07474	xtmA; phage terminase small subunit
MP_AB35___contig_1_fragment_7_706	MP_AB35___contig_1_fragment_7	K06909	xtmB; phage terminase large subunit
MP_AB35___contig_1_fragment_7_707	MP_AB35___contig_1_fragment_7	PF05133.14	"Phage portal protein, SPP1 Gp6-like"
MP_AB35___contig_1_fragment_7_708	MP_AB35___contig_1_fragment_7	VOG00686	sp|Q38442|GP7_BPSPP Minor head protein GP7
MP_AB35___contig_1_fragment_7_709	MP_AB35___contig_1_fragment_7	PF14265.6	Domain of unknown function (DUF4355)
MP_AB35___contig_1_fragment_7_710	MP_AB35___contig_1_fragment_7	VOG00633	sp|O64210|CAPSD_BPMD2 Probable major capsid protein gp17
MP_AB35___contig_1_fragment_7_711	MP_AB35___contig_1_fragment_7	PF02368.18	Bacterial Ig-like domain (group 2)
MP_AB35___contig_1_fragment_7_712	MP_AB35___contig_1_fragment_7	VOG00283	sp|Q38584|HCP15_BPSPP Head completion protein gp15
MP_AB35___contig_1_fragment_7_713	MP_AB35___contig_1_fragment_7	VOG01134	REFSEQ hypothetical protein
MP_AB35___contig_1_fragment_7_714	MP_AB35___contig_1_fragment_7	VOG00973	REFSEQ hypothetical protein
MP_AB35___contig_1_fragment_7_715	MP_AB35___contig_1_fragment_7	VOG00743	sp|O48448|COMPL_BPSPP Tail completion protein gp17
MP_AB35___contig_1_fragment_7_716	MP_AB35___contig_1_fragment_7	VOG00149	sp|A9CRB8|TAIL_BPMR1 Putative tail protein
MP_AB35___contig_1_fragment_7_717	MP_AB35___contig_1_fragment_7	PF12363.8	"Phage tail assembly chaperone protein, TAC"
MP_AB35___contig_1_fragment_7_718	MP_AB35___contig_1_fragment_7	VOG01394	REFSEQ hypothetical protein
MP_AB35___contig_1_fragment_7_719	MP_AB35___contig_1_fragment_7	VOG02632	REFSEQ gp14
MP_AB35___contig_1_fragment_7_720	MP_AB35___contig_1_fragment_7	VOG00097	sp|O48459|DIT_BPSPP Distal tail protein
MP_AB35___contig_1_fragment_7_721	MP_AB35___contig_1_fragment_7	VOG00824	REFSEQ putative antireceptor
MP_AB35___contig_1_fragment_7_722	MP_AB35___contig_1_fragment_7	VOG13479	REFSEQ gp067
MP_AB35___contig_1_fragment_7_723	MP_AB35___contig_1_fragment_7	None	hypothetical protein
MP_AB35___contig_1_fragment_7_724	MP_AB35___contig_1_fragment_7	None	hypothetical protein
MP_AB35___contig_1_fragment_7_725	MP_AB35___contig_1_fragment_7	None	hypothetical protein
MP_AB35___contig_1_fragment_7_726	MP_AB35___contig_1_fragment_7	None	hypothetical protein
MP_AB35___contig_1_fragment_7_727	MP_AB35___contig_1_fragment_7	PF09693.10	Phage uncharacterised protein (Phage_XkdX)
MP_AB35___contig_1_fragment_7_728	MP_AB35___contig_1_fragment_7	None	hypothetical protein
MP_AB35___contig_1_fragment_7_729	MP_AB35___contig_1_fragment_7	PF16938.5	Putative phage holin Dp-1
MP_AB35___contig_1_fragment_7_730	MP_AB35___contig_1_fragment_7	PF05382.13	Bacteriophage peptidoglycan hydrolase
MP_AB35___contig_1_fragment_12_1171	MP_AB35___contig_1_fragment_12	VOG00041	sp|O10330|VLF1_NPVOP Very late expression factor 1
MP_AB35___contig_1_fragment_12_1172	MP_AB35___contig_1_fragment_12	None	hypothetical protein
MP_AB35___contig_1_fragment_12_1173	MP_AB35___contig_1_fragment_12	None	hypothetical protein
MP_AB35___contig_1_fragment_12_1174	MP_AB35___contig_1_fragment_12	None	hypothetical protein
MP_AB35___contig_1_fragment_12_1175	MP_AB35___contig_1_fragment_12	VOG14094	sp|A0A0H3CCP8|SOCA_CAUVN Antitoxin SocA
MP_AB35___contig_1_fragment_12_1176	MP_AB35___contig_1_fragment_12	K07273	acm; lysozyme
MP_AB35___contig_1_fragment_12_1177	MP_AB35___contig_1_fragment_12	PF16938.5	Putative phage holin Dp-1
MP_AB35___contig_1_fragment_12_1178	MP_AB35___contig_1_fragment_12	None	hypothetical protein
MP_AB35___contig_1_fragment_12_1179	MP_AB35___contig_1_fragment_12	PF09693.10	Phage uncharacterised protein (Phage_XkdX)
MP_AB35___contig_1_fragment_12_1180	MP_AB35___contig_1_fragment_12	None	hypothetical protein
MP_AB35___contig_1_fragment_12_1181	MP_AB35___contig_1_fragment_12	None	hypothetical protein
MP_AB35___contig_1_fragment_12_1182	MP_AB35___contig_1_fragment_12	VOG18935	REFSEQ hypothetical protein
MP_AB35___contig_1_fragment_12_1183	MP_AB35___contig_1_fragment_12	None	hypothetical protein
MP_AB35___contig_1_fragment_12_1184	MP_AB35___contig_1_fragment_12	None	hypothetical protein
MP_AB35___contig_1_fragment_12_1185	MP_AB35___contig_1_fragment_12	PF06605.11	Prophage endopeptidase tail
MP_AB35___contig_1_fragment_12_1186	MP_AB35___contig_1_fragment_12	VOG01075	REFSEQ hypothetical protein
MP_AB35___contig_1_fragment_12_1187	MP_AB35___contig_1_fragment_12	VOG04056	REFSEQ hypothetical protein
MP_AB35___contig_1_fragment_12_1188	MP_AB35___contig_1_fragment_12	None	hypothetical protein
MP_AB35___contig_1_fragment_12_1189	MP_AB35___contig_1_fragment_12	None	hypothetical protein
MP_AB35___contig_1_fragment_12_1190	MP_AB35___contig_1_fragment_12	VOG01397	REFSEQ major tail protein
MP_AB35___contig_1_fragment_12_1191	MP_AB35___contig_1_fragment_12	None	hypothetical protein
MP_AB35___contig_1_fragment_12_1192	MP_AB35___contig_1_fragment_12	VOG03575	REFSEQ hypothetical protein
MP_AB35___contig_1_fragment_12_1193	MP_AB35___contig_1_fragment_12	VOG00066	sp|O48446|HCP16_BPSPP Head completion protein gp16
MP_AB35___contig_1_fragment_12_1194	MP_AB35___contig_1_fragment_12	VOG00181	REFSEQ hypothetical protein
MP_AB35___contig_1_fragment_12_1195	MP_AB35___contig_1_fragment_12	VOG13487	REFSEQ major capsid L
MP_AB35___contig_1_fragment_12_1196	MP_AB35___contig_1_fragment_12	K06904	K06904; uncharacterized protein
MP_AB35___contig_1_fragment_12_1197	MP_AB35___contig_1_fragment_12	PF04860.12	Phage portal protein
MP_AB35___contig_1_fragment_12_1198	MP_AB35___contig_1_fragment_12	VOG04497	REFSEQ putative terminase small subunit
MP_AB35___contig_1_fragment_12_1199	MP_AB35___contig_1_fragment_12	VOG00687	REFSEQ terminase small subunit
MP_AB35___contig_1_fragment_12_1200	MP_AB35___contig_1_fragment_12	VOG00962	REFSEQ hypothetical protein
MP_AB35___contig_1_fragment_12_1201	MP_AB35___contig_1_fragment_12	None	hypothetical protein
MP_AB35___contig_1_fragment_12_1202	MP_AB35___contig_1_fragment_12	VOG00361	sp|P10426|YIM2_BPPH1 Uncharacterized immunity region protein 2
MP_AB35___contig_1_fragment_12_1203	MP_AB35___contig_1_fragment_12	None	hypothetical protein
MP_AB35___contig_1_fragment_12_1204	MP_AB35___contig_1_fragment_12	VOG01162	sp|O34055|ARPU_BPO12 Putative autolysin regulatory protein ArpU
MP_AB35___contig_1_fragment_12_1205	MP_AB35___contig_1_fragment_12	VOG00404	sp|P9WGD4|SSB_MYCTO Single-stranded DNA-binding protein
MP_AB35___contig_1_fragment_12_1206	MP_AB35___contig_1_fragment_12	None	hypothetical protein
MP_AB35___contig_1_fragment_12_1207	MP_AB35___contig_1_fragment_12	VOG01042	sp|P39787|DNAD_BACSU DNA replication protein DnaD
MP_AB35___contig_1_fragment_12_1208	MP_AB35___contig_1_fragment_12	PF16784.5	Putative HNHc nuclease
MP_AB35___contig_1_fragment_12_1209	MP_AB35___contig_1_fragment_12	VOG09746	sp|P04892|ERF_BPP22 Essential recombination function protein
MP_AB35___contig_1_fragment_12_1210	MP_AB35___contig_1_fragment_12	VOG11084	REFSEQ hypothetical protein
MP_AB35___contig_1_fragment_12_1211	MP_AB35___contig_1_fragment_12	None	hypothetical protein
MP_AB35___contig_1_fragment_12_1212	MP_AB35___contig_1_fragment_12	None	hypothetical protein
MP_AB35___contig_1_fragment_12_1213	MP_AB35___contig_1_fragment_12	None	hypothetical protein
MP_AB35___contig_1_fragment_12_1214	MP_AB35___contig_1_fragment_12	None	hypothetical protein
MP_AB35___contig_1_fragment_12_1215	MP_AB35___contig_1_fragment_12	None	hypothetical protein
MP_AB35___contig_1_fragment_12_1216	MP_AB35___contig_1_fragment_12	None	hypothetical protein
MP_AB35___contig_1_fragment_12_1217	MP_AB35___contig_1_fragment_12	None	hypothetical protein
MP_AB35___contig_1_fragment_12_1218	MP_AB35___contig_1_fragment_12	None	hypothetical protein
MP_AB35___contig_1_fragment_12_1219	MP_AB35___contig_1_fragment_12	None	hypothetical protein
MP_AB35___contig_1_fragment_12_1220	MP_AB35___contig_1_fragment_12	None	hypothetical protein
MP_AB35___contig_1_fragment_12_1221	MP_AB35___contig_1_fragment_12	None	hypothetical protein
MP_AB35___contig_1_fragment_12_1222	MP_AB35___contig_1_fragment_12	None	hypothetical protein
MP_AB35___contig_1_fragment_12_1223	MP_AB35___contig_1_fragment_12	None	hypothetical protein
MP_AB35___contig_1_fragment_12_1224	MP_AB35___contig_1_fragment_12	None	hypothetical protein
MP_AB35___contig_1_fragment_12_1225	MP_AB35___contig_1_fragment_12	None	hypothetical protein
MP_AB35___contig_1_fragment_12_1226	MP_AB35___contig_1_fragment_12	None	hypothetical protein
MP_AB35___contig_1_fragment_12_1227	MP_AB35___contig_1_fragment_12	K07741	antB; anti-repressor protein
MP_AB35___contig_1_fragment_12_1228	MP_AB35___contig_1_fragment_12	VOG14084	REFSEQ hypothetical protein
MP_AB35___contig_1_fragment_12_1229	MP_AB35___contig_1_fragment_12	None	hypothetical protein
MP_AB35___contig_1_fragment_12_1230	MP_AB35___contig_1_fragment_12	None	hypothetical protein
MP_AB35___contig_1_fragment_12_1231	MP_AB35___contig_1_fragment_12	PF01381.22	Helix-turn-helix
MP_AB35___contig_1_fragment_12_1232	MP_AB35___contig_1_fragment_12	VOG20253	REFSEQ hypothetical protein
MP_AB35___contig_1_fragment_13_1248	MP_AB35___contig_1_fragment_13	PF05382.13	Bacteriophage peptidoglycan hydrolase
MP_AB35___contig_1_fragment_13_1249	MP_AB35___contig_1_fragment_13	PF16938.5	Putative phage holin Dp-1
MP_AB35___contig_1_fragment_13_1250	MP_AB35___contig_1_fragment_13	None	hypothetical protein
MP_AB35___contig_1_fragment_13_1251	MP_AB35___contig_1_fragment_13	None	hypothetical protein
MP_AB35___contig_1_fragment_13_1252	MP_AB35___contig_1_fragment_13	None	hypothetical protein
MP_AB35___contig_1_fragment_13_1253	MP_AB35___contig_1_fragment_13	None	hypothetical protein
MP_AB35___contig_1_fragment_13_1254	MP_AB35___contig_1_fragment_13	VOG13479	REFSEQ gp067
MP_AB35___contig_1_fragment_13_1255	MP_AB35___contig_1_fragment_13	VOG00824	REFSEQ putative antireceptor
MP_AB35___contig_1_fragment_13_1256	MP_AB35___contig_1_fragment_13	VOG00097	sp|O48459|DIT_BPSPP Distal tail protein
MP_AB35___contig_1_fragment_13_1257	MP_AB35___contig_1_fragment_13	VOG02632	REFSEQ gp14
MP_AB35___contig_1_fragment_13_1258	MP_AB35___contig_1_fragment_13	VOG01394	REFSEQ hypothetical protein
MP_AB35___contig_1_fragment_13_1259	MP_AB35___contig_1_fragment_13	PF12363.8	"Phage tail assembly chaperone protein, TAC"
MP_AB35___contig_1_fragment_13_1260	MP_AB35___contig_1_fragment_13	VOG00149	sp|A9CRB8|TAIL_BPMR1 Putative tail protein
MP_AB35___contig_1_fragment_13_1261	MP_AB35___contig_1_fragment_13	VOG00743	sp|O48448|COMPL_BPSPP Tail completion protein gp17
MP_AB35___contig_1_fragment_13_1262	MP_AB35___contig_1_fragment_13	None	hypothetical protein
MP_AB35___contig_1_fragment_13_1263	MP_AB35___contig_1_fragment_13	None	hypothetical protein
MP_AB35___contig_1_fragment_13_1264	MP_AB35___contig_1_fragment_13	K22994	pelX; pectate disaccharide-lyase [EC:4.2.2.9]
MP_AB35___contig_1_fragment_13_1265	MP_AB35___contig_1_fragment_13	VOG00188	sp|Q03182|RINA_BPPHA Transcriptional activator rinA
MP_AB35___contig_1_fragment_13_1266	MP_AB35___contig_1_fragment_13	None	hypothetical protein
MP_AB35___contig_1_fragment_13_1267	MP_AB35___contig_1_fragment_13	None	hypothetical protein
MP_AB35___contig_1_fragment_13_1268	MP_AB35___contig_1_fragment_13	VOG00459	REFSEQ putative CI-like transcriptional repressor
MP_AB35___contig_1_fragment_13_1269	MP_AB35___contig_1_fragment_13	None	hypothetical protein
MP_AB35___contig_1_fragment_13_1270	MP_AB35___contig_1_fragment_13	K09022	"ridA, tdcF, RIDA; 2-iminobutanoate/2-iminopropanoate deaminase [EC:3.5.99.10]"
MP_AB35___contig_1_fragment_13_1271	MP_AB35___contig_1_fragment_13	K02013	ABC.FEV.A; iron complex transport system ATP-binding protein [EC:7.2.2.-]
GCA_025728595___contig_24_1	GCA_025728595___contig_24	PF05382.13	Bacteriophage peptidoglycan hydrolase
GCA_025728595___contig_24_2	GCA_025728595___contig_24	PF16938.5	Putative phage holin Dp-1
GCA_025728595___contig_24_3	GCA_025728595___contig_24	PF10779.9	Haemolysin XhlA
GCA_025728595___contig_24_4	GCA_025728595___contig_24	None	hypothetical protein
GCA_025728595___contig_24_5	GCA_025728595___contig_24	None	hypothetical protein
GCA_025728645___contig_17_1	GCA_025728645___contig_17	None	hypothetical protein
GCA_025728645___contig_17_2	GCA_025728645___contig_17	None	hypothetical protein
GCA_025728645___contig_17_3	GCA_025728645___contig_17	None	hypothetical protein
GCA_025728645___contig_17_4	GCA_025728645___contig_17	VOG02771	sp|P03034|RPC1_LAMBD Repressor protein cI
GCA_025728645___contig_17_5	GCA_025728645___contig_17	VOG00361	sp|P10426|YIM2_BPPH1 Uncharacterized immunity region protein 2
GCA_025728645___contig_17_6	GCA_025728645___contig_17	VOG03321	REFSEQ hypothetical protein
GCA_025728675___contig_10_1	GCA_025728675___contig_10	VOG00361	sp|P10426|YIM2_BPPH1 Uncharacterized immunity region protein 2
GCA_025728675___contig_10_2	GCA_025728675___contig_10	None	hypothetical protein
GCA_025728675___contig_10_3	GCA_025728675___contig_10	VOG01162	sp|O34055|ARPU_BPO12 Putative autolysin regulatory protein ArpU
GCA_025728675___contig_10_4	GCA_025728675___contig_10	VOG00404	sp|P9WGD4|SSB_MYCTO Single-stranded DNA-binding protein
GCA_025728675___contig_10_5	GCA_025728675___contig_10	None	hypothetical protein
GCA_025728675___contig_10_6	GCA_025728675___contig_10	VOG01042	sp|P39787|DNAD_BACSU DNA replication protein DnaD
GCA_025728675___contig_10_7	GCA_025728675___contig_10	PF16784.5	Putative HNHc nuclease
GCA_025728675___contig_10_8	GCA_025728675___contig_10	VOG09746	sp|P04892|ERF_BPP22 Essential recombination function protein
GCA_025728675___contig_10_9	GCA_025728675___contig_10	VOG11084	REFSEQ hypothetical protein
GCA_025728675___contig_10_10	GCA_025728675___contig_10	None	hypothetical protein
GCA_025728675___contig_10_11	GCA_025728675___contig_10	None	hypothetical protein
GCA_025728675___contig_10_12	GCA_025728675___contig_10	None	hypothetical protein
GCA_025728675___contig_10_13	GCA_025728675___contig_10	None	hypothetical protein
GCA_025728675___contig_10_14	GCA_025728675___contig_10	None	hypothetical protein
GCA_025728675___contig_10_15	GCA_025728675___contig_10	None	hypothetical protein
MP_BC9___contig_1_fragment_3_287	MP_BC9___contig_1_fragment_3	VOG00041	sp|O10330|VLF1_NPVOP Very late expression factor 1
MP_BC9___contig_1_fragment_3_288	MP_BC9___contig_1_fragment_3	VOG03321	REFSEQ hypothetical protein
MP_BC9___contig_1_fragment_3_289	MP_BC9___contig_1_fragment_3	VOG00361	sp|P10426|YIM2_BPPH1 Uncharacterized immunity region protein 2
MP_BC9___contig_1_fragment_3_290	MP_BC9___contig_1_fragment_3	VOG02771	sp|P03034|RPC1_LAMBD Repressor protein cI
MP_BC9___contig_1_fragment_3_291	MP_BC9___contig_1_fragment_3	None	hypothetical protein
MP_BC9___contig_1_fragment_3_292	MP_BC9___contig_1_fragment_3	None	hypothetical protein
MP_BC9___contig_1_fragment_3_293	MP_BC9___contig_1_fragment_3	None	hypothetical protein
MP_BC9___contig_1_fragment_3_294	MP_BC9___contig_1_fragment_3	None	hypothetical protein
MP_BC9___contig_1_fragment_3_295	MP_BC9___contig_1_fragment_3	None	hypothetical protein
MP_BC9___contig_1_fragment_3_296	MP_BC9___contig_1_fragment_3	None	hypothetical protein
MP_BC9___contig_1_fragment_3_297	MP_BC9___contig_1_fragment_3	None	hypothetical protein
MP_BC9___contig_1_fragment_3_298	MP_BC9___contig_1_fragment_3	VOG00523	sp|Q9T1Q7|VP41_BPAPS Putative protein p41
MP_BC9___contig_1_fragment_3_299	MP_BC9___contig_1_fragment_3	VOG00399	sp|Q9T1Q4|VP44_BPAPS Putative nuclease p44
MP_BC9___contig_1_fragment_3_300	MP_BC9___contig_1_fragment_3	None	hypothetical protein
MP_BC9___contig_1_fragment_3_301	MP_BC9___contig_1_fragment_3	PF13479.6	AAA domain
MP_BC9___contig_1_fragment_3_302	MP_BC9___contig_1_fragment_3	VOG03001	REFSEQ hypothetical protein
MP_BC9___contig_1_fragment_3_303	MP_BC9___contig_1_fragment_3	None	hypothetical protein
MP_BC9___contig_1_fragment_3_304	MP_BC9___contig_1_fragment_3	None	hypothetical protein
MP_BC9___contig_1_fragment_3_305	MP_BC9___contig_1_fragment_3	VOG00674	REFSEQ putative DNA polymerase
MP_BC9___contig_1_fragment_3_306	MP_BC9___contig_1_fragment_3	VOG00724	sp|P10277|PRIM_BPP4 Putative P4-specific DNA primase
MP_BC9___contig_1_fragment_3_307	MP_BC9___contig_1_fragment_3	VOG00188	sp|Q03182|RINA_BPPHA Transcriptional activator rinA
MP_BC9___contig_1_fragment_3_308	MP_BC9___contig_1_fragment_3	None	hypothetical protein
MP_BC9___contig_1_fragment_3_309	MP_BC9___contig_1_fragment_3	VOG00679	REFSEQ HNH endonuclease
MP_BC9___contig_1_fragment_3_310	MP_BC9___contig_1_fragment_3	None	hypothetical protein
MP_BC9___contig_1_fragment_3_311	MP_BC9___contig_1_fragment_3	PF03354.15	Phage Terminase
MP_BC9___contig_1_fragment_3_312	MP_BC9___contig_1_fragment_3	PF04860.12	Phage portal protein
MP_BC9___contig_1_fragment_3_313	MP_BC9___contig_1_fragment_3	K06904	K06904; uncharacterized protein
MP_BC9___contig_1_fragment_3_314	MP_BC9___contig_1_fragment_3	PF05065.13	Phage capsid family
MP_BC9___contig_1_fragment_3_315	MP_BC9___contig_1_fragment_3	VOG23089	REFSEQ hypothetical protein
MP_BC9___contig_1_fragment_3_316	MP_BC9___contig_1_fragment_3	VOG23090	REFSEQ head-tail adaptor
MP_BC9___contig_1_fragment_3_317	MP_BC9___contig_1_fragment_3	VOG23091	REFSEQ hypothetical protein
MP_BC9___contig_1_fragment_3_318	MP_BC9___contig_1_fragment_3	VOG00973	REFSEQ hypothetical protein
MP_BC9___contig_1_fragment_3_319	MP_BC9___contig_1_fragment_3	VOG01397	REFSEQ major tail protein
MP_BC9___contig_1_fragment_3_320	MP_BC9___contig_1_fragment_3	None	hypothetical protein
MP_BC9___contig_1_fragment_3_321	MP_BC9___contig_1_fragment_3	VOG02333	REFSEQ tail tape measure protein
MP_BC9___contig_1_fragment_3_322	MP_BC9___contig_1_fragment_3	None	hypothetical protein
MP_BC9___contig_1_fragment_3_323	MP_BC9___contig_1_fragment_3	VOG00824	REFSEQ putative antireceptor
MP_BC9___contig_1_fragment_3_324	MP_BC9___contig_1_fragment_3	VOG13479	REFSEQ gp067
MP_BC9___contig_1_fragment_3_325	MP_BC9___contig_1_fragment_3	None	hypothetical protein
MP_BC9___contig_1_fragment_3_326	MP_BC9___contig_1_fragment_3	None	hypothetical protein
MP_BC9___contig_1_fragment_3_327	MP_BC9___contig_1_fragment_3	PF10779.9	Haemolysin XhlA
MP_BC9___contig_1_fragment_3_328	MP_BC9___contig_1_fragment_3	PF16938.5	Putative phage holin Dp-1
MP_BC9___contig_1_fragment_3_329	MP_BC9___contig_1_fragment_3	PF05382.13	Bacteriophage peptidoglycan hydrolase
MP_BC9___contig_1_fragment_5_447	MP_BC9___contig_1_fragment_5	K06977	K06977; uncharacterized protein
MP_BC9___contig_1_fragment_5_448	MP_BC9___contig_1_fragment_5	None	hypothetical protein
MP_BC9___contig_1_fragment_5_449	MP_BC9___contig_1_fragment_5	PF08282.12	haloacid dehalogenase-like hydrolase
MP_BC9___contig_1_fragment_5_450	MP_BC9___contig_1_fragment_5	VOG00041	sp|O10330|VLF1_NPVOP Very late expression factor 1
MP_BC9___contig_1_fragment_5_451	MP_BC9___contig_1_fragment_5	None	hypothetical protein
MP_BC9___contig_1_fragment_5_452	MP_BC9___contig_1_fragment_5	PF07553.11	Host cell surface-exposed lipoprotein
MP_BC9___contig_1_fragment_5_453	MP_BC9___contig_1_fragment_5	VOG20253	REFSEQ hypothetical protein
MP_BC9___contig_1_fragment_5_454	MP_BC9___contig_1_fragment_5	None	hypothetical protein
MP_BC9___contig_1_fragment_5_455	MP_BC9___contig_1_fragment_5	VOG10124	sp|O34449|YOQD_BACSU SPBc2 prophage-derived putative antirepressor protein YoqD
MP_BC9___contig_1_fragment_5_456	MP_BC9___contig_1_fragment_5	None	hypothetical protein
MP_BC9___contig_1_fragment_5_457	MP_BC9___contig_1_fragment_5	None	hypothetical protein
MP_BC9___contig_1_fragment_5_458	MP_BC9___contig_1_fragment_5	K07741	antB; anti-repressor protein
MP_BC9___contig_1_fragment_5_459	MP_BC9___contig_1_fragment_5	None	hypothetical protein
MP_BC9___contig_1_fragment_5_460	MP_BC9___contig_1_fragment_5	None	hypothetical protein
MP_BC9___contig_1_fragment_5_461	MP_BC9___contig_1_fragment_5	None	hypothetical protein
MP_BC9___contig_1_fragment_5_462	MP_BC9___contig_1_fragment_5	K07741	antB; anti-repressor protein
MP_BC9___contig_1_fragment_5_463	MP_BC9___contig_1_fragment_5	None	hypothetical protein
MP_BC9___contig_1_fragment_5_464	MP_BC9___contig_1_fragment_5	None	hypothetical protein
MP_BC9___contig_1_fragment_5_465	MP_BC9___contig_1_fragment_5	None	hypothetical protein
MP_BC9___contig_1_fragment_5_466	MP_BC9___contig_1_fragment_5	None	hypothetical protein
MP_BC9___contig_1_fragment_5_467	MP_BC9___contig_1_fragment_5	None	hypothetical protein
MP_BC9___contig_1_fragment_5_468	MP_BC9___contig_1_fragment_5	None	hypothetical protein
MP_BC9___contig_1_fragment_5_469	MP_BC9___contig_1_fragment_5	PF03837.14	RecT family
MP_BC9___contig_1_fragment_5_470	MP_BC9___contig_1_fragment_5	PF12684.7	PDDEXK-like domain of unknown function (DUF3799)
MP_BC9___contig_1_fragment_5_471	MP_BC9___contig_1_fragment_5	PF16784.5	Putative HNHc nuclease
MP_BC9___contig_1_fragment_5_472	MP_BC9___contig_1_fragment_5	VOG21431	REFSEQ hypothetical protein
MP_BC9___contig_1_fragment_5_473	MP_BC9___contig_1_fragment_5	None	hypothetical protein
MP_BC9___contig_1_fragment_5_474	MP_BC9___contig_1_fragment_5	VOG00404	sp|P9WGD4|SSB_MYCTO Single-stranded DNA-binding protein
MP_BC9___contig_1_fragment_5_475	MP_BC9___contig_1_fragment_5	VOG01162	sp|O34055|ARPU_BPO12 Putative autolysin regulatory protein ArpU
MP_BC9___contig_1_fragment_5_476	MP_BC9___contig_1_fragment_5	None	hypothetical protein
MP_BC9___contig_1_fragment_5_477	MP_BC9___contig_1_fragment_5	VOG01156	REFSEQ hypothetical protein
MP_BC9___contig_1_fragment_5_478	MP_BC9___contig_1_fragment_5	None	hypothetical protein
MP_BC9___contig_1_fragment_5_479	MP_BC9___contig_1_fragment_5	None	hypothetical protein
MP_BC9___contig_1_fragment_5_480	MP_BC9___contig_1_fragment_5	VOG00962	REFSEQ hypothetical protein
MP_BC9___contig_1_fragment_5_481	MP_BC9___contig_1_fragment_5	VOG00687	REFSEQ terminase small subunit
MP_BC9___contig_1_fragment_5_482	MP_BC9___contig_1_fragment_5	VOG04497	REFSEQ putative terminase small subunit
MP_BC9___contig_1_fragment_5_483	MP_BC9___contig_1_fragment_5	PF04860.12	Phage portal protein
MP_BC9___contig_1_fragment_5_484	MP_BC9___contig_1_fragment_5	K06904	K06904; uncharacterized protein
MP_BC9___contig_1_fragment_5_485	MP_BC9___contig_1_fragment_5	VOG13487	REFSEQ major capsid L
MP_BC9___contig_1_fragment_5_486	MP_BC9___contig_1_fragment_5	VOG00181	REFSEQ hypothetical protein
MP_BC9___contig_1_fragment_5_487	MP_BC9___contig_1_fragment_5	VOG00066	sp|O48446|HCP16_BPSPP Head completion protein gp16
MP_BC9___contig_1_fragment_5_488	MP_BC9___contig_1_fragment_5	VOG03575	REFSEQ hypothetical protein
MP_BC9___contig_1_fragment_5_489	MP_BC9___contig_1_fragment_5	None	hypothetical protein
MP_BC9___contig_1_fragment_5_490	MP_BC9___contig_1_fragment_5	VOG01397	REFSEQ major tail protein
MP_BC9___contig_1_fragment_5_491	MP_BC9___contig_1_fragment_5	None	hypothetical protein
MP_BC9___contig_1_fragment_5_492	MP_BC9___contig_1_fragment_5	None	hypothetical protein
MP_BC9___contig_1_fragment_5_493	MP_BC9___contig_1_fragment_5	VOG04056	REFSEQ hypothetical protein
MP_BC9___contig_1_fragment_5_494	MP_BC9___contig_1_fragment_5	VOG01075	REFSEQ hypothetical protein
MP_BC9___contig_1_fragment_5_495	MP_BC9___contig_1_fragment_5	PF06605.11	Prophage endopeptidase tail
MP_BC9___contig_1_fragment_5_496	MP_BC9___contig_1_fragment_5	None	hypothetical protein
MP_BC9___contig_1_fragment_5_497	MP_BC9___contig_1_fragment_5	None	hypothetical protein
MP_BC9___contig_1_fragment_5_498	MP_BC9___contig_1_fragment_5	VOG18935	REFSEQ hypothetical protein
MP_BC9___contig_1_fragment_5_499	MP_BC9___contig_1_fragment_5	None	hypothetical protein
MP_BC9___contig_1_fragment_5_500	MP_BC9___contig_1_fragment_5	None	hypothetical protein
MP_BC9___contig_1_fragment_5_501	MP_BC9___contig_1_fragment_5	PF09693.10	Phage uncharacterised protein (Phage_XkdX)
MP_BC9___contig_1_fragment_5_502	MP_BC9___contig_1_fragment_5	PF10779.9	Haemolysin XhlA
MP_BC9___contig_1_fragment_5_503	MP_BC9___contig_1_fragment_5	PF16938.5	Putative phage holin Dp-1
MP_BC9___contig_1_fragment_5_504	MP_BC9___contig_1_fragment_5	K07273	acm; lysozyme
MP_BC9___contig_1_fragment_5_505	MP_BC9___contig_1_fragment_5	None	hypothetical protein
MP_BC9___contig_1_fragment_5_506	MP_BC9___contig_1_fragment_5	VOG14226	REFSEQ hypothetical protein
MP_BC9___contig_1_fragment_7_675	MP_BC9___contig_1_fragment_7	K00059	"fabG, OAR1; 3-oxoacyl-[acyl-carrier protein] reductase [EC:1.1.1.100]"
MP_BC9___contig_1_fragment_7_676	MP_BC9___contig_1_fragment_7	PF11195.8	Protein of unknown function (DUF2829)
MP_BC9___contig_1_fragment_7_677	MP_BC9___contig_1_fragment_7	PF01205.19	Uncharacterized protein family UPF0029
MP_BC9___contig_1_fragment_7_678	MP_BC9___contig_1_fragment_7	K02240	comFA; competence protein ComFA
MP_BC9___contig_1_fragment_7_679	MP_BC9___contig_1_fragment_7	K06400	spoIVCA; site-specific DNA recombinase
MP_BC9___contig_1_fragment_7_680	MP_BC9___contig_1_fragment_7	VOG01190	REFSEQ hypothetical protein
MP_BC9___contig_1_fragment_7_681	MP_BC9___contig_1_fragment_7	None	hypothetical protein
MP_BC9___contig_1_fragment_7_682	MP_BC9___contig_1_fragment_7	VOG20253	REFSEQ hypothetical protein
MP_BC9___contig_1_fragment_7_683	MP_BC9___contig_1_fragment_7	None	hypothetical protein
MP_BC9___contig_1_fragment_7_684	MP_BC9___contig_1_fragment_7	VOG10124	sp|O34449|YOQD_BACSU SPBc2 prophage-derived putative antirepressor protein YoqD
MP_BC9___contig_1_fragment_7_685	MP_BC9___contig_1_fragment_7	None	hypothetical protein
MP_BC9___contig_1_fragment_7_686	MP_BC9___contig_1_fragment_7	VOG03676	REFSEQ hypothetical protein
MP_BC9___contig_1_fragment_7_687	MP_BC9___contig_1_fragment_7	None	hypothetical protein
MP_BC9___contig_1_fragment_7_688	MP_BC9___contig_1_fragment_7	None	hypothetical protein
MP_BC9___contig_1_fragment_7_689	MP_BC9___contig_1_fragment_7	None	hypothetical protein
MP_BC9___contig_1_fragment_7_690	MP_BC9___contig_1_fragment_7	None	hypothetical protein
MP_BC9___contig_1_fragment_7_691	MP_BC9___contig_1_fragment_7	None	hypothetical protein
MP_BC9___contig_1_fragment_7_692	MP_BC9___contig_1_fragment_7	None	hypothetical protein
MP_BC9___contig_1_fragment_7_693	MP_BC9___contig_1_fragment_7	None	hypothetical protein
MP_BC9___contig_1_fragment_7_694	MP_BC9___contig_1_fragment_7	None	hypothetical protein
MP_BC9___contig_1_fragment_7_695	MP_BC9___contig_1_fragment_7	VOG01036	sp|C0SP91|YYCJ_BACSU Putative metallo-hydrolase YycJ
MP_BC9___contig_1_fragment_7_696	MP_BC9___contig_1_fragment_7	VOG12256	REFSEQ hypothetical protein
MP_BC9___contig_1_fragment_7_697	MP_BC9___contig_1_fragment_7	VOG24297	REFSEQ gp30
MP_BC9___contig_1_fragment_7_698	MP_BC9___contig_1_fragment_7	VOG00674	REFSEQ putative DNA polymerase
MP_BC9___contig_1_fragment_7_699	MP_BC9___contig_1_fragment_7	None	hypothetical protein
MP_BC9___contig_1_fragment_7_700	MP_BC9___contig_1_fragment_7	VOG24298	REFSEQ gp32
MP_BC9___contig_1_fragment_7_701	MP_BC9___contig_1_fragment_7	None	hypothetical protein
MP_BC9___contig_1_fragment_7_702	MP_BC9___contig_1_fragment_7	VOG00188	sp|Q03182|RINA_BPPHA Transcriptional activator rinA
MP_BC9___contig_1_fragment_7_703	MP_BC9___contig_1_fragment_7	None	hypothetical protein
MP_BC9___contig_1_fragment_7_704	MP_BC9___contig_1_fragment_7	K07474	xtmA; phage terminase small subunit
MP_BC9___contig_1_fragment_7_705	MP_BC9___contig_1_fragment_7	K06909	xtmB; phage terminase large subunit
MP_BC9___contig_1_fragment_7_706	MP_BC9___contig_1_fragment_7	PF05133.14	"Phage portal protein, SPP1 Gp6-like"
MP_BC9___contig_1_fragment_7_707	MP_BC9___contig_1_fragment_7	VOG00686	sp|Q38442|GP7_BPSPP Minor head protein GP7
MP_BC9___contig_1_fragment_7_708	MP_BC9___contig_1_fragment_7	PF14265.6	Domain of unknown function (DUF4355)
MP_BC9___contig_1_fragment_7_709	MP_BC9___contig_1_fragment_7	VOG00633	sp|O64210|CAPSD_BPMD2 Probable major capsid protein gp17
MP_BC9___contig_1_fragment_7_710	MP_BC9___contig_1_fragment_7	PF02368.18	Bacterial Ig-like domain (group 2)
MP_BC9___contig_1_fragment_7_711	MP_BC9___contig_1_fragment_7	VOG00283	sp|Q38584|HCP15_BPSPP Head completion protein gp15
MP_BC9___contig_1_fragment_7_712	MP_BC9___contig_1_fragment_7	VOG01134	REFSEQ hypothetical protein
MP_BC9___contig_1_fragment_7_713	MP_BC9___contig_1_fragment_7	VOG00973	REFSEQ hypothetical protein
MP_BC9___contig_1_fragment_7_714	MP_BC9___contig_1_fragment_7	VOG00743	sp|O48448|COMPL_BPSPP Tail completion protein gp17
MP_BC9___contig_1_fragment_7_715	MP_BC9___contig_1_fragment_7	VOG00149	sp|A9CRB8|TAIL_BPMR1 Putative tail protein
MP_BC9___contig_1_fragment_7_716	MP_BC9___contig_1_fragment_7	PF12363.8	"Phage tail assembly chaperone protein, TAC"
MP_BC9___contig_1_fragment_7_717	MP_BC9___contig_1_fragment_7	VOG01394	REFSEQ hypothetical protein
MP_BC9___contig_1_fragment_7_718	MP_BC9___contig_1_fragment_7	VOG02632	REFSEQ gp14
MP_BC9___contig_1_fragment_7_719	MP_BC9___contig_1_fragment_7	VOG00097	sp|O48459|DIT_BPSPP Distal tail protein
MP_BC9___contig_1_fragment_7_720	MP_BC9___contig_1_fragment_7	VOG00824	REFSEQ putative antireceptor
MP_BC9___contig_1_fragment_7_721	MP_BC9___contig_1_fragment_7	VOG13479	REFSEQ gp067
MP_BC9___contig_1_fragment_7_722	MP_BC9___contig_1_fragment_7	None	hypothetical protein
MP_BC9___contig_1_fragment_7_723	MP_BC9___contig_1_fragment_7	None	hypothetical protein
MP_BC9___contig_1_fragment_7_724	MP_BC9___contig_1_fragment_7	None	hypothetical protein
MP_BC9___contig_1_fragment_7_725	MP_BC9___contig_1_fragment_7	None	hypothetical protein
MP_BC9___contig_1_fragment_7_726	MP_BC9___contig_1_fragment_7	PF09693.10	Phage uncharacterised protein (Phage_XkdX)
MP_BC9___contig_1_fragment_7_727	MP_BC9___contig_1_fragment_7	None	hypothetical protein
MP_BC9___contig_1_fragment_7_728	MP_BC9___contig_1_fragment_7	PF16938.5	Putative phage holin Dp-1
MP_BC9___contig_1_fragment_7_729	MP_BC9___contig_1_fragment_7	PF05382.13	Bacteriophage peptidoglycan hydrolase
MP_BC9___contig_1_fragment_12_1170	MP_BC9___contig_1_fragment_12	VOG00041	sp|O10330|VLF1_NPVOP Very late expression factor 1
MP_BC9___contig_1_fragment_12_1171	MP_BC9___contig_1_fragment_12	None	hypothetical protein
MP_BC9___contig_1_fragment_12_1172	MP_BC9___contig_1_fragment_12	None	hypothetical protein
MP_BC9___contig_1_fragment_12_1173	MP_BC9___contig_1_fragment_12	VOG14094	sp|A0A0H3CCP8|SOCA_CAUVN Antitoxin SocA
MP_BC9___contig_1_fragment_12_1174	MP_BC9___contig_1_fragment_12	K07273	acm; lysozyme
MP_BC9___contig_1_fragment_12_1175	MP_BC9___contig_1_fragment_12	PF16938.5	Putative phage holin Dp-1
MP_BC9___contig_1_fragment_12_1176	MP_BC9___contig_1_fragment_12	PF10779.9	Haemolysin XhlA
MP_BC9___contig_1_fragment_12_1177	MP_BC9___contig_1_fragment_12	None	hypothetical protein
MP_BC9___contig_1_fragment_12_1178	MP_BC9___contig_1_fragment_12	None	hypothetical protein
MP_BC9___contig_1_fragment_12_1179	MP_BC9___contig_1_fragment_12	VOG18935	REFSEQ hypothetical protein
MP_BC9___contig_1_fragment_12_1180	MP_BC9___contig_1_fragment_12	None	hypothetical protein
MP_BC9___contig_1_fragment_12_1181	MP_BC9___contig_1_fragment_12	None	hypothetical protein
MP_BC9___contig_1_fragment_12_1182	MP_BC9___contig_1_fragment_12	PF06605.11	Prophage endopeptidase tail
MP_BC9___contig_1_fragment_12_1183	MP_BC9___contig_1_fragment_12	VOG01075	REFSEQ hypothetical protein
MP_BC9___contig_1_fragment_12_1184	MP_BC9___contig_1_fragment_12	VOG21220	REFSEQ phage tape measure protein
MP_BC9___contig_1_fragment_12_1185	MP_BC9___contig_1_fragment_12	None	hypothetical protein
MP_BC9___contig_1_fragment_12_1186	MP_BC9___contig_1_fragment_12	None	hypothetical protein
MP_BC9___contig_1_fragment_12_1187	MP_BC9___contig_1_fragment_12	VOG01397	REFSEQ major tail protein
MP_BC9___contig_1_fragment_12_1188	MP_BC9___contig_1_fragment_12	None	hypothetical protein
MP_BC9___contig_1_fragment_12_1189	MP_BC9___contig_1_fragment_12	VOG03575	REFSEQ hypothetical protein
MP_BC9___contig_1_fragment_12_1190	MP_BC9___contig_1_fragment_12	None	hypothetical protein
MP_BC9___contig_1_fragment_12_1191	MP_BC9___contig_1_fragment_12	VOG00181	REFSEQ hypothetical protein
MP_BC9___contig_1_fragment_12_1192	MP_BC9___contig_1_fragment_12	VOG13487	REFSEQ major capsid L
MP_BC9___contig_1_fragment_12_1193	MP_BC9___contig_1_fragment_12	K06904	K06904; uncharacterized protein
MP_BC9___contig_1_fragment_12_1194	MP_BC9___contig_1_fragment_12	PF04860.12	Phage portal protein
MP_BC9___contig_1_fragment_12_1195	MP_BC9___contig_1_fragment_12	VOG04497	REFSEQ putative terminase small subunit
MP_BC9___contig_1_fragment_12_1196	MP_BC9___contig_1_fragment_12	VOG00687	REFSEQ terminase small subunit
MP_BC9___contig_1_fragment_12_1197	MP_BC9___contig_1_fragment_12	VOG00962	REFSEQ hypothetical protein
MP_BC9___contig_1_fragment_12_1198	MP_BC9___contig_1_fragment_12	None	hypothetical protein
MP_BC9___contig_1_fragment_12_1199	MP_BC9___contig_1_fragment_12	VOG00361	sp|P10426|YIM2_BPPH1 Uncharacterized immunity region protein 2
MP_BC9___contig_1_fragment_12_1200	MP_BC9___contig_1_fragment_12	None	hypothetical protein
MP_BC9___contig_1_fragment_12_1201	MP_BC9___contig_1_fragment_12	VOG01162	sp|O34055|ARPU_BPO12 Putative autolysin regulatory protein ArpU
MP_BC9___contig_1_fragment_12_1202	MP_BC9___contig_1_fragment_12	VOG00404	sp|P9WGD4|SSB_MYCTO Single-stranded DNA-binding protein
MP_BC9___contig_1_fragment_12_1203	MP_BC9___contig_1_fragment_12	None	hypothetical protein
MP_BC9___contig_1_fragment_12_1204	MP_BC9___contig_1_fragment_12	VOG01042	sp|P39787|DNAD_BACSU DNA replication protein DnaD
MP_BC9___contig_1_fragment_12_1205	MP_BC9___contig_1_fragment_12	PF16784.5	Putative HNHc nuclease
MP_BC9___contig_1_fragment_12_1206	MP_BC9___contig_1_fragment_12	VOG09746	sp|P04892|ERF_BPP22 Essential recombination function protein
MP_BC9___contig_1_fragment_12_1207	MP_BC9___contig_1_fragment_12	VOG11084	REFSEQ hypothetical protein
MP_BC9___contig_1_fragment_12_1208	MP_BC9___contig_1_fragment_12	None	hypothetical protein
MP_BC9___contig_1_fragment_12_1209	MP_BC9___contig_1_fragment_12	None	hypothetical protein
MP_BC9___contig_1_fragment_12_1210	MP_BC9___contig_1_fragment_12	None	hypothetical protein
MP_BC9___contig_1_fragment_12_1211	MP_BC9___contig_1_fragment_12	None	hypothetical protein
MP_BC9___contig_1_fragment_12_1212	MP_BC9___contig_1_fragment_12	None	hypothetical protein
MP_BC9___contig_1_fragment_12_1213	MP_BC9___contig_1_fragment_12	None	hypothetical protein
MP_BC9___contig_1_fragment_12_1214	MP_BC9___contig_1_fragment_12	None	hypothetical protein
MP_BC9___contig_1_fragment_12_1215	MP_BC9___contig_1_fragment_12	None	hypothetical protein
MP_BC9___contig_1_fragment_12_1216	MP_BC9___contig_1_fragment_12	None	hypothetical protein
MP_BC9___contig_1_fragment_12_1217	MP_BC9___contig_1_fragment_12	None	hypothetical protein
MP_BC9___contig_1_fragment_12_1218	MP_BC9___contig_1_fragment_12	None	hypothetical protein
MP_BC9___contig_1_fragment_12_1219	MP_BC9___contig_1_fragment_12	None	hypothetical protein
MP_BC9___contig_1_fragment_12_1220	MP_BC9___contig_1_fragment_12	None	hypothetical protein
MP_BC9___contig_1_fragment_12_1221	MP_BC9___contig_1_fragment_12	None	hypothetical protein
MP_BC9___contig_1_fragment_12_1222	MP_BC9___contig_1_fragment_12	None	hypothetical protein
MP_BC9___contig_1_fragment_12_1223	MP_BC9___contig_1_fragment_12	None	hypothetical protein
MP_BC9___contig_1_fragment_12_1224	MP_BC9___contig_1_fragment_12	K07741	antB; anti-repressor protein
MP_BC9___contig_1_fragment_12_1225	MP_BC9___contig_1_fragment_12	VOG14084	REFSEQ hypothetical protein
MP_BC9___contig_1_fragment_12_1226	MP_BC9___contig_1_fragment_12	None	hypothetical protein
MP_BC9___contig_1_fragment_12_1227	MP_BC9___contig_1_fragment_12	None	hypothetical protein
MP_BC9___contig_1_fragment_12_1228	MP_BC9___contig_1_fragment_12	PF01381.22	Helix-turn-helix
MP_BC9___contig_1_fragment_12_1229	MP_BC9___contig_1_fragment_12	VOG20253	REFSEQ hypothetical protein
MP_BC9___contig_1_fragment_13_1245	MP_BC9___contig_1_fragment_13	PF05382.13	Bacteriophage peptidoglycan hydrolase
MP_BC9___contig_1_fragment_13_1246	MP_BC9___contig_1_fragment_13	PF16938.5	Putative phage holin Dp-1
MP_BC9___contig_1_fragment_13_1247	MP_BC9___contig_1_fragment_13	None	hypothetical protein
MP_BC9___contig_1_fragment_13_1248	MP_BC9___contig_1_fragment_13	None	hypothetical protein
MP_BC9___contig_1_fragment_13_1249	MP_BC9___contig_1_fragment_13	None	hypothetical protein
MP_BC9___contig_1_fragment_13_1250	MP_BC9___contig_1_fragment_13	None	hypothetical protein
MP_BC9___contig_1_fragment_13_1251	MP_BC9___contig_1_fragment_13	VOG13479	REFSEQ gp067
MP_BC9___contig_1_fragment_13_1252	MP_BC9___contig_1_fragment_13	VOG00824	REFSEQ putative antireceptor
MP_BC9___contig_1_fragment_13_1253	MP_BC9___contig_1_fragment_13	VOG00097	sp|O48459|DIT_BPSPP Distal tail protein
MP_BC9___contig_1_fragment_13_1254	MP_BC9___contig_1_fragment_13	VOG02632	REFSEQ gp14
MP_BC9___contig_1_fragment_13_1255	MP_BC9___contig_1_fragment_13	VOG01394	REFSEQ hypothetical protein
MP_BC9___contig_1_fragment_13_1256	MP_BC9___contig_1_fragment_13	PF12363.8	"Phage tail assembly chaperone protein, TAC"
MP_BC9___contig_1_fragment_13_1257	MP_BC9___contig_1_fragment_13	VOG00149	sp|A9CRB8|TAIL_BPMR1 Putative tail protein
MP_BC9___contig_1_fragment_13_1258	MP_BC9___contig_1_fragment_13	VOG00743	sp|O48448|COMPL_BPSPP Tail completion protein gp17
MP_BC9___contig_1_fragment_13_1259	MP_BC9___contig_1_fragment_13	None	hypothetical protein
MP_BC9___contig_1_fragment_13_1260	MP_BC9___contig_1_fragment_13	None	hypothetical protein
MP_BC9___contig_1_fragment_13_1261	MP_BC9___contig_1_fragment_13	K22994	pelX; pectate disaccharide-lyase [EC:4.2.2.9]
MP_BC9___contig_1_fragment_13_1262	MP_BC9___contig_1_fragment_13	VOG00188	sp|Q03182|RINA_BPPHA Transcriptional activator rinA
MP_BC9___contig_1_fragment_13_1263	MP_BC9___contig_1_fragment_13	None	hypothetical protein
MP_BC9___contig_1_fragment_13_1264	MP_BC9___contig_1_fragment_13	None	hypothetical protein
MP_BC9___contig_1_fragment_13_1265	MP_BC9___contig_1_fragment_13	VOG00459	REFSEQ putative CI-like transcriptional repressor
MP_BC9___contig_1_fragment_13_1266	MP_BC9___contig_1_fragment_13	None	hypothetical protein
MP_BC9___contig_1_fragment_13_1267	MP_BC9___contig_1_fragment_13	K09022	"ridA, tdcF, RIDA; 2-iminobutanoate/2-iminopropanoate deaminase [EC:3.5.99.10]"
MP_BC9___contig_1_fragment_13_1268	MP_BC9___contig_1_fragment_13	K02013	ABC.FEV.A; iron complex transport system ATP-binding protein [EC:7.2.2.-]
GCA_001047395___contig_6_fragment_1_76	GCA_001047395___contig_6_fragment_1	PF05382.13	Bacteriophage peptidoglycan hydrolase
GCA_001047395___contig_6_fragment_1_77	GCA_001047395___contig_6_fragment_1	PF16938.5	Putative phage holin Dp-1
GCA_001047395___contig_6_fragment_1_78	GCA_001047395___contig_6_fragment_1	None	hypothetical protein
GCA_001047395___contig_6_fragment_1_79	GCA_001047395___contig_6_fragment_1	None	hypothetical protein
GCA_001047395___contig_6_fragment_1_80	GCA_001047395___contig_6_fragment_1	None	hypothetical protein
GCA_001047395___contig_6_fragment_1_81	GCA_001047395___contig_6_fragment_1	None	hypothetical protein
GCA_001047395___contig_6_fragment_1_82	GCA_001047395___contig_6_fragment_1	None	hypothetical protein
GCA_001047395___contig_6_fragment_1_83	GCA_001047395___contig_6_fragment_1	VOG13479	REFSEQ gp067
GCA_001047395___contig_6_fragment_1_84	GCA_001047395___contig_6_fragment_1	VOG21997	REFSEQ hypothetical protein
GCA_001047395___contig_6_fragment_1_85	GCA_001047395___contig_6_fragment_1	VOG00824	REFSEQ putative antireceptor
GCA_001047395___contig_6_fragment_1_86	GCA_001047395___contig_6_fragment_1	VOG00097	sp|O48459|DIT_BPSPP Distal tail protein
GCA_001047395___contig_6_fragment_1_87	GCA_001047395___contig_6_fragment_1	VOG02632	REFSEQ gp14
GCA_001047395___contig_6_fragment_1_88	GCA_001047395___contig_6_fragment_1	VOG01394	REFSEQ hypothetical protein
GCA_001047395___contig_6_fragment_1_89	GCA_001047395___contig_6_fragment_1	PF12363.8	"Phage tail assembly chaperone protein, TAC"
GCA_001047395___contig_6_fragment_1_90	GCA_001047395___contig_6_fragment_1	VOG00149	sp|A9CRB8|TAIL_BPMR1 Putative tail protein
GCA_001047395___contig_6_fragment_1_91	GCA_001047395___contig_6_fragment_1	VOG00743	sp|O48448|COMPL_BPSPP Tail completion protein gp17
GCA_001047395___contig_6_fragment_1_92	GCA_001047395___contig_6_fragment_1	None	hypothetical protein
GCA_001047395___contig_6_fragment_1_93	GCA_001047395___contig_6_fragment_1	None	hypothetical protein
GCA_001047395___contig_6_fragment_1_94	GCA_001047395___contig_6_fragment_1	K22994	pelX; pectate disaccharide-lyase [EC:4.2.2.9]
GCA_001047395___contig_6_fragment_1_95	GCA_001047395___contig_6_fragment_1	K22994	pelX; pectate disaccharide-lyase [EC:4.2.2.9]
GCA_001047395___contig_6_fragment_1_96	GCA_001047395___contig_6_fragment_1	VOG00188	sp|Q03182|RINA_BPPHA Transcriptional activator rinA
GCA_001047395___contig_6_fragment_1_97	GCA_001047395___contig_6_fragment_1	None	hypothetical protein
GCA_001047395___contig_6_fragment_1_98	GCA_001047395___contig_6_fragment_1	None	hypothetical protein
GCA_001047395___contig_6_fragment_1_99	GCA_001047395___contig_6_fragment_1	None	hypothetical protein
GCA_001047395___contig_6_fragment_1_100	GCA_001047395___contig_6_fragment_1	VOG00459	REFSEQ putative CI-like transcriptional repressor
GCA_001047395___contig_6_fragment_1_101	GCA_001047395___contig_6_fragment_1	None	hypothetical protein
GCA_001047395___contig_6_fragment_1_102	GCA_001047395___contig_6_fragment_1	K09022	"ridA, tdcF, RIDA; 2-iminobutanoate/2-iminopropanoate deaminase [EC:3.5.99.10]"
GCA_001047395___contig_6_fragment_1_103	GCA_001047395___contig_6_fragment_1	K02013	ABC.FEV.A; iron complex transport system ATP-binding protein [EC:7.2.2.-]
GCA_001047555___contig_7_fragment_1_12	GCA_001047555___contig_7_fragment_1	VOG14094	sp|A0A0H3CCP8|SOCA_CAUVN Antitoxin SocA
GCA_001047555___contig_7_fragment_1_13	GCA_001047555___contig_7_fragment_1	PF10097.9	Predicted membrane protein (DUF2335)
GCA_001047555___contig_7_fragment_1_14	GCA_001047555___contig_7_fragment_1	None	hypothetical protein
GCA_001047555___contig_7_fragment_1_15	GCA_001047555___contig_7_fragment_1	None	hypothetical protein
GCA_001047555___contig_7_fragment_1_16	GCA_001047555___contig_7_fragment_1	None	hypothetical protein
GCA_001047555___contig_7_fragment_1_17	GCA_001047555___contig_7_fragment_1	K07273	acm; lysozyme
GCA_001047555___contig_7_fragment_1_18	GCA_001047555___contig_7_fragment_1	PF16938.5	Putative phage holin Dp-1
GCA_001047555___contig_7_fragment_1_19	GCA_001047555___contig_7_fragment_1	None	hypothetical protein
GCA_001047555___contig_7_fragment_1_20	GCA_001047555___contig_7_fragment_1	PF09693.10	Phage uncharacterised protein (Phage_XkdX)
GCA_001047555___contig_7_fragment_1_21	GCA_001047555___contig_7_fragment_1	None	hypothetical protein
GCA_001047555___contig_7_fragment_1_22	GCA_001047555___contig_7_fragment_1	None	hypothetical protein
GCA_001047555___contig_7_fragment_1_23	GCA_001047555___contig_7_fragment_1	VOG18935	REFSEQ hypothetical protein
GCA_001047555___contig_7_fragment_1_24	GCA_001047555___contig_7_fragment_1	None	hypothetical protein
GCA_001047555___contig_7_fragment_1_25	GCA_001047555___contig_7_fragment_1	None	hypothetical protein
GCA_001047555___contig_7_fragment_1_26	GCA_001047555___contig_7_fragment_1	PF06605.11	Prophage endopeptidase tail
GCA_001047555___contig_7_fragment_1_27	GCA_001047555___contig_7_fragment_1	VOG01075	REFSEQ hypothetical protein
GCA_001047555___contig_7_fragment_1_28	GCA_001047555___contig_7_fragment_1	VOG04056	REFSEQ hypothetical protein
GCA_001047555___contig_7_fragment_1_29	GCA_001047555___contig_7_fragment_1	VOG21220	REFSEQ phage tape measure protein
GCA_001047555___contig_7_fragment_1_30	GCA_001047555___contig_7_fragment_1	None	hypothetical protein
GCA_001047555___contig_7_fragment_1_31	GCA_001047555___contig_7_fragment_1	None	hypothetical protein
GCA_001047555___contig_7_fragment_1_32	GCA_001047555___contig_7_fragment_1	None	hypothetical protein
GCA_001047555___contig_7_fragment_1_33	GCA_001047555___contig_7_fragment_1	VOG01397	REFSEQ major tail protein
GCA_001047555___contig_7_fragment_1_34	GCA_001047555___contig_7_fragment_1	None	hypothetical protein
GCA_001047555___contig_7_fragment_1_35	GCA_001047555___contig_7_fragment_1	VOG03575	REFSEQ hypothetical protein
GCA_001047555___contig_7_fragment_1_36	GCA_001047555___contig_7_fragment_1	None	hypothetical protein
GCA_001047555___contig_7_fragment_1_37	GCA_001047555___contig_7_fragment_1	VOG00181	REFSEQ hypothetical protein
GCA_001047555___contig_7_fragment_1_38	GCA_001047555___contig_7_fragment_1	VOG13487	REFSEQ major capsid L
GCA_001047555___contig_7_fragment_1_39	GCA_001047555___contig_7_fragment_1	K06904	K06904; uncharacterized protein
GCA_001047555___contig_7_fragment_1_40	GCA_001047555___contig_7_fragment_1	PF04860.12	Phage portal protein
GCA_001047555___contig_7_fragment_1_41	GCA_001047555___contig_7_fragment_1	PF03354.15	Phage Terminase
GCA_001047555___contig_7_fragment_1_42	GCA_001047555___contig_7_fragment_1	VOG04497	REFSEQ putative terminase small subunit
GCA_001047555___contig_7_fragment_1_43	GCA_001047555___contig_7_fragment_1	VOG00687	REFSEQ terminase small subunit
GCA_001047555___contig_7_fragment_1_44	GCA_001047555___contig_7_fragment_1	VOG00962	REFSEQ hypothetical protein
GCA_001047555___contig_7_fragment_1_45	GCA_001047555___contig_7_fragment_1	None	hypothetical protein
GCA_001047555___contig_7_fragment_1_46	GCA_001047555___contig_7_fragment_1	None	hypothetical protein
GCA_001047555___contig_7_fragment_1_47	GCA_001047555___contig_7_fragment_1	None	hypothetical protein
GCA_001047555___contig_7_fragment_1_48	GCA_001047555___contig_7_fragment_1	VOG00188	sp|Q03182|RINA_BPPHA Transcriptional activator rinA
GCA_001047555___contig_7_fragment_1_49	GCA_001047555___contig_7_fragment_1	VOG00065	sp|Q38441|YOR5_BPSPP Uncharacterized 10.3 kDa protein in GP2-GP6 intergenic region
GCA_001047555___contig_7_fragment_1_50	GCA_001047555___contig_7_fragment_1	None	hypothetical protein
GCA_001047555___contig_7_fragment_1_51	GCA_001047555___contig_7_fragment_1	None	hypothetical protein
GCA_001047555___contig_7_fragment_1_52	GCA_001047555___contig_7_fragment_1	PF05866.11	Endodeoxyribonuclease RusA
GCA_001047555___contig_7_fragment_1_53	GCA_001047555___contig_7_fragment_1	VOG00404	sp|P9WGD4|SSB_MYCTO Single-stranded DNA-binding protein
GCA_001047555___contig_7_fragment_1_54	GCA_001047555___contig_7_fragment_1	None	hypothetical protein
GCA_001047555___contig_7_fragment_1_55	GCA_001047555___contig_7_fragment_1	VOG21431	REFSEQ hypothetical protein
GCA_001047555___contig_7_fragment_1_56	GCA_001047555___contig_7_fragment_1	PF16784.5	Putative HNHc nuclease
GCA_001047555___contig_7_fragment_1_57	GCA_001047555___contig_7_fragment_1	PF04404.12	ERF superfamily
GCA_001047555___contig_7_fragment_1_58	GCA_001047555___contig_7_fragment_1	VOG11084	REFSEQ hypothetical protein
GCA_001047555___contig_7_fragment_1_59	GCA_001047555___contig_7_fragment_1	None	hypothetical protein
GCA_001047555___contig_7_fragment_1_60	GCA_001047555___contig_7_fragment_1	None	hypothetical protein
GCA_001047555___contig_7_fragment_1_61	GCA_001047555___contig_7_fragment_1	None	hypothetical protein
GCA_001047555___contig_7_fragment_1_62	GCA_001047555___contig_7_fragment_1	None	hypothetical protein
GCA_001047555___contig_7_fragment_1_63	GCA_001047555___contig_7_fragment_1	None	hypothetical protein
GCA_001047555___contig_7_fragment_1_64	GCA_001047555___contig_7_fragment_1	None	hypothetical protein
GCA_001047555___contig_7_fragment_1_65	GCA_001047555___contig_7_fragment_1	None	hypothetical protein
GCA_001047555___contig_7_fragment_1_66	GCA_001047555___contig_7_fragment_1	K07741	antB; anti-repressor protein
GCA_001047555___contig_7_fragment_1_67	GCA_001047555___contig_7_fragment_1	VOG14084	REFSEQ hypothetical protein
GCA_001047555___contig_7_fragment_1_68	GCA_001047555___contig_7_fragment_1	None	hypothetical protein
GCA_001047555___contig_7_fragment_1_69	GCA_001047555___contig_7_fragment_1	None	hypothetical protein
GCA_001047555___contig_7_fragment_1_70	GCA_001047555___contig_7_fragment_1	None	hypothetical protein
GCA_001047555___contig_7_fragment_1_71	GCA_001047555___contig_7_fragment_1	VOG10124	sp|O34449|YOQD_BACSU SPBc2 prophage-derived putative antirepressor protein YoqD
GCA_001047555___contig_7_fragment_1_72	GCA_001047555___contig_7_fragment_1	None	hypothetical protein
GCA_001047555___contig_7_fragment_1_73	GCA_001047555___contig_7_fragment_1	VOG20253	REFSEQ hypothetical protein
GCA_001047555___contig_7_fragment_1_74	GCA_001047555___contig_7_fragment_1	None	hypothetical protein
GCA_001047555___contig_7_fragment_1_75	GCA_001047555___contig_7_fragment_1	None	hypothetical protein
GCA_001047555___contig_7_fragment_1_76	GCA_001047555___contig_7_fragment_1	PF09669.10	Phage regulatory protein Rha (Phage_pRha)
GCA_001047555___contig_7_fragment_1_77	GCA_001047555___contig_7_fragment_1	None	hypothetical protein
GCA_001047555___contig_7_fragment_1_78	GCA_001047555___contig_7_fragment_1	None	hypothetical protein
GCA_001047555___contig_7_fragment_1_79	GCA_001047555___contig_7_fragment_1	K22300	"dicA; HTH-type transcriptional regulator, cell division transcriptional repressor"
GCA_001047555___contig_7_fragment_1_80	GCA_001047555___contig_7_fragment_1	VOG00041	sp|O10330|VLF1_NPVOP Very late expression factor 1
GCA_001047555___contig_7_fragment_1_81	GCA_001047555___contig_7_fragment_1	K02003	ABC.CD.A; putative ABC transport system ATP-binding protein
GCA_025728615___contig_10_fragment_1_13	GCA_025728615___contig_10_fragment_1	VOG00041	sp|O10330|VLF1_NPVOP Very late expression factor 1
GCA_025728615___contig_10_fragment_1_14	GCA_025728615___contig_10_fragment_1	K22300	"dicA; HTH-type transcriptional regulator, cell division transcriptional repressor"
GCA_025728615___contig_10_fragment_1_15	GCA_025728615___contig_10_fragment_1	None	hypothetical protein
GCA_025728615___contig_10_fragment_1_16	GCA_025728615___contig_10_fragment_1	None	hypothetical protein
GCA_025728615___contig_10_fragment_1_17	GCA_025728615___contig_10_fragment_1	PF09669.10	Phage regulatory protein Rha (Phage_pRha)
GCA_025728615___contig_10_fragment_1_18	GCA_025728615___contig_10_fragment_1	None	hypothetical protein
GCA_025728615___contig_10_fragment_1_19	GCA_025728615___contig_10_fragment_1	None	hypothetical protein
GCA_025728615___contig_10_fragment_1_20	GCA_025728615___contig_10_fragment_1	VOG20253	REFSEQ hypothetical protein
GCA_025728615___contig_51_fragment_1_34	GCA_025728615___contig_51_fragment_1	VOG00041	sp|O10330|VLF1_NPVOP Very late expression factor 1
GCA_025728615___contig_51_fragment_1_35	GCA_025728615___contig_51_fragment_1	VOG00361	sp|P10426|YIM2_BPPH1 Uncharacterized immunity region protein 2
GCA_025728615___contig_51_fragment_1_36	GCA_025728615___contig_51_fragment_1	VOG02771	sp|P03034|RPC1_LAMBD Repressor protein cI
GCA_025728615___contig_51_fragment_1_37	GCA_025728615___contig_51_fragment_1	None	hypothetical protein
GCA_025728615___contig_51_fragment_1_38	GCA_025728615___contig_51_fragment_1	None	hypothetical protein
GCA_025728615___contig_51_fragment_1_39	GCA_025728615___contig_51_fragment_1	VOG17042	REFSEQ hypothetical protein
GCA_025728615___contig_51_fragment_1_40	GCA_025728615___contig_51_fragment_1	VOG04233	REFSEQ hypothetical protein
GCA_025728615___contig_51_fragment_1_41	GCA_025728615___contig_51_fragment_1	None	hypothetical protein
GCA_025728615___contig_51_fragment_1_42	GCA_025728615___contig_51_fragment_1	VOG04466	REFSEQ hypothetical protein
GCA_025728615___contig_51_fragment_1_43	GCA_025728615___contig_51_fragment_1	VOG00194	sp|P07719|V17_BPT3 Gene 1.7 protein
GCA_025728615___contig_51_fragment_1_44	GCA_025728615___contig_51_fragment_1	VOG00461	REFSEQ hypothetical protein
GCA_025728615___contig_51_fragment_1_45	GCA_025728615___contig_51_fragment_1	PF13479.6	AAA domain
GCA_025728615___contig_51_fragment_1_46	GCA_025728615___contig_51_fragment_1	VOG17043	REFSEQ hypothetical protein
GCA_025728615___contig_51_fragment_1_47	GCA_025728615___contig_51_fragment_1	VOG10294	REFSEQ hypothetical protein
GCA_025728615___contig_51_fragment_1_48	GCA_025728615___contig_51_fragment_1	VOG10295	REFSEQ hypothetical protein
GCA_025728615___contig_51_fragment_1_49	GCA_025728615___contig_51_fragment_1	VOG02949	REFSEQ hypothetical protein
GCA_025728615___contig_51_fragment_1_50	GCA_025728615___contig_51_fragment_1	None	hypothetical protein
GCA_025728615___contig_51_fragment_1_51	GCA_025728615___contig_51_fragment_1	None	hypothetical protein
GCA_025728615___contig_51_fragment_1_52	GCA_025728615___contig_51_fragment_1	VOG17046	REFSEQ DNA primase
GCA_025728615___contig_51_fragment_1_53	GCA_025728615___contig_51_fragment_1	None	hypothetical protein
GCA_025728615___contig_51_fragment_1_54	GCA_025728615___contig_51_fragment_1	PF05866.11	Endodeoxyribonuclease RusA
GCA_025728615___contig_51_fragment_1_55	GCA_025728615___contig_51_fragment_1	VOG17047	REFSEQ hypothetical protein
GCA_025728615___contig_51_fragment_1_56	GCA_025728615___contig_51_fragment_1	VOG04514	REFSEQ hypothetical protein
GCA_025728615___contig_51_fragment_1_57	GCA_025728615___contig_51_fragment_1	K07474	xtmA; phage terminase small subunit
GCA_025728615___contig_51_fragment_1_58	GCA_025728615___contig_51_fragment_1	K06909	xtmB; phage terminase large subunit
GCA_025728615___contig_51_fragment_1_59	GCA_025728615___contig_51_fragment_1	PF05133.14	"Phage portal protein, SPP1 Gp6-like"
GCA_025728615___contig_51_fragment_1_60	GCA_025728615___contig_51_fragment_1	VOG00686	sp|Q38442|GP7_BPSPP Minor head protein GP7
GCA_025728615___contig_51_fragment_1_61	GCA_025728615___contig_51_fragment_1	None	hypothetical protein
GCA_025728615___contig_51_fragment_1_62	GCA_025728615___contig_51_fragment_1	None	hypothetical protein
GCA_025728615___contig_51_fragment_1_63	GCA_025728615___contig_51_fragment_1	VOG00283	sp|Q38584|HCP15_BPSPP Head completion protein gp15
GCA_025728615___contig_51_fragment_1_64	GCA_025728615___contig_51_fragment_1	None	hypothetical protein
GCA_025728615___contig_51_fragment_1_65	GCA_025728615___contig_51_fragment_1	VOG00973	REFSEQ hypothetical protein
GCA_025728615___contig_51_fragment_1_66	GCA_025728615___contig_51_fragment_1	VOG00743	sp|O48448|COMPL_BPSPP Tail completion protein gp17
GCA_025728615___contig_51_fragment_1_67	GCA_025728615___contig_51_fragment_1	VOG00149	sp|A9CRB8|TAIL_BPMR1 Putative tail protein
GCA_025728615___contig_51_fragment_1_68	GCA_025728615___contig_51_fragment_1	VOG03436	REFSEQ conserved structural protein
GCA_025728615___contig_51_fragment_1_69	GCA_025728615___contig_51_fragment_1	VOG00446	REFSEQ hypothetical protein
GCA_025728615___contig_51_fragment_1_70	GCA_025728615___contig_51_fragment_1	VOG01394	REFSEQ hypothetical protein
GCA_025728615___contig_51_fragment_1_71	GCA_025728615___contig_51_fragment_1	VOG03140	REFSEQ tape measure protein
GCA_025728615___contig_51_fragment_1_72	GCA_025728615___contig_51_fragment_1	None	hypothetical protein
GCA_025728615___contig_51_fragment_1_73	GCA_025728615___contig_51_fragment_1	VOG21441	REFSEQ hypothetical protein
GCA_025728615___contig_51_fragment_1_74	GCA_025728615___contig_51_fragment_1	PF18667.1	Baseplate upper protein immunoglobulin like domain
GCA_025728615___contig_51_fragment_1_75	GCA_025728615___contig_51_fragment_1	None	hypothetical protein
GCA_025728615___contig_51_fragment_1_76	GCA_025728615___contig_51_fragment_1	None	hypothetical protein
GCA_025728615___contig_51_fragment_1_77	GCA_025728615___contig_51_fragment_1	PF09693.10	Phage uncharacterised protein (Phage_XkdX)
GCA_025728615___contig_51_fragment_1_78	GCA_025728615___contig_51_fragment_1	None	hypothetical protein
GCA_025728615___contig_51_fragment_1_79	GCA_025728615___contig_51_fragment_1	VOG02762	REFSEQ holin
GCA_025728615___contig_51_fragment_1_80	GCA_025728615___contig_51_fragment_1	PF01183.20	Glycosyl hydrolases family 25
GCA_025728615___contig_12_fragment_3_213	GCA_025728615___contig_12_fragment_3	K02013	ABC.FEV.A; iron complex transport system ATP-binding protein [EC:7.2.2.-]
GCA_025728615___contig_12_fragment_3_214	GCA_025728615___contig_12_fragment_3	K09022	"ridA, tdcF, RIDA; 2-iminobutanoate/2-iminopropanoate deaminase [EC:3.5.99.10]"
GCA_025728615___contig_12_fragment_3_215	GCA_025728615___contig_12_fragment_3	None	hypothetical protein
GCA_025728615___contig_12_fragment_3_216	GCA_025728615___contig_12_fragment_3	VOG00459	REFSEQ putative CI-like transcriptional repressor
GCA_025728615___contig_12_fragment_3_217	GCA_025728615___contig_12_fragment_3	None	hypothetical protein
GCA_025728615___contig_12_fragment_3_218	GCA_025728615___contig_12_fragment_3	None	hypothetical protein
GCA_025728615___contig_12_fragment_3_219	GCA_025728615___contig_12_fragment_3	None	hypothetical protein
GCA_025728615___contig_12_fragment_3_220	GCA_025728615___contig_12_fragment_3	VOG00188	sp|Q03182|RINA_BPPHA Transcriptional activator rinA
GCA_025728615___contig_12_fragment_3_221	GCA_025728615___contig_12_fragment_3	K22994	pelX; pectate disaccharide-lyase [EC:4.2.2.9]
GCA_025728615___contig_12_fragment_3_222	GCA_025728615___contig_12_fragment_3	None	hypothetical protein
GCA_025728615___contig_12_fragment_3_223	GCA_025728615___contig_12_fragment_3	None	hypothetical protein
GCA_025728615___contig_12_fragment_3_224	GCA_025728615___contig_12_fragment_3	None	hypothetical protein
GCA_025728615___contig_12_fragment_3_225	GCA_025728615___contig_12_fragment_3	VOG00743	sp|O48448|COMPL_BPSPP Tail completion protein gp17
GCA_025728615___contig_12_fragment_3_226	GCA_025728615___contig_12_fragment_3	VOG00149	sp|A9CRB8|TAIL_BPMR1 Putative tail protein
GCA_025728615___contig_12_fragment_3_227	GCA_025728615___contig_12_fragment_3	PF12363.8	"Phage tail assembly chaperone protein, TAC"
GCA_025728615___contig_12_fragment_3_228	GCA_025728615___contig_12_fragment_3	VOG01394	REFSEQ hypothetical protein
GCA_025728615___contig_12_fragment_3_229	GCA_025728615___contig_12_fragment_3	VOG02632	REFSEQ gp14
GCA_025728615___contig_12_fragment_3_230	GCA_025728615___contig_12_fragment_3	VOG00097	sp|O48459|DIT_BPSPP Distal tail protein
GCA_025728615___contig_12_fragment_3_231	GCA_025728615___contig_12_fragment_3	VOG00824	REFSEQ putative antireceptor
GCA_025728595___contig_16_1	GCA_025728595___contig_16	VOG14226	REFSEQ hypothetical protein
GCA_025728595___contig_16_2	GCA_025728595___contig_16	VOG00041	sp|O10330|VLF1_NPVOP Very late expression factor 1
GCA_025728595___contig_16_3	GCA_025728595___contig_16	None	hypothetical protein
GCA_025728595___contig_16_4	GCA_025728595___contig_16	None	hypothetical protein
GCA_025728595___contig_16_5	GCA_025728595___contig_16	None	hypothetical protein
GCA_025728595___contig_16_6	GCA_025728595___contig_16	VOG14094	sp|A0A0H3CCP8|SOCA_CAUVN Antitoxin SocA
GCA_025728595___contig_16_7	GCA_025728595___contig_16	K07273	acm; lysozyme
GCA_025728595___contig_16_8	GCA_025728595___contig_16	PF16938.5	Putative phage holin Dp-1
GCA_025728595___contig_16_9	GCA_025728595___contig_16	None	hypothetical protein
GCA_025728595___contig_16_10	GCA_025728595___contig_16	PF09693.10	Phage uncharacterised protein (Phage_XkdX)
GCA_025728595___contig_16_11	GCA_025728595___contig_16	None	hypothetical protein
GCA_025728595___contig_16_12	GCA_025728595___contig_16	None	hypothetical protein
GCA_025728595___contig_16_13	GCA_025728595___contig_16	VOG18935	REFSEQ hypothetical protein
GCA_025728595___contig_16_14	GCA_025728595___contig_16	None	hypothetical protein
GCA_025728595___contig_16_15	GCA_025728595___contig_16	None	hypothetical protein
GCA_025728595___contig_15_1	GCA_025728595___contig_15	VOG00962	REFSEQ hypothetical protein
GCA_025728595___contig_15_2	GCA_025728595___contig_15	VOG00687	REFSEQ terminase small subunit
GCA_025728595___contig_15_3	GCA_025728595___contig_15	VOG04497	REFSEQ putative terminase small subunit
GCA_025728595___contig_15_4	GCA_025728595___contig_15	PF04860.12	Phage portal protein
GCA_025728595___contig_15_5	GCA_025728595___contig_15	K06904	K06904; uncharacterized protein
GCA_025728595___contig_15_6	GCA_025728595___contig_15	VOG13487	REFSEQ major capsid L
GCA_025728595___contig_15_7	GCA_025728595___contig_15	VOG00181	REFSEQ hypothetical protein
GCA_025728595___contig_15_8	GCA_025728595___contig_15	VOG00066	sp|O48446|HCP16_BPSPP Head completion protein gp16
GCA_025728595___contig_15_9	GCA_025728595___contig_15	VOG03575	REFSEQ hypothetical protein
GCA_025728595___contig_15_10	GCA_025728595___contig_15	None	hypothetical protein
GCA_025728695___contig_139_1	GCA_025728695___contig_139	None	hypothetical protein
GCA_025728695___contig_139_2	GCA_025728695___contig_139	None	hypothetical protein
GCA_025728695___contig_139_3	GCA_025728695___contig_139	None	hypothetical protein
GCA_025728695___contig_139_4	GCA_025728695___contig_139	VOG18935	REFSEQ hypothetical protein
GCA_025728695___contig_139_5	GCA_025728695___contig_139	None	hypothetical protein
GCA_025728695___contig_139_6	GCA_025728695___contig_139	None	hypothetical protein
GCA_025728615___contig_11_1	GCA_025728615___contig_11	VOG00824	REFSEQ putative antireceptor
GCA_025728615___contig_11_2	GCA_025728615___contig_11	VOG00097	sp|O48459|DIT_BPSPP Distal tail protein
GCA_025728615___contig_11_3	GCA_025728615___contig_11	VOG02632	REFSEQ gp14
GCA_025728615___contig_11_4	GCA_025728615___contig_11	VOG01394	REFSEQ hypothetical protein
GCA_025728615___contig_11_5	GCA_025728615___contig_11	PF12363.8	"Phage tail assembly chaperone protein, TAC"
GCA_025728615___contig_11_6	GCA_025728615___contig_11	VOG00149	sp|A9CRB8|TAIL_BPMR1 Putative tail protein
GCA_025728615___contig_11_7	GCA_025728615___contig_11	VOG00743	sp|O48448|COMPL_BPSPP Tail completion protein gp17
GCA_025728615___contig_11_8	GCA_025728615___contig_11	VOG00973	REFSEQ hypothetical protein
GCA_025728615___contig_11_9	GCA_025728615___contig_11	VOG01134	REFSEQ hypothetical protein
GCA_025728615___contig_11_10	GCA_025728615___contig_11	VOG00283	sp|Q38584|HCP15_BPSPP Head completion protein gp15
GCA_025728615___contig_11_11	GCA_025728615___contig_11	PF02368.18	Bacterial Ig-like domain (group 2)
GCA_025728615___contig_11_12	GCA_025728615___contig_11	VOG00633	sp|O64210|CAPSD_BPMD2 Probable major capsid protein gp17
GCA_025728615___contig_11_13	GCA_025728615___contig_11	PF14265.6	Domain of unknown function (DUF4355)
GCA_025728615___contig_11_14	GCA_025728615___contig_11	VOG00686	sp|Q38442|GP7_BPSPP Minor head protein GP7
GCA_025728615___contig_11_15	GCA_025728615___contig_11	PF05133.14	"Phage portal protein, SPP1 Gp6-like"
GCA_025728615___contig_11_16	GCA_025728615___contig_11	K06909	xtmB; phage terminase large subunit
GCA_025728615___contig_11_17	GCA_025728615___contig_11	K07474	xtmA; phage terminase small subunit
GCA_025728615___contig_11_18	GCA_025728615___contig_11	None	hypothetical protein
GCA_025728615___contig_11_19	GCA_025728615___contig_11	VOG00188	sp|Q03182|RINA_BPPHA Transcriptional activator rinA
GCA_025728615___contig_11_20	GCA_025728615___contig_11	VOG24298	REFSEQ gp32
GCA_025728615___contig_11_21	GCA_025728615___contig_11	None	hypothetical protein
GCA_025728615___contig_11_22	GCA_025728615___contig_11	VOG00674	REFSEQ putative DNA polymerase
GCA_025728615___contig_11_23	GCA_025728615___contig_11	VOG24297	REFSEQ gp30
GCA_025728615___contig_11_24	GCA_025728615___contig_11	VOG12256	REFSEQ hypothetical protein
GCA_025728615___contig_11_25	GCA_025728615___contig_11	VOG01036	sp|C0SP91|YYCJ_BACSU Putative metallo-hydrolase YycJ
GCA_025728615___contig_11_26	GCA_025728615___contig_11	None	hypothetical protein
GCA_025728615___contig_11_27	GCA_025728615___contig_11	None	hypothetical protein
GCA_025728615___contig_11_28	GCA_025728615___contig_11	None	hypothetical protein
GCA_025728615___contig_11_29	GCA_025728615___contig_11	None	hypothetical protein
GCA_025728615___contig_11_30	GCA_025728615___contig_11	None	hypothetical protein
GCA_025728615___contig_11_31	GCA_025728615___contig_11	None	hypothetical protein
GCA_029024925___contig_1_fragment_12_1098	GCA_029024925___contig_1_fragment_12	VOG00785	REFSEQ hypothetical protein
GCA_029024925___contig_1_fragment_12_1099	GCA_029024925___contig_1_fragment_12	VOG02771	sp|P03034|RPC1_LAMBD Repressor protein cI
GCA_029024925___contig_1_fragment_12_1100	GCA_029024925___contig_1_fragment_12	PF07261.11	Replication initiation and membrane attachment
GCA_029024925___contig_1_fragment_12_1101	GCA_029024925___contig_1_fragment_12	K02315	dnaC; DNA replication protein DnaC
GCA_029024925___contig_1_fragment_12_1102	GCA_029024925___contig_1_fragment_12	None	hypothetical protein
GCA_029024925___contig_1_fragment_12_1103	GCA_029024925___contig_1_fragment_12	None	hypothetical protein
GCA_029024925___contig_1_fragment_12_1104	GCA_029024925___contig_1_fragment_12	VOG00188	sp|Q03182|RINA_BPPHA Transcriptional activator rinA
GCA_029024925___contig_1_fragment_12_1105	GCA_029024925___contig_1_fragment_12	VOG00743	sp|O48448|COMPL_BPSPP Tail completion protein gp17
GCA_029024925___contig_1_fragment_12_1106	GCA_029024925___contig_1_fragment_12	PF06199.11	Phage tail tube protein
GCA_029024925___contig_1_fragment_12_1107	GCA_029024925___contig_1_fragment_12	PF12363.8	"Phage tail assembly chaperone protein, TAC"
GCA_029024925___contig_1_fragment_12_1108	GCA_029024925___contig_1_fragment_12	VOG01394	REFSEQ hypothetical protein
GCA_029024925___contig_1_fragment_12_1109	GCA_029024925___contig_1_fragment_12	VOG20055	REFSEQ phage tail tape measure protein
GCA_029024925___contig_1_fragment_12_1110	GCA_029024925___contig_1_fragment_12	VOG00097	sp|O48459|DIT_BPSPP Distal tail protein
GCA_029024925___contig_1_fragment_12_1111	GCA_029024925___contig_1_fragment_12	VOG00452	REFSEQ hypothetical protein
GCA_029024925___contig_1_fragment_12_1112	GCA_029024925___contig_1_fragment_12	VOG04796	REFSEQ glycerophosphodiester phosphodiesterase
GCA_029024925___contig_1_fragment_12_1113	GCA_029024925___contig_1_fragment_12	PF05105.12	Bacteriophage holin family
GCA_029024925___contig_1_fragment_12_1114	GCA_029024925___contig_1_fragment_12	K01447	xlyAB; N-acetylmuramoyl-L-alanine amidase [EC:3.5.1.28]
GCA_029024925___contig_1_fragment_22_1711	GCA_029024925___contig_1_fragment_22	K03427	hsdM; type I restriction enzyme M protein [EC:2.1.1.72]
GCA_029024925___contig_1_fragment_22_1712	GCA_029024925___contig_1_fragment_22	None	hypothetical protein
GCA_029024925___contig_1_fragment_22_1713	GCA_029024925___contig_1_fragment_22	K02248	comGF; competence protein ComGF
GCA_029024925___contig_1_fragment_22_1714	GCA_029024925___contig_1_fragment_22	None	hypothetical protein
GCA_029024925___contig_1_fragment_22_1715	GCA_029024925___contig_1_fragment_22	None	hypothetical protein
GCA_029024925___contig_1_fragment_22_1716	GCA_029024925___contig_1_fragment_22	PF00762.19	Ferrochelatase
GCA_029024925___contig_1_fragment_22_1717	GCA_029024925___contig_1_fragment_22	None	hypothetical protein
GCA_029024925___contig_1_fragment_22_1718	GCA_029024925___contig_1_fragment_22	K03704	cspA; cold shock protein
GCA_029024925___contig_1_fragment_22_1719	GCA_029024925___contig_1_fragment_22	PF01476.20	LysM domain
GCA_029024925___contig_1_fragment_22_1720	GCA_029024925___contig_1_fragment_22	VOG02762	REFSEQ holin
GCA_029024925___contig_1_fragment_22_1721	GCA_029024925___contig_1_fragment_22	None	hypothetical protein
GCA_029024925___contig_1_fragment_22_1722	GCA_029024925___contig_1_fragment_22	PF09693.10	Phage uncharacterised protein (Phage_XkdX)
GCA_029024925___contig_1_fragment_22_1723	GCA_029024925___contig_1_fragment_22	None	hypothetical protein
GCA_029024925___contig_1_fragment_22_1724	GCA_029024925___contig_1_fragment_22	None	hypothetical protein
GCA_029024925___contig_1_fragment_22_1725	GCA_029024925___contig_1_fragment_22	None	hypothetical protein
GCA_029024925___contig_1_fragment_22_1726	GCA_029024925___contig_1_fragment_22	None	hypothetical protein
GCA_029024925___contig_1_fragment_22_1727	GCA_029024925___contig_1_fragment_22	PF10651.9	BppU N-terminal domain
GCA_029024925___contig_1_fragment_22_1728	GCA_029024925___contig_1_fragment_22	VOG02857	REFSEQ gp15
GCA_029024925___contig_1_fragment_22_1729	GCA_029024925___contig_1_fragment_22	VOG00097	sp|O48459|DIT_BPSPP Distal tail protein
GCA_029024925___contig_1_fragment_22_1730	GCA_029024925___contig_1_fragment_22	VOG02632	REFSEQ gp14
GCA_029024925___contig_1_fragment_22_1731	GCA_029024925___contig_1_fragment_22	None	hypothetical protein
GCA_029024925___contig_1_fragment_22_1732	GCA_029024925___contig_1_fragment_22	VOG01397	REFSEQ major tail protein
GCA_029024925___contig_1_fragment_22_1733	GCA_029024925___contig_1_fragment_22	None	hypothetical protein
GCA_029024925___contig_1_fragment_22_1734	GCA_029024925___contig_1_fragment_22	VOG00239	REFSEQ hypothetical protein
GCA_029024925___contig_1_fragment_22_1735	GCA_029024925___contig_1_fragment_22	VOG15361	REFSEQ hypothetical protein
GCA_029024925___contig_1_fragment_22_1736	GCA_029024925___contig_1_fragment_22	None	hypothetical protein
GCA_029024925___contig_1_fragment_22_1737	GCA_029024925___contig_1_fragment_22	None	hypothetical protein
GCA_029024925___contig_1_fragment_22_1738	GCA_029024925___contig_1_fragment_22	PF17236.2	Family of unknown function (DUF5309)
GCA_029024925___contig_1_fragment_22_1739	GCA_029024925___contig_1_fragment_22	PF14265.6	Domain of unknown function (DUF4355)
GCA_029024925___contig_1_fragment_22_1740	GCA_029024925___contig_1_fragment_22	None	hypothetical protein
GCA_029024925___contig_1_fragment_22_1741	GCA_029024925___contig_1_fragment_22	None	hypothetical protein
GCA_029024925___contig_1_fragment_22_1742	GCA_029024925___contig_1_fragment_22	VOG00686	sp|Q38442|GP7_BPSPP Minor head protein GP7
GCA_029024925___contig_1_fragment_22_1743	GCA_029024925___contig_1_fragment_22	PF05133.14	"Phage portal protein, SPP1 Gp6-like"
GCA_029024925___contig_1_fragment_22_1744	GCA_029024925___contig_1_fragment_22	K06909	xtmB; phage terminase large subunit
GCA_029024925___contig_1_fragment_22_1745	GCA_029024925___contig_1_fragment_22	PF10668.9	Phage terminase small subunit
GCA_029024925___contig_1_fragment_22_1746	GCA_029024925___contig_1_fragment_22	PF14350.6	Beta protein
GCA_029024925___contig_1_fragment_22_1747	GCA_029024925___contig_1_fragment_22	VOG02885	sp|P13059|RCII_BPP4 Protein cII
GCA_029024925___contig_1_fragment_22_1748	GCA_029024925___contig_1_fragment_22	None	hypothetical protein
GCA_029024925___contig_1_fragment_22_1749	GCA_029024925___contig_1_fragment_22	None	hypothetical protein
GCA_029024925___contig_1_fragment_22_1750	GCA_029024925___contig_1_fragment_22	VOG01162	sp|O34055|ARPU_BPO12 Putative autolysin regulatory protein ArpU
GCA_029024925___contig_1_fragment_22_1751	GCA_029024925___contig_1_fragment_22	PF05866.11	Endodeoxyribonuclease RusA
GCA_029024925___contig_1_fragment_22_1752	GCA_029024925___contig_1_fragment_22	None	hypothetical protein
GCA_029024925___contig_1_fragment_22_1753	GCA_029024925___contig_1_fragment_22	VOG03001	REFSEQ hypothetical protein
GCA_029024925___contig_1_fragment_22_1754	GCA_029024925___contig_1_fragment_22	PF14297.6	Domain of unknown function (DUF4373)
GCA_029024925___contig_1_fragment_22_1755	GCA_029024925___contig_1_fragment_22	K07455	recT; recombination protein RecT
GCA_029024925___contig_1_fragment_22_1756	GCA_029024925___contig_1_fragment_22	VOG01132	sp|P03697|EXO_LAMBD Exonuclease
GCA_029024925___contig_1_fragment_22_1757	GCA_029024925___contig_1_fragment_22	VOG24783	REFSEQ hypothetical protein
GCA_029024925___contig_1_fragment_22_1758	GCA_029024925___contig_1_fragment_22	VOG24782	REFSEQ hypothetical protein
GCA_029024925___contig_1_fragment_22_1759	GCA_029024925___contig_1_fragment_22	VOG19010	REFSEQ hypothetical protein
GCA_029024925___contig_1_fragment_22_1760	GCA_029024925___contig_1_fragment_22	VOG18100	REFSEQ hypothetical protein
GCA_029024925___contig_1_fragment_22_1761	GCA_029024925___contig_1_fragment_22	VOG04233	REFSEQ hypothetical protein
GCA_029024925___contig_1_fragment_22_1762	GCA_029024925___contig_1_fragment_22	K09946	K09946; uncharacterized protein
GCA_029024925___contig_1_fragment_22_1763	GCA_029024925___contig_1_fragment_22	PF10552.9	ORF6C domain
GCA_029024925___contig_1_fragment_22_1764	GCA_029024925___contig_1_fragment_22	None	hypothetical protein
GCA_029024925___contig_1_fragment_22_1765	GCA_029024925___contig_1_fragment_22	None	hypothetical protein
GCA_029024925___contig_1_fragment_22_1766	GCA_029024925___contig_1_fragment_22	None	hypothetical protein
GCA_029024925___contig_1_fragment_22_1767	GCA_029024925___contig_1_fragment_22	VOG02771	sp|P03034|RPC1_LAMBD Repressor protein cI
GCA_029024925___contig_1_fragment_22_1768	GCA_029024925___contig_1_fragment_22	VOG00361	sp|P10426|YIM2_BPPH1 Uncharacterized immunity region protein 2
GCA_029024925___contig_1_fragment_23_1864	GCA_029024925___contig_1_fragment_23	VOG23031	REFSEQ lysin
GCA_029024925___contig_1_fragment_23_1865	GCA_029024925___contig_1_fragment_23	None	hypothetical protein
GCA_029024925___contig_1_fragment_23_1866	GCA_029024925___contig_1_fragment_23	PF01183.20	Glycosyl hydrolases family 25
GCA_029024925___contig_1_fragment_23_1867	GCA_029024925___contig_1_fragment_23	PF16938.5	Putative phage holin Dp-1
GCA_029024925___contig_1_fragment_23_1868	GCA_029024925___contig_1_fragment_23	VOG01708	REFSEQ hypothetical protein
GCA_029024925___contig_1_fragment_23_1869	GCA_029024925___contig_1_fragment_23	VOG04796	REFSEQ glycerophosphodiester phosphodiesterase
GCA_029024925___contig_1_fragment_23_1870	GCA_029024925___contig_1_fragment_23	VOG17048	REFSEQ hypothetical protein
GCA_029024925___contig_1_fragment_23_1871	GCA_029024925___contig_1_fragment_23	VOG00452	REFSEQ hypothetical protein
GCA_029024925___contig_1_fragment_23_1872	GCA_029024925___contig_1_fragment_23	VOG00097	sp|O48459|DIT_BPSPP Distal tail protein
GCA_029024925___contig_1_fragment_23_1873	GCA_029024925___contig_1_fragment_23	VOG02632	REFSEQ gp14
GCA_029024925___contig_1_fragment_23_1874	GCA_029024925___contig_1_fragment_23	VOG01394	REFSEQ hypothetical protein
GCA_029024925___contig_1_fragment_23_1875	GCA_029024925___contig_1_fragment_23	PF12363.8	"Phage tail assembly chaperone protein, TAC"
GCA_029024925___contig_1_fragment_23_1876	GCA_029024925___contig_1_fragment_23	VOG03436	REFSEQ conserved structural protein
GCA_029024925___contig_1_fragment_23_1877	GCA_029024925___contig_1_fragment_23	VOG00149	sp|A9CRB8|TAIL_BPMR1 Putative tail protein
GCA_029024925___contig_1_fragment_23_1878	GCA_029024925___contig_1_fragment_23	VOG00743	sp|O48448|COMPL_BPSPP Tail completion protein gp17
GCA_029024925___contig_1_fragment_23_1879	GCA_029024925___contig_1_fragment_23	VOG00973	REFSEQ hypothetical protein
GCA_029024925___contig_1_fragment_23_1880	GCA_029024925___contig_1_fragment_23	VOG01134	REFSEQ hypothetical protein
GCA_029024925___contig_1_fragment_23_1881	GCA_029024925___contig_1_fragment_23	VOG00283	sp|Q38584|HCP15_BPSPP Head completion protein gp15
GCA_029024925___contig_1_fragment_23_1882	GCA_029024925___contig_1_fragment_23	VOG00744	sp|Q6KGI8|CAPSD_BPFO1 Major capsid protein
GCA_029024925___contig_1_fragment_23_1883	GCA_029024925___contig_1_fragment_23	VOG02815	REFSEQ hypothetical protein
GCA_029024925___contig_1_fragment_23_1884	GCA_029024925___contig_1_fragment_23	PF14265.6	Domain of unknown function (DUF4355)
GCA_029024925___contig_1_fragment_23_1885	GCA_029024925___contig_1_fragment_23	VOG00065	sp|Q38441|YOR5_BPSPP Uncharacterized 10.3 kDa protein in GP2-GP6 intergenic region
GCA_029024925___contig_1_fragment_23_1886	GCA_029024925___contig_1_fragment_23	None	hypothetical protein
GCA_029024925___contig_1_fragment_23_1887	GCA_029024925___contig_1_fragment_23	VOG04882	REFSEQ hypothetical protein
GCA_029024925___contig_1_fragment_23_1888	GCA_029024925___contig_1_fragment_23	VOG00686	sp|Q38442|GP7_BPSPP Minor head protein GP7
GCA_029024925___contig_1_fragment_23_1889	GCA_029024925___contig_1_fragment_23	PF05133.14	"Phage portal protein, SPP1 Gp6-like"
GCA_029024925___contig_1_fragment_23_1890	GCA_029024925___contig_1_fragment_23	VOG09810	"sp|P17312|TERL_BPT4 Terminase, large subunit"
GCA_029024925___contig_1_fragment_23_1891	GCA_029024925___contig_1_fragment_23	None	hypothetical protein
GCA_029024925___contig_1_fragment_23_1892	GCA_029024925___contig_1_fragment_23	VOG14487	REFSEQ hypothetical protein
GCA_029024925___contig_1_fragment_23_1893	GCA_029024925___contig_1_fragment_23	VOG18879	REFSEQ hypothetical protein
GCA_029024925___contig_1_fragment_23_1894	GCA_029024925___contig_1_fragment_23	VOG02633	sp|P06018|MOM_BPMU Adenine modification enzyme mom
GCA_029024925___contig_1_fragment_23_1895	GCA_029024925___contig_1_fragment_23	VOG00153	REFSEQ hypothetical protein
GCA_029024925___contig_1_fragment_23_1896	GCA_029024925___contig_1_fragment_23	None	hypothetical protein
GCA_029024925___contig_1_fragment_23_1897	GCA_029024925___contig_1_fragment_23	VOG01162	sp|O34055|ARPU_BPO12 Putative autolysin regulatory protein ArpU
GCA_029024925___contig_1_fragment_23_1898	GCA_029024925___contig_1_fragment_23	None	hypothetical protein
GCA_029024925___contig_1_fragment_23_1899	GCA_029024925___contig_1_fragment_23	VOG17045	REFSEQ hypothetical protein
GCA_029024925___contig_1_fragment_23_1900	GCA_029024925___contig_1_fragment_23	VOG17005	REFSEQ hypothetical protein
GCA_029024925___contig_1_fragment_23_1901	GCA_029024925___contig_1_fragment_23	VOG04341	REFSEQ hypothetical protein
GCA_029024925___contig_1_fragment_23_1902	GCA_029024925___contig_1_fragment_23	PF12961.7	Domain of unknown function (DUF3850)
GCA_029024925___contig_1_fragment_23_1903	GCA_029024925___contig_1_fragment_23	VOG17044	REFSEQ hypothetical protein
GCA_029024925___contig_1_fragment_23_1904	GCA_029024925___contig_1_fragment_23	VOG09910	sp|O34401|YOPX_BACSU SPBc2 prophage-derived uncharacterized protein YopX
GCA_029024925___contig_1_fragment_23_1905	GCA_029024925___contig_1_fragment_23	VOG18102	REFSEQ PcfU
GCA_029024925___contig_1_fragment_23_1906	GCA_029024925___contig_1_fragment_23	VOG03112	REFSEQ putative methyltransferase
GCA_029024925___contig_1_fragment_23_1907	GCA_029024925___contig_1_fragment_23	VOG18101	REFSEQ hypothetical protein
GCA_029024925___contig_1_fragment_23_1908	GCA_029024925___contig_1_fragment_23	VOG23107	REFSEQ hypothetical protein
GCA_029024925___contig_1_fragment_23_1909	GCA_029024925___contig_1_fragment_23	PF09681.10	N-terminal phage replisome organiser (Phage_rep_org_N)
GCA_029024925___contig_1_fragment_23_1910	GCA_029024925___contig_1_fragment_23	PF16784.5	Putative HNHc nuclease
GCA_029024925___contig_1_fragment_23_1911	GCA_029024925___contig_1_fragment_23	VOG12256	REFSEQ hypothetical protein
GCA_029024925___contig_1_fragment_23_1912	GCA_029024925___contig_1_fragment_23	VOG09746	sp|P04892|ERF_BPP22 Essential recombination function protein
GCA_029024925___contig_1_fragment_23_1913	GCA_029024925___contig_1_fragment_23	VOG23106	REFSEQ hypothetical protein
GCA_029024925___contig_1_fragment_23_1914	GCA_029024925___contig_1_fragment_23	VOG18100	REFSEQ hypothetical protein
GCA_029024925___contig_1_fragment_23_1915	GCA_029024925___contig_1_fragment_23	VOG23105	REFSEQ hypothetical protein
GCA_029024925___contig_1_fragment_23_1916	GCA_029024925___contig_1_fragment_23	VOG04233	REFSEQ hypothetical protein
GCA_029024925___contig_1_fragment_23_1917	GCA_029024925___contig_1_fragment_23	VOG03474	REFSEQ excisionase
GCA_029024925___contig_1_fragment_23_1918	GCA_029024925___contig_1_fragment_23	K07741	antB; anti-repressor protein
GCA_029024925___contig_1_fragment_23_1919	GCA_029024925___contig_1_fragment_23	PF05339.11	Protein of unknown function (DUF739)
GCA_029024925___contig_1_fragment_23_1920	GCA_029024925___contig_1_fragment_23	VOG01385	REFSEQ HTH-domain containing protein
GCA_029024925___contig_1_fragment_23_1921	GCA_029024925___contig_1_fragment_23	VOG00785	REFSEQ hypothetical protein
GCA_029024925___contig_1_fragment_23_1922	GCA_029024925___contig_1_fragment_23	VOG02135	REFSEQ hypothetical protein
GCA_029024925___contig_1_fragment_23_1923	GCA_029024925___contig_1_fragment_23	VOG02284	REFSEQ hypothetical protein
GCA_029024925___contig_1_fragment_23_1924	GCA_029024925___contig_1_fragment_23	VOG16906	REFSEQ gp32
GCA_029024925___contig_1_fragment_32_2418	GCA_029024925___contig_1_fragment_32	K03704	cspA; cold shock protein
GCA_029024925___contig_1_fragment_32_2419	GCA_029024925___contig_1_fragment_32	None	hypothetical protein
GCA_029024925___contig_1_fragment_32_2420	GCA_029024925___contig_1_fragment_32	VOG15791	REFSEQ hypothetical protein
GCA_029024925___contig_1_fragment_32_2421	GCA_029024925___contig_1_fragment_32	K01447	xlyAB; N-acetylmuramoyl-L-alanine amidase [EC:3.5.1.28]
GCA_029024925___contig_1_fragment_32_2422	GCA_029024925___contig_1_fragment_32	VOG02762	REFSEQ holin
GCA_029024925___contig_1_fragment_32_2423	GCA_029024925___contig_1_fragment_32	None	hypothetical protein
GCA_029024925___contig_1_fragment_32_2424	GCA_029024925___contig_1_fragment_32	PF09693.10	Phage uncharacterised protein (Phage_XkdX)
GCA_029024925___contig_1_fragment_32_2425	GCA_029024925___contig_1_fragment_32	None	hypothetical protein
GCA_029024925___contig_1_fragment_32_2426	GCA_029024925___contig_1_fragment_32	None	hypothetical protein
GCA_029024925___contig_1_fragment_32_2427	GCA_029024925___contig_1_fragment_32	None	hypothetical protein
GCA_029024925___contig_1_fragment_32_2428	GCA_029024925___contig_1_fragment_32	None	hypothetical protein
GCA_029024925___contig_1_fragment_32_2429	GCA_029024925___contig_1_fragment_32	PF10651.9	BppU N-terminal domain
GCA_029024925___contig_1_fragment_32_2430	GCA_029024925___contig_1_fragment_32	VOG00824	REFSEQ putative antireceptor
GCA_029024925___contig_1_fragment_32_2431	GCA_029024925___contig_1_fragment_32	VOG00097	sp|O48459|DIT_BPSPP Distal tail protein
GCA_029024925___contig_1_fragment_32_2432	GCA_029024925___contig_1_fragment_32	VOG19271	REFSEQ phage-related minor tail protein
GCA_029024925___contig_1_fragment_32_2433	GCA_029024925___contig_1_fragment_32	VOG23093	REFSEQ hypothetical protein
GCA_029024925___contig_1_fragment_32_2434	GCA_029024925___contig_1_fragment_32	None	hypothetical protein
GCA_029024925___contig_1_fragment_32_2435	GCA_029024925___contig_1_fragment_32	VOG23092	REFSEQ hypothetical protein
GCA_029024925___contig_1_fragment_32_2436	GCA_029024925___contig_1_fragment_32	VOG23091	REFSEQ hypothetical protein
GCA_029024925___contig_1_fragment_32_2437	GCA_029024925___contig_1_fragment_32	VOG23090	REFSEQ head-tail adaptor
GCA_029024925___contig_1_fragment_32_2438	GCA_029024925___contig_1_fragment_32	VOG23089	REFSEQ hypothetical protein
GCA_029024925___contig_1_fragment_32_2439	GCA_029024925___contig_1_fragment_32	PF05065.13	Phage capsid family
GCA_029024925___contig_1_fragment_32_2440	GCA_029024925___contig_1_fragment_32	K06904	K06904; uncharacterized protein
GCA_029024925___contig_1_fragment_32_2441	GCA_029024925___contig_1_fragment_32	PF04860.12	Phage portal protein
GCA_029024925___contig_1_fragment_32_2442	GCA_029024925___contig_1_fragment_32	PF03354.15	Phage Terminase
GCA_029024925___contig_1_fragment_32_2443	GCA_029024925___contig_1_fragment_32	None	hypothetical protein
GCA_029024925___contig_1_fragment_32_2444	GCA_029024925___contig_1_fragment_32	VOG00559	sp|O64200|VG04_BPMD2 Gene 4 protein
GCA_029024925___contig_1_fragment_32_2445	GCA_029024925___contig_1_fragment_32	None	hypothetical protein
GCA_029024925___contig_1_fragment_32_2446	GCA_029024925___contig_1_fragment_32	VOG01162	sp|O34055|ARPU_BPO12 Putative autolysin regulatory protein ArpU
GCA_029024925___contig_1_fragment_32_2447	GCA_029024925___contig_1_fragment_32	VOG17045	REFSEQ hypothetical protein
GCA_029024925___contig_1_fragment_32_2448	GCA_029024925___contig_1_fragment_32	None	hypothetical protein
GCA_029024925___contig_1_fragment_32_2449	GCA_029024925___contig_1_fragment_32	VOG04341	REFSEQ hypothetical protein
GCA_029024925___contig_1_fragment_32_2450	GCA_029024925___contig_1_fragment_32	VOG00234	REFSEQ hypothetical protein
GCA_029024925___contig_1_fragment_32_2451	GCA_029024925___contig_1_fragment_32	None	hypothetical protein
GCA_029024925___contig_1_fragment_32_2452	GCA_029024925___contig_1_fragment_32	VOG00041	sp|O10330|VLF1_NPVOP Very late expression factor 1
GCA_029024925___contig_1_fragment_32_2453	GCA_029024925___contig_1_fragment_32	VOG04697	REFSEQ hypothetical protein
GCA_029024925___contig_1_fragment_32_2454	GCA_029024925___contig_1_fragment_32	VOG09757	REFSEQ hypothetical protein
GCA_029024925___contig_1_fragment_32_2455	GCA_029024925___contig_1_fragment_32	K07482	"K07482; transposase, IS30 family"
GCA_029024925___contig_1_fragment_32_2456	GCA_029024925___contig_1_fragment_32	None	hypothetical protein
GCA_029024925___contig_1_fragment_32_2457	GCA_029024925___contig_1_fragment_32	None	hypothetical protein
GCA_029024925___contig_1_fragment_32_2458	GCA_029024925___contig_1_fragment_32	None	hypothetical protein
GCA_029024925___contig_1_fragment_32_2459	GCA_029024925___contig_1_fragment_32	PF06356.11	Protein of unknown function (DUF1064)
GCA_029024925___contig_1_fragment_32_2460	GCA_029024925___contig_1_fragment_32	K02315	dnaC; DNA replication protein DnaC
GCA_029024925___contig_1_fragment_32_2461	GCA_029024925___contig_1_fragment_32	VOG01042	sp|P39787|DNAD_BACSU DNA replication protein DnaD
GCA_029024925___contig_1_fragment_32_2462	GCA_029024925___contig_1_fragment_32	PF12684.7	PDDEXK-like domain of unknown function (DUF3799)
GCA_029024925___contig_1_fragment_32_2463	GCA_029024925___contig_1_fragment_32	K07455	recT; recombination protein RecT
GCA_029024925___contig_1_fragment_32_2464	GCA_029024925___contig_1_fragment_32	VOG24783	REFSEQ hypothetical protein
GCA_029024925___contig_1_fragment_32_2465	GCA_029024925___contig_1_fragment_32	VOG24782	REFSEQ hypothetical protein
GCA_029024925___contig_1_fragment_32_2466	GCA_029024925___contig_1_fragment_32	None	hypothetical protein
GCA_029024925___contig_1_fragment_32_2467	GCA_029024925___contig_1_fragment_32	None	hypothetical protein
GCA_029024925___contig_1_fragment_32_2468	GCA_029024925___contig_1_fragment_32	VOG19008	REFSEQ hypothetical protein
GCA_029024925___contig_1_fragment_32_2469	GCA_029024925___contig_1_fragment_32	None	hypothetical protein
GCA_029024925___contig_1_fragment_32_2470	GCA_029024925___contig_1_fragment_32	VOG02771	sp|P03034|RPC1_LAMBD Repressor protein cI
GCA_029024925___contig_1_fragment_32_2471	GCA_029024925___contig_1_fragment_32	VOG00361	sp|P10426|YIM2_BPPH1 Uncharacterized immunity region protein 2
GCA_029024925___contig_1_fragment_32_2472	GCA_029024925___contig_1_fragment_32	None	hypothetical protein
GCA_029024925___contig_1_fragment_32_2473	GCA_029024925___contig_1_fragment_32	VOG00520	sp|P03015|GIN_BPMU Serine recombinase gin
GCA_029024925___contig_1_fragment_32_2474	GCA_029024925___contig_1_fragment_32	K03630	radC; DNA repair protein RadC
GCA_029024925___contig_1_fragment_32_2475	GCA_029024925___contig_1_fragment_32	K01838	pgmB; beta-phosphoglucomutase [EC:5.4.2.6]
MP_ONT81___contig_1_fragment_3_497	MP_ONT81___contig_1_fragment_3	K02013	ABC.FEV.A; iron complex transport system ATP-binding protein [EC:7.2.2.-]
MP_ONT81___contig_1_fragment_3_498	MP_ONT81___contig_1_fragment_3	K09022	"ridA, tdcF, RIDA; 2-iminobutanoate/2-iminopropanoate deaminase [EC:3.5.99.10]"
MP_ONT81___contig_1_fragment_3_499	MP_ONT81___contig_1_fragment_3	None	hypothetical protein
MP_ONT81___contig_1_fragment_3_500	MP_ONT81___contig_1_fragment_3	VOG00459	REFSEQ putative CI-like transcriptional repressor
MP_ONT81___contig_1_fragment_3_501	MP_ONT81___contig_1_fragment_3	None	hypothetical protein
MP_ONT81___contig_1_fragment_3_502	MP_ONT81___contig_1_fragment_3	None	hypothetical protein
MP_ONT81___contig_1_fragment_3_503	MP_ONT81___contig_1_fragment_3	VOG00188	sp|Q03182|RINA_BPPHA Transcriptional activator rinA
MP_ONT81___contig_1_fragment_3_504	MP_ONT81___contig_1_fragment_3	K22994	pelX; pectate disaccharide-lyase [EC:4.2.2.9]
MP_ONT81___contig_1_fragment_3_505	MP_ONT81___contig_1_fragment_3	None	hypothetical protein
MP_ONT81___contig_1_fragment_3_506	MP_ONT81___contig_1_fragment_3	None	hypothetical protein
MP_ONT81___contig_1_fragment_3_507	MP_ONT81___contig_1_fragment_3	VOG00743	sp|O48448|COMPL_BPSPP Tail completion protein gp17
MP_ONT81___contig_1_fragment_3_508	MP_ONT81___contig_1_fragment_3	VOG00149	sp|A9CRB8|TAIL_BPMR1 Putative tail protein
MP_ONT81___contig_1_fragment_3_509	MP_ONT81___contig_1_fragment_3	PF12363.8	"Phage tail assembly chaperone protein, TAC"
MP_ONT81___contig_1_fragment_3_510	MP_ONT81___contig_1_fragment_3	VOG01394	REFSEQ hypothetical protein
MP_ONT81___contig_1_fragment_3_511	MP_ONT81___contig_1_fragment_3	VOG02632	REFSEQ gp14
MP_ONT81___contig_1_fragment_3_512	MP_ONT81___contig_1_fragment_3	VOG00097	sp|O48459|DIT_BPSPP Distal tail protein
MP_ONT81___contig_1_fragment_3_513	MP_ONT81___contig_1_fragment_3	VOG00824	REFSEQ putative antireceptor
MP_ONT81___contig_1_fragment_3_514	MP_ONT81___contig_1_fragment_3	VOG13479	REFSEQ gp067
MP_ONT81___contig_1_fragment_3_515	MP_ONT81___contig_1_fragment_3	None	hypothetical protein
MP_ONT81___contig_1_fragment_3_516	MP_ONT81___contig_1_fragment_3	None	hypothetical protein
MP_ONT81___contig_1_fragment_3_517	MP_ONT81___contig_1_fragment_3	None	hypothetical protein
MP_ONT81___contig_1_fragment_3_518	MP_ONT81___contig_1_fragment_3	None	hypothetical protein
MP_ONT81___contig_1_fragment_3_519	MP_ONT81___contig_1_fragment_3	PF16938.5	Putative phage holin Dp-1
MP_ONT81___contig_1_fragment_3_520	MP_ONT81___contig_1_fragment_3	PF05382.13	Bacteriophage peptidoglycan hydrolase
MP_ONT81___contig_1_fragment_4_534	MP_ONT81___contig_1_fragment_4	K06400	spoIVCA; site-specific DNA recombinase
MP_ONT81___contig_1_fragment_4_535	MP_ONT81___contig_1_fragment_4	None	hypothetical protein
MP_ONT81___contig_1_fragment_4_536	MP_ONT81___contig_1_fragment_4	None	hypothetical protein
MP_ONT81___contig_1_fragment_4_537	MP_ONT81___contig_1_fragment_4	VOG20253	REFSEQ hypothetical protein
MP_ONT81___contig_1_fragment_4_538	MP_ONT81___contig_1_fragment_4	PF01381.22	Helix-turn-helix
MP_ONT81___contig_1_fragment_4_539	MP_ONT81___contig_1_fragment_4	VOG10124	sp|O34449|YOQD_BACSU SPBc2 prophage-derived putative antirepressor protein YoqD
MP_ONT81___contig_1_fragment_4_540	MP_ONT81___contig_1_fragment_4	None	hypothetical protein
MP_ONT81___contig_1_fragment_4_541	MP_ONT81___contig_1_fragment_4	None	hypothetical protein
MP_ONT81___contig_1_fragment_4_542	MP_ONT81___contig_1_fragment_4	None	hypothetical protein
MP_ONT81___contig_1_fragment_4_543	MP_ONT81___contig_1_fragment_4	None	hypothetical protein
MP_ONT81___contig_1_fragment_4_544	MP_ONT81___contig_1_fragment_4	VOG11084	REFSEQ hypothetical protein
MP_ONT81___contig_1_fragment_4_545	MP_ONT81___contig_1_fragment_4	VOG09746	sp|P04892|ERF_BPP22 Essential recombination function protein
MP_ONT81___contig_1_fragment_4_546	MP_ONT81___contig_1_fragment_4	PF16784.5	Putative HNHc nuclease
MP_ONT81___contig_1_fragment_4_547	MP_ONT81___contig_1_fragment_4	K02086	dnaD; DNA replication protein
MP_ONT81___contig_1_fragment_4_548	MP_ONT81___contig_1_fragment_4	None	hypothetical protein
MP_ONT81___contig_1_fragment_4_549	MP_ONT81___contig_1_fragment_4	VOG00404	sp|P9WGD4|SSB_MYCTO Single-stranded DNA-binding protein
MP_ONT81___contig_1_fragment_4_550	MP_ONT81___contig_1_fragment_4	VOG10294	REFSEQ hypothetical protein
MP_ONT81___contig_1_fragment_4_551	MP_ONT81___contig_1_fragment_4	VOG10295	REFSEQ hypothetical protein
MP_ONT81___contig_1_fragment_4_552	MP_ONT81___contig_1_fragment_4	None	hypothetical protein
MP_ONT81___contig_1_fragment_4_553	MP_ONT81___contig_1_fragment_4	VOG19011	REFSEQ hypothetical protein
MP_ONT81___contig_1_fragment_4_554	MP_ONT81___contig_1_fragment_4	VOG00188	sp|Q03182|RINA_BPPHA Transcriptional activator rinA
MP_ONT81___contig_1_fragment_4_555	MP_ONT81___contig_1_fragment_4	None	hypothetical protein
MP_ONT81___contig_1_fragment_4_556	MP_ONT81___contig_1_fragment_4	VOG01694	REFSEQ terminase small subunit
MP_ONT81___contig_1_fragment_4_557	MP_ONT81___contig_1_fragment_4	K06909	xtmB; phage terminase large subunit
MP_ONT81___contig_1_fragment_4_558	MP_ONT81___contig_1_fragment_4	VOG00639	REFSEQ portal protein
MP_ONT81___contig_1_fragment_4_559	MP_ONT81___contig_1_fragment_4	VOG01829	sp|Q04765|VSP1_BPLLH Structural protein
MP_ONT81___contig_1_fragment_4_560	MP_ONT81___contig_1_fragment_4	PF06810.11	Phage minor structural protein GP20
MP_ONT81___contig_1_fragment_4_561	MP_ONT81___contig_1_fragment_4	VOG00241	sp|P19727|CAPSB_BPT7 Minor capsid protein
MP_ONT81___contig_1_fragment_4_562	MP_ONT81___contig_1_fragment_4	VOG00918	sp|Q04768|YG34_BPLLH Uncharacterized protein ORF4
MP_ONT81___contig_1_fragment_4_563	MP_ONT81___contig_1_fragment_4	VOG04818	sp|Q04769|YG35_BPLLH Uncharacterized protein ORF5
MP_ONT81___contig_1_fragment_4_564	MP_ONT81___contig_1_fragment_4	PF11114.8	Minor capsid protein
MP_ONT81___contig_1_fragment_4_565	MP_ONT81___contig_1_fragment_4	VOG00870	REFSEQ hypothetical protein
MP_ONT81___contig_1_fragment_4_566	MP_ONT81___contig_1_fragment_4	VOG01483	REFSEQ major tail protein
MP_ONT81___contig_1_fragment_4_567	MP_ONT81___contig_1_fragment_4	VOG00045	REFSEQ hypothetical protein
MP_ONT81___contig_1_fragment_4_568	MP_ONT81___contig_1_fragment_4	VOG01238	REFSEQ hypothetical protein
MP_ONT81___contig_1_fragment_4_569	MP_ONT81___contig_1_fragment_4	VOG10276	REFSEQ hypothetical protein
MP_ONT81___contig_1_fragment_4_570	MP_ONT81___contig_1_fragment_4	VOG00183	REFSEQ hypothetical protein
MP_ONT81___contig_1_fragment_4_571	MP_ONT81___contig_1_fragment_4	VOG01075	REFSEQ hypothetical protein
MP_ONT81___contig_1_fragment_4_572	MP_ONT81___contig_1_fragment_4	VOG01142	REFSEQ hypothetical protein
MP_ONT81___contig_1_fragment_4_573	MP_ONT81___contig_1_fragment_4	None	hypothetical protein
MP_ONT81___contig_1_fragment_4_574	MP_ONT81___contig_1_fragment_4	VOG18935	REFSEQ hypothetical protein
MP_ONT81___contig_1_fragment_4_575	MP_ONT81___contig_1_fragment_4	None	hypothetical protein
MP_ONT81___contig_1_fragment_4_576	MP_ONT81___contig_1_fragment_4	None	hypothetical protein
MP_ONT81___contig_1_fragment_4_577	MP_ONT81___contig_1_fragment_4	None	hypothetical protein
MP_ONT81___contig_1_fragment_4_578	MP_ONT81___contig_1_fragment_4	PF09693.10	Phage uncharacterised protein (Phage_XkdX)
MP_ONT81___contig_1_fragment_4_579	MP_ONT81___contig_1_fragment_4	PF10779.9	Haemolysin XhlA
MP_ONT81___contig_1_fragment_4_580	MP_ONT81___contig_1_fragment_4	PF16938.5	Putative phage holin Dp-1
MP_ONT81___contig_1_fragment_4_581	MP_ONT81___contig_1_fragment_4	K07273	acm; lysozyme
MP_ONT81___contig_1_fragment_4_582	MP_ONT81___contig_1_fragment_4	None	hypothetical protein
MP_ONT81___contig_1_fragment_4_583	MP_ONT81___contig_1_fragment_4	None	hypothetical protein
MP_ONT81___contig_1_fragment_4_584	MP_ONT81___contig_1_fragment_4	None	hypothetical protein
MP_ONT81___contig_1_fragment_4_585	MP_ONT81___contig_1_fragment_4	None	hypothetical protein
MP_ONT81___contig_1_fragment_4_586	MP_ONT81___contig_1_fragment_4	PF16935.5	Putative Holin-like Toxin (Hol-Tox)
MP_ONT81___contig_1_fragment_4_587	MP_ONT81___contig_1_fragment_4	VOG14226	REFSEQ hypothetical protein
MP_ONT81___contig_1_fragment_12_1192	MP_ONT81___contig_1_fragment_12	K03648	"UNG, UDG; uracil-DNA glycosylase [EC:3.2.2.27]"
MP_ONT81___contig_1_fragment_12_1193	MP_ONT81___contig_1_fragment_12	PF07927.12	"HicA toxin of bacterial toxin-antitoxin,"
MP_ONT81___contig_1_fragment_12_1194	MP_ONT81___contig_1_fragment_12	VOG11403	sp|P51716|YO14_BPHC1 Uncharacterized 14.9 kDa protein in rep-hol intergenic region
MP_ONT81___contig_1_fragment_12_1195	MP_ONT81___contig_1_fragment_12	None	hypothetical protein
MP_ONT81___contig_1_fragment_12_1196	MP_ONT81___contig_1_fragment_12	None	hypothetical protein
MP_ONT81___contig_1_fragment_12_1197	MP_ONT81___contig_1_fragment_12	None	hypothetical protein
MP_ONT81___contig_1_fragment_12_1198	MP_ONT81___contig_1_fragment_12	VOG14226	REFSEQ hypothetical protein
MP_ONT81___contig_1_fragment_12_1199	MP_ONT81___contig_1_fragment_12	None	hypothetical protein
MP_ONT81___contig_1_fragment_12_1200	MP_ONT81___contig_1_fragment_12	K07273	acm; lysozyme
MP_ONT81___contig_1_fragment_12_1201	MP_ONT81___contig_1_fragment_12	PF16938.5	Putative phage holin Dp-1
MP_ONT81___contig_1_fragment_12_1202	MP_ONT81___contig_1_fragment_12	PF10779.9	Haemolysin XhlA
MP_ONT81___contig_1_fragment_12_1203	MP_ONT81___contig_1_fragment_12	PF09693.10	Phage uncharacterised protein (Phage_XkdX)
MP_ONT81___contig_1_fragment_12_1204	MP_ONT81___contig_1_fragment_12	None	hypothetical protein
MP_ONT81___contig_1_fragment_12_1205	MP_ONT81___contig_1_fragment_12	None	hypothetical protein
MP_ONT81___contig_1_fragment_12_1206	MP_ONT81___contig_1_fragment_12	VOG18935	REFSEQ hypothetical protein
MP_ONT81___contig_1_fragment_12_1207	MP_ONT81___contig_1_fragment_12	None	hypothetical protein
MP_ONT81___contig_1_fragment_12_1208	MP_ONT81___contig_1_fragment_12	None	hypothetical protein
MP_ONT81___contig_1_fragment_12_1209	MP_ONT81___contig_1_fragment_12	PF06605.11	Prophage endopeptidase tail
MP_ONT81___contig_1_fragment_12_1210	MP_ONT81___contig_1_fragment_12	VOG01075	REFSEQ hypothetical protein
MP_ONT81___contig_1_fragment_12_1211	MP_ONT81___contig_1_fragment_12	VOG04056	REFSEQ hypothetical protein
MP_ONT81___contig_1_fragment_12_1212	MP_ONT81___contig_1_fragment_12	None	hypothetical protein
MP_ONT81___contig_1_fragment_12_1213	MP_ONT81___contig_1_fragment_12	None	hypothetical protein
MP_ONT81___contig_1_fragment_12_1214	MP_ONT81___contig_1_fragment_12	VOG01397	REFSEQ major tail protein
MP_ONT81___contig_1_fragment_12_1215	MP_ONT81___contig_1_fragment_12	None	hypothetical protein
MP_ONT81___contig_1_fragment_12_1216	MP_ONT81___contig_1_fragment_12	VOG03575	REFSEQ hypothetical protein
MP_ONT81___contig_1_fragment_12_1217	MP_ONT81___contig_1_fragment_12	VOG00066	sp|O48446|HCP16_BPSPP Head completion protein gp16
MP_ONT81___contig_1_fragment_12_1218	MP_ONT81___contig_1_fragment_12	VOG00181	REFSEQ hypothetical protein
MP_ONT81___contig_1_fragment_12_1219	MP_ONT81___contig_1_fragment_12	VOG13487	REFSEQ major capsid L
MP_ONT81___contig_1_fragment_12_1220	MP_ONT81___contig_1_fragment_12	K06904	K06904; uncharacterized protein
MP_ONT81___contig_1_fragment_12_1221	MP_ONT81___contig_1_fragment_12	PF04860.12	Phage portal protein
MP_ONT81___contig_1_fragment_12_1222	MP_ONT81___contig_1_fragment_12	VOG04497	REFSEQ putative terminase small subunit
MP_ONT81___contig_1_fragment_12_1223	MP_ONT81___contig_1_fragment_12	VOG00687	REFSEQ terminase small subunit
MP_ONT81___contig_1_fragment_12_1224	MP_ONT81___contig_1_fragment_12	VOG00962	REFSEQ hypothetical protein
MP_ONT81___contig_1_fragment_12_1225	MP_ONT81___contig_1_fragment_12	None	hypothetical protein
MP_ONT81___contig_1_fragment_12_1226	MP_ONT81___contig_1_fragment_12	None	hypothetical protein
MP_ONT81___contig_1_fragment_12_1227	MP_ONT81___contig_1_fragment_12	VOG01156	REFSEQ hypothetical protein
MP_ONT81___contig_1_fragment_12_1228	MP_ONT81___contig_1_fragment_12	None	hypothetical protein
MP_ONT81___contig_1_fragment_12_1229	MP_ONT81___contig_1_fragment_12	VOG01162	sp|O34055|ARPU_BPO12 Putative autolysin regulatory protein ArpU
MP_ONT81___contig_1_fragment_12_1230	MP_ONT81___contig_1_fragment_12	VOG00404	sp|P9WGD4|SSB_MYCTO Single-stranded DNA-binding protein
MP_ONT81___contig_1_fragment_12_1231	MP_ONT81___contig_1_fragment_12	None	hypothetical protein
MP_ONT81___contig_1_fragment_12_1232	MP_ONT81___contig_1_fragment_12	VOG21431	REFSEQ hypothetical protein
MP_ONT81___contig_1_fragment_12_1233	MP_ONT81___contig_1_fragment_12	PF16784.5	Putative HNHc nuclease
MP_ONT81___contig_1_fragment_12_1234	MP_ONT81___contig_1_fragment_12	PF12684.7	PDDEXK-like domain of unknown function (DUF3799)
MP_ONT81___contig_1_fragment_12_1235	MP_ONT81___contig_1_fragment_12	PF03837.14	RecT family
MP_ONT81___contig_1_fragment_12_1236	MP_ONT81___contig_1_fragment_12	None	hypothetical protein
MP_ONT81___contig_1_fragment_12_1237	MP_ONT81___contig_1_fragment_12	None	hypothetical protein
MP_ONT81___contig_1_fragment_12_1238	MP_ONT81___contig_1_fragment_12	None	hypothetical protein
MP_ONT81___contig_1_fragment_12_1239	MP_ONT81___contig_1_fragment_12	None	hypothetical protein
MP_ONT81___contig_1_fragment_12_1240	MP_ONT81___contig_1_fragment_12	None	hypothetical protein
MP_ONT81___contig_1_fragment_12_1241	MP_ONT81___contig_1_fragment_12	None	hypothetical protein
MP_ONT81___contig_1_fragment_12_1242	MP_ONT81___contig_1_fragment_12	K07741	antB; anti-repressor protein
MP_ONT81___contig_1_fragment_12_1243	MP_ONT81___contig_1_fragment_12	None	hypothetical protein
MP_ONT81___contig_1_fragment_12_1244	MP_ONT81___contig_1_fragment_12	None	hypothetical protein
MP_ONT81___contig_1_fragment_12_1245	MP_ONT81___contig_1_fragment_12	None	hypothetical protein
MP_ONT81___contig_1_fragment_12_1246	MP_ONT81___contig_1_fragment_12	K07741	antB; anti-repressor protein
MP_ONT81___contig_1_fragment_12_1247	MP_ONT81___contig_1_fragment_12	None	hypothetical protein
MP_ONT81___contig_1_fragment_12_1248	MP_ONT81___contig_1_fragment_12	None	hypothetical protein
MP_ONT81___contig_1_fragment_12_1249	MP_ONT81___contig_1_fragment_12	VOG10124	sp|O34449|YOQD_BACSU SPBc2 prophage-derived putative antirepressor protein YoqD
MP_ONT81___contig_1_fragment_12_1250	MP_ONT81___contig_1_fragment_12	None	hypothetical protein
MP_ONT81___contig_1_fragment_12_1251	MP_ONT81___contig_1_fragment_12	VOG20253	REFSEQ hypothetical protein
MP_ONT81___contig_1_fragment_12_1252	MP_ONT81___contig_1_fragment_12	PF07553.11	Host cell surface-exposed lipoprotein
MP_ONT81___contig_1_fragment_12_1253	MP_ONT81___contig_1_fragment_12	None	hypothetical protein
MP_ONT81___contig_1_fragment_12_1254	MP_ONT81___contig_1_fragment_12	VOG00041	sp|O10330|VLF1_NPVOP Very late expression factor 1
MP_ONT81___contig_1_fragment_14_1375	MP_ONT81___contig_1_fragment_14	PF05382.13	Bacteriophage peptidoglycan hydrolase
MP_ONT81___contig_1_fragment_14_1376	MP_ONT81___contig_1_fragment_14	PF16938.5	Putative phage holin Dp-1
MP_ONT81___contig_1_fragment_14_1377	MP_ONT81___contig_1_fragment_14	PF10779.9	Haemolysin XhlA
MP_ONT81___contig_1_fragment_14_1378	MP_ONT81___contig_1_fragment_14	None	hypothetical protein
MP_ONT81___contig_1_fragment_14_1379	MP_ONT81___contig_1_fragment_14	None	hypothetical protein
MP_ONT81___contig_1_fragment_14_1380	MP_ONT81___contig_1_fragment_14	VOG13479	REFSEQ gp067
MP_ONT81___contig_1_fragment_14_1381	MP_ONT81___contig_1_fragment_14	VOG00824	REFSEQ putative antireceptor
MP_ONT81___contig_1_fragment_14_1382	MP_ONT81___contig_1_fragment_14	None	hypothetical protein
MP_ONT81___contig_1_fragment_14_1383	MP_ONT81___contig_1_fragment_14	VOG02333	REFSEQ tail tape measure protein
MP_ONT81___contig_1_fragment_14_1384	MP_ONT81___contig_1_fragment_14	None	hypothetical protein
MP_ONT81___contig_1_fragment_14_1385	MP_ONT81___contig_1_fragment_14	VOG01397	REFSEQ major tail protein
MP_ONT81___contig_1_fragment_14_1386	MP_ONT81___contig_1_fragment_14	VOG00973	REFSEQ hypothetical protein
MP_ONT81___contig_1_fragment_14_1387	MP_ONT81___contig_1_fragment_14	VOG23091	REFSEQ hypothetical protein
MP_ONT81___contig_1_fragment_14_1388	MP_ONT81___contig_1_fragment_14	VOG23090	REFSEQ head-tail adaptor
MP_ONT81___contig_1_fragment_14_1389	MP_ONT81___contig_1_fragment_14	VOG23089	REFSEQ hypothetical protein
MP_ONT81___contig_1_fragment_14_1390	MP_ONT81___contig_1_fragment_14	PF05065.13	Phage capsid family
MP_ONT81___contig_1_fragment_14_1391	MP_ONT81___contig_1_fragment_14	K06904	K06904; uncharacterized protein
MP_ONT81___contig_1_fragment_14_1392	MP_ONT81___contig_1_fragment_14	PF04860.12	Phage portal protein
MP_ONT81___contig_1_fragment_14_1393	MP_ONT81___contig_1_fragment_14	PF03354.15	Phage Terminase
MP_ONT81___contig_1_fragment_14_1394	MP_ONT81___contig_1_fragment_14	None	hypothetical protein
MP_ONT81___contig_1_fragment_14_1395	MP_ONT81___contig_1_fragment_14	VOG00679	REFSEQ HNH endonuclease
MP_ONT81___contig_1_fragment_14_1396	MP_ONT81___contig_1_fragment_14	None	hypothetical protein
MP_ONT81___contig_1_fragment_14_1397	MP_ONT81___contig_1_fragment_14	VOG00188	sp|Q03182|RINA_BPPHA Transcriptional activator rinA
MP_ONT81___contig_1_fragment_14_1398	MP_ONT81___contig_1_fragment_14	VOG00724	sp|P10277|PRIM_BPP4 Putative P4-specific DNA primase
MP_ONT81___contig_1_fragment_14_1399	MP_ONT81___contig_1_fragment_14	VOG00674	REFSEQ putative DNA polymerase
MP_ONT81___contig_1_fragment_14_1400	MP_ONT81___contig_1_fragment_14	None	hypothetical protein
MP_ONT81___contig_1_fragment_14_1401	MP_ONT81___contig_1_fragment_14	None	hypothetical protein
MP_ONT81___contig_1_fragment_14_1402	MP_ONT81___contig_1_fragment_14	VOG03001	REFSEQ hypothetical protein
MP_ONT81___contig_1_fragment_14_1403	MP_ONT81___contig_1_fragment_14	PF13479.6	AAA domain
MP_ONT81___contig_1_fragment_14_1404	MP_ONT81___contig_1_fragment_14	None	hypothetical protein
MP_ONT81___contig_1_fragment_14_1405	MP_ONT81___contig_1_fragment_14	VOG00399	sp|Q9T1Q4|VP44_BPAPS Putative nuclease p44
MP_ONT81___contig_1_fragment_14_1406	MP_ONT81___contig_1_fragment_14	VOG00523	sp|Q9T1Q7|VP41_BPAPS Putative protein p41
MP_ONT81___contig_1_fragment_14_1407	MP_ONT81___contig_1_fragment_14	None	hypothetical protein
MP_ONT81___contig_1_fragment_14_1408	MP_ONT81___contig_1_fragment_14	None	hypothetical protein
MP_ONT81___contig_1_fragment_14_1409	MP_ONT81___contig_1_fragment_14	None	hypothetical protein
MP_ONT81___contig_1_fragment_14_1410	MP_ONT81___contig_1_fragment_14	None	hypothetical protein
MP_ONT81___contig_1_fragment_14_1411	MP_ONT81___contig_1_fragment_14	None	hypothetical protein
MP_ONT81___contig_1_fragment_14_1412	MP_ONT81___contig_1_fragment_14	None	hypothetical protein
MP_ONT81___contig_1_fragment_14_1413	MP_ONT81___contig_1_fragment_14	None	hypothetical protein
MP_ONT81___contig_1_fragment_14_1414	MP_ONT81___contig_1_fragment_14	VOG02771	sp|P03034|RPC1_LAMBD Repressor protein cI
MP_ONT81___contig_1_fragment_14_1415	MP_ONT81___contig_1_fragment_14	VOG00361	sp|P10426|YIM2_BPPH1 Uncharacterized immunity region protein 2
MP_ONT81___contig_1_fragment_14_1416	MP_ONT81___contig_1_fragment_14	VOG03321	REFSEQ hypothetical protein
MP_ONT81___contig_1_fragment_14_1417	MP_ONT81___contig_1_fragment_14	VOG00041	sp|O10330|VLF1_NPVOP Very late expression factor 1
GCA_025728675___contig_3_fragment_1_1	GCA_025728675___contig_3_fragment_1	VOG00188	sp|Q03182|RINA_BPPHA Transcriptional activator rinA
GCA_025728675___contig_3_fragment_1_2	GCA_025728675___contig_3_fragment_1	None	hypothetical protein
GCA_025728675___contig_3_fragment_1_3	GCA_025728675___contig_3_fragment_1	None	hypothetical protein
GCA_025728675___contig_3_fragment_1_4	GCA_025728675___contig_3_fragment_1	VOG24298	REFSEQ gp32
GCA_025728675___contig_3_fragment_1_5	GCA_025728675___contig_3_fragment_1	VOG00674	REFSEQ putative DNA polymerase
GCA_025728675___contig_3_fragment_1_6	GCA_025728675___contig_3_fragment_1	VOG24297	REFSEQ gp30
GCA_025728675___contig_3_fragment_1_7	GCA_025728675___contig_3_fragment_1	VOG12256	REFSEQ hypothetical protein
GCA_025728675___contig_3_fragment_1_8	GCA_025728675___contig_3_fragment_1	None	hypothetical protein
GCA_025728675___contig_3_fragment_1_9	GCA_025728675___contig_3_fragment_1	None	hypothetical protein
GCA_025728675___contig_3_fragment_1_10	GCA_025728675___contig_3_fragment_1	VOG01036	sp|C0SP91|YYCJ_BACSU Putative metallo-hydrolase YycJ
GCA_025728675___contig_3_fragment_1_11	GCA_025728675___contig_3_fragment_1	None	hypothetical protein
GCA_025728675___contig_3_fragment_1_12	GCA_025728675___contig_3_fragment_1	None	hypothetical protein
GCA_025728675___contig_3_fragment_1_13	GCA_025728675___contig_3_fragment_1	PF13412.6	Winged helix-turn-helix DNA-binding
GCA_025728675___contig_3_fragment_1_14	GCA_025728675___contig_3_fragment_1	None	hypothetical protein
GCA_025728675___contig_3_fragment_1_15	GCA_025728675___contig_3_fragment_1	None	hypothetical protein
GCA_025728675___contig_3_fragment_1_16	GCA_025728675___contig_3_fragment_1	None	hypothetical protein
GCA_025728675___contig_3_fragment_1_17	GCA_025728675___contig_3_fragment_1	None	hypothetical protein
GCA_025728675___contig_3_fragment_1_18	GCA_025728675___contig_3_fragment_1	None	hypothetical protein
GCA_025728675___contig_3_fragment_1_19	GCA_025728675___contig_3_fragment_1	None	hypothetical protein
GCA_025728675___contig_3_fragment_1_20	GCA_025728675___contig_3_fragment_1	None	hypothetical protein
GCA_025728675___contig_3_fragment_1_21	GCA_025728675___contig_3_fragment_1	None	hypothetical protein
GCA_025728675___contig_3_fragment_1_22	GCA_025728675___contig_3_fragment_1	VOG14084	REFSEQ hypothetical protein
GCA_025728675___contig_3_fragment_1_23	GCA_025728675___contig_3_fragment_1	None	hypothetical protein
GCA_025728675___contig_3_fragment_1_24	GCA_025728675___contig_3_fragment_1	None	hypothetical protein
GCA_025728675___contig_3_fragment_1_25	GCA_025728675___contig_3_fragment_1	VOG10124	sp|O34449|YOQD_BACSU SPBc2 prophage-derived putative antirepressor protein YoqD
GCA_025728675___contig_3_fragment_1_26	GCA_025728675___contig_3_fragment_1	None	hypothetical protein
GCA_025728675___contig_3_fragment_1_27	GCA_025728675___contig_3_fragment_1	VOG20253	REFSEQ hypothetical protein
GCA_025728675___contig_3_fragment_1_28	GCA_025728675___contig_3_fragment_1	None	hypothetical protein
GCA_025728675___contig_3_fragment_1_29	GCA_025728675___contig_3_fragment_1	VOG00041	sp|O10330|VLF1_NPVOP Very late expression factor 1
GCA_001047525___contig_7_fragment_1_77	GCA_001047525___contig_7_fragment_1	PF05382.13	Bacteriophage peptidoglycan hydrolase
GCA_001047525___contig_7_fragment_1_78	GCA_001047525___contig_7_fragment_1	PF16938.5	Putative phage holin Dp-1
GCA_001047525___contig_7_fragment_1_79	GCA_001047525___contig_7_fragment_1	None	hypothetical protein
GCA_001047525___contig_7_fragment_1_80	GCA_001047525___contig_7_fragment_1	None	hypothetical protein
GCA_001047525___contig_7_fragment_1_81	GCA_001047525___contig_7_fragment_1	None	hypothetical protein
GCA_001047525___contig_7_fragment_1_82	GCA_001047525___contig_7_fragment_1	None	hypothetical protein
GCA_001047525___contig_7_fragment_1_83	GCA_001047525___contig_7_fragment_1	None	hypothetical protein
GCA_001047525___contig_7_fragment_1_84	GCA_001047525___contig_7_fragment_1	VOG13479	REFSEQ gp067
GCA_001047525___contig_7_fragment_1_85	GCA_001047525___contig_7_fragment_1	VOG21997	REFSEQ hypothetical protein
GCA_001047525___contig_7_fragment_1_86	GCA_001047525___contig_7_fragment_1	VOG00824	REFSEQ putative antireceptor
GCA_001047525___contig_7_fragment_1_87	GCA_001047525___contig_7_fragment_1	VOG00097	sp|O48459|DIT_BPSPP Distal tail protein
GCA_001047525___contig_7_fragment_1_88	GCA_001047525___contig_7_fragment_1	VOG02632	REFSEQ gp14
GCA_001047525___contig_7_fragment_1_89	GCA_001047525___contig_7_fragment_1	VOG01394	REFSEQ hypothetical protein
GCA_001047525___contig_7_fragment_1_90	GCA_001047525___contig_7_fragment_1	PF12363.8	"Phage tail assembly chaperone protein, TAC"
GCA_001047525___contig_7_fragment_1_91	GCA_001047525___contig_7_fragment_1	VOG00149	sp|A9CRB8|TAIL_BPMR1 Putative tail protein
GCA_001047525___contig_7_fragment_1_92	GCA_001047525___contig_7_fragment_1	VOG00743	sp|O48448|COMPL_BPSPP Tail completion protein gp17
GCA_001047525___contig_7_fragment_1_93	GCA_001047525___contig_7_fragment_1	None	hypothetical protein
GCA_001047525___contig_7_fragment_1_94	GCA_001047525___contig_7_fragment_1	None	hypothetical protein
GCA_001047525___contig_7_fragment_1_95	GCA_001047525___contig_7_fragment_1	K22994	pelX; pectate disaccharide-lyase [EC:4.2.2.9]
GCA_001047525___contig_7_fragment_1_96	GCA_001047525___contig_7_fragment_1	K22994	pelX; pectate disaccharide-lyase [EC:4.2.2.9]
GCA_001047525___contig_7_fragment_1_97	GCA_001047525___contig_7_fragment_1	VOG00188	sp|Q03182|RINA_BPPHA Transcriptional activator rinA
GCA_001047525___contig_7_fragment_1_98	GCA_001047525___contig_7_fragment_1	None	hypothetical protein
GCA_001047525___contig_7_fragment_1_99	GCA_001047525___contig_7_fragment_1	None	hypothetical protein
GCA_001047525___contig_7_fragment_1_100	GCA_001047525___contig_7_fragment_1	VOG00459	REFSEQ putative CI-like transcriptional repressor
GCA_001047525___contig_7_fragment_1_101	GCA_001047525___contig_7_fragment_1	None	hypothetical protein
GCA_001047525___contig_7_fragment_1_102	GCA_001047525___contig_7_fragment_1	K09022	"ridA, tdcF, RIDA; 2-iminobutanoate/2-iminopropanoate deaminase [EC:3.5.99.10]"
GCA_001047525___contig_7_fragment_1_103	GCA_001047525___contig_7_fragment_1	K02013	ABC.FEV.A; iron complex transport system ATP-binding protein [EC:7.2.2.-]
GCA_001047395___contig_3_fragment_6_801	GCA_001047395___contig_3_fragment_6	VOG14094	sp|A0A0H3CCP8|SOCA_CAUVN Antitoxin SocA
GCA_001047395___contig_3_fragment_6_802	GCA_001047395___contig_3_fragment_6	PF10097.9	Predicted membrane protein (DUF2335)
GCA_001047395___contig_3_fragment_6_803	GCA_001047395___contig_3_fragment_6	None	hypothetical protein
GCA_001047395___contig_3_fragment_6_804	GCA_001047395___contig_3_fragment_6	None	hypothetical protein
GCA_001047395___contig_3_fragment_6_805	GCA_001047395___contig_3_fragment_6	None	hypothetical protein
GCA_001047395___contig_3_fragment_6_806	GCA_001047395___contig_3_fragment_6	K07273	acm; lysozyme
GCA_001047395___contig_3_fragment_6_807	GCA_001047395___contig_3_fragment_6	PF16938.5	Putative phage holin Dp-1
GCA_001047395___contig_3_fragment_6_808	GCA_001047395___contig_3_fragment_6	None	hypothetical protein
GCA_001047395___contig_3_fragment_6_809	GCA_001047395___contig_3_fragment_6	PF09693.10	Phage uncharacterised protein (Phage_XkdX)
GCA_001047395___contig_3_fragment_6_810	GCA_001047395___contig_3_fragment_6	None	hypothetical protein
GCA_001047395___contig_3_fragment_6_811	GCA_001047395___contig_3_fragment_6	None	hypothetical protein
GCA_001047395___contig_3_fragment_6_812	GCA_001047395___contig_3_fragment_6	VOG18935	REFSEQ hypothetical protein
GCA_001047395___contig_3_fragment_6_813	GCA_001047395___contig_3_fragment_6	None	hypothetical protein
GCA_001047395___contig_3_fragment_6_814	GCA_001047395___contig_3_fragment_6	None	hypothetical protein
GCA_001047395___contig_3_fragment_6_815	GCA_001047395___contig_3_fragment_6	PF06605.11	Prophage endopeptidase tail
GCA_001047395___contig_3_fragment_6_816	GCA_001047395___contig_3_fragment_6	VOG01075	REFSEQ hypothetical protein
GCA_001047395___contig_3_fragment_6_817	GCA_001047395___contig_3_fragment_6	VOG04056	REFSEQ hypothetical protein
GCA_001047395___contig_3_fragment_6_818	GCA_001047395___contig_3_fragment_6	VOG21220	REFSEQ phage tape measure protein
GCA_001047395___contig_3_fragment_6_819	GCA_001047395___contig_3_fragment_6	None	hypothetical protein
GCA_001047395___contig_3_fragment_6_820	GCA_001047395___contig_3_fragment_6	None	hypothetical protein
GCA_001047395___contig_3_fragment_6_821	GCA_001047395___contig_3_fragment_6	None	hypothetical protein
GCA_001047395___contig_3_fragment_6_822	GCA_001047395___contig_3_fragment_6	VOG01397	REFSEQ major tail protein
GCA_001047395___contig_3_fragment_6_823	GCA_001047395___contig_3_fragment_6	None	hypothetical protein
GCA_001047395___contig_3_fragment_6_824	GCA_001047395___contig_3_fragment_6	VOG03575	REFSEQ hypothetical protein
GCA_001047395___contig_3_fragment_6_825	GCA_001047395___contig_3_fragment_6	None	hypothetical protein
GCA_001047395___contig_3_fragment_6_826	GCA_001047395___contig_3_fragment_6	VOG00181	REFSEQ hypothetical protein
GCA_001047395___contig_3_fragment_6_827	GCA_001047395___contig_3_fragment_6	VOG13487	REFSEQ major capsid L
GCA_001047395___contig_3_fragment_6_828	GCA_001047395___contig_3_fragment_6	K06904	K06904; uncharacterized protein
GCA_001047395___contig_3_fragment_6_829	GCA_001047395___contig_3_fragment_6	PF04860.12	Phage portal protein
GCA_001047395___contig_3_fragment_6_830	GCA_001047395___contig_3_fragment_6	PF03354.15	Phage Terminase
GCA_001047395___contig_3_fragment_6_831	GCA_001047395___contig_3_fragment_6	VOG04497	REFSEQ putative terminase small subunit
GCA_001047395___contig_3_fragment_6_832	GCA_001047395___contig_3_fragment_6	VOG00687	REFSEQ terminase small subunit
GCA_001047395___contig_3_fragment_6_833	GCA_001047395___contig_3_fragment_6	VOG00962	REFSEQ hypothetical protein
GCA_001047395___contig_3_fragment_6_834	GCA_001047395___contig_3_fragment_6	None	hypothetical protein
GCA_001047395___contig_3_fragment_6_835	GCA_001047395___contig_3_fragment_6	None	hypothetical protein
GCA_001047395___contig_3_fragment_6_836	GCA_001047395___contig_3_fragment_6	None	hypothetical protein
GCA_001047395___contig_3_fragment_6_837	GCA_001047395___contig_3_fragment_6	VOG00188	sp|Q03182|RINA_BPPHA Transcriptional activator rinA
GCA_001047395___contig_3_fragment_6_838	GCA_001047395___contig_3_fragment_6	VOG00065	sp|Q38441|YOR5_BPSPP Uncharacterized 10.3 kDa protein in GP2-GP6 intergenic region
GCA_001047395___contig_3_fragment_6_839	GCA_001047395___contig_3_fragment_6	None	hypothetical protein
GCA_001047395___contig_3_fragment_6_840	GCA_001047395___contig_3_fragment_6	None	hypothetical protein
GCA_001047395___contig_3_fragment_6_841	GCA_001047395___contig_3_fragment_6	None	hypothetical protein
GCA_001047395___contig_3_fragment_6_842	GCA_001047395___contig_3_fragment_6	PF05866.11	Endodeoxyribonuclease RusA
GCA_001047395___contig_3_fragment_6_843	GCA_001047395___contig_3_fragment_6	VOG00404	sp|P9WGD4|SSB_MYCTO Single-stranded DNA-binding protein
GCA_001047395___contig_3_fragment_6_844	GCA_001047395___contig_3_fragment_6	None	hypothetical protein
GCA_001047395___contig_3_fragment_6_845	GCA_001047395___contig_3_fragment_6	VOG21431	REFSEQ hypothetical protein
GCA_001047395___contig_3_fragment_6_846	GCA_001047395___contig_3_fragment_6	PF16784.5	Putative HNHc nuclease
GCA_001047395___contig_3_fragment_6_847	GCA_001047395___contig_3_fragment_6	PF04404.12	ERF superfamily
GCA_001047395___contig_3_fragment_6_848	GCA_001047395___contig_3_fragment_6	VOG11084	REFSEQ hypothetical protein
GCA_001047395___contig_3_fragment_6_849	GCA_001047395___contig_3_fragment_6	None	hypothetical protein
GCA_001047395___contig_3_fragment_6_850	GCA_001047395___contig_3_fragment_6	None	hypothetical protein
GCA_001047395___contig_3_fragment_6_851	GCA_001047395___contig_3_fragment_6	None	hypothetical protein
GCA_001047395___contig_3_fragment_6_852	GCA_001047395___contig_3_fragment_6	None	hypothetical protein
GCA_001047395___contig_3_fragment_6_853	GCA_001047395___contig_3_fragment_6	None	hypothetical protein
GCA_001047395___contig_3_fragment_6_854	GCA_001047395___contig_3_fragment_6	None	hypothetical protein
GCA_001047395___contig_3_fragment_6_855	GCA_001047395___contig_3_fragment_6	None	hypothetical protein
GCA_001047395___contig_3_fragment_6_856	GCA_001047395___contig_3_fragment_6	K07741	antB; anti-repressor protein
GCA_001047395___contig_3_fragment_6_857	GCA_001047395___contig_3_fragment_6	VOG14084	REFSEQ hypothetical protein
GCA_001047395___contig_3_fragment_6_858	GCA_001047395___contig_3_fragment_6	None	hypothetical protein
GCA_001047395___contig_3_fragment_6_859	GCA_001047395___contig_3_fragment_6	None	hypothetical protein
GCA_001047395___contig_3_fragment_6_860	GCA_001047395___contig_3_fragment_6	VOG10124	sp|O34449|YOQD_BACSU SPBc2 prophage-derived putative antirepressor protein YoqD
GCA_001047395___contig_3_fragment_6_861	GCA_001047395___contig_3_fragment_6	None	hypothetical protein
GCA_001047395___contig_3_fragment_6_862	GCA_001047395___contig_3_fragment_6	VOG20253	REFSEQ hypothetical protein
GCA_001047395___contig_3_fragment_6_863	GCA_001047395___contig_3_fragment_6	None	hypothetical protein
GCA_001047395___contig_3_fragment_6_864	GCA_001047395___contig_3_fragment_6	None	hypothetical protein
GCA_001047395___contig_3_fragment_6_865	GCA_001047395___contig_3_fragment_6	PF09669.10	Phage regulatory protein Rha (Phage_pRha)
GCA_001047395___contig_3_fragment_6_866	GCA_001047395___contig_3_fragment_6	None	hypothetical protein
GCA_001047395___contig_3_fragment_6_867	GCA_001047395___contig_3_fragment_6	None	hypothetical protein
GCA_001047395___contig_3_fragment_6_868	GCA_001047395___contig_3_fragment_6	K22300	"dicA; HTH-type transcriptional regulator, cell division transcriptional repressor"
GCA_001047395___contig_3_fragment_6_869	GCA_001047395___contig_3_fragment_6	VOG00041	sp|O10330|VLF1_NPVOP Very late expression factor 1
GCA_001047395___contig_3_fragment_6_870	GCA_001047395___contig_3_fragment_6	K02003	ABC.CD.A; putative ABC transport system ATP-binding protein
GCA_025728635___contig_21_1	GCA_025728635___contig_21	VOG00824	REFSEQ putative antireceptor
GCA_025728635___contig_21_2	GCA_025728635___contig_21	VOG00097	sp|O48459|DIT_BPSPP Distal tail protein
GCA_025728635___contig_21_3	GCA_025728635___contig_21	VOG02632	REFSEQ gp14
GCA_025728635___contig_21_4	GCA_025728635___contig_21	VOG01394	REFSEQ hypothetical protein
GCA_025728635___contig_21_5	GCA_025728635___contig_21	PF12363.8	"Phage tail assembly chaperone protein, TAC"
GCA_025728635___contig_21_6	GCA_025728635___contig_21	VOG00149	sp|A9CRB8|TAIL_BPMR1 Putative tail protein
GCA_025728635___contig_21_7	GCA_025728635___contig_21	VOG00743	sp|O48448|COMPL_BPSPP Tail completion protein gp17
GCA_025728635___contig_21_8	GCA_025728635___contig_21	VOG00973	REFSEQ hypothetical protein
GCA_025728635___contig_21_9	GCA_025728635___contig_21	VOG01134	REFSEQ hypothetical protein
GCA_025728635___contig_21_10	GCA_025728635___contig_21	VOG00283	sp|Q38584|HCP15_BPSPP Head completion protein gp15
GCA_025728635___contig_21_11	GCA_025728635___contig_21	PF02368.18	Bacterial Ig-like domain (group 2)
GCA_025728635___contig_21_12	GCA_025728635___contig_21	VOG00633	sp|O64210|CAPSD_BPMD2 Probable major capsid protein gp17
GCA_025728635___contig_21_13	GCA_025728635___contig_21	PF14265.6	Domain of unknown function (DUF4355)
GCA_025728635___contig_21_14	GCA_025728635___contig_21	VOG00686	sp|Q38442|GP7_BPSPP Minor head protein GP7
GCA_025728635___contig_21_15	GCA_025728635___contig_21	PF05133.14	"Phage portal protein, SPP1 Gp6-like"
GCA_025728635___contig_21_16	GCA_025728635___contig_21	K06909	xtmB; phage terminase large subunit
GCA_025728635___contig_21_17	GCA_025728635___contig_21	K07474	xtmA; phage terminase small subunit
GCA_025728635___contig_21_18	GCA_025728635___contig_21	None	hypothetical protein
GCA_025728635___contig_21_19	GCA_025728635___contig_21	VOG00188	sp|Q03182|RINA_BPPHA Transcriptional activator rinA
GCA_025728635___contig_21_20	GCA_025728635___contig_21	VOG24298	REFSEQ gp32
GCA_025728635___contig_21_21	GCA_025728635___contig_21	None	hypothetical protein
GCA_025728635___contig_21_22	GCA_025728635___contig_21	VOG00674	REFSEQ putative DNA polymerase
GCA_025728635___contig_21_23	GCA_025728635___contig_21	VOG24297	REFSEQ gp30
GCA_025728635___contig_21_24	GCA_025728635___contig_21	VOG12256	REFSEQ hypothetical protein
GCA_025728635___contig_21_25	GCA_025728635___contig_21	VOG01036	sp|C0SP91|YYCJ_BACSU Putative metallo-hydrolase YycJ
GCA_025728635___contig_21_26	GCA_025728635___contig_21	None	hypothetical protein
GCA_025728635___contig_21_27	GCA_025728635___contig_21	None	hypothetical protein
GCA_025728635___contig_21_28	GCA_025728635___contig_21	None	hypothetical protein
GCA_025728635___contig_21_29	GCA_025728635___contig_21	None	hypothetical protein
GCA_025728635___contig_21_30	GCA_025728635___contig_21	None	hypothetical protein
GCA_025728635___contig_21_31	GCA_025728635___contig_21	None	hypothetical protein
MP_BCQMy223___contig_3_1	MP_BCQMy223___contig_3	K07467	rstA1; phage replication initiation protein
MP_BCQMy223___contig_3_2	MP_BCQMy223___contig_3	None	hypothetical protein
MP_BCQMy223___contig_3_3	MP_BCQMy223___contig_3	None	hypothetical protein
MP_BCQMy223___contig_3_4	MP_BCQMy223___contig_3	None	hypothetical protein
MP_BCQMy223___contig_3_5	MP_BCQMy223___contig_3	PF07564.11	Domain of Unknown Function (DUF1542)
MP_BCQMy223___contig_3_6	MP_BCQMy223___contig_3	None	hypothetical protein
MP_BCQMy223___contig_3_7	MP_BCQMy223___contig_3	PF00239.21	"Resolvase, N terminal domain"
MP_BCQMy223___contig_3_8	MP_BCQMy223___contig_3	VOG19011	REFSEQ hypothetical protein
MP_BCQMy223___contig_3_9	MP_BCQMy223___contig_3	None	hypothetical protein
MP_BCQMy223___contig_3_10	MP_BCQMy223___contig_3	PF03318.13	Clostridium epsilon toxin ETX/Bacillus mosquitocidal toxin MTX2
MP_BCQMy223___contig_3_11	MP_BCQMy223___contig_3	K01972	"E6.5.1.2, ligA, ligB; DNA ligase (NAD+) [EC:6.5.1.2]"
MP_BCQMy223___contig_3_12	MP_BCQMy223___contig_3	PF17363.2	Family of unknown function (DUF5388)
MP_BCQMy223___contig_3_13	MP_BCQMy223___contig_3	K03496	"parA, soj; chromosome partitioning protein"
MP_BCQMy223___contig_3_14	MP_BCQMy223___contig_3	None	hypothetical protein
MP_BCQMy223___contig_3_15	MP_BCQMy223___contig_3	None	hypothetical protein
MP_BCQMy223___contig_3_16	MP_BCQMy223___contig_3	None	hypothetical protein
MP_BCQMy223___contig_3_17	MP_BCQMy223___contig_3	VOG01473	REFSEQ FtsK/SpoIIIE protein
GCA_001047395___contig_1_1	GCA_001047395___contig_1	K07467	rstA1; phage replication initiation protein
GCA_001047395___contig_1_2	GCA_001047395___contig_1	None	hypothetical protein
GCA_001047395___contig_1_3	GCA_001047395___contig_1	None	hypothetical protein
GCA_001047395___contig_1_4	GCA_001047395___contig_1	None	hypothetical protein
GCA_001047395___contig_1_5	GCA_001047395___contig_1	PF07564.11	Domain of Unknown Function (DUF1542)
GCA_001047395___contig_1_6	GCA_001047395___contig_1	None	hypothetical protein
GCA_001047395___contig_1_7	GCA_001047395___contig_1	PF00239.21	"Resolvase, N terminal domain"
GCA_001047395___contig_1_8	GCA_001047395___contig_1	VOG19011	REFSEQ hypothetical protein
GCA_001047395___contig_1_9	GCA_001047395___contig_1	None	hypothetical protein
GCA_001047395___contig_1_10	GCA_001047395___contig_1	PF03318.13	Clostridium epsilon toxin ETX/Bacillus mosquitocidal toxin MTX2
GCA_001047395___contig_1_11	GCA_001047395___contig_1	K01972	"E6.5.1.2, ligA, ligB; DNA ligase (NAD+) [EC:6.5.1.2]"
GCA_001047395___contig_1_12	GCA_001047395___contig_1	PF17363.2	Family of unknown function (DUF5388)
GCA_001047395___contig_1_13	GCA_001047395___contig_1	K03496	"parA, soj; chromosome partitioning protein"
GCA_001047395___contig_1_14	GCA_001047395___contig_1	None	hypothetical protein
GCA_001047395___contig_1_15	GCA_001047395___contig_1	None	hypothetical protein
GCA_001047395___contig_1_16	GCA_001047395___contig_1	None	hypothetical protein
GCA_001047395___contig_1_17	GCA_001047395___contig_1	None	hypothetical protein
GCA_001047395___contig_1_18	GCA_001047395___contig_1	VOG01473	REFSEQ FtsK/SpoIIIE protein
MP_BCQMy225___contig_3_1	MP_BCQMy225___contig_3	K07467	rstA1; phage replication initiation protein
MP_BCQMy225___contig_3_2	MP_BCQMy225___contig_3	None	hypothetical protein
MP_BCQMy225___contig_3_3	MP_BCQMy225___contig_3	None	hypothetical protein
MP_BCQMy225___contig_3_4	MP_BCQMy225___contig_3	None	hypothetical protein
MP_BCQMy225___contig_3_5	MP_BCQMy225___contig_3	PF07564.11	Domain of Unknown Function (DUF1542)
MP_BCQMy225___contig_3_6	MP_BCQMy225___contig_3	None	hypothetical protein
MP_BCQMy225___contig_3_7	MP_BCQMy225___contig_3	PF00239.21	"Resolvase, N terminal domain"
MP_BCQMy225___contig_3_8	MP_BCQMy225___contig_3	VOG19011	REFSEQ hypothetical protein
MP_BCQMy225___contig_3_9	MP_BCQMy225___contig_3	None	hypothetical protein
MP_BCQMy225___contig_3_10	MP_BCQMy225___contig_3	PF03318.13	Clostridium epsilon toxin ETX/Bacillus mosquitocidal toxin MTX2
MP_BCQMy225___contig_3_11	MP_BCQMy225___contig_3	K01972	"E6.5.1.2, ligA, ligB; DNA ligase (NAD+) [EC:6.5.1.2]"
MP_BCQMy225___contig_3_12	MP_BCQMy225___contig_3	PF17363.2	Family of unknown function (DUF5388)
MP_BCQMy225___contig_3_13	MP_BCQMy225___contig_3	K03496	"parA, soj; chromosome partitioning protein"
MP_BCQMy225___contig_3_14	MP_BCQMy225___contig_3	None	hypothetical protein
MP_BCQMy225___contig_3_15	MP_BCQMy225___contig_3	None	hypothetical protein
MP_BCQMy225___contig_3_16	MP_BCQMy225___contig_3	None	hypothetical protein
MP_BCQMy225___contig_3_17	MP_BCQMy225___contig_3	VOG01473	REFSEQ FtsK/SpoIIIE protein
GCA_025728695___contig_140_1	GCA_025728695___contig_140	PF12363.8	"Phage tail assembly chaperone protein, TAC"
GCA_025728695___contig_140_2	GCA_025728695___contig_140	VOG00149	sp|A9CRB8|TAIL_BPMR1 Putative tail protein
GCA_025728695___contig_140_3	GCA_025728695___contig_140	VOG00743	sp|O48448|COMPL_BPSPP Tail completion protein gp17
GCA_025728695___contig_140_4	GCA_025728695___contig_140	None	hypothetical protein
GCA_025728645___contig_11_fragment_1_1	GCA_025728645___contig_11_fragment_1	VOG00824	REFSEQ putative antireceptor
GCA_025728645___contig_11_fragment_1_2	GCA_025728645___contig_11_fragment_1	VOG00097	sp|O48459|DIT_BPSPP Distal tail protein
GCA_025728645___contig_11_fragment_1_3	GCA_025728645___contig_11_fragment_1	VOG02632	REFSEQ gp14
GCA_025728645___contig_11_fragment_1_4	GCA_025728645___contig_11_fragment_1	VOG01394	REFSEQ hypothetical protein
GCA_025728645___contig_11_fragment_1_5	GCA_025728645___contig_11_fragment_1	PF12363.8	"Phage tail assembly chaperone protein, TAC"
GCA_025728645___contig_11_fragment_1_6	GCA_025728645___contig_11_fragment_1	VOG00149	sp|A9CRB8|TAIL_BPMR1 Putative tail protein
GCA_025728645___contig_11_fragment_1_7	GCA_025728645___contig_11_fragment_1	VOG00743	sp|O48448|COMPL_BPSPP Tail completion protein gp17
GCA_025728645___contig_11_fragment_1_8	GCA_025728645___contig_11_fragment_1	None	hypothetical protein
GCA_025728645___contig_11_fragment_1_9	GCA_025728645___contig_11_fragment_1	None	hypothetical protein
GCA_025728645___contig_11_fragment_1_10	GCA_025728645___contig_11_fragment_1	K22994	pelX; pectate disaccharide-lyase [EC:4.2.2.9]
GCA_025728645___contig_11_fragment_1_11	GCA_025728645___contig_11_fragment_1	VOG00188	sp|Q03182|RINA_BPPHA Transcriptional activator rinA
GCA_025728645___contig_11_fragment_1_12	GCA_025728645___contig_11_fragment_1	None	hypothetical protein
GCA_025728645___contig_11_fragment_1_13	GCA_025728645___contig_11_fragment_1	None	hypothetical protein
GCA_025728645___contig_11_fragment_1_14	GCA_025728645___contig_11_fragment_1	VOG00459	REFSEQ putative CI-like transcriptional repressor
GCA_025728645___contig_11_fragment_1_15	GCA_025728645___contig_11_fragment_1	None	hypothetical protein
GCA_025728645___contig_11_fragment_1_16	GCA_025728645___contig_11_fragment_1	K09022	"ridA, tdcF, RIDA; 2-iminobutanoate/2-iminopropanoate deaminase [EC:3.5.99.10]"
GCA_025728645___contig_11_fragment_1_17	GCA_025728645___contig_11_fragment_1	K02013	ABC.FEV.A; iron complex transport system ATP-binding protein [EC:7.2.2.-]
GCA_025728595___contig_1_fragment_2_247	GCA_025728595___contig_1_fragment_2	K02013	ABC.FEV.A; iron complex transport system ATP-binding protein [EC:7.2.2.-]
GCA_025728595___contig_1_fragment_2_248	GCA_025728595___contig_1_fragment_2	K09022	"ridA, tdcF, RIDA; 2-iminobutanoate/2-iminopropanoate deaminase [EC:3.5.99.10]"
GCA_025728595___contig_1_fragment_2_249	GCA_025728595___contig_1_fragment_2	None	hypothetical protein
GCA_025728595___contig_1_fragment_2_250	GCA_025728595___contig_1_fragment_2	VOG00459	REFSEQ putative CI-like transcriptional repressor
GCA_025728595___contig_1_fragment_2_251	GCA_025728595___contig_1_fragment_2	None	hypothetical protein
GCA_025728595___contig_1_fragment_2_252	GCA_025728595___contig_1_fragment_2	None	hypothetical protein
GCA_025728595___contig_1_fragment_2_253	GCA_025728595___contig_1_fragment_2	VOG00188	sp|Q03182|RINA_BPPHA Transcriptional activator rinA
GCA_025728595___contig_1_fragment_2_254	GCA_025728595___contig_1_fragment_2	K22994	pelX; pectate disaccharide-lyase [EC:4.2.2.9]
GCA_025728595___contig_1_fragment_2_255	GCA_025728595___contig_1_fragment_2	None	hypothetical protein
GCA_025728595___contig_1_fragment_2_256	GCA_025728595___contig_1_fragment_2	None	hypothetical protein
GCA_025728595___contig_1_fragment_2_257	GCA_025728595___contig_1_fragment_2	VOG00743	sp|O48448|COMPL_BPSPP Tail completion protein gp17
GCA_025728595___contig_1_fragment_2_258	GCA_025728595___contig_1_fragment_2	VOG00149	sp|A9CRB8|TAIL_BPMR1 Putative tail protein
GCA_025728595___contig_1_fragment_2_259	GCA_025728595___contig_1_fragment_2	PF12363.8	"Phage tail assembly chaperone protein, TAC"
GCA_025728595___contig_1_fragment_2_260	GCA_025728595___contig_1_fragment_2	VOG01394	REFSEQ hypothetical protein
GCA_025728595___contig_1_fragment_2_261	GCA_025728595___contig_1_fragment_2	VOG02632	REFSEQ gp14
GCA_025728595___contig_1_fragment_2_262	GCA_025728595___contig_1_fragment_2	VOG00097	sp|O48459|DIT_BPSPP Distal tail protein
MP_BCQMy223___contig_1_fragment_3_287	MP_BCQMy223___contig_1_fragment_3	VOG00041	sp|O10330|VLF1_NPVOP Very late expression factor 1
MP_BCQMy223___contig_1_fragment_3_288	MP_BCQMy223___contig_1_fragment_3	VOG03321	REFSEQ hypothetical protein
MP_BCQMy223___contig_1_fragment_3_289	MP_BCQMy223___contig_1_fragment_3	VOG00361	sp|P10426|YIM2_BPPH1 Uncharacterized immunity region protein 2
MP_BCQMy223___contig_1_fragment_3_290	MP_BCQMy223___contig_1_fragment_3	VOG02771	sp|P03034|RPC1_LAMBD Repressor protein cI
MP_BCQMy223___contig_1_fragment_3_291	MP_BCQMy223___contig_1_fragment_3	None	hypothetical protein
MP_BCQMy223___contig_1_fragment_3_292	MP_BCQMy223___contig_1_fragment_3	None	hypothetical protein
MP_BCQMy223___contig_1_fragment_3_293	MP_BCQMy223___contig_1_fragment_3	None	hypothetical protein
MP_BCQMy223___contig_1_fragment_3_294	MP_BCQMy223___contig_1_fragment_3	None	hypothetical protein
MP_BCQMy223___contig_1_fragment_3_295	MP_BCQMy223___contig_1_fragment_3	None	hypothetical protein
MP_BCQMy223___contig_1_fragment_3_296	MP_BCQMy223___contig_1_fragment_3	None	hypothetical protein
MP_BCQMy223___contig_1_fragment_3_297	MP_BCQMy223___contig_1_fragment_3	None	hypothetical protein
MP_BCQMy223___contig_1_fragment_3_298	MP_BCQMy223___contig_1_fragment_3	VOG00523	sp|Q9T1Q7|VP41_BPAPS Putative protein p41
MP_BCQMy223___contig_1_fragment_3_299	MP_BCQMy223___contig_1_fragment_3	VOG00399	sp|Q9T1Q4|VP44_BPAPS Putative nuclease p44
MP_BCQMy223___contig_1_fragment_3_300	MP_BCQMy223___contig_1_fragment_3	None	hypothetical protein
MP_BCQMy223___contig_1_fragment_3_301	MP_BCQMy223___contig_1_fragment_3	PF13479.6	AAA domain
MP_BCQMy223___contig_1_fragment_3_302	MP_BCQMy223___contig_1_fragment_3	VOG03001	REFSEQ hypothetical protein
MP_BCQMy223___contig_1_fragment_3_303	MP_BCQMy223___contig_1_fragment_3	None	hypothetical protein
MP_BCQMy223___contig_1_fragment_3_304	MP_BCQMy223___contig_1_fragment_3	None	hypothetical protein
MP_BCQMy223___contig_1_fragment_3_305	MP_BCQMy223___contig_1_fragment_3	VOG00674	REFSEQ putative DNA polymerase
MP_BCQMy223___contig_1_fragment_3_306	MP_BCQMy223___contig_1_fragment_3	VOG00724	sp|P10277|PRIM_BPP4 Putative P4-specific DNA primase
MP_BCQMy223___contig_1_fragment_3_307	MP_BCQMy223___contig_1_fragment_3	VOG00188	sp|Q03182|RINA_BPPHA Transcriptional activator rinA
MP_BCQMy223___contig_1_fragment_3_308	MP_BCQMy223___contig_1_fragment_3	None	hypothetical protein
MP_BCQMy223___contig_1_fragment_3_309	MP_BCQMy223___contig_1_fragment_3	VOG00679	REFSEQ HNH endonuclease
MP_BCQMy223___contig_1_fragment_3_310	MP_BCQMy223___contig_1_fragment_3	None	hypothetical protein
MP_BCQMy223___contig_1_fragment_3_311	MP_BCQMy223___contig_1_fragment_3	PF03354.15	Phage Terminase
MP_BCQMy223___contig_1_fragment_3_312	MP_BCQMy223___contig_1_fragment_3	PF04860.12	Phage portal protein
MP_BCQMy223___contig_1_fragment_3_313	MP_BCQMy223___contig_1_fragment_3	K06904	K06904; uncharacterized protein
MP_BCQMy223___contig_1_fragment_3_314	MP_BCQMy223___contig_1_fragment_3	PF05065.13	Phage capsid family
MP_BCQMy223___contig_1_fragment_3_315	MP_BCQMy223___contig_1_fragment_3	VOG23089	REFSEQ hypothetical protein
MP_BCQMy223___contig_1_fragment_3_316	MP_BCQMy223___contig_1_fragment_3	VOG23090	REFSEQ head-tail adaptor
MP_BCQMy223___contig_1_fragment_3_317	MP_BCQMy223___contig_1_fragment_3	VOG23091	REFSEQ hypothetical protein
MP_BCQMy223___contig_1_fragment_3_318	MP_BCQMy223___contig_1_fragment_3	VOG00973	REFSEQ hypothetical protein
MP_BCQMy223___contig_1_fragment_3_319	MP_BCQMy223___contig_1_fragment_3	VOG01397	REFSEQ major tail protein
MP_BCQMy223___contig_1_fragment_3_320	MP_BCQMy223___contig_1_fragment_3	None	hypothetical protein
MP_BCQMy223___contig_1_fragment_3_321	MP_BCQMy223___contig_1_fragment_3	VOG02333	REFSEQ tail tape measure protein
MP_BCQMy223___contig_1_fragment_3_322	MP_BCQMy223___contig_1_fragment_3	None	hypothetical protein
MP_BCQMy223___contig_1_fragment_3_323	MP_BCQMy223___contig_1_fragment_3	VOG00824	REFSEQ putative antireceptor
MP_BCQMy223___contig_1_fragment_3_324	MP_BCQMy223___contig_1_fragment_3	VOG13479	REFSEQ gp067
MP_BCQMy223___contig_1_fragment_3_325	MP_BCQMy223___contig_1_fragment_3	None	hypothetical protein
MP_BCQMy223___contig_1_fragment_3_326	MP_BCQMy223___contig_1_fragment_3	None	hypothetical protein
MP_BCQMy223___contig_1_fragment_3_327	MP_BCQMy223___contig_1_fragment_3	PF10779.9	Haemolysin XhlA
MP_BCQMy223___contig_1_fragment_3_328	MP_BCQMy223___contig_1_fragment_3	PF16938.5	Putative phage holin Dp-1
MP_BCQMy223___contig_1_fragment_3_329	MP_BCQMy223___contig_1_fragment_3	PF05382.13	Bacteriophage peptidoglycan hydrolase
MP_BCQMy223___contig_1_fragment_5_447	MP_BCQMy223___contig_1_fragment_5	K06977	K06977; uncharacterized protein
MP_BCQMy223___contig_1_fragment_5_448	MP_BCQMy223___contig_1_fragment_5	None	hypothetical protein
MP_BCQMy223___contig_1_fragment_5_449	MP_BCQMy223___contig_1_fragment_5	PF08282.12	haloacid dehalogenase-like hydrolase
MP_BCQMy223___contig_1_fragment_5_450	MP_BCQMy223___contig_1_fragment_5	VOG00041	sp|O10330|VLF1_NPVOP Very late expression factor 1
MP_BCQMy223___contig_1_fragment_5_451	MP_BCQMy223___contig_1_fragment_5	None	hypothetical protein
MP_BCQMy223___contig_1_fragment_5_452	MP_BCQMy223___contig_1_fragment_5	PF07553.11	Host cell surface-exposed lipoprotein
MP_BCQMy223___contig_1_fragment_5_453	MP_BCQMy223___contig_1_fragment_5	VOG20253	REFSEQ hypothetical protein
MP_BCQMy223___contig_1_fragment_5_454	MP_BCQMy223___contig_1_fragment_5	None	hypothetical protein
MP_BCQMy223___contig_1_fragment_5_455	MP_BCQMy223___contig_1_fragment_5	VOG10124	sp|O34449|YOQD_BACSU SPBc2 prophage-derived putative antirepressor protein YoqD
MP_BCQMy223___contig_1_fragment_5_456	MP_BCQMy223___contig_1_fragment_5	None	hypothetical protein
MP_BCQMy223___contig_1_fragment_5_457	MP_BCQMy223___contig_1_fragment_5	None	hypothetical protein
MP_BCQMy223___contig_1_fragment_5_458	MP_BCQMy223___contig_1_fragment_5	K07741	antB; anti-repressor protein
MP_BCQMy223___contig_1_fragment_5_459	MP_BCQMy223___contig_1_fragment_5	None	hypothetical protein
MP_BCQMy223___contig_1_fragment_5_460	MP_BCQMy223___contig_1_fragment_5	None	hypothetical protein
MP_BCQMy223___contig_1_fragment_5_461	MP_BCQMy223___contig_1_fragment_5	None	hypothetical protein
MP_BCQMy223___contig_1_fragment_5_462	MP_BCQMy223___contig_1_fragment_5	K07741	antB; anti-repressor protein
MP_BCQMy223___contig_1_fragment_5_463	MP_BCQMy223___contig_1_fragment_5	None	hypothetical protein
MP_BCQMy223___contig_1_fragment_5_464	MP_BCQMy223___contig_1_fragment_5	None	hypothetical protein
MP_BCQMy223___contig_1_fragment_5_465	MP_BCQMy223___contig_1_fragment_5	None	hypothetical protein
MP_BCQMy223___contig_1_fragment_5_466	MP_BCQMy223___contig_1_fragment_5	None	hypothetical protein
MP_BCQMy223___contig_1_fragment_5_467	MP_BCQMy223___contig_1_fragment_5	None	hypothetical protein
MP_BCQMy223___contig_1_fragment_5_468	MP_BCQMy223___contig_1_fragment_5	None	hypothetical protein
MP_BCQMy223___contig_1_fragment_5_469	MP_BCQMy223___contig_1_fragment_5	PF03837.14	RecT family
MP_BCQMy223___contig_1_fragment_5_470	MP_BCQMy223___contig_1_fragment_5	PF12684.7	PDDEXK-like domain of unknown function (DUF3799)
MP_BCQMy223___contig_1_fragment_5_471	MP_BCQMy223___contig_1_fragment_5	PF16784.5	Putative HNHc nuclease
MP_BCQMy223___contig_1_fragment_5_472	MP_BCQMy223___contig_1_fragment_5	VOG21431	REFSEQ hypothetical protein
MP_BCQMy223___contig_1_fragment_5_473	MP_BCQMy223___contig_1_fragment_5	None	hypothetical protein
MP_BCQMy223___contig_1_fragment_5_474	MP_BCQMy223___contig_1_fragment_5	VOG00404	sp|P9WGD4|SSB_MYCTO Single-stranded DNA-binding protein
MP_BCQMy223___contig_1_fragment_5_475	MP_BCQMy223___contig_1_fragment_5	VOG01162	sp|O34055|ARPU_BPO12 Putative autolysin regulatory protein ArpU
MP_BCQMy223___contig_1_fragment_5_476	MP_BCQMy223___contig_1_fragment_5	None	hypothetical protein
MP_BCQMy223___contig_1_fragment_5_477	MP_BCQMy223___contig_1_fragment_5	VOG01156	REFSEQ hypothetical protein
MP_BCQMy223___contig_1_fragment_5_478	MP_BCQMy223___contig_1_fragment_5	None	hypothetical protein
MP_BCQMy223___contig_1_fragment_5_479	MP_BCQMy223___contig_1_fragment_5	None	hypothetical protein
MP_BCQMy223___contig_1_fragment_5_480	MP_BCQMy223___contig_1_fragment_5	VOG00962	REFSEQ hypothetical protein
MP_BCQMy223___contig_1_fragment_5_481	MP_BCQMy223___contig_1_fragment_5	VOG00687	REFSEQ terminase small subunit
MP_BCQMy223___contig_1_fragment_5_482	MP_BCQMy223___contig_1_fragment_5	VOG04497	REFSEQ putative terminase small subunit
MP_BCQMy223___contig_1_fragment_5_483	MP_BCQMy223___contig_1_fragment_5	PF04860.12	Phage portal protein
MP_BCQMy223___contig_1_fragment_5_484	MP_BCQMy223___contig_1_fragment_5	K06904	K06904; uncharacterized protein
MP_BCQMy223___contig_1_fragment_5_485	MP_BCQMy223___contig_1_fragment_5	VOG13487	REFSEQ major capsid L
MP_BCQMy223___contig_1_fragment_5_486	MP_BCQMy223___contig_1_fragment_5	VOG00181	REFSEQ hypothetical protein
MP_BCQMy223___contig_1_fragment_5_487	MP_BCQMy223___contig_1_fragment_5	VOG00066	sp|O48446|HCP16_BPSPP Head completion protein gp16
MP_BCQMy223___contig_1_fragment_5_488	MP_BCQMy223___contig_1_fragment_5	VOG03575	REFSEQ hypothetical protein
MP_BCQMy223___contig_1_fragment_5_489	MP_BCQMy223___contig_1_fragment_5	None	hypothetical protein
MP_BCQMy223___contig_1_fragment_5_490	MP_BCQMy223___contig_1_fragment_5	VOG01397	REFSEQ major tail protein
MP_BCQMy223___contig_1_fragment_5_491	MP_BCQMy223___contig_1_fragment_5	None	hypothetical protein
MP_BCQMy223___contig_1_fragment_5_492	MP_BCQMy223___contig_1_fragment_5	None	hypothetical protein
MP_BCQMy223___contig_1_fragment_5_493	MP_BCQMy223___contig_1_fragment_5	VOG04056	REFSEQ hypothetical protein
MP_BCQMy223___contig_1_fragment_5_494	MP_BCQMy223___contig_1_fragment_5	VOG01075	REFSEQ hypothetical protein
MP_BCQMy223___contig_1_fragment_5_495	MP_BCQMy223___contig_1_fragment_5	PF06605.11	Prophage endopeptidase tail
MP_BCQMy223___contig_1_fragment_5_496	MP_BCQMy223___contig_1_fragment_5	None	hypothetical protein
MP_BCQMy223___contig_1_fragment_5_497	MP_BCQMy223___contig_1_fragment_5	None	hypothetical protein
MP_BCQMy223___contig_1_fragment_5_498	MP_BCQMy223___contig_1_fragment_5	VOG18935	REFSEQ hypothetical protein
MP_BCQMy223___contig_1_fragment_5_499	MP_BCQMy223___contig_1_fragment_5	None	hypothetical protein
MP_BCQMy223___contig_1_fragment_5_500	MP_BCQMy223___contig_1_fragment_5	None	hypothetical protein
MP_BCQMy223___contig_1_fragment_5_501	MP_BCQMy223___contig_1_fragment_5	PF09693.10	Phage uncharacterised protein (Phage_XkdX)
MP_BCQMy223___contig_1_fragment_5_502	MP_BCQMy223___contig_1_fragment_5	PF10779.9	Haemolysin XhlA
MP_BCQMy223___contig_1_fragment_5_503	MP_BCQMy223___contig_1_fragment_5	PF16938.5	Putative phage holin Dp-1
MP_BCQMy223___contig_1_fragment_5_504	MP_BCQMy223___contig_1_fragment_5	K07273	acm; lysozyme
MP_BCQMy223___contig_1_fragment_5_505	MP_BCQMy223___contig_1_fragment_5	None	hypothetical protein
MP_BCQMy223___contig_1_fragment_5_506	MP_BCQMy223___contig_1_fragment_5	VOG14226	REFSEQ hypothetical protein
MP_BCQMy223___contig_1_fragment_11_1118	MP_BCQMy223___contig_1_fragment_11	VOG00041	sp|O10330|VLF1_NPVOP Very late expression factor 1
MP_BCQMy223___contig_1_fragment_11_1119	MP_BCQMy223___contig_1_fragment_11	None	hypothetical protein
MP_BCQMy223___contig_1_fragment_11_1120	MP_BCQMy223___contig_1_fragment_11	None	hypothetical protein
MP_BCQMy223___contig_1_fragment_11_1121	MP_BCQMy223___contig_1_fragment_11	None	hypothetical protein
MP_BCQMy223___contig_1_fragment_11_1122	MP_BCQMy223___contig_1_fragment_11	VOG14094	sp|A0A0H3CCP8|SOCA_CAUVN Antitoxin SocA
MP_BCQMy223___contig_1_fragment_11_1123	MP_BCQMy223___contig_1_fragment_11	K07273	acm; lysozyme
MP_BCQMy223___contig_1_fragment_11_1124	MP_BCQMy223___contig_1_fragment_11	PF16938.5	Putative phage holin Dp-1
MP_BCQMy223___contig_1_fragment_11_1125	MP_BCQMy223___contig_1_fragment_11	None	hypothetical protein
MP_BCQMy223___contig_1_fragment_11_1126	MP_BCQMy223___contig_1_fragment_11	PF09693.10	Phage uncharacterised protein (Phage_XkdX)
MP_BCQMy223___contig_1_fragment_11_1127	MP_BCQMy223___contig_1_fragment_11	None	hypothetical protein
MP_BCQMy223___contig_1_fragment_11_1128	MP_BCQMy223___contig_1_fragment_11	None	hypothetical protein
MP_BCQMy223___contig_1_fragment_11_1129	MP_BCQMy223___contig_1_fragment_11	VOG18935	REFSEQ hypothetical protein
MP_BCQMy223___contig_1_fragment_11_1130	MP_BCQMy223___contig_1_fragment_11	None	hypothetical protein
MP_BCQMy223___contig_1_fragment_11_1131	MP_BCQMy223___contig_1_fragment_11	None	hypothetical protein
MP_BCQMy223___contig_1_fragment_11_1132	MP_BCQMy223___contig_1_fragment_11	PF06605.11	Prophage endopeptidase tail
MP_BCQMy223___contig_1_fragment_11_1133	MP_BCQMy223___contig_1_fragment_11	VOG01075	REFSEQ hypothetical protein
MP_BCQMy223___contig_1_fragment_11_1134	MP_BCQMy223___contig_1_fragment_11	VOG04056	REFSEQ hypothetical protein
MP_BCQMy223___contig_1_fragment_11_1135	MP_BCQMy223___contig_1_fragment_11	None	hypothetical protein
MP_BCQMy223___contig_1_fragment_11_1136	MP_BCQMy223___contig_1_fragment_11	None	hypothetical protein
MP_BCQMy223___contig_1_fragment_11_1137	MP_BCQMy223___contig_1_fragment_11	VOG01397	REFSEQ major tail protein
MP_BCQMy223___contig_1_fragment_11_1138	MP_BCQMy223___contig_1_fragment_11	None	hypothetical protein
MP_BCQMy223___contig_1_fragment_11_1139	MP_BCQMy223___contig_1_fragment_11	VOG03575	REFSEQ hypothetical protein
MP_BCQMy223___contig_1_fragment_11_1140	MP_BCQMy223___contig_1_fragment_11	VOG00066	sp|O48446|HCP16_BPSPP Head completion protein gp16
MP_BCQMy223___contig_1_fragment_11_1141	MP_BCQMy223___contig_1_fragment_11	VOG00181	REFSEQ hypothetical protein
MP_BCQMy223___contig_1_fragment_11_1142	MP_BCQMy223___contig_1_fragment_11	VOG13487	REFSEQ major capsid L
MP_BCQMy223___contig_1_fragment_11_1143	MP_BCQMy223___contig_1_fragment_11	K06904	K06904; uncharacterized protein
MP_BCQMy223___contig_1_fragment_11_1144	MP_BCQMy223___contig_1_fragment_11	PF04860.12	Phage portal protein
MP_BCQMy223___contig_1_fragment_11_1145	MP_BCQMy223___contig_1_fragment_11	VOG04497	REFSEQ putative terminase small subunit
MP_BCQMy223___contig_1_fragment_11_1146	MP_BCQMy223___contig_1_fragment_11	VOG00687	REFSEQ terminase small subunit
MP_BCQMy223___contig_1_fragment_11_1147	MP_BCQMy223___contig_1_fragment_11	VOG00962	REFSEQ hypothetical protein
MP_BCQMy223___contig_1_fragment_11_1148	MP_BCQMy223___contig_1_fragment_11	None	hypothetical protein
MP_BCQMy223___contig_1_fragment_11_1149	MP_BCQMy223___contig_1_fragment_11	VOG00361	sp|P10426|YIM2_BPPH1 Uncharacterized immunity region protein 2
MP_BCQMy223___contig_1_fragment_11_1150	MP_BCQMy223___contig_1_fragment_11	None	hypothetical protein
MP_BCQMy223___contig_1_fragment_11_1151	MP_BCQMy223___contig_1_fragment_11	VOG01162	sp|O34055|ARPU_BPO12 Putative autolysin regulatory protein ArpU
MP_BCQMy223___contig_1_fragment_11_1152	MP_BCQMy223___contig_1_fragment_11	VOG00404	sp|P9WGD4|SSB_MYCTO Single-stranded DNA-binding protein
MP_BCQMy223___contig_1_fragment_11_1153	MP_BCQMy223___contig_1_fragment_11	None	hypothetical protein
MP_BCQMy223___contig_1_fragment_11_1154	MP_BCQMy223___contig_1_fragment_11	VOG01042	sp|P39787|DNAD_BACSU DNA replication protein DnaD
MP_BCQMy223___contig_1_fragment_11_1155	MP_BCQMy223___contig_1_fragment_11	PF16784.5	Putative HNHc nuclease
MP_BCQMy223___contig_1_fragment_11_1156	MP_BCQMy223___contig_1_fragment_11	VOG09746	sp|P04892|ERF_BPP22 Essential recombination function protein
MP_BCQMy223___contig_1_fragment_11_1157	MP_BCQMy223___contig_1_fragment_11	VOG11084	REFSEQ hypothetical protein
MP_BCQMy223___contig_1_fragment_11_1158	MP_BCQMy223___contig_1_fragment_11	None	hypothetical protein
MP_BCQMy223___contig_1_fragment_11_1159	MP_BCQMy223___contig_1_fragment_11	None	hypothetical protein
MP_BCQMy223___contig_1_fragment_11_1160	MP_BCQMy223___contig_1_fragment_11	None	hypothetical protein
MP_BCQMy223___contig_1_fragment_11_1161	MP_BCQMy223___contig_1_fragment_11	None	hypothetical protein
MP_BCQMy223___contig_1_fragment_11_1162	MP_BCQMy223___contig_1_fragment_11	None	hypothetical protein
MP_BCQMy223___contig_1_fragment_11_1163	MP_BCQMy223___contig_1_fragment_11	None	hypothetical protein
MP_BCQMy223___contig_1_fragment_11_1164	MP_BCQMy223___contig_1_fragment_11	None	hypothetical protein
MP_BCQMy223___contig_1_fragment_11_1165	MP_BCQMy223___contig_1_fragment_11	None	hypothetical protein
MP_BCQMy223___contig_1_fragment_11_1166	MP_BCQMy223___contig_1_fragment_11	None	hypothetical protein
MP_BCQMy223___contig_1_fragment_11_1167	MP_BCQMy223___contig_1_fragment_11	None	hypothetical protein
MP_BCQMy223___contig_1_fragment_11_1168	MP_BCQMy223___contig_1_fragment_11	None	hypothetical protein
MP_BCQMy223___contig_1_fragment_11_1169	MP_BCQMy223___contig_1_fragment_11	None	hypothetical protein
MP_BCQMy223___contig_1_fragment_11_1170	MP_BCQMy223___contig_1_fragment_11	None	hypothetical protein
MP_BCQMy223___contig_1_fragment_11_1171	MP_BCQMy223___contig_1_fragment_11	None	hypothetical protein
MP_BCQMy223___contig_1_fragment_11_1172	MP_BCQMy223___contig_1_fragment_11	None	hypothetical protein
MP_BCQMy223___contig_1_fragment_11_1173	MP_BCQMy223___contig_1_fragment_11	None	hypothetical protein
MP_BCQMy223___contig_1_fragment_11_1174	MP_BCQMy223___contig_1_fragment_11	K07741	antB; anti-repressor protein
MP_BCQMy223___contig_1_fragment_11_1175	MP_BCQMy223___contig_1_fragment_11	VOG14084	REFSEQ hypothetical protein
MP_BCQMy223___contig_1_fragment_11_1176	MP_BCQMy223___contig_1_fragment_11	None	hypothetical protein
MP_BCQMy223___contig_1_fragment_11_1177	MP_BCQMy223___contig_1_fragment_11	None	hypothetical protein
MP_BCQMy223___contig_1_fragment_11_1178	MP_BCQMy223___contig_1_fragment_11	PF01381.22	Helix-turn-helix
MP_BCQMy223___contig_1_fragment_11_1179	MP_BCQMy223___contig_1_fragment_11	VOG20253	REFSEQ hypothetical protein
MP_BCQMy223___contig_1_fragment_12_1195	MP_BCQMy223___contig_1_fragment_12	PF05382.13	Bacteriophage peptidoglycan hydrolase
MP_BCQMy223___contig_1_fragment_12_1196	MP_BCQMy223___contig_1_fragment_12	PF16938.5	Putative phage holin Dp-1
MP_BCQMy223___contig_1_fragment_12_1197	MP_BCQMy223___contig_1_fragment_12	None	hypothetical protein
MP_BCQMy223___contig_1_fragment_12_1198	MP_BCQMy223___contig_1_fragment_12	None	hypothetical protein
MP_BCQMy223___contig_1_fragment_12_1199	MP_BCQMy223___contig_1_fragment_12	None	hypothetical protein
MP_BCQMy223___contig_1_fragment_12_1200	MP_BCQMy223___contig_1_fragment_12	None	hypothetical protein
MP_BCQMy223___contig_1_fragment_12_1201	MP_BCQMy223___contig_1_fragment_12	VOG13479	REFSEQ gp067
MP_BCQMy223___contig_1_fragment_12_1202	MP_BCQMy223___contig_1_fragment_12	VOG00824	REFSEQ putative antireceptor
MP_BCQMy223___contig_1_fragment_12_1203	MP_BCQMy223___contig_1_fragment_12	VOG00097	sp|O48459|DIT_BPSPP Distal tail protein
MP_BCQMy223___contig_1_fragment_12_1204	MP_BCQMy223___contig_1_fragment_12	VOG02632	REFSEQ gp14
MP_BCQMy223___contig_1_fragment_12_1205	MP_BCQMy223___contig_1_fragment_12	VOG01394	REFSEQ hypothetical protein
MP_BCQMy223___contig_1_fragment_12_1206	MP_BCQMy223___contig_1_fragment_12	PF12363.8	"Phage tail assembly chaperone protein, TAC"
MP_BCQMy223___contig_1_fragment_12_1207	MP_BCQMy223___contig_1_fragment_12	VOG00149	sp|A9CRB8|TAIL_BPMR1 Putative tail protein
MP_BCQMy223___contig_1_fragment_12_1208	MP_BCQMy223___contig_1_fragment_12	VOG00743	sp|O48448|COMPL_BPSPP Tail completion protein gp17
MP_BCQMy223___contig_1_fragment_12_1209	MP_BCQMy223___contig_1_fragment_12	None	hypothetical protein
MP_BCQMy223___contig_1_fragment_12_1210	MP_BCQMy223___contig_1_fragment_12	None	hypothetical protein
MP_BCQMy223___contig_1_fragment_12_1211	MP_BCQMy223___contig_1_fragment_12	K22994	pelX; pectate disaccharide-lyase [EC:4.2.2.9]
MP_BCQMy223___contig_1_fragment_12_1212	MP_BCQMy223___contig_1_fragment_12	VOG00188	sp|Q03182|RINA_BPPHA Transcriptional activator rinA
MP_BCQMy223___contig_1_fragment_12_1213	MP_BCQMy223___contig_1_fragment_12	None	hypothetical protein
MP_BCQMy223___contig_1_fragment_12_1214	MP_BCQMy223___contig_1_fragment_12	None	hypothetical protein
MP_BCQMy223___contig_1_fragment_12_1215	MP_BCQMy223___contig_1_fragment_12	VOG00459	REFSEQ putative CI-like transcriptional repressor
MP_BCQMy223___contig_1_fragment_12_1216	MP_BCQMy223___contig_1_fragment_12	None	hypothetical protein
MP_BCQMy223___contig_1_fragment_12_1217	MP_BCQMy223___contig_1_fragment_12	K09022	"ridA, tdcF, RIDA; 2-iminobutanoate/2-iminopropanoate deaminase [EC:3.5.99.10]"
MP_BCQMy223___contig_1_fragment_12_1218	MP_BCQMy223___contig_1_fragment_12	K02013	ABC.FEV.A; iron complex transport system ATP-binding protein [EC:7.2.2.-]
MP_BCQMy223___contig_1_fragment_14_1433	MP_BCQMy223___contig_1_fragment_14	PF01183.20	Glycosyl hydrolases family 25
MP_BCQMy223___contig_1_fragment_14_1434	MP_BCQMy223___contig_1_fragment_14	VOG02762	REFSEQ holin
MP_BCQMy223___contig_1_fragment_14_1435	MP_BCQMy223___contig_1_fragment_14	None	hypothetical protein
MP_BCQMy223___contig_1_fragment_14_1436	MP_BCQMy223___contig_1_fragment_14	PF09693.10	Phage uncharacterised protein (Phage_XkdX)
MP_BCQMy223___contig_1_fragment_14_1437	MP_BCQMy223___contig_1_fragment_14	None	hypothetical protein
MP_BCQMy223___contig_1_fragment_14_1438	MP_BCQMy223___contig_1_fragment_14	None	hypothetical protein
MP_BCQMy223___contig_1_fragment_14_1439	MP_BCQMy223___contig_1_fragment_14	PF18667.1	Baseplate upper protein immunoglobulin like domain
MP_BCQMy223___contig_1_fragment_14_1440	MP_BCQMy223___contig_1_fragment_14	VOG21441	REFSEQ hypothetical protein
MP_BCQMy223___contig_1_fragment_14_1441	MP_BCQMy223___contig_1_fragment_14	None	hypothetical protein
MP_BCQMy223___contig_1_fragment_14_1442	MP_BCQMy223___contig_1_fragment_14	VOG03140	REFSEQ tape measure protein
MP_BCQMy223___contig_1_fragment_14_1443	MP_BCQMy223___contig_1_fragment_14	VOG01394	REFSEQ hypothetical protein
MP_BCQMy223___contig_1_fragment_14_1444	MP_BCQMy223___contig_1_fragment_14	VOG00446	REFSEQ hypothetical protein
MP_BCQMy223___contig_1_fragment_14_1445	MP_BCQMy223___contig_1_fragment_14	VOG03436	REFSEQ conserved structural protein
MP_BCQMy223___contig_1_fragment_14_1446	MP_BCQMy223___contig_1_fragment_14	VOG00149	sp|A9CRB8|TAIL_BPMR1 Putative tail protein
MP_BCQMy223___contig_1_fragment_14_1447	MP_BCQMy223___contig_1_fragment_14	VOG00743	sp|O48448|COMPL_BPSPP Tail completion protein gp17
MP_BCQMy223___contig_1_fragment_14_1448	MP_BCQMy223___contig_1_fragment_14	VOG00973	REFSEQ hypothetical protein
MP_BCQMy223___contig_1_fragment_14_1449	MP_BCQMy223___contig_1_fragment_14	None	hypothetical protein
MP_BCQMy223___contig_1_fragment_14_1450	MP_BCQMy223___contig_1_fragment_14	VOG00283	sp|Q38584|HCP15_BPSPP Head completion protein gp15
MP_BCQMy223___contig_1_fragment_14_1451	MP_BCQMy223___contig_1_fragment_14	None	hypothetical protein
MP_BCQMy223___contig_1_fragment_14_1452	MP_BCQMy223___contig_1_fragment_14	None	hypothetical protein
MP_BCQMy223___contig_1_fragment_14_1453	MP_BCQMy223___contig_1_fragment_14	VOG00686	sp|Q38442|GP7_BPSPP Minor head protein GP7
MP_BCQMy223___contig_1_fragment_14_1454	MP_BCQMy223___contig_1_fragment_14	PF05133.14	"Phage portal protein, SPP1 Gp6-like"
MP_BCQMy223___contig_1_fragment_14_1455	MP_BCQMy223___contig_1_fragment_14	K06909	xtmB; phage terminase large subunit
MP_BCQMy223___contig_1_fragment_14_1456	MP_BCQMy223___contig_1_fragment_14	K07474	xtmA; phage terminase small subunit
MP_BCQMy223___contig_1_fragment_14_1457	MP_BCQMy223___contig_1_fragment_14	VOG04514	REFSEQ hypothetical protein
MP_BCQMy223___contig_1_fragment_14_1458	MP_BCQMy223___contig_1_fragment_14	VOG17047	REFSEQ hypothetical protein
MP_BCQMy223___contig_1_fragment_14_1459	MP_BCQMy223___contig_1_fragment_14	PF05866.11	Endodeoxyribonuclease RusA
MP_BCQMy223___contig_1_fragment_14_1460	MP_BCQMy223___contig_1_fragment_14	None	hypothetical protein
MP_BCQMy223___contig_1_fragment_14_1461	MP_BCQMy223___contig_1_fragment_14	VOG17046	REFSEQ DNA primase
MP_BCQMy223___contig_1_fragment_14_1462	MP_BCQMy223___contig_1_fragment_14	None	hypothetical protein
MP_BCQMy223___contig_1_fragment_14_1463	MP_BCQMy223___contig_1_fragment_14	None	hypothetical protein
MP_BCQMy223___contig_1_fragment_14_1464	MP_BCQMy223___contig_1_fragment_14	VOG02949	REFSEQ hypothetical protein
MP_BCQMy223___contig_1_fragment_14_1465	MP_BCQMy223___contig_1_fragment_14	VOG10295	REFSEQ hypothetical protein
MP_BCQMy223___contig_1_fragment_14_1466	MP_BCQMy223___contig_1_fragment_14	VOG10294	REFSEQ hypothetical protein
MP_BCQMy223___contig_1_fragment_14_1467	MP_BCQMy223___contig_1_fragment_14	VOG17043	REFSEQ hypothetical protein
MP_BCQMy223___contig_1_fragment_14_1468	MP_BCQMy223___contig_1_fragment_14	PF13479.6	AAA domain
MP_BCQMy223___contig_1_fragment_14_1469	MP_BCQMy223___contig_1_fragment_14	VOG00461	REFSEQ hypothetical protein
MP_BCQMy223___contig_1_fragment_14_1470	MP_BCQMy223___contig_1_fragment_14	VOG00194	sp|P07719|V17_BPT3 Gene 1.7 protein
MP_BCQMy223___contig_1_fragment_14_1471	MP_BCQMy223___contig_1_fragment_14	VOG04466	REFSEQ hypothetical protein
MP_BCQMy223___contig_1_fragment_14_1472	MP_BCQMy223___contig_1_fragment_14	None	hypothetical protein
MP_BCQMy223___contig_1_fragment_14_1473	MP_BCQMy223___contig_1_fragment_14	VOG04233	REFSEQ hypothetical protein
MP_BCQMy223___contig_1_fragment_14_1474	MP_BCQMy223___contig_1_fragment_14	VOG17042	REFSEQ hypothetical protein
MP_BCQMy223___contig_1_fragment_14_1475	MP_BCQMy223___contig_1_fragment_14	None	hypothetical protein
MP_BCQMy223___contig_1_fragment_14_1476	MP_BCQMy223___contig_1_fragment_14	None	hypothetical protein
MP_BCQMy223___contig_1_fragment_14_1477	MP_BCQMy223___contig_1_fragment_14	VOG02771	sp|P03034|RPC1_LAMBD Repressor protein cI
MP_BCQMy223___contig_1_fragment_14_1478	MP_BCQMy223___contig_1_fragment_14	VOG00361	sp|P10426|YIM2_BPPH1 Uncharacterized immunity region protein 2
MP_BCQMy223___contig_1_fragment_14_1479	MP_BCQMy223___contig_1_fragment_14	VOG00041	sp|O10330|VLF1_NPVOP Very late expression factor 1
MP_ONT143___contig_1_fragment_1_53	MP_ONT143___contig_1_fragment_1	VOG00041	sp|O10330|VLF1_NPVOP Very late expression factor 1
MP_ONT143___contig_1_fragment_1_54	MP_ONT143___contig_1_fragment_1	VOG02135	REFSEQ hypothetical protein
MP_ONT143___contig_1_fragment_1_55	MP_ONT143___contig_1_fragment_1	VOG02771	sp|P03034|RPC1_LAMBD Repressor protein cI
MP_ONT143___contig_1_fragment_1_56	MP_ONT143___contig_1_fragment_1	K07729	K07729; putative transcriptional regulator
MP_ONT143___contig_1_fragment_1_57	MP_ONT143___contig_1_fragment_1	None	hypothetical protein
MP_ONT143___contig_1_fragment_1_58	MP_ONT143___contig_1_fragment_1	VOG10124	sp|O34449|YOQD_BACSU SPBc2 prophage-derived putative antirepressor protein YoqD
MP_ONT143___contig_1_fragment_1_59	MP_ONT143___contig_1_fragment_1	None	hypothetical protein
MP_ONT143___contig_1_fragment_1_60	MP_ONT143___contig_1_fragment_1	None	hypothetical protein
MP_ONT143___contig_1_fragment_1_61	MP_ONT143___contig_1_fragment_1	None	hypothetical protein
MP_ONT143___contig_1_fragment_1_62	MP_ONT143___contig_1_fragment_1	None	hypothetical protein
MP_ONT143___contig_1_fragment_1_63	MP_ONT143___contig_1_fragment_1	None	hypothetical protein
MP_ONT143___contig_1_fragment_1_64	MP_ONT143___contig_1_fragment_1	VOG02181	REFSEQ hypothetical protein
MP_ONT143___contig_1_fragment_1_65	MP_ONT143___contig_1_fragment_1	None	hypothetical protein
MP_ONT143___contig_1_fragment_1_66	MP_ONT143___contig_1_fragment_1	None	hypothetical protein
MP_ONT143___contig_1_fragment_1_67	MP_ONT143___contig_1_fragment_1	None	hypothetical protein
MP_ONT143___contig_1_fragment_1_68	MP_ONT143___contig_1_fragment_1	PF13412.6	Winged helix-turn-helix DNA-binding
MP_ONT143___contig_1_fragment_1_69	MP_ONT143___contig_1_fragment_1	VOG01036	sp|C0SP91|YYCJ_BACSU Putative metallo-hydrolase YycJ
MP_ONT143___contig_1_fragment_1_70	MP_ONT143___contig_1_fragment_1	None	hypothetical protein
MP_ONT143___contig_1_fragment_1_71	MP_ONT143___contig_1_fragment_1	VOG12256	REFSEQ hypothetical protein
MP_ONT143___contig_1_fragment_1_72	MP_ONT143___contig_1_fragment_1	VOG24297	REFSEQ gp30
MP_ONT143___contig_1_fragment_1_73	MP_ONT143___contig_1_fragment_1	VOG00674	REFSEQ putative DNA polymerase
MP_ONT143___contig_1_fragment_1_74	MP_ONT143___contig_1_fragment_1	VOG24298	REFSEQ gp32
MP_ONT143___contig_1_fragment_1_75	MP_ONT143___contig_1_fragment_1	VOG00065	sp|Q38441|YOR5_BPSPP Uncharacterized 10.3 kDa protein in GP2-GP6 intergenic region
MP_ONT143___contig_1_fragment_1_76	MP_ONT143___contig_1_fragment_1	None	hypothetical protein
MP_ONT143___contig_1_fragment_1_77	MP_ONT143___contig_1_fragment_1	VOG00188	sp|Q03182|RINA_BPPHA Transcriptional activator rinA
MP_ONT143___contig_1_fragment_1_78	MP_ONT143___contig_1_fragment_1	None	hypothetical protein
MP_ONT143___contig_1_fragment_1_79	MP_ONT143___contig_1_fragment_1	None	hypothetical protein
MP_ONT143___contig_1_fragment_1_80	MP_ONT143___contig_1_fragment_1	VOG00962	REFSEQ hypothetical protein
MP_ONT143___contig_1_fragment_1_81	MP_ONT143___contig_1_fragment_1	VOG00687	REFSEQ terminase small subunit
MP_ONT143___contig_1_fragment_1_82	MP_ONT143___contig_1_fragment_1	VOG04497	REFSEQ putative terminase small subunit
MP_ONT143___contig_1_fragment_1_83	MP_ONT143___contig_1_fragment_1	PF04860.12	Phage portal protein
MP_ONT143___contig_1_fragment_1_84	MP_ONT143___contig_1_fragment_1	K06904	K06904; uncharacterized protein
MP_ONT143___contig_1_fragment_1_85	MP_ONT143___contig_1_fragment_1	VOG13487	REFSEQ major capsid L
MP_ONT143___contig_1_fragment_1_86	MP_ONT143___contig_1_fragment_1	VOG00181	REFSEQ hypothetical protein
MP_ONT143___contig_1_fragment_1_87	MP_ONT143___contig_1_fragment_1	None	hypothetical protein
MP_ONT143___contig_1_fragment_1_88	MP_ONT143___contig_1_fragment_1	VOG03575	REFSEQ hypothetical protein
MP_ONT143___contig_1_fragment_1_89	MP_ONT143___contig_1_fragment_1	None	hypothetical protein
MP_ONT143___contig_1_fragment_1_90	MP_ONT143___contig_1_fragment_1	VOG01397	REFSEQ major tail protein
MP_ONT143___contig_1_fragment_1_91	MP_ONT143___contig_1_fragment_1	None	hypothetical protein
MP_ONT143___contig_1_fragment_1_92	MP_ONT143___contig_1_fragment_1	None	hypothetical protein
MP_ONT143___contig_1_fragment_1_93	MP_ONT143___contig_1_fragment_1	None	hypothetical protein
MP_ONT143___contig_1_fragment_1_94	MP_ONT143___contig_1_fragment_1	VOG04056	REFSEQ hypothetical protein
MP_ONT143___contig_1_fragment_1_95	MP_ONT143___contig_1_fragment_1	VOG01075	REFSEQ hypothetical protein
MP_ONT143___contig_1_fragment_1_96	MP_ONT143___contig_1_fragment_1	PF06605.11	Prophage endopeptidase tail
MP_ONT143___contig_1_fragment_1_97	MP_ONT143___contig_1_fragment_1	None	hypothetical protein
MP_ONT143___contig_1_fragment_1_98	MP_ONT143___contig_1_fragment_1	None	hypothetical protein
MP_ONT143___contig_1_fragment_1_99	MP_ONT143___contig_1_fragment_1	VOG18935	REFSEQ hypothetical protein
MP_ONT143___contig_1_fragment_1_100	MP_ONT143___contig_1_fragment_1	None	hypothetical protein
MP_ONT143___contig_1_fragment_1_101	MP_ONT143___contig_1_fragment_1	None	hypothetical protein
MP_ONT143___contig_1_fragment_1_102	MP_ONT143___contig_1_fragment_1	PF09693.10	Phage uncharacterised protein (Phage_XkdX)
MP_ONT143___contig_1_fragment_1_103	MP_ONT143___contig_1_fragment_1	PF10779.9	Haemolysin XhlA
MP_ONT143___contig_1_fragment_1_104	MP_ONT143___contig_1_fragment_1	PF16938.5	Putative phage holin Dp-1
MP_ONT143___contig_1_fragment_1_105	MP_ONT143___contig_1_fragment_1	K07273	acm; lysozyme
MP_ONT143___contig_1_fragment_4_551	MP_ONT143___contig_1_fragment_4	K02013	ABC.FEV.A; iron complex transport system ATP-binding protein [EC:7.2.2.-]
MP_ONT143___contig_1_fragment_4_552	MP_ONT143___contig_1_fragment_4	K09022	"ridA, tdcF, RIDA; 2-iminobutanoate/2-iminopropanoate deaminase [EC:3.5.99.10]"
MP_ONT143___contig_1_fragment_4_553	MP_ONT143___contig_1_fragment_4	None	hypothetical protein
MP_ONT143___contig_1_fragment_4_554	MP_ONT143___contig_1_fragment_4	VOG00459	REFSEQ putative CI-like transcriptional repressor
MP_ONT143___contig_1_fragment_4_555	MP_ONT143___contig_1_fragment_4	None	hypothetical protein
MP_ONT143___contig_1_fragment_4_556	MP_ONT143___contig_1_fragment_4	None	hypothetical protein
MP_ONT143___contig_1_fragment_4_557	MP_ONT143___contig_1_fragment_4	VOG00188	sp|Q03182|RINA_BPPHA Transcriptional activator rinA
MP_ONT143___contig_1_fragment_4_558	MP_ONT143___contig_1_fragment_4	K22994	pelX; pectate disaccharide-lyase [EC:4.2.2.9]
MP_ONT143___contig_1_fragment_4_559	MP_ONT143___contig_1_fragment_4	None	hypothetical protein
MP_ONT143___contig_1_fragment_4_560	MP_ONT143___contig_1_fragment_4	None	hypothetical protein
MP_ONT143___contig_1_fragment_4_561	MP_ONT143___contig_1_fragment_4	VOG00743	sp|O48448|COMPL_BPSPP Tail completion protein gp17
MP_ONT143___contig_1_fragment_4_562	MP_ONT143___contig_1_fragment_4	VOG00149	sp|A9CRB8|TAIL_BPMR1 Putative tail protein
MP_ONT143___contig_1_fragment_4_563	MP_ONT143___contig_1_fragment_4	PF12363.8	"Phage tail assembly chaperone protein, TAC"
MP_ONT143___contig_1_fragment_4_564	MP_ONT143___contig_1_fragment_4	VOG01394	REFSEQ hypothetical protein
MP_ONT143___contig_1_fragment_4_565	MP_ONT143___contig_1_fragment_4	VOG02632	REFSEQ gp14
MP_ONT143___contig_1_fragment_4_566	MP_ONT143___contig_1_fragment_4	VOG00097	sp|O48459|DIT_BPSPP Distal tail protein
MP_ONT143___contig_1_fragment_4_567	MP_ONT143___contig_1_fragment_4	VOG00824	REFSEQ putative antireceptor
MP_ONT143___contig_1_fragment_4_568	MP_ONT143___contig_1_fragment_4	VOG13479	REFSEQ gp067
MP_ONT143___contig_1_fragment_4_569	MP_ONT143___contig_1_fragment_4	None	hypothetical protein
MP_ONT143___contig_1_fragment_4_570	MP_ONT143___contig_1_fragment_4	None	hypothetical protein
MP_ONT143___contig_1_fragment_4_571	MP_ONT143___contig_1_fragment_4	None	hypothetical protein
MP_ONT143___contig_1_fragment_4_572	MP_ONT143___contig_1_fragment_4	None	hypothetical protein
MP_ONT143___contig_1_fragment_4_573	MP_ONT143___contig_1_fragment_4	PF16938.5	Putative phage holin Dp-1
MP_ONT143___contig_1_fragment_4_574	MP_ONT143___contig_1_fragment_4	PF05382.13	Bacteriophage peptidoglycan hydrolase
MP_ONT143___contig_1_fragment_12_1193	MP_ONT143___contig_1_fragment_12	K03648	"UNG, UDG; uracil-DNA glycosylase [EC:3.2.2.27]"
MP_ONT143___contig_1_fragment_12_1194	MP_ONT143___contig_1_fragment_12	PF07927.12	"HicA toxin of bacterial toxin-antitoxin,"
MP_ONT143___contig_1_fragment_12_1195	MP_ONT143___contig_1_fragment_12	VOG11403	sp|P51716|YO14_BPHC1 Uncharacterized 14.9 kDa protein in rep-hol intergenic region
MP_ONT143___contig_1_fragment_12_1196	MP_ONT143___contig_1_fragment_12	None	hypothetical protein
MP_ONT143___contig_1_fragment_12_1197	MP_ONT143___contig_1_fragment_12	None	hypothetical protein
MP_ONT143___contig_1_fragment_12_1198	MP_ONT143___contig_1_fragment_12	None	hypothetical protein
MP_ONT143___contig_1_fragment_12_1199	MP_ONT143___contig_1_fragment_12	VOG14226	REFSEQ hypothetical protein
MP_ONT143___contig_1_fragment_12_1200	MP_ONT143___contig_1_fragment_12	None	hypothetical protein
MP_ONT143___contig_1_fragment_12_1201	MP_ONT143___contig_1_fragment_12	K07273	acm; lysozyme
MP_ONT143___contig_1_fragment_12_1202	MP_ONT143___contig_1_fragment_12	PF16938.5	Putative phage holin Dp-1
MP_ONT143___contig_1_fragment_12_1203	MP_ONT143___contig_1_fragment_12	PF10779.9	Haemolysin XhlA
MP_ONT143___contig_1_fragment_12_1204	MP_ONT143___contig_1_fragment_12	PF09693.10	Phage uncharacterised protein (Phage_XkdX)
MP_ONT143___contig_1_fragment_12_1205	MP_ONT143___contig_1_fragment_12	None	hypothetical protein
MP_ONT143___contig_1_fragment_12_1206	MP_ONT143___contig_1_fragment_12	None	hypothetical protein
MP_ONT143___contig_1_fragment_12_1207	MP_ONT143___contig_1_fragment_12	VOG18935	REFSEQ hypothetical protein
MP_ONT143___contig_1_fragment_12_1208	MP_ONT143___contig_1_fragment_12	None	hypothetical protein
MP_ONT143___contig_1_fragment_12_1209	MP_ONT143___contig_1_fragment_12	None	hypothetical protein
MP_ONT143___contig_1_fragment_12_1210	MP_ONT143___contig_1_fragment_12	PF06605.11	Prophage endopeptidase tail
MP_ONT143___contig_1_fragment_12_1211	MP_ONT143___contig_1_fragment_12	VOG01075	REFSEQ hypothetical protein
MP_ONT143___contig_1_fragment_12_1212	MP_ONT143___contig_1_fragment_12	VOG04056	REFSEQ hypothetical protein
MP_ONT143___contig_1_fragment_12_1213	MP_ONT143___contig_1_fragment_12	None	hypothetical protein
MP_ONT143___contig_1_fragment_12_1214	MP_ONT143___contig_1_fragment_12	None	hypothetical protein
MP_ONT143___contig_1_fragment_12_1215	MP_ONT143___contig_1_fragment_12	VOG01397	REFSEQ major tail protein
MP_ONT143___contig_1_fragment_12_1216	MP_ONT143___contig_1_fragment_12	None	hypothetical protein
MP_ONT143___contig_1_fragment_12_1217	MP_ONT143___contig_1_fragment_12	VOG03575	REFSEQ hypothetical protein
MP_ONT143___contig_1_fragment_12_1218	MP_ONT143___contig_1_fragment_12	VOG00066	sp|O48446|HCP16_BPSPP Head completion protein gp16
MP_ONT143___contig_1_fragment_12_1219	MP_ONT143___contig_1_fragment_12	VOG00181	REFSEQ hypothetical protein
MP_ONT143___contig_1_fragment_12_1220	MP_ONT143___contig_1_fragment_12	VOG13487	REFSEQ major capsid L
MP_ONT143___contig_1_fragment_12_1221	MP_ONT143___contig_1_fragment_12	K06904	K06904; uncharacterized protein
MP_ONT143___contig_1_fragment_12_1222	MP_ONT143___contig_1_fragment_12	PF04860.12	Phage portal protein
MP_ONT143___contig_1_fragment_12_1223	MP_ONT143___contig_1_fragment_12	VOG04497	REFSEQ putative terminase small subunit
MP_ONT143___contig_1_fragment_12_1224	MP_ONT143___contig_1_fragment_12	VOG00687	REFSEQ terminase small subunit
MP_ONT143___contig_1_fragment_12_1225	MP_ONT143___contig_1_fragment_12	VOG00962	REFSEQ hypothetical protein
MP_ONT143___contig_1_fragment_12_1226	MP_ONT143___contig_1_fragment_12	None	hypothetical protein
MP_ONT143___contig_1_fragment_12_1227	MP_ONT143___contig_1_fragment_12	None	hypothetical protein
MP_ONT143___contig_1_fragment_12_1228	MP_ONT143___contig_1_fragment_12	VOG01156	REFSEQ hypothetical protein
MP_ONT143___contig_1_fragment_12_1229	MP_ONT143___contig_1_fragment_12	None	hypothetical protein
MP_ONT143___contig_1_fragment_12_1230	MP_ONT143___contig_1_fragment_12	VOG01162	sp|O34055|ARPU_BPO12 Putative autolysin regulatory protein ArpU
MP_ONT143___contig_1_fragment_12_1231	MP_ONT143___contig_1_fragment_12	VOG00404	sp|P9WGD4|SSB_MYCTO Single-stranded DNA-binding protein
MP_ONT143___contig_1_fragment_12_1232	MP_ONT143___contig_1_fragment_12	None	hypothetical protein
MP_ONT143___contig_1_fragment_12_1233	MP_ONT143___contig_1_fragment_12	VOG21431	REFSEQ hypothetical protein
MP_ONT143___contig_1_fragment_12_1234	MP_ONT143___contig_1_fragment_12	PF16784.5	Putative HNHc nuclease
MP_ONT143___contig_1_fragment_12_1235	MP_ONT143___contig_1_fragment_12	VOG01757	REFSEQ AAA ATPase
MP_ONT143___contig_1_fragment_12_1236	MP_ONT143___contig_1_fragment_12	VOG11084	REFSEQ hypothetical protein
MP_ONT143___contig_1_fragment_12_1237	MP_ONT143___contig_1_fragment_12	None	hypothetical protein
MP_ONT143___contig_1_fragment_12_1238	MP_ONT143___contig_1_fragment_12	None	hypothetical protein
MP_ONT143___contig_1_fragment_12_1239	MP_ONT143___contig_1_fragment_12	VOG02181	REFSEQ hypothetical protein
MP_ONT143___contig_1_fragment_12_1240	MP_ONT143___contig_1_fragment_12	None	hypothetical protein
MP_ONT143___contig_1_fragment_12_1241	MP_ONT143___contig_1_fragment_12	None	hypothetical protein
MP_ONT143___contig_1_fragment_12_1242	MP_ONT143___contig_1_fragment_12	K07741	antB; anti-repressor protein
MP_ONT143___contig_1_fragment_12_1243	MP_ONT143___contig_1_fragment_12	None	hypothetical protein
MP_ONT143___contig_1_fragment_12_1244	MP_ONT143___contig_1_fragment_12	None	hypothetical protein
MP_ONT143___contig_1_fragment_12_1245	MP_ONT143___contig_1_fragment_12	None	hypothetical protein
MP_ONT143___contig_1_fragment_12_1246	MP_ONT143___contig_1_fragment_12	VOG14084	REFSEQ hypothetical protein
MP_ONT143___contig_1_fragment_12_1247	MP_ONT143___contig_1_fragment_12	None	hypothetical protein
MP_ONT143___contig_1_fragment_12_1248	MP_ONT143___contig_1_fragment_12	PF01381.22	Helix-turn-helix
MP_ONT143___contig_1_fragment_12_1249	MP_ONT143___contig_1_fragment_12	VOG20253	REFSEQ hypothetical protein
MP_ONT143___contig_1_fragment_12_1250	MP_ONT143___contig_1_fragment_12	None	hypothetical protein
MP_ONT143___contig_1_fragment_12_1251	MP_ONT143___contig_1_fragment_12	VOG00041	sp|O10330|VLF1_NPVOP Very late expression factor 1
MP_ONT143___contig_1_fragment_14_1372	MP_ONT143___contig_1_fragment_14	PF05382.13	Bacteriophage peptidoglycan hydrolase
MP_ONT143___contig_1_fragment_14_1373	MP_ONT143___contig_1_fragment_14	PF16938.5	Putative phage holin Dp-1
MP_ONT143___contig_1_fragment_14_1374	MP_ONT143___contig_1_fragment_14	PF10779.9	Haemolysin XhlA
MP_ONT143___contig_1_fragment_14_1375	MP_ONT143___contig_1_fragment_14	None	hypothetical protein
MP_ONT143___contig_1_fragment_14_1376	MP_ONT143___contig_1_fragment_14	None	hypothetical protein
MP_ONT143___contig_1_fragment_14_1377	MP_ONT143___contig_1_fragment_14	VOG13479	REFSEQ gp067
MP_ONT143___contig_1_fragment_14_1378	MP_ONT143___contig_1_fragment_14	VOG00824	REFSEQ putative antireceptor
MP_ONT143___contig_1_fragment_14_1379	MP_ONT143___contig_1_fragment_14	None	hypothetical protein
MP_ONT143___contig_1_fragment_14_1380	MP_ONT143___contig_1_fragment_14	VOG02333	REFSEQ tail tape measure protein
MP_ONT143___contig_1_fragment_14_1381	MP_ONT143___contig_1_fragment_14	None	hypothetical protein
MP_ONT143___contig_1_fragment_14_1382	MP_ONT143___contig_1_fragment_14	VOG01397	REFSEQ major tail protein
MP_ONT143___contig_1_fragment_14_1383	MP_ONT143___contig_1_fragment_14	VOG00973	REFSEQ hypothetical protein
MP_ONT143___contig_1_fragment_14_1384	MP_ONT143___contig_1_fragment_14	VOG23091	REFSEQ hypothetical protein
MP_ONT143___contig_1_fragment_14_1385	MP_ONT143___contig_1_fragment_14	VOG23090	REFSEQ head-tail adaptor
MP_ONT143___contig_1_fragment_14_1386	MP_ONT143___contig_1_fragment_14	VOG23089	REFSEQ hypothetical protein
MP_ONT143___contig_1_fragment_14_1387	MP_ONT143___contig_1_fragment_14	PF05065.13	Phage capsid family
MP_ONT143___contig_1_fragment_14_1388	MP_ONT143___contig_1_fragment_14	K06904	K06904; uncharacterized protein
MP_ONT143___contig_1_fragment_14_1389	MP_ONT143___contig_1_fragment_14	PF04860.12	Phage portal protein
MP_ONT143___contig_1_fragment_14_1390	MP_ONT143___contig_1_fragment_14	PF03354.15	Phage Terminase
MP_ONT143___contig_1_fragment_14_1391	MP_ONT143___contig_1_fragment_14	None	hypothetical protein
MP_ONT143___contig_1_fragment_14_1392	MP_ONT143___contig_1_fragment_14	VOG00679	REFSEQ HNH endonuclease
MP_ONT143___contig_1_fragment_14_1393	MP_ONT143___contig_1_fragment_14	None	hypothetical protein
MP_ONT143___contig_1_fragment_14_1394	MP_ONT143___contig_1_fragment_14	VOG00188	sp|Q03182|RINA_BPPHA Transcriptional activator rinA
MP_ONT143___contig_1_fragment_14_1395	MP_ONT143___contig_1_fragment_14	VOG00724	sp|P10277|PRIM_BPP4 Putative P4-specific DNA primase
MP_ONT143___contig_1_fragment_14_1396	MP_ONT143___contig_1_fragment_14	VOG00674	REFSEQ putative DNA polymerase
MP_ONT143___contig_1_fragment_14_1397	MP_ONT143___contig_1_fragment_14	None	hypothetical protein
MP_ONT143___contig_1_fragment_14_1398	MP_ONT143___contig_1_fragment_14	None	hypothetical protein
MP_ONT143___contig_1_fragment_14_1399	MP_ONT143___contig_1_fragment_14	VOG03001	REFSEQ hypothetical protein
MP_ONT143___contig_1_fragment_14_1400	MP_ONT143___contig_1_fragment_14	PF13479.6	AAA domain
MP_ONT143___contig_1_fragment_14_1401	MP_ONT143___contig_1_fragment_14	None	hypothetical protein
MP_ONT143___contig_1_fragment_14_1402	MP_ONT143___contig_1_fragment_14	VOG00399	sp|Q9T1Q4|VP44_BPAPS Putative nuclease p44
MP_ONT143___contig_1_fragment_14_1403	MP_ONT143___contig_1_fragment_14	VOG00523	sp|Q9T1Q7|VP41_BPAPS Putative protein p41
MP_ONT143___contig_1_fragment_14_1404	MP_ONT143___contig_1_fragment_14	None	hypothetical protein
MP_ONT143___contig_1_fragment_14_1405	MP_ONT143___contig_1_fragment_14	None	hypothetical protein
MP_ONT143___contig_1_fragment_14_1406	MP_ONT143___contig_1_fragment_14	None	hypothetical protein
MP_ONT143___contig_1_fragment_14_1407	MP_ONT143___contig_1_fragment_14	None	hypothetical protein
MP_ONT143___contig_1_fragment_14_1408	MP_ONT143___contig_1_fragment_14	None	hypothetical protein
MP_ONT143___contig_1_fragment_14_1409	MP_ONT143___contig_1_fragment_14	None	hypothetical protein
MP_ONT143___contig_1_fragment_14_1410	MP_ONT143___contig_1_fragment_14	None	hypothetical protein
MP_ONT143___contig_1_fragment_14_1411	MP_ONT143___contig_1_fragment_14	VOG02771	sp|P03034|RPC1_LAMBD Repressor protein cI
MP_ONT143___contig_1_fragment_14_1412	MP_ONT143___contig_1_fragment_14	VOG00361	sp|P10426|YIM2_BPPH1 Uncharacterized immunity region protein 2
MP_ONT143___contig_1_fragment_14_1413	MP_ONT143___contig_1_fragment_14	VOG03321	REFSEQ hypothetical protein
MP_ONT143___contig_1_fragment_14_1414	MP_ONT143___contig_1_fragment_14	VOG00041	sp|O10330|VLF1_NPVOP Very late expression factor 1
GCA_001047445___contig_7_fragment_5_292	GCA_001047445___contig_7_fragment_5	K02013	ABC.FEV.A; iron complex transport system ATP-binding protein [EC:7.2.2.-]
GCA_001047445___contig_7_fragment_5_293	GCA_001047445___contig_7_fragment_5	K09022	"ridA, tdcF, RIDA; 2-iminobutanoate/2-iminopropanoate deaminase [EC:3.5.99.10]"
GCA_001047445___contig_7_fragment_5_294	GCA_001047445___contig_7_fragment_5	None	hypothetical protein
GCA_001047445___contig_7_fragment_5_295	GCA_001047445___contig_7_fragment_5	VOG00459	REFSEQ putative CI-like transcriptional repressor
GCA_001047445___contig_7_fragment_5_296	GCA_001047445___contig_7_fragment_5	None	hypothetical protein
GCA_001047445___contig_7_fragment_5_297	GCA_001047445___contig_7_fragment_5	None	hypothetical protein
GCA_001047445___contig_7_fragment_5_298	GCA_001047445___contig_7_fragment_5	None	hypothetical protein
GCA_001047445___contig_7_fragment_5_299	GCA_001047445___contig_7_fragment_5	VOG00188	sp|Q03182|RINA_BPPHA Transcriptional activator rinA
GCA_001047445___contig_7_fragment_5_300	GCA_001047445___contig_7_fragment_5	K22994	pelX; pectate disaccharide-lyase [EC:4.2.2.9]
GCA_001047445___contig_7_fragment_5_301	GCA_001047445___contig_7_fragment_5	None	hypothetical protein
GCA_001047445___contig_7_fragment_5_302	GCA_001047445___contig_7_fragment_5	None	hypothetical protein
GCA_001047445___contig_7_fragment_5_303	GCA_001047445___contig_7_fragment_5	VOG00743	sp|O48448|COMPL_BPSPP Tail completion protein gp17
GCA_001047445___contig_7_fragment_5_304	GCA_001047445___contig_7_fragment_5	VOG00149	sp|A9CRB8|TAIL_BPMR1 Putative tail protein
GCA_001047445___contig_7_fragment_5_305	GCA_001047445___contig_7_fragment_5	PF12363.8	"Phage tail assembly chaperone protein, TAC"
GCA_001047445___contig_7_fragment_5_306	GCA_001047445___contig_7_fragment_5	VOG01394	REFSEQ hypothetical protein
GCA_001047445___contig_7_fragment_5_307	GCA_001047445___contig_7_fragment_5	VOG02632	REFSEQ gp14
GCA_001047445___contig_7_fragment_5_308	GCA_001047445___contig_7_fragment_5	VOG00097	sp|O48459|DIT_BPSPP Distal tail protein
GCA_001047445___contig_7_fragment_5_309	GCA_001047445___contig_7_fragment_5	VOG00824	REFSEQ putative antireceptor
GCA_001047445___contig_7_fragment_5_310	GCA_001047445___contig_7_fragment_5	VOG21997	REFSEQ hypothetical protein
GCA_001047445___contig_7_fragment_5_311	GCA_001047445___contig_7_fragment_5	VOG13479	REFSEQ gp067
GCA_001047445___contig_7_fragment_5_312	GCA_001047445___contig_7_fragment_5	None	hypothetical protein
GCA_001047445___contig_7_fragment_5_313	GCA_001047445___contig_7_fragment_5	None	hypothetical protein
GCA_001047445___contig_7_fragment_5_314	GCA_001047445___contig_7_fragment_5	None	hypothetical protein
GCA_001047445___contig_7_fragment_5_315	GCA_001047445___contig_7_fragment_5	None	hypothetical protein
GCA_001047445___contig_7_fragment_5_316	GCA_001047445___contig_7_fragment_5	None	hypothetical protein
GCA_001047445___contig_7_fragment_5_317	GCA_001047445___contig_7_fragment_5	PF16938.5	Putative phage holin Dp-1
GCA_001047445___contig_7_fragment_5_318	GCA_001047445___contig_7_fragment_5	PF05382.13	Bacteriophage peptidoglycan hydrolase
GCA_001047445___contig_7_fragment_6_333	GCA_001047445___contig_7_fragment_6	K06400	spoIVCA; site-specific DNA recombinase
GCA_001047445___contig_7_fragment_6_334	GCA_001047445___contig_7_fragment_6	None	hypothetical protein
GCA_001047445___contig_7_fragment_6_335	GCA_001047445___contig_7_fragment_6	K06400	spoIVCA; site-specific DNA recombinase
GCA_001047445___contig_7_fragment_6_336	GCA_001047445___contig_7_fragment_6	K06400	spoIVCA; site-specific DNA recombinase
GCA_001047445___contig_7_fragment_6_337	GCA_001047445___contig_7_fragment_6	VOG18091	REFSEQ hypothetical protein
GCA_001047445___contig_7_fragment_6_338	GCA_001047445___contig_7_fragment_6	VOG01271	sp|O31942|YONS_BACSU SPBc2 prophage-derived uncharacterized lipoprotein YonS
GCA_001047445___contig_7_fragment_6_339	GCA_001047445___contig_7_fragment_6	VOG02771	sp|P03034|RPC1_LAMBD Repressor protein cI
GCA_001047445___contig_7_fragment_6_340	GCA_001047445___contig_7_fragment_6	K07729	K07729; putative transcriptional regulator
GCA_001047445___contig_7_fragment_6_341	GCA_001047445___contig_7_fragment_6	VOG10124	sp|O34449|YOQD_BACSU SPBc2 prophage-derived putative antirepressor protein YoqD
GCA_001047445___contig_7_fragment_6_342	GCA_001047445___contig_7_fragment_6	None	hypothetical protein
GCA_001047445___contig_7_fragment_6_343	GCA_001047445___contig_7_fragment_6	None	hypothetical protein
GCA_001047445___contig_7_fragment_6_344	GCA_001047445___contig_7_fragment_6	None	hypothetical protein
GCA_001047445___contig_7_fragment_6_345	GCA_001047445___contig_7_fragment_6	None	hypothetical protein
GCA_001047445___contig_7_fragment_6_346	GCA_001047445___contig_7_fragment_6	PF03837.14	RecT family
GCA_001047445___contig_7_fragment_6_347	GCA_001047445___contig_7_fragment_6	PF12684.7	PDDEXK-like domain of unknown function (DUF3799)
GCA_001047445___contig_7_fragment_6_348	GCA_001047445___contig_7_fragment_6	PF16784.5	Putative HNHc nuclease
GCA_001047445___contig_7_fragment_6_349	GCA_001047445___contig_7_fragment_6	PF09681.10	N-terminal phage replisome organiser (Phage_rep_org_N)
GCA_001047445___contig_7_fragment_6_350	GCA_001047445___contig_7_fragment_6	None	hypothetical protein
GCA_001047445___contig_7_fragment_6_351	GCA_001047445___contig_7_fragment_6	VOG00404	sp|P9WGD4|SSB_MYCTO Single-stranded DNA-binding protein
GCA_001047445___contig_7_fragment_6_352	GCA_001047445___contig_7_fragment_6	VOG00404	sp|P9WGD4|SSB_MYCTO Single-stranded DNA-binding protein
GCA_001047445___contig_7_fragment_6_353	GCA_001047445___contig_7_fragment_6	PF05866.11	Endodeoxyribonuclease RusA
GCA_001047445___contig_7_fragment_6_354	GCA_001047445___contig_7_fragment_6	VOG10294	REFSEQ hypothetical protein
GCA_001047445___contig_7_fragment_6_355	GCA_001047445___contig_7_fragment_6	VOG10295	REFSEQ hypothetical protein
GCA_001047445___contig_7_fragment_6_356	GCA_001047445___contig_7_fragment_6	None	hypothetical protein
GCA_001047445___contig_7_fragment_6_357	GCA_001047445___contig_7_fragment_6	None	hypothetical protein
GCA_001047445___contig_7_fragment_6_358	GCA_001047445___contig_7_fragment_6	VOG00065	sp|Q38441|YOR5_BPSPP Uncharacterized 10.3 kDa protein in GP2-GP6 intergenic region
GCA_001047445___contig_7_fragment_6_359	GCA_001047445___contig_7_fragment_6	VOG00188	sp|Q03182|RINA_BPPHA Transcriptional activator rinA
GCA_001047445___contig_7_fragment_6_360	GCA_001047445___contig_7_fragment_6	None	hypothetical protein
GCA_001047445___contig_7_fragment_6_361	GCA_001047445___contig_7_fragment_6	K07474	xtmA; phage terminase small subunit
GCA_001047445___contig_7_fragment_6_362	GCA_001047445___contig_7_fragment_6	K06909	xtmB; phage terminase large subunit
GCA_001047445___contig_7_fragment_6_363	GCA_001047445___contig_7_fragment_6	K06909	xtmB; phage terminase large subunit
GCA_001047445___contig_7_fragment_6_364	GCA_001047445___contig_7_fragment_6	PF17288.2	Terminase RNAseH like domain
GCA_001047445___contig_7_fragment_6_365	GCA_001047445___contig_7_fragment_6	VOG00639	REFSEQ portal protein
GCA_001047445___contig_7_fragment_6_366	GCA_001047445___contig_7_fragment_6	VOG01829	sp|Q04765|VSP1_BPLLH Structural protein
GCA_001047445___contig_7_fragment_6_367	GCA_001047445___contig_7_fragment_6	VOG01829	sp|Q04765|VSP1_BPLLH Structural protein
GCA_001047445___contig_7_fragment_6_368	GCA_001047445___contig_7_fragment_6	PF06810.11	Phage minor structural protein GP20
GCA_001047445___contig_7_fragment_6_369	GCA_001047445___contig_7_fragment_6	None	hypothetical protein
GCA_001047445___contig_7_fragment_6_370	GCA_001047445___contig_7_fragment_6	VOG00241	sp|P19727|CAPSB_BPT7 Minor capsid protein
GCA_001047445___contig_7_fragment_6_371	GCA_001047445___contig_7_fragment_6	None	hypothetical protein
GCA_001047445___contig_7_fragment_6_372	GCA_001047445___contig_7_fragment_6	VOG00918	sp|Q04768|YG34_BPLLH Uncharacterized protein ORF4
GCA_001047445___contig_7_fragment_6_373	GCA_001047445___contig_7_fragment_6	VOG04818	sp|Q04769|YG35_BPLLH Uncharacterized protein ORF5
GCA_001047445___contig_7_fragment_6_374	GCA_001047445___contig_7_fragment_6	PF11114.8	Minor capsid protein
GCA_001047445___contig_7_fragment_6_375	GCA_001047445___contig_7_fragment_6	VOG00870	REFSEQ hypothetical protein
GCA_001047445___contig_7_fragment_6_376	GCA_001047445___contig_7_fragment_6	VOG01483	REFSEQ major tail protein
GCA_001047445___contig_7_fragment_6_377	GCA_001047445___contig_7_fragment_6	None	hypothetical protein
GCA_001047445___contig_7_fragment_6_378	GCA_001047445___contig_7_fragment_6	None	hypothetical protein
GCA_001047445___contig_7_fragment_6_379	GCA_001047445___contig_7_fragment_6	None	hypothetical protein
GCA_001047445___contig_7_fragment_6_380	GCA_001047445___contig_7_fragment_6	VOG10276	REFSEQ hypothetical protein
GCA_001047445___contig_7_fragment_6_381	GCA_001047445___contig_7_fragment_6	VOG21220	REFSEQ phage tape measure protein
GCA_001047445___contig_7_fragment_6_382	GCA_001047445___contig_7_fragment_6	VOG00183	REFSEQ hypothetical protein
GCA_001047445___contig_7_fragment_6_383	GCA_001047445___contig_7_fragment_6	VOG01075	REFSEQ hypothetical protein
GCA_001047445___contig_7_fragment_6_384	GCA_001047445___contig_7_fragment_6	VOG00452	REFSEQ hypothetical protein
GCA_001047445___contig_7_fragment_6_385	GCA_001047445___contig_7_fragment_6	None	hypothetical protein
GCA_001047445___contig_7_fragment_6_386	GCA_001047445___contig_7_fragment_6	VOG18935	REFSEQ hypothetical protein
GCA_001047445___contig_7_fragment_6_387	GCA_001047445___contig_7_fragment_6	None	hypothetical protein
GCA_001047445___contig_7_fragment_6_388	GCA_001047445___contig_7_fragment_6	None	hypothetical protein
GCA_001047445___contig_7_fragment_6_389	GCA_001047445___contig_7_fragment_6	PF09693.10	Phage uncharacterised protein (Phage_XkdX)
GCA_001047445___contig_7_fragment_6_390	GCA_001047445___contig_7_fragment_6	PF10779.9	Haemolysin XhlA
GCA_001047445___contig_7_fragment_6_391	GCA_001047445___contig_7_fragment_6	PF16938.5	Putative phage holin Dp-1
GCA_001047465___contig_10_fragment_1_12	GCA_001047465___contig_10_fragment_1	VOG14094	sp|A0A0H3CCP8|SOCA_CAUVN Antitoxin SocA
GCA_001047465___contig_10_fragment_1_13	GCA_001047465___contig_10_fragment_1	PF10097.9	Predicted membrane protein (DUF2335)
GCA_001047465___contig_10_fragment_1_14	GCA_001047465___contig_10_fragment_1	None	hypothetical protein
GCA_001047465___contig_10_fragment_1_15	GCA_001047465___contig_10_fragment_1	None	hypothetical protein
GCA_001047465___contig_10_fragment_1_16	GCA_001047465___contig_10_fragment_1	None	hypothetical protein
GCA_001047465___contig_10_fragment_1_17	GCA_001047465___contig_10_fragment_1	K07273	acm; lysozyme
GCA_001047465___contig_10_fragment_1_18	GCA_001047465___contig_10_fragment_1	PF16938.5	Putative phage holin Dp-1
GCA_001047465___contig_10_fragment_1_19	GCA_001047465___contig_10_fragment_1	None	hypothetical protein
GCA_001047465___contig_10_fragment_1_20	GCA_001047465___contig_10_fragment_1	PF09693.10	Phage uncharacterised protein (Phage_XkdX)
GCA_001047465___contig_10_fragment_1_21	GCA_001047465___contig_10_fragment_1	None	hypothetical protein
GCA_001047465___contig_10_fragment_1_22	GCA_001047465___contig_10_fragment_1	None	hypothetical protein
GCA_001047465___contig_10_fragment_1_23	GCA_001047465___contig_10_fragment_1	VOG18935	REFSEQ hypothetical protein
GCA_001047465___contig_10_fragment_1_24	GCA_001047465___contig_10_fragment_1	None	hypothetical protein
GCA_001047465___contig_10_fragment_1_25	GCA_001047465___contig_10_fragment_1	None	hypothetical protein
GCA_001047465___contig_10_fragment_1_26	GCA_001047465___contig_10_fragment_1	PF06605.11	Prophage endopeptidase tail
GCA_001047465___contig_10_fragment_1_27	GCA_001047465___contig_10_fragment_1	VOG01075	REFSEQ hypothetical protein
GCA_001047465___contig_10_fragment_1_28	GCA_001047465___contig_10_fragment_1	VOG04056	REFSEQ hypothetical protein
GCA_001047465___contig_10_fragment_1_29	GCA_001047465___contig_10_fragment_1	VOG21220	REFSEQ phage tape measure protein
GCA_001047465___contig_10_fragment_1_30	GCA_001047465___contig_10_fragment_1	None	hypothetical protein
GCA_001047465___contig_10_fragment_1_31	GCA_001047465___contig_10_fragment_1	None	hypothetical protein
GCA_001047465___contig_10_fragment_1_32	GCA_001047465___contig_10_fragment_1	None	hypothetical protein
GCA_001047465___contig_10_fragment_1_33	GCA_001047465___contig_10_fragment_1	VOG01397	REFSEQ major tail protein
GCA_001047465___contig_10_fragment_1_34	GCA_001047465___contig_10_fragment_1	None	hypothetical protein
GCA_001047465___contig_10_fragment_1_35	GCA_001047465___contig_10_fragment_1	VOG03575	REFSEQ hypothetical protein
GCA_001047465___contig_10_fragment_1_36	GCA_001047465___contig_10_fragment_1	None	hypothetical protein
GCA_001047465___contig_10_fragment_1_37	GCA_001047465___contig_10_fragment_1	VOG00181	REFSEQ hypothetical protein
GCA_001047465___contig_10_fragment_1_38	GCA_001047465___contig_10_fragment_1	VOG13487	REFSEQ major capsid L
GCA_001047465___contig_10_fragment_1_39	GCA_001047465___contig_10_fragment_1	K06904	K06904; uncharacterized protein
GCA_001047465___contig_10_fragment_1_40	GCA_001047465___contig_10_fragment_1	PF04860.12	Phage portal protein
GCA_001047465___contig_10_fragment_1_41	GCA_001047465___contig_10_fragment_1	PF03354.15	Phage Terminase
GCA_001047465___contig_10_fragment_1_42	GCA_001047465___contig_10_fragment_1	VOG04497	REFSEQ putative terminase small subunit
GCA_001047465___contig_10_fragment_1_43	GCA_001047465___contig_10_fragment_1	VOG00687	REFSEQ terminase small subunit
GCA_001047465___contig_10_fragment_1_44	GCA_001047465___contig_10_fragment_1	VOG00962	REFSEQ hypothetical protein
GCA_001047465___contig_10_fragment_1_45	GCA_001047465___contig_10_fragment_1	None	hypothetical protein
GCA_001047465___contig_10_fragment_1_46	GCA_001047465___contig_10_fragment_1	None	hypothetical protein
GCA_001047465___contig_10_fragment_1_47	GCA_001047465___contig_10_fragment_1	None	hypothetical protein
GCA_001047465___contig_10_fragment_1_48	GCA_001047465___contig_10_fragment_1	VOG00188	sp|Q03182|RINA_BPPHA Transcriptional activator rinA
GCA_001047465___contig_10_fragment_1_49	GCA_001047465___contig_10_fragment_1	VOG00065	sp|Q38441|YOR5_BPSPP Uncharacterized 10.3 kDa protein in GP2-GP6 intergenic region
GCA_001047465___contig_10_fragment_1_50	GCA_001047465___contig_10_fragment_1	None	hypothetical protein
GCA_001047465___contig_10_fragment_1_51	GCA_001047465___contig_10_fragment_1	None	hypothetical protein
GCA_001047465___contig_10_fragment_1_52	GCA_001047465___contig_10_fragment_1	PF05866.11	Endodeoxyribonuclease RusA
GCA_001047465___contig_10_fragment_1_53	GCA_001047465___contig_10_fragment_1	VOG00404	sp|P9WGD4|SSB_MYCTO Single-stranded DNA-binding protein
GCA_001047465___contig_10_fragment_1_54	GCA_001047465___contig_10_fragment_1	None	hypothetical protein
GCA_001047465___contig_10_fragment_1_55	GCA_001047465___contig_10_fragment_1	VOG21431	REFSEQ hypothetical protein
GCA_001047465___contig_10_fragment_1_56	GCA_001047465___contig_10_fragment_1	PF16784.5	Putative HNHc nuclease
GCA_001047465___contig_10_fragment_1_57	GCA_001047465___contig_10_fragment_1	PF04404.12	ERF superfamily
GCA_001047465___contig_10_fragment_1_58	GCA_001047465___contig_10_fragment_1	VOG11084	REFSEQ hypothetical protein
GCA_001047465___contig_10_fragment_1_59	GCA_001047465___contig_10_fragment_1	None	hypothetical protein
GCA_001047465___contig_10_fragment_1_60	GCA_001047465___contig_10_fragment_1	None	hypothetical protein
GCA_001047465___contig_10_fragment_1_61	GCA_001047465___contig_10_fragment_1	None	hypothetical protein
GCA_001047465___contig_10_fragment_1_62	GCA_001047465___contig_10_fragment_1	None	hypothetical protein
GCA_001047465___contig_10_fragment_1_63	GCA_001047465___contig_10_fragment_1	None	hypothetical protein
GCA_001047465___contig_10_fragment_1_64	GCA_001047465___contig_10_fragment_1	None	hypothetical protein
GCA_001047465___contig_10_fragment_1_65	GCA_001047465___contig_10_fragment_1	None	hypothetical protein
GCA_001047465___contig_10_fragment_1_66	GCA_001047465___contig_10_fragment_1	K07741	antB; anti-repressor protein
GCA_001047465___contig_10_fragment_1_67	GCA_001047465___contig_10_fragment_1	VOG14084	REFSEQ hypothetical protein
GCA_001047465___contig_10_fragment_1_68	GCA_001047465___contig_10_fragment_1	None	hypothetical protein
GCA_001047465___contig_10_fragment_1_69	GCA_001047465___contig_10_fragment_1	None	hypothetical protein
GCA_001047465___contig_10_fragment_1_70	GCA_001047465___contig_10_fragment_1	None	hypothetical protein
GCA_001047465___contig_10_fragment_1_71	GCA_001047465___contig_10_fragment_1	VOG10124	sp|O34449|YOQD_BACSU SPBc2 prophage-derived putative antirepressor protein YoqD
GCA_001047465___contig_10_fragment_1_72	GCA_001047465___contig_10_fragment_1	None	hypothetical protein
GCA_001047465___contig_10_fragment_1_73	GCA_001047465___contig_10_fragment_1	VOG20253	REFSEQ hypothetical protein
GCA_001047465___contig_10_fragment_1_74	GCA_001047465___contig_10_fragment_1	None	hypothetical protein
GCA_001047465___contig_10_fragment_1_75	GCA_001047465___contig_10_fragment_1	None	hypothetical protein
GCA_001047465___contig_10_fragment_1_76	GCA_001047465___contig_10_fragment_1	PF09669.10	Phage regulatory protein Rha (Phage_pRha)
GCA_001047465___contig_10_fragment_1_77	GCA_001047465___contig_10_fragment_1	None	hypothetical protein
GCA_001047465___contig_10_fragment_1_78	GCA_001047465___contig_10_fragment_1	None	hypothetical protein
GCA_001047465___contig_10_fragment_1_79	GCA_001047465___contig_10_fragment_1	K22300	"dicA; HTH-type transcriptional regulator, cell division transcriptional repressor"
GCA_001047465___contig_10_fragment_1_80	GCA_001047465___contig_10_fragment_1	VOG00041	sp|O10330|VLF1_NPVOP Very late expression factor 1
GCA_001047465___contig_10_fragment_1_81	GCA_001047465___contig_10_fragment_1	K02003	ABC.CD.A; putative ABC transport system ATP-binding protein
GCA_004001225___contig_1_fragment_6_789	GCA_004001225___contig_1_fragment_6	VOG14094	sp|A0A0H3CCP8|SOCA_CAUVN Antitoxin SocA
GCA_004001225___contig_1_fragment_6_790	GCA_004001225___contig_1_fragment_6	PF10097.9	Predicted membrane protein (DUF2335)
GCA_004001225___contig_1_fragment_6_791	GCA_004001225___contig_1_fragment_6	None	hypothetical protein
GCA_004001225___contig_1_fragment_6_792	GCA_004001225___contig_1_fragment_6	None	hypothetical protein
GCA_004001225___contig_1_fragment_6_793	GCA_004001225___contig_1_fragment_6	None	hypothetical protein
GCA_004001225___contig_1_fragment_6_794	GCA_004001225___contig_1_fragment_6	K07273	acm; lysozyme
GCA_004001225___contig_1_fragment_6_795	GCA_004001225___contig_1_fragment_6	PF16938.5	Putative phage holin Dp-1
GCA_004001225___contig_1_fragment_6_796	GCA_004001225___contig_1_fragment_6	None	hypothetical protein
GCA_004001225___contig_1_fragment_6_797	GCA_004001225___contig_1_fragment_6	PF09693.10	Phage uncharacterised protein (Phage_XkdX)
GCA_004001225___contig_1_fragment_6_798	GCA_004001225___contig_1_fragment_6	None	hypothetical protein
GCA_004001225___contig_1_fragment_6_799	GCA_004001225___contig_1_fragment_6	None	hypothetical protein
GCA_004001225___contig_1_fragment_6_800	GCA_004001225___contig_1_fragment_6	None	hypothetical protein
GCA_004001225___contig_1_fragment_6_801	GCA_004001225___contig_1_fragment_6	None	hypothetical protein
GCA_004001225___contig_1_fragment_6_802	GCA_004001225___contig_1_fragment_6	None	hypothetical protein
GCA_004001225___contig_1_fragment_6_803	GCA_004001225___contig_1_fragment_6	None	hypothetical protein
GCA_004001225___contig_1_fragment_6_804	GCA_004001225___contig_1_fragment_6	PF06605.11	Prophage endopeptidase tail
GCA_004001225___contig_1_fragment_6_805	GCA_004001225___contig_1_fragment_6	VOG01075	REFSEQ hypothetical protein
GCA_004001225___contig_1_fragment_6_806	GCA_004001225___contig_1_fragment_6	VOG04056	REFSEQ hypothetical protein
GCA_004001225___contig_1_fragment_6_807	GCA_004001225___contig_1_fragment_6	VOG21220	REFSEQ phage tape measure protein
GCA_004001225___contig_1_fragment_6_808	GCA_004001225___contig_1_fragment_6	None	hypothetical protein
GCA_004001225___contig_1_fragment_6_809	GCA_004001225___contig_1_fragment_6	None	hypothetical protein
GCA_004001225___contig_1_fragment_6_810	GCA_004001225___contig_1_fragment_6	None	hypothetical protein
GCA_004001225___contig_1_fragment_6_811	GCA_004001225___contig_1_fragment_6	VOG01397	REFSEQ major tail protein
GCA_004001225___contig_1_fragment_6_812	GCA_004001225___contig_1_fragment_6	None	hypothetical protein
GCA_004001225___contig_1_fragment_6_813	GCA_004001225___contig_1_fragment_6	VOG03575	REFSEQ hypothetical protein
GCA_004001225___contig_1_fragment_6_814	GCA_004001225___contig_1_fragment_6	None	hypothetical protein
GCA_004001225___contig_1_fragment_6_815	GCA_004001225___contig_1_fragment_6	VOG00181	REFSEQ hypothetical protein
GCA_004001225___contig_1_fragment_6_816	GCA_004001225___contig_1_fragment_6	VOG13487	REFSEQ major capsid L
GCA_004001225___contig_1_fragment_6_817	GCA_004001225___contig_1_fragment_6	K06904	K06904; uncharacterized protein
GCA_004001225___contig_1_fragment_6_818	GCA_004001225___contig_1_fragment_6	PF04860.12	Phage portal protein
GCA_004001225___contig_1_fragment_6_819	GCA_004001225___contig_1_fragment_6	PF03354.15	Phage Terminase
GCA_004001225___contig_1_fragment_6_820	GCA_004001225___contig_1_fragment_6	VOG04497	REFSEQ putative terminase small subunit
GCA_004001225___contig_1_fragment_6_821	GCA_004001225___contig_1_fragment_6	VOG00687	REFSEQ terminase small subunit
GCA_004001225___contig_1_fragment_6_822	GCA_004001225___contig_1_fragment_6	VOG00962	REFSEQ hypothetical protein
GCA_004001225___contig_1_fragment_6_823	GCA_004001225___contig_1_fragment_6	None	hypothetical protein
GCA_004001225___contig_1_fragment_6_824	GCA_004001225___contig_1_fragment_6	None	hypothetical protein
GCA_004001225___contig_1_fragment_6_825	GCA_004001225___contig_1_fragment_6	None	hypothetical protein
GCA_004001225___contig_1_fragment_6_826	GCA_004001225___contig_1_fragment_6	VOG00188	sp|Q03182|RINA_BPPHA Transcriptional activator rinA
GCA_004001225___contig_1_fragment_6_827	GCA_004001225___contig_1_fragment_6	VOG00065	sp|Q38441|YOR5_BPSPP Uncharacterized 10.3 kDa protein in GP2-GP6 intergenic region
GCA_004001225___contig_1_fragment_6_828	GCA_004001225___contig_1_fragment_6	None	hypothetical protein
GCA_004001225___contig_1_fragment_6_829	GCA_004001225___contig_1_fragment_6	None	hypothetical protein
GCA_004001225___contig_1_fragment_6_830	GCA_004001225___contig_1_fragment_6	None	hypothetical protein
GCA_004001225___contig_1_fragment_6_831	GCA_004001225___contig_1_fragment_6	PF05866.11	Endodeoxyribonuclease RusA
GCA_004001225___contig_1_fragment_6_832	GCA_004001225___contig_1_fragment_6	VOG00404	sp|P9WGD4|SSB_MYCTO Single-stranded DNA-binding protein
GCA_004001225___contig_1_fragment_6_833	GCA_004001225___contig_1_fragment_6	None	hypothetical protein
GCA_004001225___contig_1_fragment_6_834	GCA_004001225___contig_1_fragment_6	VOG21431	REFSEQ hypothetical protein
GCA_004001225___contig_1_fragment_6_835	GCA_004001225___contig_1_fragment_6	PF16784.5	Putative HNHc nuclease
GCA_004001225___contig_1_fragment_6_836	GCA_004001225___contig_1_fragment_6	PF04404.12	ERF superfamily
GCA_004001225___contig_1_fragment_6_837	GCA_004001225___contig_1_fragment_6	VOG11084	REFSEQ hypothetical protein
GCA_004001225___contig_1_fragment_6_838	GCA_004001225___contig_1_fragment_6	None	hypothetical protein
GCA_004001225___contig_1_fragment_6_839	GCA_004001225___contig_1_fragment_6	None	hypothetical protein
GCA_004001225___contig_1_fragment_6_840	GCA_004001225___contig_1_fragment_6	None	hypothetical protein
GCA_004001225___contig_1_fragment_6_841	GCA_004001225___contig_1_fragment_6	None	hypothetical protein
GCA_004001225___contig_1_fragment_6_842	GCA_004001225___contig_1_fragment_6	None	hypothetical protein
GCA_004001225___contig_1_fragment_6_843	GCA_004001225___contig_1_fragment_6	None	hypothetical protein
GCA_004001225___contig_1_fragment_6_844	GCA_004001225___contig_1_fragment_6	None	hypothetical protein
GCA_004001225___contig_1_fragment_6_845	GCA_004001225___contig_1_fragment_6	K07741	antB; anti-repressor protein
GCA_004001225___contig_1_fragment_6_846	GCA_004001225___contig_1_fragment_6	VOG14084	REFSEQ hypothetical protein
GCA_004001225___contig_1_fragment_6_847	GCA_004001225___contig_1_fragment_6	None	hypothetical protein
GCA_004001225___contig_1_fragment_6_848	GCA_004001225___contig_1_fragment_6	None	hypothetical protein
GCA_004001225___contig_1_fragment_6_849	GCA_004001225___contig_1_fragment_6	VOG10124	sp|O34449|YOQD_BACSU SPBc2 prophage-derived putative antirepressor protein YoqD
GCA_004001225___contig_1_fragment_6_850	GCA_004001225___contig_1_fragment_6	None	hypothetical protein
GCA_004001225___contig_1_fragment_6_851	GCA_004001225___contig_1_fragment_6	VOG20253	REFSEQ hypothetical protein
GCA_004001225___contig_1_fragment_6_852	GCA_004001225___contig_1_fragment_6	None	hypothetical protein
GCA_004001225___contig_1_fragment_6_853	GCA_004001225___contig_1_fragment_6	None	hypothetical protein
GCA_004001225___contig_1_fragment_6_854	GCA_004001225___contig_1_fragment_6	PF09669.10	Phage regulatory protein Rha (Phage_pRha)
GCA_004001225___contig_1_fragment_6_855	GCA_004001225___contig_1_fragment_6	None	hypothetical protein
GCA_004001225___contig_1_fragment_6_856	GCA_004001225___contig_1_fragment_6	None	hypothetical protein
GCA_004001225___contig_1_fragment_6_857	GCA_004001225___contig_1_fragment_6	K22300	"dicA; HTH-type transcriptional regulator, cell division transcriptional repressor"
GCA_004001225___contig_1_fragment_6_858	GCA_004001225___contig_1_fragment_6	VOG00041	sp|O10330|VLF1_NPVOP Very late expression factor 1
GCA_004001225___contig_1_fragment_6_859	GCA_004001225___contig_1_fragment_6	K02003	ABC.CD.A; putative ABC transport system ATP-binding protein
GCA_004001225___contig_1_fragment_9_1156	GCA_004001225___contig_1_fragment_9	PF05382.13	Bacteriophage peptidoglycan hydrolase
GCA_004001225___contig_1_fragment_9_1157	GCA_004001225___contig_1_fragment_9	PF16938.5	Putative phage holin Dp-1
GCA_004001225___contig_1_fragment_9_1158	GCA_004001225___contig_1_fragment_9	None	hypothetical protein
GCA_004001225___contig_1_fragment_9_1159	GCA_004001225___contig_1_fragment_9	None	hypothetical protein
GCA_004001225___contig_1_fragment_9_1160	GCA_004001225___contig_1_fragment_9	None	hypothetical protein
GCA_004001225___contig_1_fragment_9_1161	GCA_004001225___contig_1_fragment_9	None	hypothetical protein
GCA_004001225___contig_1_fragment_9_1162	GCA_004001225___contig_1_fragment_9	None	hypothetical protein
GCA_004001225___contig_1_fragment_9_1163	GCA_004001225___contig_1_fragment_9	VOG13479	REFSEQ gp067
GCA_004001225___contig_1_fragment_9_1164	GCA_004001225___contig_1_fragment_9	VOG21997	REFSEQ hypothetical protein
GCA_004001225___contig_1_fragment_9_1165	GCA_004001225___contig_1_fragment_9	VOG00824	REFSEQ putative antireceptor
GCA_004001225___contig_1_fragment_9_1166	GCA_004001225___contig_1_fragment_9	VOG00097	sp|O48459|DIT_BPSPP Distal tail protein
GCA_004001225___contig_1_fragment_9_1167	GCA_004001225___contig_1_fragment_9	VOG02632	REFSEQ gp14
GCA_004001225___contig_1_fragment_9_1168	GCA_004001225___contig_1_fragment_9	VOG01394	REFSEQ hypothetical protein
GCA_004001225___contig_1_fragment_9_1169	GCA_004001225___contig_1_fragment_9	PF12363.8	"Phage tail assembly chaperone protein, TAC"
GCA_004001225___contig_1_fragment_9_1170	GCA_004001225___contig_1_fragment_9	VOG00149	sp|A9CRB8|TAIL_BPMR1 Putative tail protein
GCA_004001225___contig_1_fragment_9_1171	GCA_004001225___contig_1_fragment_9	VOG00743	sp|O48448|COMPL_BPSPP Tail completion protein gp17
GCA_004001225___contig_1_fragment_9_1172	GCA_004001225___contig_1_fragment_9	None	hypothetical protein
GCA_004001225___contig_1_fragment_9_1173	GCA_004001225___contig_1_fragment_9	None	hypothetical protein
GCA_004001225___contig_1_fragment_9_1174	GCA_004001225___contig_1_fragment_9	K22994	pelX; pectate disaccharide-lyase [EC:4.2.2.9]
GCA_004001225___contig_1_fragment_9_1175	GCA_004001225___contig_1_fragment_9	K22994	pelX; pectate disaccharide-lyase [EC:4.2.2.9]
GCA_004001225___contig_1_fragment_9_1176	GCA_004001225___contig_1_fragment_9	VOG00188	sp|Q03182|RINA_BPPHA Transcriptional activator rinA
GCA_004001225___contig_1_fragment_9_1177	GCA_004001225___contig_1_fragment_9	None	hypothetical protein
GCA_004001225___contig_1_fragment_9_1178	GCA_004001225___contig_1_fragment_9	None	hypothetical protein
GCA_004001225___contig_1_fragment_9_1179	GCA_004001225___contig_1_fragment_9	VOG00459	REFSEQ putative CI-like transcriptional repressor
GCA_004001225___contig_1_fragment_9_1180	GCA_004001225___contig_1_fragment_9	None	hypothetical protein
GCA_004001225___contig_1_fragment_9_1181	GCA_004001225___contig_1_fragment_9	K09022	"ridA, tdcF, RIDA; 2-iminobutanoate/2-iminopropanoate deaminase [EC:3.5.99.10]"
GCA_004001225___contig_1_fragment_9_1182	GCA_004001225___contig_1_fragment_9	K02013	ABC.FEV.A; iron complex transport system ATP-binding protein [EC:7.2.2.-]
GCA_001047445___contig_8_fragment_3_157	GCA_001047445___contig_8_fragment_3	VOG00041	sp|O10330|VLF1_NPVOP Very late expression factor 1
GCA_001047445___contig_8_fragment_3_158	GCA_001047445___contig_8_fragment_3	None	hypothetical protein
GCA_001047445___contig_8_fragment_3_159	GCA_001047445___contig_8_fragment_3	PF07553.11	Host cell surface-exposed lipoprotein
GCA_001047445___contig_8_fragment_3_160	GCA_001047445___contig_8_fragment_3	VOG20253	REFSEQ hypothetical protein
GCA_001047445___contig_8_fragment_3_161	GCA_001047445___contig_8_fragment_3	None	hypothetical protein
GCA_001047445___contig_8_fragment_3_162	GCA_001047445___contig_8_fragment_3	K07741	antB; anti-repressor protein
GCA_001047445___contig_8_fragment_3_163	GCA_001047445___contig_8_fragment_3	None	hypothetical protein
GCA_001047445___contig_8_fragment_3_164	GCA_001047445___contig_8_fragment_3	None	hypothetical protein
GCA_001047445___contig_8_fragment_3_165	GCA_001047445___contig_8_fragment_3	None	hypothetical protein
GCA_001047445___contig_8_fragment_3_166	GCA_001047445___contig_8_fragment_3	None	hypothetical protein
GCA_001047445___contig_8_fragment_3_167	GCA_001047445___contig_8_fragment_3	None	hypothetical protein
GCA_001047445___contig_8_fragment_3_168	GCA_001047445___contig_8_fragment_3	None	hypothetical protein
GCA_001047445___contig_8_fragment_3_169	GCA_001047445___contig_8_fragment_3	PF03837.14	RecT family
GCA_001047445___contig_8_fragment_3_170	GCA_001047445___contig_8_fragment_3	PF12684.7	PDDEXK-like domain of unknown function (DUF3799)
GCA_001047445___contig_8_fragment_3_171	GCA_001047445___contig_8_fragment_3	PF16784.5	Putative HNHc nuclease
GCA_001047445___contig_8_fragment_3_172	GCA_001047445___contig_8_fragment_3	VOG21431	REFSEQ hypothetical protein
GCA_001047445___contig_8_fragment_3_173	GCA_001047445___contig_8_fragment_3	None	hypothetical protein
GCA_001047445___contig_8_fragment_3_174	GCA_001047445___contig_8_fragment_3	VOG00404	sp|P9WGD4|SSB_MYCTO Single-stranded DNA-binding protein
GCA_001047445___contig_8_fragment_3_175	GCA_001047445___contig_8_fragment_3	VOG01162	sp|O34055|ARPU_BPO12 Putative autolysin regulatory protein ArpU
GCA_001047445___contig_8_fragment_3_176	GCA_001047445___contig_8_fragment_3	VOG03001	REFSEQ hypothetical protein
GCA_001047445___contig_8_fragment_3_177	GCA_001047445___contig_8_fragment_3	None	hypothetical protein
GCA_001047445___contig_8_fragment_3_178	GCA_001047445___contig_8_fragment_3	None	hypothetical protein
GCA_001047445___contig_8_fragment_3_179	GCA_001047445___contig_8_fragment_3	None	hypothetical protein
GCA_001047445___contig_8_fragment_3_180	GCA_001047445___contig_8_fragment_3	VOG00962	REFSEQ hypothetical protein
GCA_001047445___contig_8_fragment_3_181	GCA_001047445___contig_8_fragment_3	VOG00687	REFSEQ terminase small subunit
GCA_001047445___contig_8_fragment_3_182	GCA_001047445___contig_8_fragment_3	VOG04497	REFSEQ putative terminase small subunit
GCA_001047445___contig_8_fragment_3_183	GCA_001047445___contig_8_fragment_3	PF04860.12	Phage portal protein
GCA_001047445___contig_8_fragment_3_184	GCA_001047445___contig_8_fragment_3	K06904	K06904; uncharacterized protein
GCA_001047445___contig_8_fragment_3_185	GCA_001047445___contig_8_fragment_3	VOG13487	REFSEQ major capsid L
GCA_001047445___contig_8_fragment_3_186	GCA_001047445___contig_8_fragment_3	VOG00181	REFSEQ hypothetical protein
GCA_001047445___contig_8_fragment_3_187	GCA_001047445___contig_8_fragment_3	None	hypothetical protein
GCA_001047445___contig_8_fragment_3_188	GCA_001047445___contig_8_fragment_3	VOG03575	REFSEQ hypothetical protein
GCA_001047445___contig_8_fragment_3_189	GCA_001047445___contig_8_fragment_3	None	hypothetical protein
GCA_001047445___contig_8_fragment_3_190	GCA_001047445___contig_8_fragment_3	VOG01397	REFSEQ major tail protein
GCA_025728695___contig_154_1	GCA_025728695___contig_154	None	hypothetical protein
GCA_025728695___contig_154_2	GCA_025728695___contig_154	None	hypothetical protein
GCA_025728695___contig_154_3	GCA_025728695___contig_154	None	hypothetical protein
GCA_025728695___contig_154_4	GCA_025728695___contig_154	VOG18935	REFSEQ hypothetical protein
GCA_025728695___contig_133_1	GCA_025728695___contig_133	None	hypothetical protein
GCA_025728695___contig_133_2	GCA_025728695___contig_133	None	hypothetical protein
GCA_025728695___contig_133_3	GCA_025728695___contig_133	VOG01190	REFSEQ hypothetical protein
GCA_025728695___contig_133_4	GCA_025728695___contig_133	K06400	spoIVCA; site-specific DNA recombinase
GCA_001047405___contig_1_1	GCA_001047405___contig_1	K22300	"dicA; HTH-type transcriptional regulator, cell division transcriptional repressor"
GCA_001047405___contig_1_2	GCA_001047405___contig_1	VOG00041	sp|O10330|VLF1_NPVOP Very late expression factor 1
GCA_001047405___contig_1_3	GCA_001047405___contig_1	None	hypothetical protein
GCA_001047405___contig_1_4	GCA_001047405___contig_1	VOG14094	sp|A0A0H3CCP8|SOCA_CAUVN Antitoxin SocA
GCA_001047405___contig_1_5	GCA_001047405___contig_1	PF10097.9	Predicted membrane protein (DUF2335)
GCA_001047405___contig_1_6	GCA_001047405___contig_1	None	hypothetical protein
GCA_001047405___contig_1_7	GCA_001047405___contig_1	None	hypothetical protein
GCA_001047405___contig_1_8	GCA_001047405___contig_1	None	hypothetical protein
GCA_001047405___contig_1_9	GCA_001047405___contig_1	K07273	acm; lysozyme
GCA_001047405___contig_1_10	GCA_001047405___contig_1	PF16938.5	Putative phage holin Dp-1
GCA_001047405___contig_1_11	GCA_001047405___contig_1	None	hypothetical protein
GCA_001047405___contig_1_12	GCA_001047405___contig_1	PF09693.10	Phage uncharacterised protein (Phage_XkdX)
GCA_001047405___contig_1_13	GCA_001047405___contig_1	None	hypothetical protein
GCA_001047405___contig_1_14	GCA_001047405___contig_1	None	hypothetical protein
GCA_001047405___contig_1_15	GCA_001047405___contig_1	VOG18935	REFSEQ hypothetical protein
GCA_001047405___contig_1_16	GCA_001047405___contig_1	None	hypothetical protein
GCA_001047405___contig_1_17	GCA_001047405___contig_1	None	hypothetical protein
GCA_001047405___contig_1_18	GCA_001047405___contig_1	PF06605.11	Prophage endopeptidase tail
GCA_001047405___contig_1_19	GCA_001047405___contig_1	VOG01075	REFSEQ hypothetical protein
GCA_001047405___contig_1_20	GCA_001047405___contig_1	VOG04056	REFSEQ hypothetical protein
GCA_001047405___contig_1_21	GCA_001047405___contig_1	VOG21220	REFSEQ phage tape measure protein
GCA_001047405___contig_1_22	GCA_001047405___contig_1	None	hypothetical protein
GCA_001047405___contig_1_23	GCA_001047405___contig_1	None	hypothetical protein
GCA_001047405___contig_1_24	GCA_001047405___contig_1	None	hypothetical protein
GCA_001047405___contig_1_25	GCA_001047405___contig_1	VOG01397	REFSEQ major tail protein
GCA_001047405___contig_1_26	GCA_001047405___contig_1	None	hypothetical protein
GCA_001047405___contig_1_27	GCA_001047405___contig_1	VOG03575	REFSEQ hypothetical protein
GCA_001047405___contig_1_28	GCA_001047405___contig_1	None	hypothetical protein
GCA_001047405___contig_1_29	GCA_001047405___contig_1	VOG00181	REFSEQ hypothetical protein
GCA_001047405___contig_1_30	GCA_001047405___contig_1	VOG13487	REFSEQ major capsid L
GCA_001047405___contig_1_31	GCA_001047405___contig_1	K06904	K06904; uncharacterized protein
GCA_001047405___contig_1_32	GCA_001047405___contig_1	PF04860.12	Phage portal protein
GCA_001047405___contig_1_33	GCA_001047405___contig_1	PF03354.15	Phage Terminase
GCA_001047405___contig_1_34	GCA_001047405___contig_1	VOG04497	REFSEQ putative terminase small subunit
GCA_001047405___contig_1_35	GCA_001047405___contig_1	VOG00687	REFSEQ terminase small subunit
GCA_001047405___contig_1_36	GCA_001047405___contig_1	VOG00962	REFSEQ hypothetical protein
GCA_001047405___contig_1_37	GCA_001047405___contig_1	None	hypothetical protein
GCA_001047405___contig_1_38	GCA_001047405___contig_1	None	hypothetical protein
GCA_001047405___contig_1_39	GCA_001047405___contig_1	None	hypothetical protein
GCA_001047405___contig_1_40	GCA_001047405___contig_1	VOG00188	sp|Q03182|RINA_BPPHA Transcriptional activator rinA
GCA_001047405___contig_1_41	GCA_001047405___contig_1	VOG00065	sp|Q38441|YOR5_BPSPP Uncharacterized 10.3 kDa protein in GP2-GP6 intergenic region
GCA_001047405___contig_1_42	GCA_001047405___contig_1	None	hypothetical protein
GCA_001047405___contig_1_43	GCA_001047405___contig_1	None	hypothetical protein
GCA_001047405___contig_1_44	GCA_001047405___contig_1	None	hypothetical protein
GCA_001047405___contig_1_45	GCA_001047405___contig_1	PF05866.11	Endodeoxyribonuclease RusA
GCA_001047405___contig_1_46	GCA_001047405___contig_1	VOG00404	sp|P9WGD4|SSB_MYCTO Single-stranded DNA-binding protein
GCA_001047405___contig_1_47	GCA_001047405___contig_1	None	hypothetical protein
GCA_001047405___contig_1_48	GCA_001047405___contig_1	VOG21431	REFSEQ hypothetical protein
GCA_001047405___contig_1_49	GCA_001047405___contig_1	PF16784.5	Putative HNHc nuclease
GCA_001047405___contig_1_50	GCA_001047405___contig_1	PF04404.12	ERF superfamily
GCA_001047405___contig_1_51	GCA_001047405___contig_1	VOG11084	REFSEQ hypothetical protein
GCA_001047405___contig_1_52	GCA_001047405___contig_1	None	hypothetical protein
GCA_001047405___contig_1_53	GCA_001047405___contig_1	None	hypothetical protein
GCA_001047405___contig_1_54	GCA_001047405___contig_1	None	hypothetical protein
GCA_001047405___contig_1_55	GCA_001047405___contig_1	None	hypothetical protein
GCA_001047405___contig_1_56	GCA_001047405___contig_1	None	hypothetical protein
GCA_001047405___contig_1_57	GCA_001047405___contig_1	None	hypothetical protein
GCA_001047405___contig_1_58	GCA_001047405___contig_1	None	hypothetical protein
GCA_001047405___contig_1_59	GCA_001047405___contig_1	K07741	antB; anti-repressor protein
GCA_001047405___contig_1_60	GCA_001047405___contig_1	VOG14084	REFSEQ hypothetical protein
GCA_001047405___contig_1_61	GCA_001047405___contig_1	None	hypothetical protein
GCA_001047405___contig_1_62	GCA_001047405___contig_1	None	hypothetical protein
GCA_001047405___contig_1_63	GCA_001047405___contig_1	VOG10124	sp|O34449|YOQD_BACSU SPBc2 prophage-derived putative antirepressor protein YoqD
GCA_001047405___contig_1_64	GCA_001047405___contig_1	None	hypothetical protein
GCA_001047405___contig_1_65	GCA_001047405___contig_1	VOG20253	REFSEQ hypothetical protein
GCA_001047405___contig_1_66	GCA_001047405___contig_1	None	hypothetical protein
GCA_001047405___contig_1_67	GCA_001047405___contig_1	None	hypothetical protein
GCA_001047405___contig_1_68	GCA_001047405___contig_1	PF09669.10	Phage regulatory protein Rha (Phage_pRha)
GCA_001047405___contig_1_69	GCA_001047405___contig_1	None	hypothetical protein
GCA_001047405___contig_1_70	GCA_001047405___contig_1	None	hypothetical protein
GCA_000270185___contig_1_fragment_12_1369	GCA_000270185___contig_1_fragment_12	VOG14094	sp|A0A0H3CCP8|SOCA_CAUVN Antitoxin SocA
GCA_000270185___contig_1_fragment_12_1370	GCA_000270185___contig_1_fragment_12	PF05382.13	Bacteriophage peptidoglycan hydrolase
GCA_000270185___contig_1_fragment_12_1371	GCA_000270185___contig_1_fragment_12	PF16938.5	Putative phage holin Dp-1
GCA_000270185___contig_1_fragment_12_1372	GCA_000270185___contig_1_fragment_12	PF10779.9	Haemolysin XhlA
GCA_000270185___contig_1_fragment_12_1373	GCA_000270185___contig_1_fragment_12	PF09693.10	Phage uncharacterised protein (Phage_XkdX)
GCA_000270185___contig_1_fragment_12_1374	GCA_000270185___contig_1_fragment_12	None	hypothetical protein
GCA_000270185___contig_1_fragment_12_1375	GCA_000270185___contig_1_fragment_12	None	hypothetical protein
GCA_000270185___contig_1_fragment_12_1376	GCA_000270185___contig_1_fragment_12	VOG18935	REFSEQ hypothetical protein
GCA_000270185___contig_1_fragment_12_1377	GCA_000270185___contig_1_fragment_12	None	hypothetical protein
GCA_000270185___contig_1_fragment_12_1378	GCA_000270185___contig_1_fragment_12	VOG00452	REFSEQ hypothetical protein
GCA_000270185___contig_1_fragment_12_1379	GCA_000270185___contig_1_fragment_12	VOG01075	REFSEQ hypothetical protein
GCA_000270185___contig_1_fragment_12_1380	GCA_000270185___contig_1_fragment_12	VOG00183	REFSEQ hypothetical protein
GCA_000270185___contig_1_fragment_12_1381	GCA_000270185___contig_1_fragment_12	VOG21220	REFSEQ phage tape measure protein
GCA_000270185___contig_1_fragment_12_1382	GCA_000270185___contig_1_fragment_12	VOG10276	REFSEQ hypothetical protein
GCA_000270185___contig_1_fragment_12_1383	GCA_000270185___contig_1_fragment_12	None	hypothetical protein
GCA_000270185___contig_1_fragment_12_1384	GCA_000270185___contig_1_fragment_12	None	hypothetical protein
GCA_000270185___contig_1_fragment_12_1385	GCA_000270185___contig_1_fragment_12	VOG01483	REFSEQ major tail protein
GCA_000270185___contig_1_fragment_12_1386	GCA_000270185___contig_1_fragment_12	VOG00870	REFSEQ hypothetical protein
GCA_000270185___contig_1_fragment_12_1387	GCA_000270185___contig_1_fragment_12	PF11114.8	Minor capsid protein
GCA_000270185___contig_1_fragment_12_1388	GCA_000270185___contig_1_fragment_12	VOG04818	sp|Q04769|YG35_BPLLH Uncharacterized protein ORF5
GCA_000270185___contig_1_fragment_12_1389	GCA_000270185___contig_1_fragment_12	VOG00918	sp|Q04768|YG34_BPLLH Uncharacterized protein ORF4
GCA_000270185___contig_1_fragment_12_1390	GCA_000270185___contig_1_fragment_12	None	hypothetical protein
GCA_000270185___contig_1_fragment_12_1391	GCA_000270185___contig_1_fragment_12	VOG00241	sp|P19727|CAPSB_BPT7 Minor capsid protein
GCA_000270185___contig_1_fragment_12_1392	GCA_000270185___contig_1_fragment_12	None	hypothetical protein
GCA_000270185___contig_1_fragment_12_1393	GCA_000270185___contig_1_fragment_12	PF06810.11	Phage minor structural protein GP20
GCA_000270185___contig_1_fragment_12_1394	GCA_000270185___contig_1_fragment_12	VOG01829	sp|Q04765|VSP1_BPLLH Structural protein
GCA_000270185___contig_1_fragment_12_1395	GCA_000270185___contig_1_fragment_12	VOG01829	sp|Q04765|VSP1_BPLLH Structural protein
GCA_000270185___contig_1_fragment_12_1396	GCA_000270185___contig_1_fragment_12	VOG00639	REFSEQ portal protein
GCA_000270185___contig_1_fragment_12_1397	GCA_000270185___contig_1_fragment_12	PF17288.2	Terminase RNAseH like domain
GCA_000270185___contig_1_fragment_12_1398	GCA_000270185___contig_1_fragment_12	K06909	xtmB; phage terminase large subunit
GCA_000270185___contig_1_fragment_12_1399	GCA_000270185___contig_1_fragment_12	K06909	xtmB; phage terminase large subunit
GCA_000270185___contig_1_fragment_12_1400	GCA_000270185___contig_1_fragment_12	K07474	xtmA; phage terminase small subunit
GCA_000270185___contig_1_fragment_12_1401	GCA_000270185___contig_1_fragment_12	None	hypothetical protein
GCA_000270185___contig_1_fragment_12_1402	GCA_000270185___contig_1_fragment_12	VOG00188	sp|Q03182|RINA_BPPHA Transcriptional activator rinA
GCA_000270185___contig_1_fragment_12_1403	GCA_000270185___contig_1_fragment_12	VOG00065	sp|Q38441|YOR5_BPSPP Uncharacterized 10.3 kDa protein in GP2-GP6 intergenic region
GCA_000270185___contig_1_fragment_12_1404	GCA_000270185___contig_1_fragment_12	None	hypothetical protein
GCA_000270185___contig_1_fragment_12_1405	GCA_000270185___contig_1_fragment_12	None	hypothetical protein
GCA_000270185___contig_1_fragment_12_1406	GCA_000270185___contig_1_fragment_12	VOG10295	REFSEQ hypothetical protein
GCA_000270185___contig_1_fragment_12_1407	GCA_000270185___contig_1_fragment_12	VOG10294	REFSEQ hypothetical protein
GCA_000270185___contig_1_fragment_12_1408	GCA_000270185___contig_1_fragment_12	PF05866.11	Endodeoxyribonuclease RusA
GCA_000270185___contig_1_fragment_12_1409	GCA_000270185___contig_1_fragment_12	VOG00404	sp|P9WGD4|SSB_MYCTO Single-stranded DNA-binding protein
GCA_000270185___contig_1_fragment_12_1410	GCA_000270185___contig_1_fragment_12	VOG00404	sp|P9WGD4|SSB_MYCTO Single-stranded DNA-binding protein
GCA_000270185___contig_1_fragment_12_1411	GCA_000270185___contig_1_fragment_12	None	hypothetical protein
GCA_000270185___contig_1_fragment_12_1412	GCA_000270185___contig_1_fragment_12	None	hypothetical protein
GCA_000270185___contig_1_fragment_12_1413	GCA_000270185___contig_1_fragment_12	PF16784.5	Putative HNHc nuclease
GCA_000270185___contig_1_fragment_12_1414	GCA_000270185___contig_1_fragment_12	PF12684.7	PDDEXK-like domain of unknown function (DUF3799)
GCA_000270185___contig_1_fragment_12_1415	GCA_000270185___contig_1_fragment_12	PF03837.14	RecT family
GCA_000270185___contig_1_fragment_12_1416	GCA_000270185___contig_1_fragment_12	None	hypothetical protein
GCA_000270185___contig_1_fragment_12_1417	GCA_000270185___contig_1_fragment_12	None	hypothetical protein
GCA_000270185___contig_1_fragment_12_1418	GCA_000270185___contig_1_fragment_12	None	hypothetical protein
GCA_000270185___contig_1_fragment_12_1419	GCA_000270185___contig_1_fragment_12	None	hypothetical protein
GCA_000270185___contig_1_fragment_12_1420	GCA_000270185___contig_1_fragment_12	VOG10124	sp|O34449|YOQD_BACSU SPBc2 prophage-derived putative antirepressor protein YoqD
GCA_000270185___contig_1_fragment_12_1421	GCA_000270185___contig_1_fragment_12	None	hypothetical protein
GCA_000270185___contig_1_fragment_12_1422	GCA_000270185___contig_1_fragment_12	VOG02771	sp|P03034|RPC1_LAMBD Repressor protein cI
GCA_000270185___contig_1_fragment_12_1423	GCA_000270185___contig_1_fragment_12	None	hypothetical protein
GCA_000270185___contig_1_fragment_12_1424	GCA_000270185___contig_1_fragment_12	None	hypothetical protein
GCA_000270185___contig_1_fragment_12_1425	GCA_000270185___contig_1_fragment_12	VOG18091	REFSEQ hypothetical protein
GCA_000270185___contig_1_fragment_13_1444	GCA_000270185___contig_1_fragment_13	PF05382.13	Bacteriophage peptidoglycan hydrolase
GCA_000270185___contig_1_fragment_13_1445	GCA_000270185___contig_1_fragment_13	PF16938.5	Putative phage holin Dp-1
GCA_000270185___contig_1_fragment_13_1446	GCA_000270185___contig_1_fragment_13	None	hypothetical protein
GCA_000270185___contig_1_fragment_13_1447	GCA_000270185___contig_1_fragment_13	None	hypothetical protein
GCA_000270185___contig_1_fragment_13_1448	GCA_000270185___contig_1_fragment_13	None	hypothetical protein
GCA_000270185___contig_1_fragment_13_1449	GCA_000270185___contig_1_fragment_13	None	hypothetical protein
GCA_000270185___contig_1_fragment_13_1450	GCA_000270185___contig_1_fragment_13	None	hypothetical protein
GCA_000270185___contig_1_fragment_13_1451	GCA_000270185___contig_1_fragment_13	VOG13479	REFSEQ gp067
GCA_000270185___contig_1_fragment_13_1452	GCA_000270185___contig_1_fragment_13	VOG21997	REFSEQ hypothetical protein
GCA_000270185___contig_1_fragment_13_1453	GCA_000270185___contig_1_fragment_13	VOG00824	REFSEQ putative antireceptor
GCA_000270185___contig_1_fragment_13_1454	GCA_000270185___contig_1_fragment_13	VOG00097	sp|O48459|DIT_BPSPP Distal tail protein
GCA_000270185___contig_1_fragment_13_1455	GCA_000270185___contig_1_fragment_13	VOG02632	REFSEQ gp14
GCA_000270185___contig_1_fragment_13_1456	GCA_000270185___contig_1_fragment_13	VOG01394	REFSEQ hypothetical protein
GCA_000270185___contig_1_fragment_13_1457	GCA_000270185___contig_1_fragment_13	PF12363.8	"Phage tail assembly chaperone protein, TAC"
GCA_000270185___contig_1_fragment_13_1458	GCA_000270185___contig_1_fragment_13	VOG00149	sp|A9CRB8|TAIL_BPMR1 Putative tail protein
GCA_000270185___contig_1_fragment_13_1459	GCA_000270185___contig_1_fragment_13	VOG00743	sp|O48448|COMPL_BPSPP Tail completion protein gp17
GCA_000270185___contig_1_fragment_13_1460	GCA_000270185___contig_1_fragment_13	None	hypothetical protein
GCA_000270185___contig_1_fragment_13_1461	GCA_000270185___contig_1_fragment_13	None	hypothetical protein
GCA_000270185___contig_1_fragment_13_1462	GCA_000270185___contig_1_fragment_13	K22994	pelX; pectate disaccharide-lyase [EC:4.2.2.9]
GCA_000270185___contig_1_fragment_13_1463	GCA_000270185___contig_1_fragment_13	VOG00188	sp|Q03182|RINA_BPPHA Transcriptional activator rinA
GCA_000270185___contig_1_fragment_13_1464	GCA_000270185___contig_1_fragment_13	None	hypothetical protein
GCA_000270185___contig_1_fragment_13_1465	GCA_000270185___contig_1_fragment_13	None	hypothetical protein
GCA_000270185___contig_1_fragment_13_1466	GCA_000270185___contig_1_fragment_13	VOG00459	REFSEQ putative CI-like transcriptional repressor
GCA_000270185___contig_1_fragment_13_1467	GCA_000270185___contig_1_fragment_13	None	hypothetical protein
GCA_000270185___contig_1_fragment_13_1468	GCA_000270185___contig_1_fragment_13	K09022	"ridA, tdcF, RIDA; 2-iminobutanoate/2-iminopropanoate deaminase [EC:3.5.99.10]"
GCA_000270185___contig_1_fragment_13_1469	GCA_000270185___contig_1_fragment_13	K02013	ABC.FEV.A; iron complex transport system ATP-binding protein [EC:7.2.2.-]
GCA_001047405___contig_3_fragment_7_804	GCA_001047405___contig_3_fragment_7	VOG14094	sp|A0A0H3CCP8|SOCA_CAUVN Antitoxin SocA
GCA_001047405___contig_3_fragment_7_805	GCA_001047405___contig_3_fragment_7	PF10097.9	Predicted membrane protein (DUF2335)
GCA_001047405___contig_3_fragment_7_806	GCA_001047405___contig_3_fragment_7	None	hypothetical protein
GCA_001047405___contig_3_fragment_7_807	GCA_001047405___contig_3_fragment_7	None	hypothetical protein
GCA_001047405___contig_3_fragment_7_808	GCA_001047405___contig_3_fragment_7	None	hypothetical protein
GCA_001047405___contig_3_fragment_7_809	GCA_001047405___contig_3_fragment_7	K07273	acm; lysozyme
GCA_001047405___contig_3_fragment_7_810	GCA_001047405___contig_3_fragment_7	PF16938.5	Putative phage holin Dp-1
GCA_001047405___contig_3_fragment_7_811	GCA_001047405___contig_3_fragment_7	None	hypothetical protein
GCA_001047405___contig_3_fragment_7_812	GCA_001047405___contig_3_fragment_7	PF09693.10	Phage uncharacterised protein (Phage_XkdX)
GCA_001047405___contig_3_fragment_7_813	GCA_001047405___contig_3_fragment_7	None	hypothetical protein
GCA_001047405___contig_3_fragment_7_814	GCA_001047405___contig_3_fragment_7	None	hypothetical protein
GCA_001047405___contig_3_fragment_7_815	GCA_001047405___contig_3_fragment_7	VOG18935	REFSEQ hypothetical protein
GCA_001047405___contig_3_fragment_7_816	GCA_001047405___contig_3_fragment_7	None	hypothetical protein
GCA_001047405___contig_3_fragment_7_817	GCA_001047405___contig_3_fragment_7	None	hypothetical protein
GCA_001047405___contig_3_fragment_7_818	GCA_001047405___contig_3_fragment_7	PF06605.11	Prophage endopeptidase tail
GCA_001047405___contig_3_fragment_7_819	GCA_001047405___contig_3_fragment_7	VOG01075	REFSEQ hypothetical protein
GCA_001047405___contig_3_fragment_7_820	GCA_001047405___contig_3_fragment_7	VOG04056	REFSEQ hypothetical protein
GCA_001047405___contig_3_fragment_7_821	GCA_001047405___contig_3_fragment_7	VOG21220	REFSEQ phage tape measure protein
GCA_001047405___contig_3_fragment_7_822	GCA_001047405___contig_3_fragment_7	None	hypothetical protein
GCA_001047405___contig_3_fragment_7_823	GCA_001047405___contig_3_fragment_7	None	hypothetical protein
GCA_001047405___contig_3_fragment_7_824	GCA_001047405___contig_3_fragment_7	None	hypothetical protein
GCA_001047405___contig_3_fragment_7_825	GCA_001047405___contig_3_fragment_7	VOG01397	REFSEQ major tail protein
GCA_001047405___contig_3_fragment_7_826	GCA_001047405___contig_3_fragment_7	None	hypothetical protein
GCA_001047405___contig_3_fragment_7_827	GCA_001047405___contig_3_fragment_7	VOG03575	REFSEQ hypothetical protein
GCA_001047405___contig_3_fragment_7_828	GCA_001047405___contig_3_fragment_7	None	hypothetical protein
GCA_001047405___contig_3_fragment_7_829	GCA_001047405___contig_3_fragment_7	VOG00181	REFSEQ hypothetical protein
GCA_001047405___contig_3_fragment_7_830	GCA_001047405___contig_3_fragment_7	VOG13487	REFSEQ major capsid L
GCA_001047405___contig_3_fragment_7_831	GCA_001047405___contig_3_fragment_7	K06904	K06904; uncharacterized protein
GCA_001047405___contig_3_fragment_7_832	GCA_001047405___contig_3_fragment_7	PF04860.12	Phage portal protein
GCA_001047405___contig_3_fragment_7_833	GCA_001047405___contig_3_fragment_7	PF03354.15	Phage Terminase
GCA_001047405___contig_3_fragment_7_834	GCA_001047405___contig_3_fragment_7	VOG04497	REFSEQ putative terminase small subunit
GCA_001047405___contig_3_fragment_7_835	GCA_001047405___contig_3_fragment_7	VOG00687	REFSEQ terminase small subunit
GCA_001047405___contig_3_fragment_7_836	GCA_001047405___contig_3_fragment_7	VOG00962	REFSEQ hypothetical protein
GCA_001047405___contig_3_fragment_7_837	GCA_001047405___contig_3_fragment_7	None	hypothetical protein
GCA_001047405___contig_3_fragment_7_838	GCA_001047405___contig_3_fragment_7	None	hypothetical protein
GCA_001047405___contig_3_fragment_7_839	GCA_001047405___contig_3_fragment_7	None	hypothetical protein
GCA_001047405___contig_3_fragment_7_840	GCA_001047405___contig_3_fragment_7	VOG00188	sp|Q03182|RINA_BPPHA Transcriptional activator rinA
GCA_001047405___contig_3_fragment_7_841	GCA_001047405___contig_3_fragment_7	VOG00065	sp|Q38441|YOR5_BPSPP Uncharacterized 10.3 kDa protein in GP2-GP6 intergenic region
GCA_001047405___contig_3_fragment_7_842	GCA_001047405___contig_3_fragment_7	None	hypothetical protein
GCA_001047405___contig_3_fragment_7_843	GCA_001047405___contig_3_fragment_7	None	hypothetical protein
GCA_001047405___contig_3_fragment_7_844	GCA_001047405___contig_3_fragment_7	None	hypothetical protein
GCA_001047405___contig_3_fragment_7_845	GCA_001047405___contig_3_fragment_7	PF05866.11	Endodeoxyribonuclease RusA
GCA_001047405___contig_3_fragment_7_846	GCA_001047405___contig_3_fragment_7	VOG00404	sp|P9WGD4|SSB_MYCTO Single-stranded DNA-binding protein
GCA_001047405___contig_3_fragment_7_847	GCA_001047405___contig_3_fragment_7	None	hypothetical protein
GCA_001047405___contig_3_fragment_7_848	GCA_001047405___contig_3_fragment_7	VOG21431	REFSEQ hypothetical protein
GCA_001047405___contig_3_fragment_7_849	GCA_001047405___contig_3_fragment_7	PF16784.5	Putative HNHc nuclease
GCA_001047405___contig_3_fragment_7_850	GCA_001047405___contig_3_fragment_7	PF04404.12	ERF superfamily
GCA_001047405___contig_3_fragment_7_851	GCA_001047405___contig_3_fragment_7	VOG11084	REFSEQ hypothetical protein
GCA_001047405___contig_3_fragment_7_852	GCA_001047405___contig_3_fragment_7	None	hypothetical protein
GCA_001047405___contig_3_fragment_7_853	GCA_001047405___contig_3_fragment_7	None	hypothetical protein
GCA_001047405___contig_3_fragment_7_854	GCA_001047405___contig_3_fragment_7	None	hypothetical protein
GCA_001047405___contig_3_fragment_7_855	GCA_001047405___contig_3_fragment_7	None	hypothetical protein
GCA_001047405___contig_3_fragment_7_856	GCA_001047405___contig_3_fragment_7	None	hypothetical protein
GCA_001047405___contig_3_fragment_7_857	GCA_001047405___contig_3_fragment_7	None	hypothetical protein
GCA_001047405___contig_3_fragment_7_858	GCA_001047405___contig_3_fragment_7	None	hypothetical protein
GCA_001047405___contig_3_fragment_7_859	GCA_001047405___contig_3_fragment_7	K07741	antB; anti-repressor protein
GCA_001047405___contig_3_fragment_7_860	GCA_001047405___contig_3_fragment_7	VOG14084	REFSEQ hypothetical protein
GCA_001047405___contig_3_fragment_7_861	GCA_001047405___contig_3_fragment_7	None	hypothetical protein
GCA_001047405___contig_3_fragment_7_862	GCA_001047405___contig_3_fragment_7	None	hypothetical protein
GCA_001047405___contig_3_fragment_7_863	GCA_001047405___contig_3_fragment_7	VOG10124	sp|O34449|YOQD_BACSU SPBc2 prophage-derived putative antirepressor protein YoqD
GCA_001047405___contig_3_fragment_7_864	GCA_001047405___contig_3_fragment_7	None	hypothetical protein
GCA_001047405___contig_3_fragment_7_865	GCA_001047405___contig_3_fragment_7	VOG20253	REFSEQ hypothetical protein
GCA_001047405___contig_3_fragment_7_866	GCA_001047405___contig_3_fragment_7	None	hypothetical protein
GCA_001047405___contig_3_fragment_7_867	GCA_001047405___contig_3_fragment_7	None	hypothetical protein
GCA_001047405___contig_3_fragment_7_868	GCA_001047405___contig_3_fragment_7	PF09669.10	Phage regulatory protein Rha (Phage_pRha)
GCA_001047405___contig_3_fragment_7_869	GCA_001047405___contig_3_fragment_7	None	hypothetical protein
GCA_001047405___contig_3_fragment_7_870	GCA_001047405___contig_3_fragment_7	None	hypothetical protein
GCA_001047405___contig_3_fragment_7_871	GCA_001047405___contig_3_fragment_7	K22300	"dicA; HTH-type transcriptional regulator, cell division transcriptional repressor"
GCA_001047405___contig_3_fragment_7_872	GCA_001047405___contig_3_fragment_7	VOG00041	sp|O10330|VLF1_NPVOP Very late expression factor 1
GCA_001047405___contig_3_fragment_7_873	GCA_001047405___contig_3_fragment_7	K02003	ABC.CD.A; putative ABC transport system ATP-binding protein
GCA_025728615___contig_3_fragment_1_1	GCA_025728615___contig_3_fragment_1	K07273	acm; lysozyme
GCA_025728615___contig_3_fragment_1_2	GCA_025728615___contig_3_fragment_1	PF16938.5	Putative phage holin Dp-1
GCA_025728615___contig_3_fragment_1_3	GCA_025728615___contig_3_fragment_1	None	hypothetical protein
GCA_025728615___contig_3_fragment_1_4	GCA_025728615___contig_3_fragment_1	PF09693.10	Phage uncharacterised protein (Phage_XkdX)
GCA_025728615___contig_3_fragment_1_5	GCA_025728615___contig_3_fragment_1	None	hypothetical protein
GCA_025728615___contig_3_fragment_1_6	GCA_025728615___contig_3_fragment_1	None	hypothetical protein
GCA_025728615___contig_3_fragment_1_7	GCA_025728615___contig_3_fragment_1	None	hypothetical protein
GCA_025728615___contig_3_fragment_1_8	GCA_025728615___contig_3_fragment_1	None	hypothetical protein
GCA_025728615___contig_3_fragment_1_9	GCA_025728615___contig_3_fragment_1	VOG18935	REFSEQ hypothetical protein
GCA_025728615___contig_3_fragment_1_10	GCA_025728615___contig_3_fragment_1	None	hypothetical protein
GCA_025728615___contig_3_fragment_1_11	GCA_025728615___contig_3_fragment_1	VOG00452	REFSEQ hypothetical protein
GCA_025728615___contig_3_fragment_1_12	GCA_025728615___contig_3_fragment_1	VOG01075	REFSEQ hypothetical protein
GCA_025728615___contig_3_fragment_1_13	GCA_025728615___contig_3_fragment_1	VOG00183	REFSEQ hypothetical protein
GCA_025728615___contig_3_fragment_1_14	GCA_025728615___contig_3_fragment_1	VOG10276	REFSEQ hypothetical protein
GCA_025728615___contig_3_fragment_1_15	GCA_025728615___contig_3_fragment_1	VOG01238	REFSEQ hypothetical protein
GCA_025728615___contig_3_fragment_1_16	GCA_025728615___contig_3_fragment_1	VOG00045	REFSEQ hypothetical protein
GCA_025728615___contig_3_fragment_1_17	GCA_025728615___contig_3_fragment_1	VOG01483	REFSEQ major tail protein
GCA_025728615___contig_3_fragment_1_18	GCA_025728615___contig_3_fragment_1	VOG00870	REFSEQ hypothetical protein
GCA_025728615___contig_3_fragment_1_19	GCA_025728615___contig_3_fragment_1	PF11114.8	Minor capsid protein
GCA_025728615___contig_3_fragment_1_20	GCA_025728615___contig_3_fragment_1	VOG04818	sp|Q04769|YG35_BPLLH Uncharacterized protein ORF5
GCA_025728615___contig_3_fragment_1_21	GCA_025728615___contig_3_fragment_1	VOG00918	sp|Q04768|YG34_BPLLH Uncharacterized protein ORF4
GCA_025728615___contig_3_fragment_1_22	GCA_025728615___contig_3_fragment_1	VOG00241	sp|P19727|CAPSB_BPT7 Minor capsid protein
GCA_025728615___contig_3_fragment_1_23	GCA_025728615___contig_3_fragment_1	PF06810.11	Phage minor structural protein GP20
GCA_025728615___contig_3_fragment_1_24	GCA_025728615___contig_3_fragment_1	VOG01829	sp|Q04765|VSP1_BPLLH Structural protein
GCA_025728615___contig_3_fragment_1_25	GCA_025728615___contig_3_fragment_1	VOG00639	REFSEQ portal protein
GCA_025728615___contig_3_fragment_1_26	GCA_025728615___contig_3_fragment_1	K06909	xtmB; phage terminase large subunit
GCA_025728615___contig_3_fragment_1_27	GCA_025728615___contig_3_fragment_1	VOG01694	REFSEQ terminase small subunit
GCA_025728615___contig_3_fragment_1_28	GCA_025728615___contig_3_fragment_1	None	hypothetical protein
GCA_025728615___contig_3_fragment_1_29	GCA_025728615___contig_3_fragment_1	VOG00188	sp|Q03182|RINA_BPPHA Transcriptional activator rinA
GCA_025728615___contig_3_fragment_1_30	GCA_025728615___contig_3_fragment_1	VOG19011	REFSEQ hypothetical protein
GCA_025728615___contig_3_fragment_1_31	GCA_025728615___contig_3_fragment_1	None	hypothetical protein
GCA_025728615___contig_3_fragment_1_32	GCA_025728615___contig_3_fragment_1	VOG10295	REFSEQ hypothetical protein
GCA_025728615___contig_3_fragment_1_33	GCA_025728615___contig_3_fragment_1	VOG10294	REFSEQ hypothetical protein
GCA_025728615___contig_3_fragment_1_34	GCA_025728615___contig_3_fragment_1	VOG00404	sp|P9WGD4|SSB_MYCTO Single-stranded DNA-binding protein
GCA_025728615___contig_3_fragment_1_35	GCA_025728615___contig_3_fragment_1	None	hypothetical protein
GCA_025728615___contig_3_fragment_1_36	GCA_025728615___contig_3_fragment_1	K02086	dnaD; DNA replication protein
GCA_025728615___contig_3_fragment_1_37	GCA_025728615___contig_3_fragment_1	PF16784.5	Putative HNHc nuclease
GCA_025728615___contig_3_fragment_1_38	GCA_025728615___contig_3_fragment_1	VOG09746	sp|P04892|ERF_BPP22 Essential recombination function protein
GCA_025728615___contig_3_fragment_1_39	GCA_025728615___contig_3_fragment_1	VOG11084	REFSEQ hypothetical protein
GCA_025728615___contig_3_fragment_1_40	GCA_025728615___contig_3_fragment_1	None	hypothetical protein
GCA_025728615___contig_3_fragment_1_41	GCA_025728615___contig_3_fragment_1	None	hypothetical protein
GCA_025728615___contig_3_fragment_1_42	GCA_025728615___contig_3_fragment_1	None	hypothetical protein
GCA_025728615___contig_3_fragment_1_43	GCA_025728615___contig_3_fragment_1	None	hypothetical protein
GCA_025728615___contig_3_fragment_1_44	GCA_025728615___contig_3_fragment_1	VOG10124	sp|O34449|YOQD_BACSU SPBc2 prophage-derived putative antirepressor protein YoqD
GCA_025728615___contig_3_fragment_1_45	GCA_025728615___contig_3_fragment_1	PF01381.22	Helix-turn-helix
GCA_025728615___contig_3_fragment_1_46	GCA_025728615___contig_3_fragment_1	VOG20253	REFSEQ hypothetical protein
GCA_025728615___contig_3_fragment_1_47	GCA_025728615___contig_3_fragment_1	None	hypothetical protein
GCA_025728615___contig_3_fragment_1_48	GCA_025728615___contig_3_fragment_1	None	hypothetical protein
GCA_025728615___contig_3_fragment_1_49	GCA_025728615___contig_3_fragment_1	K06400	spoIVCA; site-specific DNA recombinase
MP_ONT231___contig_1_fragment_1_53	MP_ONT231___contig_1_fragment_1	VOG00041	sp|O10330|VLF1_NPVOP Very late expression factor 1
MP_ONT231___contig_1_fragment_1_54	MP_ONT231___contig_1_fragment_1	VOG02135	REFSEQ hypothetical protein
MP_ONT231___contig_1_fragment_1_55	MP_ONT231___contig_1_fragment_1	VOG20253	REFSEQ hypothetical protein
MP_ONT231___contig_1_fragment_1_56	MP_ONT231___contig_1_fragment_1	None	hypothetical protein
MP_ONT231___contig_1_fragment_1_57	MP_ONT231___contig_1_fragment_1	None	hypothetical protein
MP_ONT231___contig_1_fragment_1_58	MP_ONT231___contig_1_fragment_1	PF09669.10	Phage regulatory protein Rha (Phage_pRha)
MP_ONT231___contig_1_fragment_1_59	MP_ONT231___contig_1_fragment_1	None	hypothetical protein
MP_ONT231___contig_1_fragment_1_60	MP_ONT231___contig_1_fragment_1	None	hypothetical protein
MP_ONT231___contig_1_fragment_1_61	MP_ONT231___contig_1_fragment_1	K07741	antB; anti-repressor protein
MP_ONT231___contig_1_fragment_1_62	MP_ONT231___contig_1_fragment_1	None	hypothetical protein
MP_ONT231___contig_1_fragment_1_63	MP_ONT231___contig_1_fragment_1	None	hypothetical protein
MP_ONT231___contig_1_fragment_1_64	MP_ONT231___contig_1_fragment_1	None	hypothetical protein
MP_ONT231___contig_1_fragment_1_65	MP_ONT231___contig_1_fragment_1	None	hypothetical protein
MP_ONT231___contig_1_fragment_1_66	MP_ONT231___contig_1_fragment_1	None	hypothetical protein
MP_ONT231___contig_1_fragment_1_67	MP_ONT231___contig_1_fragment_1	VOG02181	REFSEQ hypothetical protein
MP_ONT231___contig_1_fragment_1_68	MP_ONT231___contig_1_fragment_1	None	hypothetical protein
MP_ONT231___contig_1_fragment_1_69	MP_ONT231___contig_1_fragment_1	None	hypothetical protein
MP_ONT231___contig_1_fragment_1_70	MP_ONT231___contig_1_fragment_1	None	hypothetical protein
MP_ONT231___contig_1_fragment_1_71	MP_ONT231___contig_1_fragment_1	PF13412.6	Winged helix-turn-helix DNA-binding
MP_ONT231___contig_1_fragment_1_72	MP_ONT231___contig_1_fragment_1	VOG01036	sp|C0SP91|YYCJ_BACSU Putative metallo-hydrolase YycJ
MP_ONT231___contig_1_fragment_1_73	MP_ONT231___contig_1_fragment_1	None	hypothetical protein
MP_ONT231___contig_1_fragment_1_74	MP_ONT231___contig_1_fragment_1	VOG12256	REFSEQ hypothetical protein
MP_ONT231___contig_1_fragment_1_75	MP_ONT231___contig_1_fragment_1	VOG24297	REFSEQ gp30
MP_ONT231___contig_1_fragment_1_76	MP_ONT231___contig_1_fragment_1	VOG00674	REFSEQ putative DNA polymerase
MP_ONT231___contig_1_fragment_1_77	MP_ONT231___contig_1_fragment_1	VOG24298	REFSEQ gp32
MP_ONT231___contig_1_fragment_1_78	MP_ONT231___contig_1_fragment_1	VOG00065	sp|Q38441|YOR5_BPSPP Uncharacterized 10.3 kDa protein in GP2-GP6 intergenic region
MP_ONT231___contig_1_fragment_1_79	MP_ONT231___contig_1_fragment_1	None	hypothetical protein
MP_ONT231___contig_1_fragment_1_80	MP_ONT231___contig_1_fragment_1	VOG00188	sp|Q03182|RINA_BPPHA Transcriptional activator rinA
MP_ONT231___contig_1_fragment_1_81	MP_ONT231___contig_1_fragment_1	None	hypothetical protein
MP_ONT231___contig_1_fragment_1_82	MP_ONT231___contig_1_fragment_1	None	hypothetical protein
MP_ONT231___contig_1_fragment_1_83	MP_ONT231___contig_1_fragment_1	VOG00962	REFSEQ hypothetical protein
MP_ONT231___contig_1_fragment_1_84	MP_ONT231___contig_1_fragment_1	VOG00687	REFSEQ terminase small subunit
MP_ONT231___contig_1_fragment_1_85	MP_ONT231___contig_1_fragment_1	VOG04497	REFSEQ putative terminase small subunit
MP_ONT231___contig_1_fragment_1_86	MP_ONT231___contig_1_fragment_1	PF04860.12	Phage portal protein
MP_ONT231___contig_1_fragment_1_87	MP_ONT231___contig_1_fragment_1	K06904	K06904; uncharacterized protein
MP_ONT231___contig_1_fragment_1_88	MP_ONT231___contig_1_fragment_1	VOG13487	REFSEQ major capsid L
MP_ONT231___contig_1_fragment_1_89	MP_ONT231___contig_1_fragment_1	VOG00181	REFSEQ hypothetical protein
MP_ONT231___contig_1_fragment_1_90	MP_ONT231___contig_1_fragment_1	None	hypothetical protein
MP_ONT231___contig_1_fragment_1_91	MP_ONT231___contig_1_fragment_1	VOG03575	REFSEQ hypothetical protein
MP_ONT231___contig_1_fragment_1_92	MP_ONT231___contig_1_fragment_1	None	hypothetical protein
MP_ONT231___contig_1_fragment_1_93	MP_ONT231___contig_1_fragment_1	VOG01397	REFSEQ major tail protein
MP_ONT231___contig_1_fragment_1_94	MP_ONT231___contig_1_fragment_1	None	hypothetical protein
MP_ONT231___contig_1_fragment_1_95	MP_ONT231___contig_1_fragment_1	None	hypothetical protein
MP_ONT231___contig_1_fragment_1_96	MP_ONT231___contig_1_fragment_1	None	hypothetical protein
MP_ONT231___contig_1_fragment_1_97	MP_ONT231___contig_1_fragment_1	VOG04056	REFSEQ hypothetical protein
MP_ONT231___contig_1_fragment_1_98	MP_ONT231___contig_1_fragment_1	VOG01075	REFSEQ hypothetical protein
MP_ONT231___contig_1_fragment_1_99	MP_ONT231___contig_1_fragment_1	PF06605.11	Prophage endopeptidase tail
MP_ONT231___contig_1_fragment_1_100	MP_ONT231___contig_1_fragment_1	None	hypothetical protein
MP_ONT231___contig_1_fragment_1_101	MP_ONT231___contig_1_fragment_1	None	hypothetical protein
MP_ONT231___contig_1_fragment_1_102	MP_ONT231___contig_1_fragment_1	VOG18935	REFSEQ hypothetical protein
MP_ONT231___contig_1_fragment_1_103	MP_ONT231___contig_1_fragment_1	None	hypothetical protein
MP_ONT231___contig_1_fragment_1_104	MP_ONT231___contig_1_fragment_1	None	hypothetical protein
MP_ONT231___contig_1_fragment_1_105	MP_ONT231___contig_1_fragment_1	PF09693.10	Phage uncharacterised protein (Phage_XkdX)
MP_ONT231___contig_1_fragment_1_106	MP_ONT231___contig_1_fragment_1	PF10779.9	Haemolysin XhlA
MP_ONT231___contig_1_fragment_1_107	MP_ONT231___contig_1_fragment_1	PF16938.5	Putative phage holin Dp-1
MP_ONT231___contig_1_fragment_1_108	MP_ONT231___contig_1_fragment_1	K07273	acm; lysozyme
MP_ONT231___contig_1_fragment_1_109	MP_ONT231___contig_1_fragment_1	None	hypothetical protein
MP_ONT231___contig_1_fragment_1_110	MP_ONT231___contig_1_fragment_1	VOG14226	REFSEQ hypothetical protein
MP_ONT231___contig_1_fragment_7_734	MP_ONT231___contig_1_fragment_7	PF05382.13	Bacteriophage peptidoglycan hydrolase
MP_ONT231___contig_1_fragment_7_735	MP_ONT231___contig_1_fragment_7	PF16938.5	Putative phage holin Dp-1
MP_ONT231___contig_1_fragment_7_736	MP_ONT231___contig_1_fragment_7	None	hypothetical protein
MP_ONT231___contig_1_fragment_7_737	MP_ONT231___contig_1_fragment_7	None	hypothetical protein
MP_ONT231___contig_1_fragment_7_738	MP_ONT231___contig_1_fragment_7	None	hypothetical protein
MP_ONT231___contig_1_fragment_7_739	MP_ONT231___contig_1_fragment_7	None	hypothetical protein
MP_ONT231___contig_1_fragment_7_740	MP_ONT231___contig_1_fragment_7	VOG13479	REFSEQ gp067
MP_ONT231___contig_1_fragment_7_741	MP_ONT231___contig_1_fragment_7	VOG00824	REFSEQ putative antireceptor
MP_ONT231___contig_1_fragment_7_742	MP_ONT231___contig_1_fragment_7	VOG00097	sp|O48459|DIT_BPSPP Distal tail protein
MP_ONT231___contig_1_fragment_7_743	MP_ONT231___contig_1_fragment_7	VOG02632	REFSEQ gp14
MP_ONT231___contig_1_fragment_7_744	MP_ONT231___contig_1_fragment_7	VOG01394	REFSEQ hypothetical protein
MP_ONT231___contig_1_fragment_7_745	MP_ONT231___contig_1_fragment_7	PF12363.8	"Phage tail assembly chaperone protein, TAC"
MP_ONT231___contig_1_fragment_7_746	MP_ONT231___contig_1_fragment_7	VOG00149	sp|A9CRB8|TAIL_BPMR1 Putative tail protein
MP_ONT231___contig_1_fragment_7_747	MP_ONT231___contig_1_fragment_7	VOG00743	sp|O48448|COMPL_BPSPP Tail completion protein gp17
MP_ONT231___contig_1_fragment_7_748	MP_ONT231___contig_1_fragment_7	None	hypothetical protein
MP_ONT231___contig_1_fragment_7_749	MP_ONT231___contig_1_fragment_7	None	hypothetical protein
MP_ONT231___contig_1_fragment_7_750	MP_ONT231___contig_1_fragment_7	K22994	pelX; pectate disaccharide-lyase [EC:4.2.2.9]
MP_ONT231___contig_1_fragment_7_751	MP_ONT231___contig_1_fragment_7	VOG00188	sp|Q03182|RINA_BPPHA Transcriptional activator rinA
MP_ONT231___contig_1_fragment_7_752	MP_ONT231___contig_1_fragment_7	None	hypothetical protein
MP_ONT231___contig_1_fragment_7_753	MP_ONT231___contig_1_fragment_7	None	hypothetical protein
MP_ONT231___contig_1_fragment_7_754	MP_ONT231___contig_1_fragment_7	VOG00459	REFSEQ putative CI-like transcriptional repressor
MP_ONT231___contig_1_fragment_7_755	MP_ONT231___contig_1_fragment_7	None	hypothetical protein
MP_ONT231___contig_1_fragment_7_756	MP_ONT231___contig_1_fragment_7	K09022	"ridA, tdcF, RIDA; 2-iminobutanoate/2-iminopropanoate deaminase [EC:3.5.99.10]"
MP_ONT231___contig_1_fragment_7_757	MP_ONT231___contig_1_fragment_7	K02013	ABC.FEV.A; iron complex transport system ATP-binding protein [EC:7.2.2.-]
MP_ONT231___contig_1_fragment_9_1149	MP_ONT231___contig_1_fragment_9	VOG04056	REFSEQ hypothetical protein
MP_ONT231___contig_1_fragment_9_1150	MP_ONT231___contig_1_fragment_9	None	hypothetical protein
MP_ONT231___contig_1_fragment_9_1151	MP_ONT231___contig_1_fragment_9	None	hypothetical protein
MP_ONT231___contig_1_fragment_9_1152	MP_ONT231___contig_1_fragment_9	VOG01397	REFSEQ major tail protein
MP_ONT231___contig_1_fragment_9_1153	MP_ONT231___contig_1_fragment_9	None	hypothetical protein
MP_ONT231___contig_1_fragment_9_1154	MP_ONT231___contig_1_fragment_9	VOG03575	REFSEQ hypothetical protein
MP_ONT231___contig_1_fragment_9_1155	MP_ONT231___contig_1_fragment_9	VOG00066	sp|O48446|HCP16_BPSPP Head completion protein gp16
MP_ONT231___contig_1_fragment_9_1156	MP_ONT231___contig_1_fragment_9	VOG00181	REFSEQ hypothetical protein
MP_ONT231___contig_1_fragment_9_1157	MP_ONT231___contig_1_fragment_9	VOG13487	REFSEQ major capsid L
MP_ONT231___contig_1_fragment_9_1158	MP_ONT231___contig_1_fragment_9	K06904	K06904; uncharacterized protein
MP_ONT231___contig_1_fragment_9_1159	MP_ONT231___contig_1_fragment_9	PF04860.12	Phage portal protein
MP_ONT231___contig_1_fragment_9_1160	MP_ONT231___contig_1_fragment_9	VOG04497	REFSEQ putative terminase small subunit
MP_ONT231___contig_1_fragment_9_1161	MP_ONT231___contig_1_fragment_9	VOG00687	REFSEQ terminase small subunit
MP_ONT231___contig_1_fragment_9_1162	MP_ONT231___contig_1_fragment_9	VOG00962	REFSEQ hypothetical protein
MP_ONT231___contig_1_fragment_9_1163	MP_ONT231___contig_1_fragment_9	None	hypothetical protein
MP_ONT231___contig_1_fragment_9_1164	MP_ONT231___contig_1_fragment_9	None	hypothetical protein
MP_ONT231___contig_1_fragment_9_1165	MP_ONT231___contig_1_fragment_9	VOG01156	REFSEQ hypothetical protein
MP_ONT231___contig_1_fragment_9_1166	MP_ONT231___contig_1_fragment_9	None	hypothetical protein
MP_ONT231___contig_1_fragment_9_1167	MP_ONT231___contig_1_fragment_9	VOG01162	sp|O34055|ARPU_BPO12 Putative autolysin regulatory protein ArpU
MP_ONT231___contig_1_fragment_9_1168	MP_ONT231___contig_1_fragment_9	VOG00404	sp|P9WGD4|SSB_MYCTO Single-stranded DNA-binding protein
MP_ONT231___contig_1_fragment_9_1169	MP_ONT231___contig_1_fragment_9	None	hypothetical protein
MP_ONT231___contig_1_fragment_9_1170	MP_ONT231___contig_1_fragment_9	VOG21431	REFSEQ hypothetical protein
MP_ONT231___contig_1_fragment_9_1171	MP_ONT231___contig_1_fragment_9	PF16784.5	Putative HNHc nuclease
MP_ONT231___contig_1_fragment_9_1172	MP_ONT231___contig_1_fragment_9	VOG01757	REFSEQ AAA ATPase
MP_ONT231___contig_1_fragment_9_1173	MP_ONT231___contig_1_fragment_9	VOG11084	REFSEQ hypothetical protein
MP_ONT231___contig_1_fragment_9_1174	MP_ONT231___contig_1_fragment_9	None	hypothetical protein
MP_ONT231___contig_1_fragment_9_1175	MP_ONT231___contig_1_fragment_9	None	hypothetical protein
MP_ONT231___contig_1_fragment_9_1176	MP_ONT231___contig_1_fragment_9	VOG02181	REFSEQ hypothetical protein
MP_ONT231___contig_1_fragment_9_1177	MP_ONT231___contig_1_fragment_9	None	hypothetical protein
MP_ONT231___contig_1_fragment_9_1178	MP_ONT231___contig_1_fragment_9	None	hypothetical protein
MP_ONT231___contig_1_fragment_9_1179	MP_ONT231___contig_1_fragment_9	K07741	antB; anti-repressor protein
MP_ONT231___contig_1_fragment_9_1180	MP_ONT231___contig_1_fragment_9	None	hypothetical protein
MP_ONT231___contig_1_fragment_9_1181	MP_ONT231___contig_1_fragment_9	None	hypothetical protein
MP_ONT231___contig_1_fragment_9_1182	MP_ONT231___contig_1_fragment_9	None	hypothetical protein
MP_ONT231___contig_1_fragment_9_1183	MP_ONT231___contig_1_fragment_9	K07741	antB; anti-repressor protein
MP_ONT231___contig_1_fragment_9_1184	MP_ONT231___contig_1_fragment_9	VOG14084	REFSEQ hypothetical protein
MP_ONT231___contig_1_fragment_9_1185	MP_ONT231___contig_1_fragment_9	None	hypothetical protein
MP_ONT231___contig_1_fragment_9_1186	MP_ONT231___contig_1_fragment_9	PF01381.22	Helix-turn-helix
MP_ONT231___contig_1_fragment_9_1187	MP_ONT231___contig_1_fragment_9	VOG20253	REFSEQ hypothetical protein
MP_ONT231___contig_1_fragment_9_1188	MP_ONT231___contig_1_fragment_9	None	hypothetical protein
MP_ONT231___contig_1_fragment_9_1189	MP_ONT231___contig_1_fragment_9	VOG00041	sp|O10330|VLF1_NPVOP Very late expression factor 1
MP_ONT231___contig_1_fragment_11_1310	MP_ONT231___contig_1_fragment_11	PF05382.13	Bacteriophage peptidoglycan hydrolase
MP_ONT231___contig_1_fragment_11_1311	MP_ONT231___contig_1_fragment_11	PF16938.5	Putative phage holin Dp-1
MP_ONT231___contig_1_fragment_11_1312	MP_ONT231___contig_1_fragment_11	PF10779.9	Haemolysin XhlA
MP_ONT231___contig_1_fragment_11_1313	MP_ONT231___contig_1_fragment_11	None	hypothetical protein
MP_ONT231___contig_1_fragment_11_1314	MP_ONT231___contig_1_fragment_11	None	hypothetical protein
MP_ONT231___contig_1_fragment_11_1315	MP_ONT231___contig_1_fragment_11	VOG13479	REFSEQ gp067
MP_ONT231___contig_1_fragment_11_1316	MP_ONT231___contig_1_fragment_11	VOG00824	REFSEQ putative antireceptor
MP_ONT231___contig_1_fragment_11_1317	MP_ONT231___contig_1_fragment_11	None	hypothetical protein
MP_ONT231___contig_1_fragment_11_1318	MP_ONT231___contig_1_fragment_11	VOG02333	REFSEQ tail tape measure protein
MP_ONT231___contig_1_fragment_11_1319	MP_ONT231___contig_1_fragment_11	None	hypothetical protein
MP_ONT231___contig_1_fragment_11_1320	MP_ONT231___contig_1_fragment_11	VOG01397	REFSEQ major tail protein
MP_ONT231___contig_1_fragment_11_1321	MP_ONT231___contig_1_fragment_11	VOG00973	REFSEQ hypothetical protein
MP_ONT231___contig_1_fragment_11_1322	MP_ONT231___contig_1_fragment_11	VOG23091	REFSEQ hypothetical protein
MP_ONT231___contig_1_fragment_11_1323	MP_ONT231___contig_1_fragment_11	VOG23090	REFSEQ head-tail adaptor
MP_ONT231___contig_1_fragment_11_1324	MP_ONT231___contig_1_fragment_11	VOG23089	REFSEQ hypothetical protein
MP_ONT231___contig_1_fragment_11_1325	MP_ONT231___contig_1_fragment_11	PF05065.13	Phage capsid family
MP_ONT231___contig_1_fragment_11_1326	MP_ONT231___contig_1_fragment_11	K06904	K06904; uncharacterized protein
MP_ONT231___contig_1_fragment_11_1327	MP_ONT231___contig_1_fragment_11	PF04860.12	Phage portal protein
MP_ONT231___contig_1_fragment_11_1328	MP_ONT231___contig_1_fragment_11	PF03354.15	Phage Terminase
MP_ONT231___contig_1_fragment_11_1329	MP_ONT231___contig_1_fragment_11	None	hypothetical protein
MP_ONT231___contig_1_fragment_11_1330	MP_ONT231___contig_1_fragment_11	VOG00679	REFSEQ HNH endonuclease
MP_ONT231___contig_1_fragment_11_1331	MP_ONT231___contig_1_fragment_11	None	hypothetical protein
MP_ONT231___contig_1_fragment_11_1332	MP_ONT231___contig_1_fragment_11	VOG00188	sp|Q03182|RINA_BPPHA Transcriptional activator rinA
MP_ONT231___contig_1_fragment_11_1333	MP_ONT231___contig_1_fragment_11	VOG00724	sp|P10277|PRIM_BPP4 Putative P4-specific DNA primase
MP_ONT231___contig_1_fragment_11_1334	MP_ONT231___contig_1_fragment_11	VOG00674	REFSEQ putative DNA polymerase
MP_ONT231___contig_1_fragment_11_1335	MP_ONT231___contig_1_fragment_11	None	hypothetical protein
MP_ONT231___contig_1_fragment_11_1336	MP_ONT231___contig_1_fragment_11	None	hypothetical protein
MP_ONT231___contig_1_fragment_11_1337	MP_ONT231___contig_1_fragment_11	VOG03001	REFSEQ hypothetical protein
MP_ONT231___contig_1_fragment_11_1338	MP_ONT231___contig_1_fragment_11	PF13479.6	AAA domain
MP_ONT231___contig_1_fragment_11_1339	MP_ONT231___contig_1_fragment_11	None	hypothetical protein
MP_ONT231___contig_1_fragment_11_1340	MP_ONT231___contig_1_fragment_11	VOG00399	sp|Q9T1Q4|VP44_BPAPS Putative nuclease p44
MP_ONT231___contig_1_fragment_11_1341	MP_ONT231___contig_1_fragment_11	VOG00523	sp|Q9T1Q7|VP41_BPAPS Putative protein p41
MP_ONT231___contig_1_fragment_11_1342	MP_ONT231___contig_1_fragment_11	None	hypothetical protein
MP_ONT231___contig_1_fragment_11_1343	MP_ONT231___contig_1_fragment_11	None	hypothetical protein
MP_ONT231___contig_1_fragment_11_1344	MP_ONT231___contig_1_fragment_11	None	hypothetical protein
MP_ONT231___contig_1_fragment_11_1345	MP_ONT231___contig_1_fragment_11	None	hypothetical protein
MP_ONT231___contig_1_fragment_11_1346	MP_ONT231___contig_1_fragment_11	None	hypothetical protein
MP_ONT231___contig_1_fragment_11_1347	MP_ONT231___contig_1_fragment_11	None	hypothetical protein
MP_ONT231___contig_1_fragment_11_1348	MP_ONT231___contig_1_fragment_11	None	hypothetical protein
MP_ONT231___contig_1_fragment_11_1349	MP_ONT231___contig_1_fragment_11	VOG02771	sp|P03034|RPC1_LAMBD Repressor protein cI
MP_ONT231___contig_1_fragment_11_1350	MP_ONT231___contig_1_fragment_11	VOG00361	sp|P10426|YIM2_BPPH1 Uncharacterized immunity region protein 2
MP_ONT231___contig_1_fragment_11_1351	MP_ONT231___contig_1_fragment_11	VOG03321	REFSEQ hypothetical protein
MP_ONT231___contig_1_fragment_11_1352	MP_ONT231___contig_1_fragment_11	VOG00041	sp|O10330|VLF1_NPVOP Very late expression factor 1
