KO	BCMy_011_trim_nohost	BCMy_021_trim_nohost	BCMy_031_trim_nohost	BCMy_041_trim_nohost	BCMy_071_trim_nohost	BCMy_081_trim_nohost	BCMy_091_trim_nohost	BCMy_121_trim_nohost	BCMy_131_trim_nohost	BCMy_151_trim_nohost	BCMy_181_trim_nohost	BCMy_211_trim_nohost
K00001	0	180	67	458	1	0	0	2	1631	194	3	110
K00002	0	0	0	0	0	0	0	1	0	0	0	0
K00003	0	14	0	44	1	4	0	4	10	11	0	4
K00004	2	2	2	0	0	0	0	0	0	0	2	0
K00005	0	12	1	33	0	0	3	0	7	5	0	6
K00008	2	4	4	0	0	1	0	0	0	0	2	0
K00009	2	13	8	19	0	0	1	0	94	9	0	3
K00010	0	0	0	1	0	0	0	0	0	0	3	0
K00012	0	10	0	42	0	0	5	0	2	5	0	5
K00013	0	11	3	28	3	1	3	0	5	3	0	4
K00014	2	48	10	142	0	0	0	0	329	51	0	54
K00015	3	9	1	2	0	0	2	0	5	3	1	0
K00016	4	78	23	179	1	2	6	1	694	64	0	46
K00018	0	1	0	0	0	0	2	0	0	0	0	1
K00020	4	63	11	179	2	0	0	0	512	69	2	18
K00021	0	0	0	1	0	0	0	0	4	0	0	0
K00023	0	0	0	0	0	0	0	0	0	1	0	0
K00024	0	0	0	0	0	0	2	0	2	0	0	0
K00027	4	115	30	314	0	0	5	2	932	71	0	70
K00029	2	6	0	11	0	0	2	0	13	2	0	1
K00030	0	3	0	19	0	0	0	0	0	0	0	0
K00031	1	0	0	0	0	0	1	2	0	0	0	2
K00033	2	103	14	238	1	0	0	1	1090	102	1	85
K00034	0	58	14	151	0	0	0	0	300	37	0	29
K00036	3	80	16	233	2	0	0	0	860	82	0	75
K00039	0	0	0	0	0	0	0	0	0	1	0	0
K00040	4	157	43	311	0	0	0	2	1399	180	0	89
K00041	0	67	27	245	0	0	1	0	960	107	0	41
K00042	0	5	0	23	0	0	0	0	7	7	2	0
K00045	0	17	3	29	0	0	0	0	0	20	0	9
K00046	0	72	15	147	0	2	2	0	543	66	2	45
K00048	0	102	20	211	0	0	0	0	753	62	0	26
K00050	1	0	0	0	0	0	0	0	0	0	0	0
K00052	0	12	0	32	1	0	6	0	2	15	0	3
K00053	0	11	0	18	0	0	2	0	0	9	0	2
K00054	0	188	50	429	0	0	8	2	1693	177	4	90
K00055	1	0	0	0	0	0	3	0	0	0	0	0
K00057	4	68	25	210	5	1	1	0	773	90	2	52
K00058	2	57	14	122	1	0	0	0	384	23	0	12
K00059	4	155	45	338	2	2	0	1	1375	165	0	72
K00060	0	0	0	0	0	0	0	2	0	0	0	0
K00065	0	1	0	4	0	1	1	0	5	0	0	0
K00066	0	0	0	1	0	0	0	0	0	0	0	0
K00067	0	61	13	172	0	1	0	0	415	48	1	35
K00068	2	0	0	1	0	0	0	0	0	0	0	0
K00074	1	3	0	3	0	0	0	0	0	0	0	0
K00075	2	73	11	146	2	2	0	6	627	77	0	41
K00076	0	4	0	8	0	0	0	1	21	4	0	2
K00077	2	0	0	0	3	2	0	0	0	0	2	0
K00083	0	3	0	4	0	0	0	0	0	0	0	0
K00088	4	136	34	361	0	0	2	2	1405	134	5	71
K00090	1	0	0	1	0	0	0	0	0	0	1	0
K00091	2	5	0	16	0	0	0	0	0	3	0	0
K00096	0	0	0	3	0	0	0	0	0	0	0	0
K00097	1	11	0	21	0	0	0	1	0	6	0	3
K00099	0	12	0	35	2	4	0	0	4	2	0	6
K00101	0	0	0	0	0	2	0	0	0	0	0	0
K00102	2	0	0	0	0	0	0	0	0	0	0	0
K00104	2	2	0	0	0	0	0	0	0	0	0	0
K00105	1	7	0	0	1	0	0	0	0	0	0	0
K00108	0	0	1	0	0	0	0	0	0	0	0	0
K00111	3	9	1	0	1	2	3	0	2	0	0	0
K00116	0	0	0	0	1	0	0	0	0	0	0	0
K00117	0	65	7	126	0	0	0	2	2	41	0	10
K00118	0	0	0	1	0	0	0	0	1	0	0	0
K00121	1	7	2	11	0	2	1	0	0	1	0	5
K00123	2	0	0	0	0	1	0	0	0	0	0	2
K00124	0	2	0	2	0	2	2	0	0	0	0	0
K00128	1	0	0	2	0	0	1	0	0	1	0	0
K00130	0	0	0	0	0	0	0	0	4	0	0	0
K00132	0	0	0	2	0	0	0	0	0	0	0	0
K00133	4	23	0	24	2	0	0	2	0	6	0	3
K00134	8	152	33	329	8	0	9	3	1588	134	0	111
K00135	11	17	0	35	4	2	0	0	6	12	0	4
K00138	0	1	0	3	0	0	0	0	0	0	0	0
K00140	2	0	0	0	0	0	0	0	0	0	0	2
K00145	1	8	0	16	0	0	0	0	2	6	0	4
K00147	4	15	0	28	2	1	0	4	0	10	0	4
K00148	4	0	0	0	0	0	0	0	0	0	0	0
K00156	4	13	1	32	0	0	0	0	89	9	0	4
K00158	12	92	36	254	2	0	0	0	1186	79	0	76
K00161	2	87	21	226	1	0	2	0	847	99	2	79
K00162	0	90	17	218	0	2	0	0	1019	78	0	73
K00163	0	2	0	0	0	0	0	0	0	0	0	2
K00164	2	37	1	88	2	3	0	0	2	17	1	6
K00166	2	0	0	2	0	0	0	0	3	0	0	0
K00167	0	0	0	0	0	0	0	0	1	0	0	0
K00169	0	1	0	0	0	0	0	0	0	0	0	0
K00170	0	0	0	0	0	1	0	0	9	0	0	0
K00171	0	0	0	0	0	0	2	0	0	0	0	0
K00174	0	0	0	0	0	2	2	0	0	0	0	2
K00175	1	0	0	0	2	0	0	0	0	0	0	0
K00179	0	0	0	0	0	4	0	0	0	0	0	0
K00198	0	0	0	0	0	0	2	0	0	0	0	0
K00208	0	62	22	166	0	2	0	0	564	62	2	45
K00210	0	1	1	4	0	0	0	0	38	3	0	0
K00215	5	11	3	18	0	0	0	2	0	0	0	4
K00219	0	12	3	22	0	0	0	0	133	10	0	3
K00220	0	6	1	12	0	0	0	0	29	9	0	2
K00226	0	72	17	128	0	0	0	0	579	62	1	50
K00228	0	8	0	4	1	0	0	0	0	9	2	0
K00239	2	1	0	0	5	0	0	0	0	0	2	6
K00240	0	1	0	0	0	0	0	0	0	0	0	0
K00241	0	0	0	0	1	1	0	0	0	0	0	2
K00242	0	0	0	0	0	0	0	0	0	0	0	1
K00243	2	25	4	96	1	0	0	1	427	27	4	27
K00244	25	43	8	32	1	0	5	0	151	17	7	10
K00248	0	0	0	0	0	1	0	0	0	0	0	0
K00249	1	1	0	1	0	0	0	0	0	0	2	0
K00253	0	0	0	0	0	0	0	0	0	1	0	1
K00254	0	14	1	28	0	2	0	0	0	1	1	5
K00261	0	0	0	0	1	0	1	0	0	0	0	2
K00262	0	0	0	0	2	0	2	0	0	0	0	3
K00264	0	0	0	1	0	0	0	0	0	0	0	0
K00265	4	27	2	74	4	0	2	6	4	39	0	7
K00266	0	15	1	39	0	1	5	3	0	3	2	6
K00274	0	0	0	0	0	0	0	0	0	4	0	0
K00275	0	0	2	16	0	0	0	0	0	6	0	1
K00278	0	99	22	260	4	2	0	0	937	111	2	63
K00281	0	0	0	0	0	0	0	1	2	0	0	2
K00283	0	0	0	0	0	0	0	1	2	0	0	2
K00284	1	2	0	4	3	0	2	3	0	2	0	4
K00285	0	0	0	0	0	0	0	2	0	0	0	0
K00286	2	67	12	161	4	5	0	0	517	63	0	33
K00287	0	43	14	90	0	0	0	0	325	28	0	29
K00290	0	0	0	0	2	2	0	0	0	0	0	2
K00293	0	0	0	2	0	0	0	0	0	0	0	0
K00294	1	1	0	1	0	0	0	0	0	1	0	0
K00297	1	1	0	16	2	0	0	2	0	1	0	1
K00302	0	0	0	4	0	0	0	0	0	0	2	0
K00306	0	2	0	0	0	0	0	0	0	0	0	0
K00311	1	21	0	36	0	4	0	2	5	5	4	1
K00324	0	0	0	0	0	0	0	1	0	0	0	0
K00325	1	0	0	0	0	0	0	2	0	0	0	0
K00327	0	0	0	0	0	2	0	0	0	0	0	0
K00329	0	0	0	0	0	0	0	0	0	1	0	0
K00331	0	0	0	3	0	0	0	2	0	0	0	0
K00332	0	0	0	0	1	0	0	0	0	0	0	0
K00333	2	0	0	0	1	0	0	0	4	2	0	0
K00335	0	2	0	0	0	1	1	6	0	0	0	0
K00336	0	2	0	0	0	0	0	2	0	0	0	6
K00337	4	0	0	0	0	1	0	0	0	0	0	0
K00340	0	0	0	0	0	0	1	0	0	0	0	0
K00341	0	0	0	0	0	0	0	0	0	0	0	7
K00342	0	0	0	0	1	2	0	0	1	0	0	4
K00343	0	0	0	0	0	1	0	0	0	0	0	4
K00344	0	70	27	150	2	2	1	1	368	65	0	32
K00348	0	0	0	1	0	0	0	0	0	0	0	2
K00350	0	0	0	0	0	0	0	0	0	0	1	0
K00351	0	0	0	0	0	0	0	0	0	0	1	0
K00354	0	1	0	2	0	0	0	0	2	1	0	1
K00362	0	1	0	0	0	0	0	0	8	0	0	3
K00364	2	62	12	118	0	0	0	0	435	42	0	38
K00368	1	0	0	0	0	0	0	0	0	0	0	0
K00370	0	1	0	0	0	0	0	0	0	0	0	0
K00371	0	0	0	4	0	0	0	0	0	2	0	0
K00374	0	0	2	0	0	0	0	0	0	0	0	0
K00375	0	0	0	0	1	0	0	2	2	0	0	0
K00380	0	2	0	0	0	2	0	0	0	0	0	0
K00381	0	14	2	32	0	0	0	0	2	9	0	1
K00382	0	117	25	337	4	0	0	2	1289	119	0	136
K00383	3	18	0	22	0	0	0	0	0	10	0	4
K00384	3	220	39	435	5	0	2	2	1571	183	0	126
K00390	0	10	0	21	1	1	0	0	0	1	0	2
K00394	0	0	0	0	0	0	0	1	0	0	0	0
K00400	0	0	0	1	0	0	0	0	8	0	0	0
K00406	0	0	0	0	0	0	0	0	0	0	1	0
K00407	0	0	0	0	0	0	0	0	0	0	1	0
K00410	0	13	0	32	0	0	0	0	2	6	0	4
K00411	0	6	0	18	0	1	0	0	0	4	0	3
K00412	0	13	0	37	2	0	0	0	3	8	0	6
K00413	0	0	2	13	0	0	0	0	0	0	1	0
K00425	0	18	4	31	0	1	4	0	3	13	0	5
K00426	2	14	0	19	2	0	0	0	0	15	0	6
K00432	0	0	0	17	0	0	0	0	0	1	0	0
K00433	0	58	1	74	0	0	0	2	283	23	0	13
K00457	0	10	2	20	0	0	0	0	28	4	0	4
K00459	1	7	0	34	0	0	0	0	2	9	0	6
K00467	0	0	0	0	1	0	0	0	0	0	0	0
K00520	0	0	0	0	0	6	0	0	0	0	0	0
K00523	1	0	0	1	0	0	0	0	0	0	0	0
K00525	2	178	41	325	0	4	0	0	1112	123	0	74
K00526	2	59	27	140	0	2	0	2	424	26	0	29
K00527	9	7	1	0	1	0	0	2	0	1	0	0
K00528	0	15	4	10	0	0	0	1	0	3	0	1
K00529	0	0	0	1	0	0	0	0	0	0	0	0
K00533	0	0	0	0	0	0	0	1	0	0	0	0
K00537	0	43	3	40	0	2	1	0	191	30	0	16
K00547	0	12	0	28	0	0	0	0	0	4	0	5
K00548	0	0	0	0	0	1	0	6	0	0	0	1
K00549	2	33	1	53	0	1	0	0	2	18	0	5
K00554	0	67	19	158	2	0	2	2	596	79	0	49
K00557	2	81	25	241	0	0	1	0	697	91	2	86
K00558	0	13	0	41	0	0	2	3	2	2	0	2
K00560	1	79	16	148	0	2	0	0	787	78	0	47
K00561	0	0	0	0	1	0	0	0	0	0	0	0
K00563	0	29	6	90	0	0	0	0	361	44	0	34
K00564	1	54	16	123	2	0	0	0	373	40	0	14
K00566	4	119	20	212	2	0	0	5	613	89	0	62
K00567	0	22	3	56	0	0	0	0	119	19	1	16
K00568	0	7	0	9	0	2	0	0	0	1	0	1
K00570	0	3	0	15	0	0	0	0	0	1	0	0
K00571	0	41	5	108	2	0	0	3	442	39	0	21
K00574	3	109	14	155	1	2	0	2	753	67	3	51
K00575	0	13	0	9	0	0	0	0	0	9	0	5
K00588	0	35	25	116	0	0	0	0	260	23	0	14
K00590	0	0	0	0	0	1	0	2	0	0	0	0
K00595	0	2	0	0	0	0	0	1	2	0	0	0
K00600	0	103	19	242	2	0	0	2	1053	117	0	60
K00601	0	0	0	0	0	0	0	0	3	0	0	0
K00602	0	168	27	306	0	2	3	3	1305	124	4	94
K00604	0	77	30	213	0	0	0	9	729	103	2	49
K00605	2	11	1	33	0	0	0	0	0	5	0	4
K00606	0	1	0	29	0	0	0	0	1	2	1	0
K00609	3	67	22	172	3	0	1	1	715	74	0	42
K00610	0	0	0	0	0	2	1	0	0	0	0	1
K00611	0	81	24	215	0	0	2	3	776	84	1	111
K00615	9	169	44	317	1	2	5	4	1723	179	0	120
K00616	3	13	2	23	0	0	2	2	70	11	1	10
K00620	0	13	1	32	0	0	0	0	2	3	0	2
K00625	1	84	21	181	0	0	1	1	728	96	16	50
K00626	0	217	59	522	0	0	9	4	2115	208	7	106
K00627	0	122	26	282	0	0	0	2	1163	104	0	67
K00632	0	9	4	29	0	0	0	2	141	16	2	5
K00633	0	0	0	3	0	0	0	0	2	3	0	0
K00634	0	0	0	0	0	0	0	0	0	0	4	0
K00638	0	45	17	134	0	2	0	0	318	18	2	12
K00639	1	0	0	1	2	0	0	2	0	0	0	2
K00640	0	6	3	12	0	0	2	1	0	7	0	2
K00641	0	8	3	25	0	0	0	0	6	3	0	4
K00643	1	11	0	26	0	0	0	0	0	1	0	2
K00645	0	72	14	160	0	0	2	0	740	66	0	58
K00646	0	0	0	0	0	0	0	0	1	0	0	0
K00647	0	0	0	0	0	2	0	0	0	0	0	2
K00648	1	107	28	200	0	0	1	2	694	75	0	55
K00651	0	0	0	0	0	0	3	0	0	0	0	0
K00652	2	21	2	43	0	0	0	2	0	14	0	3
K00654	2	10	1	14	0	0	0	0	0	10	0	2
K00655	3	51	13	114	4	0	0	2	311	26	0	21
K00656	0	298	85	673	0	4	6	6	3290	292	3	211
K00658	1	14	0	18	0	0	0	0	0	1	0	2
K00661	0	98	28	240	0	5	0	1	669	59	3	52
K00666	0	16	3	26	0	2	0	0	0	6	0	4
K00674	0	21	0	14	0	0	0	0	1	13	0	2
K00677	0	5	0	12	0	0	0	0	0	3	0	0
K00681	2	38	3	92	0	0	0	0	0	13	0	2
K00684	0	10	0	15	0	0	0	0	0	2	0	3
K00687	6	133	45	339	0	0	0	0	1461	155	1	98
K00688	0	4	2	2	4	4	0	2	20	3	2	1
K00689	0	2	0	1	0	0	0	0	0	0	0	0
K00691	2	0	0	0	0	4	0	3	4	1	2	0
K00692	1	0	0	0	0	0	0	0	0	0	0	0
K00697	2	0	1	0	0	0	0	0	0	0	0	0
K00700	0	0	1	4	4	1	0	7	1	0	4	0
K00702	0	0	0	0	0	0	1	4	0	0	0	1
K00703	0	81	24	190	3	0	0	3	795	71	0	55
K00705	0	0	0	0	4	2	0	6	0	0	0	3
K00712	2	0	0	0	2	0	0	0	0	0	0	0
K00720	0	3	0	7	0	0	0	0	0	1	0	1
K00721	0	38	0	66	0	4	0	1	36	21	1	12
K00728	0	0	0	0	0	0	0	2	0	0	0	0
K00748	2	7	0	14	0	1	0	0	0	2	0	3
K00756	1	113	30	275	0	0	1	0	972	84	0	75
K00757	0	0	0	0	0	0	2	0	0	0	0	0
K00758	0	43	6	78	0	0	1	0	303	26	0	27
K00759	0	48	12	79	1	0	3	3	253	35	0	24
K00760	2	37	5	140	0	0	0	0	340	58	4	24
K00761	0	45	21	117	0	0	0	2	554	37	0	29
K00762	2	50	9	95	0	0	1	2	429	27	2	33
K00763	3	107	23	190	0	0	1	4	978	91	2	62
K00764	2	112	28	268	6	0	2	3	1329	141	2	79
K00765	0	8	0	20	0	0	2	0	0	6	0	5
K00766	0	7	2	21	0	0	0	4	0	8	0	3
K00767	0	71	19	173	0	0	0	0	539	86	0	56
K00768	0	0	0	0	2	0	2	0	0	0	0	0
K00769	0	0	2	12	0	2	0	0	0	1	0	0
K00772	2	64	23	208	1	0	0	0	671	69	2	56
K00773	0	105	20	156	2	2	2	4	698	62	0	71
K00782	0	7	0	16	2	0	0	0	0	7	0	2
K00783	2	34	7	110	2	0	0	0	129	60	1	29
K00784	0	124	29	253	1	3	2	1	1143	106	0	65
K00786	0	57	20	80	2	0	0	0	475	39	0	26
K00788	3	55	9	86	0	6	0	0	318	28	0	16
K00789	4	104	28	246	0	0	4	4	909	105	4	48
K00790	5	248	45	509	1	2	2	4	2134	183	3	112
K00791	0	66	11	187	1	0	1	0	345	53	0	32
K00793	1	4	0	11	0	0	0	0	0	6	0	1
K00794	0	0	1	7	1	0	2	0	0	1	0	3
K00795	0	16	2	34	0	0	0	0	60	10	0	8
K00796	0	8	0	14	0	1	0	1	0	5	1	2
K00797	2	11	0	21	0	2	0	0	0	2	0	2
K00798	0	0	0	1	0	0	0	0	0	0	0	0
K00799	1	2	0	13	0	0	0	2	0	2	0	0
K00800	0	105	31	242	2	0	0	0	1261	103	6	50
K00805	1	0	0	0	0	0	0	1	0	0	0	0
K00806	3	83	13	143	0	0	0	1	481	52	0	39
K00812	2	25	4	53	0	0	2	3	38	12	2	8
K00813	0	1	0	1	0	0	0	0	0	0	0	0
K00817	0	14	0	21	0	1	0	0	0	7	3	3
K00820	4	148	37	325	9	0	1	1	1238	150	0	112
K00821	2	8	0	25	2	0	0	3	0	8	0	4
K00823	0	0	1	0	2	0	0	1	0	0	0	1
K00824	0	1	0	0	0	0	0	0	0	0	0	0
K00826	1	19	2	28	0	1	3	2	2	14	0	1
K00831	0	16	0	26	0	0	0	6	0	20	0	1
K00832	1	30	1	43	2	2	0	0	1	2	3	2
K00833	1	26	5	52	0	0	0	0	0	4	0	7
K00841	6	1	2	0	2	2	2	0	0	0	3	0
K00842	2	1	0	1	0	0	0	0	6	0	0	0
K00845	5	110	26	240	0	1	2	4	907	98	0	91
K00847	2	89	22	225	2	0	0	1	699	60	0	36
K00848	2	240	76	493	3	2	0	3	2072	195	0	115
K00849	4	103	28	204	3	0	1	0	764	94	0	52
K00850	2	96	33	178	0	2	0	0	771	82	2	56
K00851	0	163	36	327	0	0	0	0	1210	134	0	82
K00852	7	38	16	134	0	0	0	2	389	45	0	30
K00853	0	72	29	90	0	0	0	2	585	59	0	60
K00854	5	132	31	286	2	2	0	1	1225	107	0	56
K00856	0	0	0	2	0	0	0	0	0	0	0	0
K00857	0	49	7	77	0	0	0	2	364	33	0	24
K00858	0	64	18	159	2	0	0	0	520	56	0	43
K00859	2	43	9	115	0	0	0	2	406	32	0	12
K00860	0	0	0	0	0	0	0	0	0	1	0	0
K00862	0	1	0	5	0	0	0	0	7	1	0	1
K00863	0	0	0	0	0	2	0	0	0	0	0	0
K00864	15	12	2	15	0	0	0	3	39	3	3	4
K00865	0	113	26	256	0	0	0	4	731	94	1	68
K00867	4	89	20	230	0	0	0	0	551	82	0	33
K00868	1	54	20	112	1	0	0	0	605	43	0	36
K00869	2	51	19	187	0	0	0	0	557	61	3	42
K00873	4	166	30	366	5	2	1	4	1394	94	0	103
K00874	2	83	35	178	1	1	0	2	796	45	0	48
K00875	0	0	0	0	0	0	0	0	2	0	0	0
K00876	4	31	6	74	0	3	2	0	245	29	2	21
K00878	0	64	16	172	0	0	0	2	755	47	0	51
K00879	0	8	3	22	0	2	0	2	85	5	0	1
K00880	2	7	2	25	0	0	0	0	60	5	0	8
K00881	0	0	0	1	0	0	0	0	3	1	0	0
K00882	7	70	14	182	0	0	0	2	737	51	0	45
K00887	0	20	6	59	0	0	0	0	207	35	0	11
K00891	2	24	7	45	0	0	0	2	262	7	0	21
K00895	0	0	0	0	0	2	0	0	0	0	0	0
K00901	0	20	6	59	0	2	0	0	207	35	0	11
K00903	0	2	1	6	0	0	0	0	46	2	0	7
K00912	0	3	0	15	0	0	0	2	0	2	0	3
K00913	0	0	0	1	0	0	0	0	0	1	0	1
K00917	1	64	17	158	1	0	2	0	610	31	0	31
K00919	0	2	0	17	0	2	0	2	0	8	0	7
K00925	10	75	24	158	5	0	0	2	691	72	9	45
K00926	0	92	15	172	2	0	0	0	765	72	5	67
K00927	5	102	23	235	1	0	2	0	941	96	1	77
K00928	5	11	0	14	2	3	2	3	1	16	1	0
K00930	0	6	0	14	2	0	2	0	0	4	0	4
K00931	0	6	0	32	0	2	0	3	0	10	0	5
K00937	2	12	1	25	0	0	0	0	2	10	2	5
K00938	0	97	24	198	0	0	0	0	759	73	0	64
K00939	7	39	14	143	3	0	0	0	488	56	0	36
K00940	0	2	0	15	0	0	0	0	0	3	0	0
K00941	6	131	36	299	2	0	0	0	1292	114	0	88
K00942	0	69	21	168	1	0	0	0	553	80	2	48
K00943	0	42	17	122	2	2	2	1	418	72	0	35
K00945	2	51	11	103	2	0	0	0	263	50	0	32
K00946	0	4	0	11	0	2	0	0	0	6	0	2
K00948	4	124	46	383	4	2	0	4	1595	137	2	109
K00949	0	42	15	100	2	0	0	2	433	49	0	30
K00950	0	6	0	14	1	0	0	0	0	1	0	0
K00951	6	197	55	527	6	2	0	4	1863	212	5	144
K00954	1	36	12	77	1	0	0	0	209	26	0	22
K00955	0	26	0	57	0	0	0	0	0	11	0	4
K00956	0	0	0	0	4	0	0	0	0	0	0	0
K00957	0	5	1	18	2	0	0	0	0	3	0	0
K00958	0	2	0	3	0	0	0	0	13	0	0	4
K00962	1	235	57	465	3	0	2	4	1666	202	0	121
K00963	0	44	13	147	0	0	0	2	528	43	0	34
K00965	0	95	33	286	0	0	3	0	990	89	0	90
K00966	0	0	0	0	0	0	0	1	0	0	0	0
K00968	0	0	0	0	0	0	0	1	0	0	0	3
K00969	0	52	9	155	2	0	2	0	425	43	0	29
K00970	2	11	0	44	0	1	1	0	3	6	0	4
K00971	0	8	0	11	0	2	0	2	0	0	0	0
K00973	1	70	14	186	0	4	0	3	499	39	0	44
K00974	4	81	16	189	0	1	0	2	743	63	0	71
K00975	0	144	34	338	0	0	2	6	1429	163	2	97
K00979	0	12	1	25	0	0	0	1	0	3	0	3
K00980	2	0	0	1	2	0	0	1	0	0	0	3
K00981	2	80	25	143	0	0	2	2	475	62	2	33
K00982	4	2	0	0	2	0	0	0	0	1	0	0
K00986	2	2	0	2	0	2	0	3	0	0	0	0
K00989	2	102	38	215	0	0	0	0	896	92	2	55
K00990	2	20	4	62	0	0	0	2	2	14	0	5
K00991	0	40	7	111	0	0	0	0	326	53	1	20
K00995	3	38	10	115	1	0	0	4	363	36	0	23
K00996	0	1	0	0	0	0	0	1	3	0	0	1
K00997	4	18	5	47	0	0	0	1	130	14	0	6
K01000	0	69	12	154	4	0	2	0	268	54	0	36
K01002	0	0	1	4	0	0	0	0	2	0	0	1
K01006	0	0	0	0	2	2	0	2	0	0	2	0
K01007	0	0	0	0	2	0	2	0	4	0	0	1
K01008	0	0	0	0	0	0	0	0	2	0	0	0
K01012	0	8	0	14	4	0	2	1	2	4	0	0
K01026	0	0	1	0	0	0	1	0	0	0	0	0
K01042	0	0	0	0	1	2	0	0	0	0	1	1
K01048	0	0	1	0	0	0	0	1	0	0	0	0
K01051	0	56	5	165	0	0	0	0	647	40	0	53
K01053	0	6	0	27	0	0	0	0	0	3	0	0
K01055	0	0	0	0	0	0	0	0	0	0	0	1
K01056	1	46	14	87	0	0	0	0	233	55	3	48
K01057	2	20	0	30	0	0	0	2	13	9	0	5
K01060	1	0	0	0	0	0	2	0	0	0	0	0
K01067	0	0	0	0	0	0	0	0	1	0	0	0
K01069	0	60	17	132	0	0	0	0	408	58	1	31
K01070	0	6	0	13	0	0	0	0	0	0	0	3
K01071	0	58	13	119	3	0	0	0	310	24	3	18
K01077	0	0	0	0	2	0	0	3	0	0	0	0
K01079	0	7	0	23	0	0	0	1	0	6	0	0
K01081	1	5	0	3	0	0	0	1	18	2	0	3
K01082	0	3	0	16	0	1	0	0	0	2	0	1
K01089	0	4	0	2	0	0	0	0	0	2	0	0
K01090	0	5	0	14	0	0	0	0	0	2	0	1
K01091	1	5	1	13	2	0	1	0	4	4	0	0
K01092	1	77	19	173	2	0	1	0	414	81	4	34
K01095	0	0	0	0	0	2	0	0	0	0	0	0
K01101	4	36	7	95	0	0	0	0	473	46	0	42
K01104	13	113	31	234	6	0	1	4	970	92	2	57
K01113	0	0	0	0	0	2	0	0	0	0	0	0
K01118	0	22	2	59	0	0	0	2	272	30	0	25
K01119	4	110	26	190	2	0	2	3	721	86	0	76
K01120	0	19	0	22	0	0	0	0	0	2	0	2
K01126	2	82	7	172	0	9	2	0	780	102	0	68
K01129	2	20	0	30	1	1	0	0	2	3	0	3
K01130	0	0	0	1	0	0	0	0	0	0	0	0
K01139	0	8	1	29	1	0	0	0	89	10	5	2
K01142	4	62	11	104	0	2	0	0	241	28	2	30
K01147	2	0	0	0	0	3	0	0	0	0	0	0
K01151	0	78	15	146	3	1	2	2	428	57	0	31
K01153	1	144	15	300	2	0	4	10	127	43	2	28
K01154	0	41	1	92	2	0	0	0	40	20	0	4
K01155	0	0	0	5	1	2	0	0	0	1	0	0
K01156	1	2	7	0	4	0	2	2	0	2	0	28
K01159	0	5	0	6	0	0	0	0	2	2	0	0
K01173	0	6	0	4	0	0	0	0	8	1	0	1
K01175	0	3	0	29	0	0	0	0	0	5	0	1
K01176	1	111	22	283	2	1	2	1	1038	114	0	81
K01179	0	81	28	191	3	0	0	4	864	61	0	47
K01182	0	55	13	83	3	0	0	0	286	26	1	13
K01184	0	2	0	0	0	0	0	0	3	0	0	0
K01185	1	42	9	84	0	0	0	0	288	32	0	28
K01186	0	0	0	0	0	0	0	0	2	0	0	0
K01187	3	60	23	137	0	8	6	1	659	57	2	29
K01188	0	0	0	1	0	0	0	0	2	0	0	0
K01190	4	192	50	497	3	1	8	6	2069	211	1	148
K01191	7	250	53	526	0	3	2	4	2125	177	0	120
K01192	0	0	0	0	0	0	0	2	2	0	0	0
K01193	8	3	0	1	6	0	0	2	1	0	0	1
K01195	0	0	0	0	0	0	1	0	0	0	0	0
K01197	0	0	0	0	1	2	0	0	0	0	0	0
K01198	2	269	43	501	1	0	4	2	2507	200	0	132
K01200	0	0	0	0	2	0	0	2	1	0	0	0
K01201	0	4	0	3	0	0	0	0	8	0	0	2
K01206	3	2	2	0	0	0	0	1	0	1	1	4
K01207	5	169	39	366	0	0	9	2	1796	99	0	85
K01208	2	0	0	2	2	0	1	0	0	0	0	1
K01209	2	322	56	587	2	1	3	7	2496	225	0	143
K01210	0	0	0	0	1	0	0	0	0	0	0	0
K01212	0	22	0	69	0	0	0	0	0	26	0	2
K01213	0	15	5	19	2	0	0	0	104	13	0	0
K01214	0	0	0	0	0	4	0	0	0	0	0	0
K01215	3	5	2	1	0	0	0	0	4	0	0	0
K01218	0	1	0	1	0	0	0	0	0	0	0	0
K01220	0	124	31	356	0	1	0	0	1336	103	0	77
K01223	18	409	113	950	2	5	2	2	3757	344	2	285
K01224	0	3	0	5	0	0	0	1	27	2	0	2
K01226	5	3	2	5	0	0	0	0	23	4	0	2
K01227	3	48	12	83	4	2	0	0	331	35	2	32
K01232	2	0	0	0	0	0	2	0	0	0	1	0
K01239	2	60	16	113	0	0	0	0	564	49	1	33
K01243	1	83	10	106	0	1	0	1	570	44	0	31
K01246	4	1	0	0	0	0	0	0	0	0	0	2
K01247	0	9	0	24	0	0	0	0	0	8	0	4
K01250	0	82	24	196	0	0	0	0	801	87	0	40
K01251	4	13	2	48	0	1	1	0	0	13	3	4
K01255	0	27	0	40	0	0	0	0	2	9	0	4
K01256	11	7	2	5	4	2	0	2	0	0	1	3
K01258	6	89	11	191	1	0	0	1	945	85	0	57
K01259	0	4	0	0	0	4	2	2	4	1	0	0
K01261	0	72	23	210	0	0	0	0	890	82	0	41
K01262	4	70	23	230	1	0	1	4	734	96	3	69
K01265	1	75	18	179	4	0	1	3	631	76	0	38
K01266	6	26	0	18	2	0	0	2	0	3	0	1
K01267	0	0	0	0	0	0	0	2	0	0	0	0
K01269	0	72	23	210	0	0	0	0	890	82	0	41
K01270	0	115	31	283	4	0	4	2	939	125	0	62
K01271	5	139	27	248	0	0	1	2	1261	127	6	97
K01273	2	1	0	30	2	0	0	0	0	5	0	0
K01274	2	111	29	269	0	0	2	0	883	114	0	58
K01277	0	0	0	0	0	2	0	0	0	0	0	0
K01278	0	0	0	0	0	0	0	0	6	0	0	0
K01281	2	4	2	3	0	2	2	0	0	0	0	0
K01284	0	0	0	0	0	0	0	2	6	0	0	2
K01286	0	18	2	66	1	0	2	0	171	21	0	14
K01297	1	0	0	0	0	0	0	2	0	0	0	1
K01299	0	0	0	0	0	0	2	0	0	0	0	0
K01303	0	0	0	0	2	0	1	0	0	0	0	0
K01304	2	45	17	178	2	0	0	0	567	39	0	19
K01318	0	0	0	0	0	0	0	0	1	0	0	0
K01338	2	38	1	61	0	4	2	2	7	21	2	4
K01354	0	45	12	101	2	0	0	0	48	35	0	16
K01356	3	27	15	66	1	0	1	0	340	27	0	24
K01358	1	40	10	127	2	0	0	3	318	46	0	22
K01361	3	6	0	18	11	0	0	0	43	4	8	1
K01372	3	87	22	192	3	2	4	1	860	77	0	31
K01387	0	0	0	1	0	0	0	0	0	0	0	0
K01389	2	0	0	0	0	0	0	0	0	0	0	0
K01406	0	0	0	0	0	0	0	0	1	0	0	0
K01409	9	139	27	298	2	2	0	4	1235	165	0	86
K01414	2	0	0	0	0	0	0	2	0	0	0	0
K01415	2	0	0	0	0	0	0	0	0	0	0	0
K01419	0	48	10	89	0	0	0	2	418	15	0	18
K01420	1	4	0	20	0	4	0	0	0	0	0	2
K01421	0	209	70	508	2	3	8	5	2048	226	0	143
K01424	4	98	29	234	0	0	0	2	727	112	0	79
K01427	0	2	0	1	0	0	0	0	0	0	0	0
K01428	0	22	0	41	0	0	0	0	2	14	0	0
K01429	0	2	0	10	0	0	0	0	0	1	0	0
K01430	0	1	0	21	0	0	0	0	0	3	0	0
K01433	0	1	0	0	0	0	0	0	0	0	0	0
K01434	0	0	0	0	0	0	0	0	0	0	2	0
K01436	2	7	0	32	0	0	0	0	0	5	1	5
K01438	0	0	0	0	0	0	0	0	0	0	0	2
K01439	10	142	29	298	4	0	2	3	944	121	2	60
K01442	2	6	0	0	2	0	0	2	0	0	0	2
K01443	4	68	17	170	0	1	0	0	726	89	0	35
K01444	0	0	0	4	0	0	0	0	3	0	0	0
K01447	3	7	5	9	8	4	0	0	41	1	2	3
K01448	1	4	1	17	3	2	0	4	51	2	1	7
K01457	0	0	0	2	0	0	0	0	0	0	0	0
K01458	0	13	3	29	0	0	0	0	1	0	0	4
K01462	0	30	16	144	0	1	1	3	439	30	2	39
K01463	1	0	0	0	0	0	0	0	0	0	0	0
K01465	4	113	27	252	2	1	1	3	1065	100	0	73
K01470	0	14	1	10	0	0	0	0	2	3	0	1
K01476	2	0	0	0	0	2	0	1	0	0	0	5
K01478	2	73	25	189	0	0	0	2	758	71	0	67
K01485	0	5	0	7	0	0	1	0	0	4	0	0
K01486	2	3	0	0	2	0	0	1	0	0	0	0
K01487	0	5	0	6	0	2	0	0	0	5	0	1
K01488	0	10	3	46	0	0	2	0	2	10	0	1
K01489	0	10	13	56	0	0	0	0	164	25	0	22
K01491	0	68	7	169	1	0	0	2	622	56	0	51
K01492	0	0	0	0	0	0	0	0	1	0	0	0
K01493	0	12	8	57	0	0	0	3	91	26	0	14
K01494	0	6	0	17	0	0	0	0	0	1	0	0
K01495	2	6	1	21	0	0	0	0	0	4	0	1
K01496	1	1	0	10	0	0	3	0	0	2	0	0
K01497	0	0	1	4	0	0	0	2	0	0	0	0
K01501	0	1	0	0	0	0	0	0	0	0	0	0
K01505	0	0	0	2	0	0	0	0	0	0	0	0
K01507	0	3	1	7	0	0	0	0	0	0	0	1
K01509	0	1	0	1	0	0	0	0	0	1	0	0
K01512	0	25	5	51	0	0	0	0	142	12	0	6
K01515	3	102	12	231	0	0	1	1	723	88	3	60
K01520	1	30	10	63	0	0	1	2	194	16	0	23
K01521	0	6	0	4	0	0	0	0	0	1	0	0
K01523	3	8	0	11	3	0	0	0	2	0	0	4
K01524	1	16	1	30	2	1	0	0	32	11	0	3
K01531	10	346	88	757	1	0	0	1	3566	303	2	207
K01533	5	181	68	420	7	2	4	3	1727	144	4	127
K01534	7	236	73	532	7	0	2	12	2119	179	4	156
K01535	0	4	3	6	0	0	0	0	29	2	0	1
K01537	11	387	97	930	9	5	5	1	3702	355	2	223
K01539	1	3	0	0	0	0	0	0	1	1	0	0
K01546	0	0	0	0	0	0	0	0	0	0	0	4
K01547	0	1	0	1	0	0	0	0	13	0	0	4
K01560	1	43	9	116	0	0	0	0	387	33	0	18
K01563	0	0	0	1	0	0	0	0	0	0	0	0
K01568	1	29	12	50	0	0	0	1	274	26	0	20
K01571	0	0	0	0	0	0	2	0	2	0	0	0
K01572	0	0	0	0	2	0	0	0	0	0	0	0
K01575	4	12	2	16	2	0	2	0	0	2	0	1
K01581	0	7	2	32	0	0	2	0	0	3	0	3
K01582	0	0	0	0	0	0	2	1	0	0	0	0
K01583	0	0	0	0	0	0	0	1	0	0	0	0
K01585	0	0	0	0	1	0	4	1	0	0	0	0
K01586	2	9	3	32	0	0	0	0	0	7	0	11
K01588	1	49	9	61	0	0	0	1	301	15	1	19
K01589	2	113	17	178	0	0	0	2	773	81	0	40
K01591	1	65	11	127	0	2	3	2	551	64	0	20
K01595	2	13	0	53	2	2	0	0	0	11	0	6
K01596	0	0	0	0	0	0	1	0	0	0	0	0
K01597	1	58	16	157	0	0	0	0	690	42	1	46
K01598	0	28	8	72	2	0	0	2	370	23	0	4
K01599	0	14	1	28	1	0	0	0	2	2	0	0
K01601	0	0	2	0	0	0	0	0	2	0	0	0
K01607	7	32	10	72	0	0	0	0	118	14	0	12
K01609	0	0	1	20	1	0	0	5	4	2	0	1
K01610	4	0	0	0	0	0	2	2	0	0	0	0
K01611	0	7	0	6	0	0	0	0	0	9	0	0
K01613	0	7	0	16	0	0	0	1	0	2	1	4
K01615	0	0	0	0	0	0	0	2	0	0	0	0
K01616	0	6	0	5	0	0	0	0	0	1	0	0
K01619	0	37	23	113	1	4	0	0	341	31	0	36
K01620	0	8	0	25	0	0	0	1	2	3	0	0
K01621	4	300	91	860	1	2	2	1	3682	346	2	259
K01624	0	87	33	164	0	0	2	2	527	49	3	35
K01625	2	58	12	130	0	0	1	0	430	43	0	49
K01626	0	10	1	29	0	0	0	0	1	11	0	1
K01627	0	5	0	7	0	0	0	0	1	14	2	7
K01628	0	2	0	0	0	0	1	0	0	0	1	0
K01629	0	101	23	188	0	0	0	0	663	72	0	27
K01631	0	0	0	0	0	2	0	0	0	0	0	0
K01633	0	0	0	1	0	0	0	0	0	0	0	0
K01635	0	131	38	361	0	0	0	0	1321	72	0	127
K01640	0	2	0	0	0	0	0	0	0	0	0	0
K01641	2	133	25	300	2	0	0	0	1121	97	0	66
K01643	2	179	40	401	0	0	0	0	1736	160	2	142
K01644	0	92	23	251	1	4	0	0	1031	106	0	65
K01646	0	24	6	57	1	0	0	0	231	20	0	21
K01647	0	13	0	29	2	0	0	4	0	4	0	7
K01649	0	16	0	25	0	1	0	0	0	11	4	7
K01652	1	24	3	80	0	0	1	0	0	23	0	9
K01653	0	0	0	2	0	0	0	0	0	0	0	0
K01654	0	0	0	0	1	2	0	2	0	0	0	0
K01657	0	8	0	34	3	0	0	4	2	5	0	3
K01658	0	4	0	13	0	0	2	3	0	2	0	3
K01662	2	12	1	35	2	7	5	4	0	10	0	1
K01664	0	0	0	2	0	0	2	0	0	2	0	1
K01665	2	8	4	38	2	0	0	4	0	11	0	2
K01666	0	0	0	0	0	0	0	2	0	0	0	0
K01667	0	0	0	0	0	1	0	2	0	0	0	0
K01671	0	7	2	23	0	0	0	0	105	2	0	3
K01673	0	2	0	9	0	0	0	0	1	3	0	2
K01677	0	0	0	0	2	0	0	0	0	0	0	0
K01678	0	0	0	0	0	0	2	0	0	0	0	0
K01679	0	11	1	32	1	2	0	0	2	7	0	5
K01681	0	22	2	53	2	0	5	2	2	18	1	7
K01682	0	0	2	0	2	0	0	0	0	0	0	1
K01683	0	0	0	0	0	0	0	0	0	0	2	0
K01685	2	88	35	228	0	0	0	0	952	130	0	69
K01686	2	68	20	160	0	2	0	2	667	61	0	44
K01687	3	24	0	32	0	0	2	7	0	11	2	3
K01689	3	119	25	165	0	1	2	0	940	111	0	65
K01690	0	12	1	40	0	0	0	0	6	7	0	2
K01693	0	13	0	12	0	0	1	0	0	9	0	1
K01695	0	6	0	21	1	0	0	0	2	1	0	3
K01696	0	13	0	29	1	6	0	1	0	14	0	4
K01697	0	2	0	1	0	0	0	1	0	1	0	0
K01698	0	17	0	17	0	0	0	0	2	7	0	7
K01703	0	11	0	23	5	0	0	2	0	3	0	3
K01704	0	2	1	8	0	0	0	1	0	5	0	2
K01708	0	20	10	72	0	0	0	1	312	48	0	24
K01710	4	159	38	349	2	2	1	4	1308	155	1	87
K01712	0	0	0	0	0	1	0	2	0	0	4	0
K01713	0	0	0	0	0	0	0	0	0	0	0	1
K01714	1	21	3	31	4	0	1	0	0	16	0	4
K01715	1	0	0	0	2	0	0	0	0	0	0	0
K01719	0	1	0	8	0	2	0	0	0	0	0	1
K01725	0	0	0	0	0	0	2	0	0	0	0	0
K01728	0	25	5	81	0	0	0	0	184	23	0	12
K01732	0	4	0	14	1	0	0	0	12	5	0	0
K01733	0	9	2	28	2	1	0	7	2	12	0	1
K01734	0	28	8	86	0	0	0	2	249	23	0	23
K01735	4	112	16	204	0	0	3	1	733	102	0	61
K01736	0	87	50	198	6	0	3	3	948	99	0	48
K01737	1	2	1	21	0	0	0	0	0	0	0	0
K01738	0	14	4	61	0	0	0	4	4	12	0	1
K01739	0	8	1	31	3	0	0	0	0	13	0	2
K01740	0	7	0	27	2	0	0	4	1	0	0	2
K01744	0	0	0	1	0	0	2	0	0	0	0	0
K01749	2	3	0	25	0	0	0	1	0	8	0	1
K01750	0	0	0	0	0	0	0	2	0	0	0	0
K01751	0	0	0	0	0	0	0	2	0	0	0	0
K01752	0	311	59	656	2	2	2	0	2539	272	0	222
K01754	0	7	2	21	0	0	0	0	0	6	2	2
K01755	0	4	0	28	2	5	1	2	0	7	0	1
K01756	3	111	10	225	0	0	0	3	863	89	1	62
K01758	0	0	0	1	1	0	0	0	0	1	0	0
K01759	1	21	7	59	2	0	0	0	107	14	0	14
K01760	0	5	0	24	3	2	0	0	0	8	0	1
K01761	0	8	1	31	0	0	0	0	0	13	0	6
K01766	0	0	1	0	0	0	0	0	0	0	0	0
K01768	0	0	0	0	0	0	0	0	0	1	0	0
K01770	0	4	0	29	0	0	0	0	0	6	0	3
K01772	0	4	0	10	0	0	0	0	0	5	0	5
K01775	2	94	32	281	0	0	0	5	937	91	2	83
K01776	0	71	14	134	0	0	0	9	423	56	2	27
K01777	0	71	20	179	0	0	0	0	629	86	0	40
K01778	0	10	0	28	0	2	0	2	10	11	3	7
K01779	2	0	0	0	2	0	0	0	0	0	0	0
K01782	0	0	0	0	0	0	0	0	0	6	0	0
K01783	1	60	10	139	2	1	3	2	509	66	0	48
K01784	1	195	55	492	3	2	2	2	1581	175	0	135
K01785	5	87	28	156	2	0	4	1	622	55	0	42
K01787	0	0	0	0	0	0	0	0	0	0	0	1
K01788	2	0	0	0	0	0	0	2	0	0	0	2
K01790	0	58	14	144	1	0	0	0	438	44	2	26
K01791	4	150	34	381	1	0	0	1	1518	144	0	85
K01802	0	47	17	151	1	3	0	2	275	44	1	37
K01803	1	49	14	174	3	1	2	5	580	76	0	31
K01804	0	151	26	309	0	1	2	0	1240	105	0	88
K01805	0	92	11	289	0	2	0	0	965	101	0	76
K01807	2	46	13	169	0	0	0	4	438	36	0	39
K01808	2	3	0	3	0	0	1	0	1	0	0	3
K01809	0	82	9	203	0	0	0	0	708	81	0	48
K01810	1	110	18	257	0	0	0	6	732	69	12	75
K01811	3	1	0	2	3	2	0	5	0	0	2	2
K01812	1	173	37	347	0	0	2	2	1152	98	0	79
K01813	0	142	52	254	0	3	0	0	1100	120	0	55
K01814	1	17	2	35	5	0	0	2	4	2	0	2
K01815	0	63	13	138	0	0	0	0	575	55	0	43
K01817	0	5	0	15	0	0	1	0	2	2	0	0
K01818	0	0	0	0	6	0	0	2	0	0	0	0
K01819	2	67	20	205	1	0	1	0	692	83	0	60
K01821	2	0	0	0	0	0	0	0	0	0	0	0
K01823	4	91	22	159	0	0	1	0	677	59	1	32
K01834	5	85	8	181	2	0	0	3	413	73	6	32
K01835	3	117	26	263	2	0	2	0	1049	114	1	67
K01838	0	78	32	154	0	0	0	0	781	89	0	56
K01839	0	76	16	251	0	0	0	0	969	63	0	45
K01840	0	121	19	283	2	0	4	0	1008	75	2	48
K01841	0	12	2	22	0	0	0	0	104	19	0	4
K01843	0	7	0	20	2	0	0	0	0	6	0	1
K01845	0	0	0	0	0	0	0	2	0	0	0	0
K01847	0	0	0	0	0	0	0	1	0	0	0	0
K01854	1	10	2	36	2	0	0	0	0	7	0	5
K01866	0	81	24	214	3	2	0	0	752	72	0	45
K01867	4	85	16	161	6	1	1	2	519	64	0	66
K01868	1	168	44	385	2	6	3	4	1452	169	0	135
K01869	1	247	64	532	3	0	3	11	1838	207	0	134
K01870	8	229	50	594	4	0	2	2	1849	193	1	135
K01872	8	223	68	459	9	6	3	2	1958	209	5	131
K01873	3	235	53	647	2	0	1	11	1933	197	0	151
K01874	5	161	43	337	3	1	3	6	1255	103	4	102
K01875	7	188	38	507	3	1	0	1	1845	216	4	152
K01876	3	182	7	396	4	0	0	4	1526	183	0	86
K01878	3	64	16	109	0	0	1	0	586	72	2	34
K01879	2	121	34	325	0	4	0	1	1427	132	0	93
K01880	0	0	0	0	0	0	2	7	0	0	0	0
K01881	3	127	38	332	1	0	0	2	1204	99	3	86
K01883	7	172	26	308	2	0	2	2	1110	140	0	90
K01885	3	31	5	59	5	2	0	0	12	12	0	7
K01886	2	0	0	0	3	2	0	2	0	0	0	2
K01887	4	110	29	320	0	1	4	4	1063	89	0	85
K01889	0	90	14	150	0	0	0	2	680	90	0	36
K01890	4	175	34	446	11	2	2	2	1549	157	2	108
K01892	1	78	20	249	0	0	3	2	932	79	2	55
K01893	3	102	39	316	5	0	3	10	1040	89	4	74
K01894	2	0	0	0	0	0	0	0	0	0	0	0
K01895	0	0	0	0	0	1	4	0	0	0	0	0
K01897	1	4	1	4	6	2	0	0	0	0	0	8
K01906	0	0	0	1	0	0	0	0	0	0	0	0
K01907	0	0	0	0	0	0	0	0	0	0	0	1
K01908	2	0	0	0	0	0	0	0	0	0	0	0
K01910	0	55	19	135	0	0	0	0	678	30	0	40
K01911	0	0	0	0	1	0	0	0	0	0	0	0
K01912	3	0	0	0	0	0	0	0	1	0	0	1
K01914	1	0	1	0	1	0	2	2	0	0	0	0
K01915	6	134	22	250	0	0	2	4	1010	107	2	49
K01916	2	77	10	134	1	0	2	0	545	50	0	31
K01918	0	4	0	14	0	0	0	0	0	2	0	2
K01919	0	154	54	395	0	0	0	0	1298	147	0	95
K01920	0	7	2	15	0	0	0	0	0	7	0	2
K01921	5	66	19	148	1	2	2	0	751	84	2	51
K01923	0	39	12	117	0	1	1	1	187	37	0	39
K01924	0	117	20	228	3	2	1	2	965	106	0	68
K01925	1	99	18	209	3	2	2	0	911	86	0	64
K01926	0	104	26	181	0	0	0	0	796	67	1	31
K01928	14	234	39	443	2	2	2	3	1924	163	3	144
K01929	5	137	26	240	2	2	3	0	925	92	0	64
K01930	0	0	1	11	0	0	0	0	18	2	0	0
K01933	2	65	22	156	0	0	2	0	729	67	0	27
K01934	2	37	8	64	1	0	1	0	178	14	0	17
K01935	0	9	1	44	0	0	0	0	0	5	0	1
K01937	1	123	24	269	0	0	4	5	1183	92	1	66
K01938	5	134	24	285	2	0	4	0	1243	149	0	71
K01939	5	109	21	293	8	3	1	3	919	90	0	89
K01940	1	13	0	29	3	3	0	2	0	9	0	1
K01941	0	1	2	4	0	0	0	0	46	2	0	5
K01945	4	83	18	202	0	2	0	2	880	81	2	64
K01947	0	0	0	0	0	0	0	0	0	0	0	1
K01950	2	13	1	34	1	0	2	0	4	17	0	7
K01951	8	147	23	282	0	5	6	0	1248	116	0	77
K01952	2	279	66	630	5	2	0	3	2582	262	2	180
K01953	8	1	0	1	2	1	0	5	0	2	0	4
K01954	0	0	0	0	0	2	0	0	0	0	0	0
K01955	8	253	57	488	5	3	2	9	2355	185	0	165
K01956	4	97	30	236	4	0	2	6	1062	71	0	77
K01958	1	1	0	0	0	0	0	0	5	1	0	0
K01959	1	6	1	17	0	0	0	0	38	6	0	4
K01960	0	0	0	0	0	0	0	0	2	0	0	0
K01961	0	71	12	219	1	1	0	2	908	102	4	88
K01962	1	57	24	187	4	0	1	3	602	46	2	37
K01963	4	68	17	181	5	0	3	4	664	81	1	39
K01965	0	2	0	4	0	0	0	0	20	2	0	2
K01966	0	0	0	0	1	0	0	0	0	0	0	0
K01968	0	3	2	15	0	0	0	0	35	1	0	6
K01971	2	0	0	0	0	0	0	0	0	0	2	0
K01972	5	189	43	519	4	0	2	4	1729	190	2	122
K01975	0	2	0	12	0	0	0	0	0	2	0	0
K01989	8	5	0	0	2	0	0	4	0	1	0	0
K01990	10	599	152	1515	8	2	10	14	5184	554	1	388
K01991	2	14	0	38	0	0	4	0	0	9	0	2
K01992	8	380	90	861	6	8	2	5	2486	329	2	235
K01993	1	0	0	0	2	2	0	2	4	0	0	1
K01995	0	10	5	9	0	0	1	3	36	7	3	3
K01996	0	7	2	7	0	0	3	1	22	10	2	4
K01997	7	1	1	0	1	2	2	2	0	0	0	0
K01998	2	0	0	0	1	0	0	4	0	1	2	0
K01999	8	1	1	0	0	2	2	2	3	0	2	4
K02000	0	93	13	207	0	1	0	2	915	88	0	67
K02001	0	105	35	329	0	0	0	0	1147	92	0	60
K02002	0	117	34	328	0	0	0	0	1129	90	0	62
K02003	12	415	108	969	11	2	2	4	3156	349	4	213
K02004	21	587	159	1366	27	9	14	16	4463	538	7	343
K02005	0	0	0	0	1	0	0	2	0	0	0	0
K02006	0	0	0	0	0	0	0	0	2	0	0	0
K02010	1	68	26	201	0	1	1	3	786	65	0	50
K02011	0	0	0	0	0	0	2	0	0	0	0	0
K02012	1	45	8	140	0	0	0	2	497	38	1	24
K02013	0	106	26	247	0	2	2	3	808	91	0	58
K02014	7	222	15	440	0	2	2	1	8	92	3	48
K02015	5	173	62	493	4	1	3	1	1519	203	5	182
K02016	2	137	35	294	2	0	0	6	960	106	1	61
K02017	0	6	1	19	0	2	1	0	58	3	0	2
K02018	4	0	0	3	0	0	0	0	4	2	0	0
K02020	2	0	0	0	0	0	0	0	0	0	0	0
K02021	0	198	31	436	2	2	2	1	1733	172	0	102
K02022	2	8	0	33	0	0	0	0	0	5	0	0
K02025	4	118	25	309	6	2	5	2	965	109	0	78
K02026	5	112	41	260	2	0	1	3	988	99	1	65
K02027	0	264	62	613	1	0	3	4	2029	201	2	147
K02028	4	212	69	623	3	3	0	4	2182	233	12	178
K02029	5	352	87	761	4	4	8	7	2312	280	8	222
K02030	4	356	80	788	6	8	5	5	2304	272	6	225
K02031	2	36	6	101	0	7	0	3	290	43	3	25
K02032	0	39	9	104	2	6	0	1	318	47	6	29
K02033	0	3	0	0	2	0	0	4	2	1	1	0
K02034	3	8	1	12	3	2	2	2	36	4	2	1
K02035	21	264	54	571	4	6	6	3	2149	199	2	171
K02036	0	113	41	236	2	0	1	0	1024	109	0	58
K02037	3	76	12	157	3	0	0	0	615	73	0	54
K02038	1	79	10	193	0	0	0	2	706	96	0	47
K02039	0	60	17	159	0	0	0	0	426	49	0	26
K02040	1	79	24	170	1	0	0	1	415	71	2	34
K02041	2	48	3	112	0	0	0	0	380	31	2	37
K02042	2	115	14	232	0	0	0	0	821	89	1	50
K02044	2	58	12	134	1	0	0	0	397	28	5	25
K02045	1	0	0	1	1	0	0	0	5	0	0	4
K02046	0	0	0	0	0	0	0	0	0	0	0	2
K02048	0	1	0	0	2	0	0	0	0	0	0	0
K02049	4	14	1	53	2	0	2	1	75	11	0	10
K02050	1	5	0	16	0	0	0	2	0	2	4	7
K02051	1	1	0	0	2	5	0	0	0	4	0	0
K02052	1	2	0	1	0	0	0	2	9	1	2	0
K02053	0	0	0	0	0	2	0	0	0	0	0	0
K02054	0	2	0	0	0	0	0	0	2	1	0	0
K02055	5	6	2	19	1	0	0	0	2	3	0	2
K02056	8	129	19	299	4	0	1	3	1295	89	3	71
K02057	6	178	38	443	0	0	6	2	1667	171	0	122
K02058	2	83	23	199	0	0	0	1	676	65	0	42
K02063	0	4	0	0	0	0	0	0	0	0	0	0
K02064	0	0	0	0	0	0	0	0	1	1	0	0
K02065	0	18	2	57	0	4	0	0	10	13	0	5
K02066	2	20	0	73	0	0	0	0	0	15	0	5
K02067	1	13	0	30	0	2	2	0	0	11	0	2
K02068	0	31	10	66	0	0	1	0	218	20	0	16
K02069	0	105	25	208	2	0	0	0	580	64	1	48
K02071	2	86	23	183	6	0	1	0	770	56	0	50
K02072	5	108	25	236	0	1	0	0	779	82	3	57
K02073	4	57	14	133	0	1	2	0	399	49	1	25
K02074	0	93	25	191	2	0	0	0	811	65	1	59
K02075	0	22	4	24	1	0	0	2	0	3	0	0
K02076	0	22	12	73	0	0	0	0	218	29	0	14
K02077	4	7	2	17	2	0	0	0	2	2	0	2
K02078	1	53	2	72	0	0	0	0	225	41	0	18
K02081	1	2	0	7	0	0	0	2	13	0	0	0
K02082	2	75	22	206	0	2	0	0	1016	68	0	78
K02086	1	72	13	105	0	0	2	0	388	61	0	16
K02099	0	0	0	0	2	0	0	0	0	0	0	0
K02100	0	0	0	0	0	0	0	2	0	1	0	0
K02103	0	62	19	117	0	0	1	4	667	71	0	26
K02106	0	0	0	0	0	0	0	0	0	0	0	2
K02108	3	69	11	147	1	2	0	0	446	39	0	25
K02109	2	26	13	88	0	0	2	2	339	36	0	22
K02110	1	21	3	27	1	0	1	2	185	24	2	10
K02111	0	130	31	378	6	0	5	5	1460	172	1	86
K02112	5	126	35	265	2	3	0	2	1237	119	0	76
K02113	5	43	10	74	0	0	0	1	360	41	0	30
K02114	1	49	7	109	0	0	0	2	405	38	1	29
K02115	0	77	6	168	0	2	0	0	749	73	0	46
K02116	0	3	0	8	0	0	2	0	0	3	0	0
K02117	0	0	0	0	0	0	4	0	0	0	1	0
K02118	0	0	0	0	1	0	0	5	0	0	0	0
K02123	0	0	0	0	0	0	0	1	2	0	0	4
K02132	1	8	3	23	0	0	1	0	63	3	0	3
K02133	0	8	1	18	0	0	0	0	66	4	1	4
K02160	0	33	3	65	0	1	0	0	252	17	3	23
K02169	0	9	1	40	0	0	0	2	0	5	0	1
K02170	0	7	5	12	0	0	0	0	0	4	0	2
K02171	0	2	0	0	0	0	0	0	0	0	1	0
K02182	0	2	1	0	0	2	0	0	0	0	0	0
K02188	0	1	0	0	0	0	0	0	0	0	0	2
K02189	0	0	0	0	0	0	0	2	0	0	0	0
K02190	0	0	0	0	0	4	2	0	0	0	0	0
K02191	0	0	0	0	0	0	0	1	0	0	0	0
K02192	0	2	0	3	0	0	0	0	0	0	0	1
K02193	0	11	0	22	0	0	0	0	48	5	0	10
K02194	0	14	0	21	0	0	0	0	1	6	3	0
K02195	0	1	0	25	0	0	0	0	0	3	0	0
K02197	0	4	0	16	0	0	0	0	0	1	4	1
K02198	2	20	6	45	0	0	0	0	2	15	0	0
K02199	2	3	0	14	0	0	0	0	0	2	0	0
K02200	0	10	0	13	0	0	0	0	1	3	0	0
K02204	0	2	0	10	0	0	0	1	2	2	0	0
K02221	1	15	1	45	2	0	0	1	160	18	0	9
K02226	0	3	5	15	0	0	0	4	0	4	0	1
K02227	0	0	0	0	0	1	0	2	0	0	0	0
K02229	2	0	0	0	0	0	0	0	0	0	0	0
K02230	2	0	0	0	1	4	0	0	0	0	0	0
K02231	0	0	0	1	0	1	0	0	1	0	0	0
K02233	1	0	0	0	0	2	0	0	0	0	0	0
K02236	1	20	5	28	0	3	0	0	46	13	0	2
K02237	1	42	9	82	0	0	0	0	137	37	0	22
K02238	2	97	21	223	0	1	1	2	531	65	3	54
K02240	0	97	32	127	0	0	0	0	577	91	2	56
K02242	0	31	17	75	0	0	0	0	366	44	0	20
K02243	0	45	9	138	0	0	0	0	404	33	1	25
K02244	0	30	12	87	0	0	0	0	159	33	0	5
K02245	0	2	5	0	2	0	1	0	8	0	0	13
K02246	0	18	0	18	0	0	1	0	86	10	0	4
K02248	0	14	3	42	0	0	2	0	92	10	0	8
K02256	0	2	0	1	0	0	0	0	0	0	0	2
K02257	2	6	4	23	0	0	0	0	0	5	0	0
K02261	0	0	0	0	0	1	0	0	0	0	0	1
K02267	0	0	0	2	0	0	0	0	0	0	0	0
K02274	0	9	0	41	0	2	0	0	0	8	0	0
K02275	1	2	1	10	0	0	0	0	0	1	0	1
K02276	1	1	0	3	0	0	0	0	1	0	0	1
K02283	0	0	0	0	2	0	0	0	0	0	0	0
K02291	1	1	0	2	0	0	0	0	0	0	0	0
K02297	2	9	0	13	0	0	0	0	0	3	2	4
K02298	5	33	2	26	0	0	0	0	0	1	1	5
K02299	0	9	0	11	0	0	0	0	2	3	0	2
K02300	0	5	0	12	0	0	0	0	0	1	0	0
K02302	0	11	3	37	0	0	0	0	0	3	0	5
K02303	0	12	3	39	0	0	0	0	0	3	0	5
K02304	0	0	0	0	0	0	0	1	0	0	0	0
K02313	4	80	19	209	4	0	4	4	678	81	2	62
K02314	8	121	30	301	0	0	4	4	924	87	0	71
K02315	0	2	0	0	0	0	4	1	0	0	0	0
K02316	0	132	36	235	4	4	0	5	1060	79	0	60
K02334	0	353	0	0	3	0	0	2	3744	0	0	1
K02335	3	182	60	516	11	0	8	3	1633	168	5	123
K02336	0	0	0	1	0	0	0	0	8	5	0	1
K02337	9	184	45	459	6	2	8	5	1514	145	0	121
K02338	0	82	19	151	0	0	0	3	481	44	2	31
K02339	1	6	4	14	0	0	0	0	2	2	0	2
K02340	2	73	16	176	2	2	0	1	313	35	0	24
K02341	2	52	12	164	2	1	0	4	524	41	1	33
K02342	5	44	10	110	0	7	0	4	259	30	0	22
K02343	7	139	37	263	0	3	1	0	879	127	3	100
K02346	4	103	10	198	2	1	0	2	662	56	2	65
K02348	0	35	3	95	0	0	0	1	286	20	0	15
K02351	0	3	1	2	0	0	0	0	19	0	0	1
K02355	10	179	37	512	8	0	3	8	2257	183	2	108
K02356	0	40	9	112	2	3	4	0	380	41	2	23
K02357	2	87	7	159	4	2	0	0	669	63	2	51
K02358	6	115	38	294	5	1	2	6	1146	156	0	88
K02361	0	0	0	0	0	0	0	1	0	0	0	0
K02371	1	6	0	14	0	0	1	0	0	5	0	2
K02372	0	56	19	173	0	1	0	0	579	51	0	45
K02377	0	0	0	0	0	0	0	1	0	0	0	0
K02379	0	0	0	0	0	0	0	1	0	0	0	0
K02383	0	1	0	12	0	0	0	0	0	2	0	0
K02386	1	0	0	0	0	0	0	0	0	0	0	0
K02387	0	3	0	8	0	0	0	0	0	4	0	2
K02388	0	3	1	13	0	0	0	0	0	1	0	2
K02389	0	5	0	26	0	0	0	0	0	2	0	4
K02390	0	16	0	45	0	0	0	0	2	10	0	0
K02391	2	0	0	0	0	0	0	0	0	0	0	0
K02394	0	6	0	27	0	0	0	0	0	8	2	0
K02395	1	88	26	215	0	0	0	0	932	127	0	81
K02396	0	0	0	0	0	0	0	4	0	1	0	0
K02400	0	0	0	0	2	0	0	0	0	0	0	0
K02401	0	7	0	20	0	0	0	0	0	8	0	0
K02404	0	0	0	0	0	0	0	0	0	2	0	0
K02405	0	0	0	1	0	0	0	0	0	0	0	0
K02406	0	13	1	14	0	0	2	2	0	3	0	0
K02408	0	0	0	4	0	0	0	0	0	2	0	0
K02410	0	0	0	2	0	0	0	0	0	0	0	0
K02412	0	10	0	18	0	0	0	0	0	1	0	0
K02415	0	6	0	9	0	0	0	0	0	1	0	0
K02416	0	9	1	22	0	0	0	0	1	1	0	1
K02420	0	2	0	3	0	0	0	0	0	2	0	2
K02421	0	5	2	21	0	0	0	0	0	8	0	0
K02424	0	41	7	121	0	2	0	0	277	52	0	34
K02426	0	6	0	12	0	0	0	0	0	2	0	2
K02427	0	5	0	11	1	0	0	1	0	1	0	1
K02428	1	87	22	156	2	4	2	2	546	68	0	30
K02429	0	2	0	0	0	0	0	2	0	0	0	0
K02433	2	109	37	247	3	0	0	5	977	89	0	65
K02434	7	110	23	243	2	0	4	2	1212	89	0	66
K02435	1	32	1	64	2	0	1	0	105	13	0	6
K02437	0	22	10	49	1	0	0	0	193	23	0	10
K02440	1	8	0	14	4	0	2	0	1	5	0	0
K02445	3	1	0	0	0	1	0	0	0	0	0	1
K02446	0	0	0	0	0	0	0	0	0	0	0	2
K02452	0	0	0	0	0	2	0	0	0	0	0	0
K02454	0	0	0	0	0	0	0	0	3	2	0	1
K02469	8	217	63	569	5	1	6	2	2281	242	0	156
K02470	4	237	57	529	4	2	4	1	1692	180	2	114
K02471	0	0	0	0	0	0	0	0	1	0	0	0
K02473	0	0	0	0	0	0	0	0	2	0	0	5
K02475	2	27	3	68	0	0	0	0	178	26	0	16
K02476	2	75	30	193	0	0	0	0	842	45	0	37
K02477	0	2	3	4	0	0	0	0	6	4	0	1
K02479	0	14	10	62	0	0	0	0	210	15	0	12
K02480	0	0	0	0	0	0	0	0	2	0	0	0
K02481	0	0	0	0	0	0	0	0	0	0	0	2
K02482	0	12	1	35	0	1	0	0	0	12	0	2
K02483	1	111	20	275	5	0	0	2	900	113	0	67
K02484	1	8	4	21	3	2	0	2	68	1	0	4
K02487	0	0	0	1	0	0	0	0	1	0	0	0
K02488	0	0	0	1	0	0	0	0	0	0	0	0
K02492	0	0	0	0	0	0	2	0	0	0	0	0
K02493	1	81	13	145	2	0	3	4	617	52	0	44
K02494	0	0	0	0	2	0	0	0	0	0	0	0
K02496	0	1	0	8	0	1	0	0	0	0	0	0
K02499	1	0	0	0	0	0	0	0	0	0	0	0
K02500	3	10	0	13	0	0	0	0	0	2	1	5
K02501	0	10	0	14	0	0	0	2	0	7	0	3
K02502	2	11	1	47	0	0	2	1	0	20	0	1
K02503	0	39	8	75	0	0	0	0	207	16	2	17
K02510	0	0	0	0	0	0	0	0	0	0	4	0
K02517	0	4	0	14	0	2	0	3	2	3	0	0
K02518	0	29	2	73	0	0	0	1	289	18	2	17
K02519	4	184	55	404	2	3	0	4	1728	188	5	130
K02520	2	42	14	92	0	0	0	1	329	32	0	25
K02523	0	9	1	11	0	0	0	2	0	4	0	3
K02525	0	2	0	0	0	0	0	0	0	0	0	0
K02527	0	12	2	14	0	0	0	0	0	1	0	1
K02528	0	55	11	128	3	0	1	0	538	46	0	29
K02529	6	252	88	670	11	4	5	4	2486	247	6	166
K02530	0	52	8	94	2	0	0	0	293	37	0	31
K02531	0	62	18	138	0	0	0	0	302	44	0	28
K02532	1	239	89	587	0	1	1	2	1818	247	0	171
K02533	0	4	0	17	0	0	0	2	0	1	0	0
K02535	0	2	0	7	0	0	0	0	3	1	0	0
K02536	0	9	0	23	0	0	1	0	0	6	0	4
K02538	1	0	0	3	0	0	0	0	6	1	2	1
K02545	0	1	0	1	0	0	0	0	2	1	0	0
K02549	0	0	0	0	1	0	0	0	0	0	0	0
K02551	0	0	0	0	0	0	1	1	0	0	0	0
K02552	0	0	0	0	0	0	0	1	0	0	0	0
K02553	1	1	0	0	0	0	0	0	0	0	0	0
K02556	0	2	0	23	0	0	0	0	0	6	0	2
K02557	4	16	0	45	0	0	0	0	6	13	0	3
K02558	1	3	0	1	2	4	0	0	14	0	0	2
K02563	0	69	9	230	1	0	5	0	660	67	2	48
K02564	5	47	2	126	0	1	2	0	454	66	0	35
K02569	0	0	0	0	0	0	0	0	2	0	0	0
K02575	2	4	0	0	1	0	0	0	0	4	1	4
K02597	0	2	0	2	0	0	0	0	0	0	0	0
K02598	0	29	8	72	0	0	0	0	274	24	0	25
K02600	2	56	16	194	5	0	2	3	735	82	0	45
K02601	1	53	6	136	1	0	1	2	221	32	0	36
K02611	1	0	0	0	0	0	0	0	0	0	0	0
K02612	0	5	1	10	0	0	0	0	5	2	0	2
K02614	0	0	0	0	0	0	0	0	0	0	0	1
K02617	0	0	0	0	0	0	0	2	0	0	0	4
K02619	2	9	2	8	0	0	0	0	0	11	0	0
K02621	9	183	30	396	0	2	0	8	1518	161	4	111
K02622	1	188	45	412	2	1	4	2	1519	145	2	81
K02623	1	0	0	0	0	0	0	0	0	0	0	0
K02647	0	0	0	0	2	0	0	0	0	0	0	3
K02652	0	0	0	5	0	0	0	1	31	2	0	3
K02653	0	0	0	0	1	1	0	0	0	0	0	0
K02654	0	12	5	28	0	0	0	0	49	14	0	2
K02664	0	0	0	0	0	0	0	0	0	0	0	1
K02666	0	0	0	0	4	0	0	0	0	0	0	0
K02668	0	0	0	0	0	0	0	0	4	0	0	0
K02669	1	0	0	0	0	0	0	0	0	0	0	0
K02672	0	0	0	0	0	2	0	0	0	0	0	0
K02673	0	0	0	0	4	0	0	0	0	0	0	0
K02676	0	0	0	0	0	0	0	0	0	2	0	0
K02687	0	79	17	161	0	0	0	4	702	71	0	44
K02709	0	2	0	0	0	0	0	0	0	0	0	0
K02745	2	2	1	12	0	0	0	0	13	2	0	1
K02746	0	67	22	173	0	0	0	1	703	58	0	44
K02749	3	10	0	25	0	0	0	2	73	5	0	4
K02750	3	10	0	25	0	0	0	2	73	5	0	4
K02752	0	5	4	17	0	1	0	0	92	7	0	4
K02753	0	5	4	17	0	1	0	0	92	7	0	4
K02755	12	417	96	979	7	3	6	5	4024	397	0	275
K02756	12	390	87	931	9	3	7	5	3838	370	0	262
K02757	12	390	87	931	9	3	7	5	3838	370	0	262
K02759	0	53	18	171	1	1	1	1	472	38	0	44
K02760	1	73	14	149	2	0	0	0	552	68	0	66
K02761	14	446	148	1087	0	7	4	4	3839	417	2	303
K02763	2	3	0	7	0	0	0	0	35	2	0	0
K02764	2	3	0	7	0	0	0	0	35	2	0	0
K02765	2	3	0	7	0	0	0	0	35	2	0	0
K02768	2	144	31	370	3	0	0	2	1488	138	2	92
K02769	5	223	59	620	4	0	6	2	2377	219	2	152
K02770	4	148	32	371	3	0	0	2	1499	138	2	93
K02771	2	2	0	0	0	0	0	0	0	0	0	0
K02773	3	4	0	0	0	0	1	0	0	0	1	0
K02774	4	0	2	0	0	0	0	2	0	0	0	0
K02775	2	17	2	0	0	0	1	2	0	0	0	0
K02777	0	97	20	181	1	5	0	0	685	84	0	54
K02778	0	6	0	25	0	4	0	0	74	5	0	6
K02779	0	6	0	25	0	4	0	0	74	5	0	6
K02781	0	10	3	47	0	0	0	0	156	23	0	1
K02782	0	0	0	1	0	0	0	0	0	0	0	0
K02783	0	0	0	1	0	0	0	0	0	0	0	0
K02786	0	19	7	75	0	1	1	0	215	9	0	11
K02787	2	161	40	345	0	0	0	0	1340	114	4	69
K02788	2	161	40	345	0	0	0	0	1340	114	4	69
K02790	2	11	1	20	0	4	0	0	88	3	0	1
K02791	2	11	1	20	0	4	0	0	88	3	0	1
K02793	7	124	38	396	2	0	0	0	1273	130	0	88
K02794	13	167	44	443	3	0	2	2	1554	137	0	106
K02795	9	161	43	430	4	0	6	1	1699	135	0	96
K02796	12	178	52	432	0	0	1	0	1636	160	0	114
K02798	6	3	0	0	0	0	0	0	0	0	0	4
K02799	4	4	0	0	0	0	0	2	0	0	2	4
K02800	4	4	0	0	0	0	0	2	0	0	2	4
K02802	0	101	26	213	0	2	0	0	1066	87	0	72
K02803	0	102	26	234	0	2	0	2	1124	94	0	76
K02804	0	103	26	232	0	2	0	2	1123	91	0	76
K02805	0	7	0	2	1	0	0	0	0	0	0	0
K02806	0	0	0	0	0	0	0	0	2	0	0	0
K02808	9	128	22	303	1	0	1	0	951	89	2	84
K02809	9	130	22	303	1	0	1	0	954	91	4	84
K02810	9	130	22	303	1	0	1	0	954	91	4	84
K02812	0	0	0	1	0	0	0	0	0	0	0	0
K02814	0	1	1	0	0	0	0	1	0	0	0	1
K02815	1	1	0	0	0	0	0	0	0	0	0	0
K02817	0	0	0	2	0	0	0	0	1	2	0	0
K02818	0	0	2	12	0	0	0	0	23	5	0	3
K02819	0	0	2	12	0	0	0	0	23	5	0	3
K02821	2	7	0	20	2	0	0	0	41	14	0	4
K02822	3	21	3	82	0	0	0	1	238	31	0	21
K02823	3	65	25	130	0	0	2	2	506	45	0	35
K02824	4	109	28	216	1	0	8	2	1105	105	0	67
K02825	0	47	5	98	2	0	0	0	423	45	0	40
K02827	0	0	0	1	0	0	0	0	0	0	0	0
K02834	1	37	9	57	0	0	1	0	239	30	0	17
K02835	3	99	30	216	0	0	0	0	947	118	0	64
K02836	5	90	21	233	0	0	0	0	766	92	0	48
K02837	3	127	49	273	2	0	1	1	934	110	3	89
K02838	0	38	11	89	0	1	8	4	262	42	0	33
K02851	1	92	28	246	0	0	0	0	684	97	0	79
K02855	0	0	0	0	0	0	0	0	5	0	0	0
K02858	0	3	0	2	0	0	0	0	0	2	0	0
K02859	0	1	0	0	0	0	0	1	0	0	0	0
K02860	0	35	1	80	2	0	0	1	252	25	0	15
K02863	2	63	17	204	0	1	0	1	541	66	0	29
K02864	0	45	19	98	0	0	1	0	470	42	0	28
K02867	0	47	16	135	2	2	1	0	455	64	0	31
K02871	0	56	14	97	0	0	1	0	339	33	0	19
K02874	0	48	8	100	0	0	0	0	331	32	0	24
K02876	0	54	14	115	0	0	1	0	389	34	1	30
K02878	2	57	10	129	2	0	0	0	394	41	0	23
K02879	0	34	4	85	4	1	0	1	321	49	1	32
K02881	4	49	5	92	0	0	1	4	387	45	0	37
K02884	3	26	10	60	0	0	0	0	299	29	2	24
K02886	7	59	18	200	0	0	0	2	846	68	1	63
K02887	0	37	5	69	1	0	0	2	245	20	0	9
K02888	0	24	7	64	0	0	0	0	250	28	0	19
K02890	3	30	4	95	0	0	2	0	471	48	0	20
K02892	1	31	7	49	2	0	0	0	262	14	0	12
K02895	1	15	6	76	0	0	4	0	288	16	0	31
K02897	0	33	6	70	0	0	0	0	252	27	0	16
K02899	0	18	7	35	2	0	0	0	185	10	0	11
K02902	2	15	8	44	0	0	0	2	124	22	0	14
K02904	0	7	3	59	0	0	0	0	167	10	0	8
K02906	4	63	19	156	2	1	2	0	538	59	0	40
K02907	2	21	1	54	0	3	2	1	222	20	1	17
K02909	0	10	3	57	0	1	1	0	86	12	0	7
K02911	0	10	2	34	0	0	0	0	135	19	0	6
K02913	3	15	7	56	0	0	0	1	139	22	0	12
K02914	0	6	0	25	0	0	0	0	21	5	0	6
K02916	0	21	9	36	0	0	0	1	163	5	0	15
K02919	0	17	4	32	0	0	0	0	209	22	0	22
K02926	0	71	11	117	0	0	0	2	518	54	0	39
K02931	2	34	13	134	0	0	0	0	498	45	0	36
K02933	3	45	7	127	4	0	1	2	485	56	2	25
K02935	0	38	15	83	0	1	1	0	267	17	0	17
K02939	1	31	8	118	0	0	0	0	159	18	0	29
K02945	1	93	20	212	2	2	0	5	821	102	1	81
K02946	4	25	17	110	0	0	0	0	300	35	0	25
K02948	0	48	2	118	0	0	1	0	531	39	1	27
K02950	5	41	8	126	1	0	0	4	456	47	0	24
K02952	0	56	11	138	2	0	2	0	441	41	2	47
K02954	1	22	7	55	0	0	0	0	202	22	0	5
K02956	0	20	4	53	1	0	0	0	198	35	0	27
K02959	1	22	12	54	0	0	1	4	146	12	0	18
K02961	0	30	2	69	0	0	0	0	248	25	0	17
K02963	3	23	2	43	1	0	2	1	105	11	0	3
K02965	1	34	6	77	0	0	2	0	292	25	0	6
K02967	2	88	19	175	0	1	2	2	605	55	0	41
K02968	0	25	5	34	0	0	2	0	127	3	0	9
K02970	0	24	5	35	0	0	0	0	129	12	0	2
K02982	4	61	17	187	0	0	2	0	771	71	0	49
K02985	0	0	1	0	0	0	0	0	0	0	0	0
K02986	1	71	9	116	0	4	0	0	465	39	0	39
K02988	0	55	11	119	1	2	0	3	582	41	2	26
K02990	0	30	4	62	2	0	0	0	257	22	0	23
K02992	3	28	19	139	1	1	2	0	524	66	0	27
K02994	0	51	11	108	0	0	0	0	399	22	0	31
K02996	0	55	24	117	0	0	0	0	459	48	0	20
K03006	0	0	0	1	0	0	0	0	0	0	0	0
K03018	0	0	0	8	0	0	0	0	19	3	0	2
K03040	4	85	34	198	2	0	1	3	953	81	0	94
K03043	17	381	76	832	11	3	8	11	3528	376	0	277
K03046	8	404	87	924	7	1	0	11	3716	320	2	246
K03048	1	44	4	67	1	0	0	0	280	41	1	28
K03060	0	27	4	50	2	0	0	0	95	3	0	12
K03070	5	241	55	524	3	3	6	3	2035	202	0	128
K03071	0	5	0	15	0	0	0	0	0	2	0	3
K03072	3	12	0	48	2	0	2	4	2	7	0	8
K03073	0	13	2	38	0	0	0	0	115	15	0	13
K03074	2	4	0	17	0	0	0	0	0	4	0	0
K03075	0	18	1	31	0	0	0	0	125	16	0	4
K03076	8	160	18	329	2	4	7	2	1146	129	1	78
K03077	0	51	19	132	2	0	0	0	582	61	0	48
K03079	2	4	2	0	0	2	0	0	0	0	0	0
K03086	4	76	28	208	0	1	0	1	752	79	2	61
K03088	3	44	11	77	2	1	2	2	298	34	0	19
K03089	0	5	0	22	0	0	0	2	0	4	0	2
K03091	1	31	8	69	2	0	0	2	242	20	0	12
K03092	4	97	8	210	1	2	0	0	660	79	1	44
K03095	1	24	7	46	0	0	0	0	217	21	0	14
K03100	0	63	9	102	2	4	2	0	317	57	0	26
K03101	0	26	6	70	1	2	1	0	177	41	1	22
K03106	9	136	45	284	0	0	0	2	1092	116	0	98
K03110	2	89	28	225	2	0	0	2	702	92	0	44
K03111	4	160	22	249	1	0	2	0	830	114	1	83
K03113	0	0	0	0	0	1	0	0	0	0	0	0
K03116	0	5	0	6	0	0	0	0	0	0	0	2
K03117	0	11	0	16	0	0	1	0	0	0	0	2
K03118	0	3	0	13	1	2	0	0	1	6	1	1
K03119	0	8	0	30	0	0	0	0	0	5	0	2
K03147	0	5	1	24	5	0	0	2	49	11	0	6
K03150	0	0	0	0	0	0	0	0	0	0	0	2
K03151	2	109	28	237	2	0	0	0	691	84	1	58
K03153	0	0	0	0	0	1	0	0	0	1	0	1
K03168	3	142	32	377	1	0	2	3	1235	134	0	96
K03169	0	118	40	375	4	0	3	7	1168	140	4	100
K03177	2	79	21	144	3	4	1	2	675	83	0	48
K03179	2	9	0	15	0	0	0	0	0	2	0	0
K03182	0	0	0	0	2	2	0	0	0	0	0	0
K03183	0	6	0	16	0	0	0	0	0	7	0	1
K03184	0	2	0	0	0	0	0	0	0	0	0	0
K03185	0	19	0	40	0	0	0	0	0	2	2	4
K03186	0	0	0	0	0	0	0	1	0	0	0	0
K03187	0	6	0	9	0	0	0	0	2	1	0	0
K03188	2	9	0	7	0	0	0	0	1	6	0	0
K03189	0	3	0	5	2	0	0	0	1	2	0	3
K03190	0	13	1	14	0	0	0	0	0	5	0	2
K03191	0	30	6	85	0	0	0	0	192	41	0	31
K03205	4	0	0	2	9	0	4	1	2	0	0	0
K03206	2	2	0	0	2	0	2	0	0	0	0	0
K03210	0	36	1	51	0	0	0	0	118	25	0	10
K03215	4	163	48	487	3	4	1	4	1400	145	5	139
K03216	4	16	16	59	1	0	0	0	171	25	0	15
K03217	4	173	41	309	0	0	2	2	883	104	0	64
K03218	3	92	14	210	0	3	2	0	675	67	0	38
K03231	0	1	0	0	0	0	0	0	0	0	0	0
K03269	2	0	0	0	0	0	0	0	0	0	0	0
K03272	0	15	0	25	0	2	0	0	0	5	4	3
K03273	0	0	0	0	0	0	0	2	0	0	0	0
K03274	0	6	2	32	0	0	0	0	0	2	0	2
K03281	6	90	28	257	2	2	2	0	588	128	0	57
K03282	0	47	9	79	0	0	0	1	163	22	0	24
K03283	0	0	0	1	0	0	0	0	1	0	0	0
K03284	0	56	21	143	4	0	0	0	505	61	0	39
K03292	1	709	169	1747	1	4	4	7	5841	606	3	422
K03293	1	17	3	70	0	0	1	0	3	24	1	4
K03294	8	60	4	137	4	0	0	0	2	30	3	12
K03296	2	17	1	30	4	7	2	5	0	5	1	5
K03297	0	9	3	45	0	0	0	0	84	18	0	9
K03298	0	0	0	2	0	0	0	0	0	0	0	0
K03299	0	0	0	0	2	0	0	4	0	0	0	0
K03300	0	0	0	0	0	0	0	0	0	0	0	4
K03303	2	9	0	16	0	2	0	0	0	6	0	0
K03305	0	157	39	240	0	0	0	2	965	117	0	79
K03306	1	0	0	0	2	0	0	1	0	0	0	1
K03307	0	0	0	0	0	0	2	2	0	2	0	0
K03308	0	0	0	0	6	0	4	5	5	0	0	0
K03310	0	0	0	0	2	1	1	4	0	0	0	2
K03311	3	252	72	736	6	0	2	0	2166	290	3	213
K03312	0	0	0	0	2	0	0	4	0	0	0	0
K03313	0	9	0	36	1	2	0	0	0	2	0	5
K03315	0	101	21	215	0	0	1	0	807	90	0	66
K03316	3	117	32	297	0	3	0	4	982	137	1	77
K03317	1	6	6	34	0	0	0	0	85	11	0	14
K03319	8	4	0	2	0	0	0	0	0	0	0	0
K03320	0	4	0	34	3	0	1	0	2	4	0	5
K03321	2	17	0	55	2	4	0	0	0	16	0	8
K03322	0	258	63	618	4	6	0	0	2099	211	5	139
K03324	0	1	0	0	4	0	6	0	0	0	0	0
K03325	0	0	0	0	1	0	0	0	0	0	0	0
K03326	2	0	0	0	0	0	0	0	0	0	1	0
K03327	2	20	0	35	0	2	0	0	2	7	0	7
K03328	1	167	55	449	2	2	2	2	1480	164	2	128
K03332	0	31	3	101	0	0	2	0	2	31	0	2
K03333	1	0	0	0	0	0	0	0	0	0	0	0
K03335	1	0	0	0	0	0	0	0	0	0	2	0
K03338	0	0	0	1	0	0	0	0	1	0	0	0
K03339	0	80	31	150	0	0	0	0	527	47	2	33
K03340	0	0	0	0	0	0	0	1	0	0	0	0
K03342	2	2	0	4	2	0	0	2	0	2	0	0
K03346	4	67	18	143	2	0	0	0	622	91	0	63
K03348	0	1	0	0	0	0	0	0	0	0	0	0
K03351	0	0	0	0	0	0	0	0	1	0	0	0
K03367	5	103	25	233	0	0	2	1	851	69	0	65
K03385	0	0	0	0	0	0	0	0	0	0	0	2
K03386	0	45	14	100	0	1	1	0	305	34	0	29
K03387	0	15	2	43	0	1	0	0	5	11	0	4
K03388	0	0	0	0	0	2	0	1	0	0	0	0
K03389	0	0	0	0	0	0	0	1	0	0	0	0
K03390	0	0	0	0	0	0	0	0	0	0	0	1
K03394	0	0	0	0	0	0	0	0	2	0	0	0
K03402	0	38	11	74	0	1	0	0	397	34	2	31
K03403	0	0	0	0	1	0	0	0	0	0	0	0
K03404	6	0	0	0	0	0	0	0	0	0	0	0
K03405	3	0	0	0	0	0	0	0	0	0	0	0
K03406	4	58	0	60	0	6	0	1	70	23	0	8
K03407	0	22	3	48	2	2	0	0	0	7	0	2
K03408	0	8	0	14	0	0	0	0	0	3	0	0
K03411	0	4	0	5	0	0	0	0	0	0	0	3
K03412	2	4	0	28	0	0	0	0	3	3	0	3
K03413	0	13	0	11	0	0	0	0	3	8	0	0
K03415	0	0	0	0	2	0	0	0	0	0	0	0
K03424	7	66	18	194	1	2	0	0	514	59	2	34
K03426	0	0	0	0	2	0	0	0	0	2	0	0
K03427	1	81	4	175	2	0	0	4	55	31	0	14
K03429	2	0	0	0	0	0	0	0	0	0	0	0
K03431	3	126	25	297	9	0	0	7	974	144	0	58
K03435	0	0	2	0	0	0	0	0	0	0	0	0
K03436	1	84	26	204	3	0	0	0	734	69	0	56
K03437	1	67	8	126	0	2	3	0	511	39	1	42
K03438	1	90	26	152	0	2	0	3	680	73	4	44
K03439	1	46	5	149	0	0	0	0	302	39	2	21
K03444	0	0	0	0	0	0	0	2	0	0	0	0
K03446	2	36	4	62	0	4	0	1	4	10	1	1
K03449	2	0	0	0	0	0	0	0	0	0	0	0
K03455	2	1	2	0	2	2	0	0	0	3	0	3
K03457	0	31	0	66	0	0	0	0	0	27	0	2
K03458	3	72	32	216	4	4	0	2	695	82	0	61
K03465	0	7	0	21	0	0	0	3	0	2	1	2
K03466	9	699	124	1597	5	6	4	6	5819	698	8	419
K03469	7	4	0	6	1	0	0	0	0	5	0	0
K03470	0	56	26	121	1	0	0	0	454	44	2	41
K03471	0	49	9	120	0	0	0	0	404	50	0	39
K03472	0	1	0	0	0	0	0	0	3	0	0	0
K03474	0	5	0	23	0	0	0	0	0	4	0	0
K03475	6	81	32	220	2	0	1	1	772	74	2	56
K03476	0	0	1	0	0	0	0	0	0	0	0	0
K03477	0	1	1	1	0	0	0	0	6	0	0	0
K03478	1	8	2	15	0	0	0	2	0	2	0	2
K03480	0	0	0	0	0	0	1	0	0	0	0	0
K03481	0	2	0	0	0	2	0	2	0	0	0	0
K03483	3	73	21	121	0	4	0	0	674	77	1	47
K03484	1	6	0	9	0	0	1	0	19	7	4	3
K03486	0	3	0	1	0	0	0	0	0	0	0	1
K03488	2	96	15	296	0	0	5	1	930	96	0	58
K03489	0	24	13	77	0	0	0	0	399	44	0	33
K03491	0	6	0	0	0	0	0	0	0	0	0	0
K03492	2	1	1	0	0	0	2	0	24	0	0	0
K03495	7	174	44	455	8	8	1	2	1370	167	1	139
K03496	6	101	21	237	9	2	6	7	629	71	0	65
K03497	7	82	20	210	1	4	2	8	637	60	0	63
K03498	0	0	0	0	2	0	0	2	0	0	2	6
K03499	0	2	4	10	8	3	0	2	20	6	0	2
K03500	1	143	33	293	2	2	1	2	847	104	0	67
K03501	6	56	21	161	4	1	2	1	460	51	0	34
K03502	3	2	1	0	4	2	0	2	0	1	0	2
K03517	0	68	25	180	0	0	0	0	609	37	0	39
K03518	0	0	0	0	0	0	0	1	0	0	0	0
K03520	0	0	0	0	0	0	0	0	2	0	0	0
K03521	0	4	1	19	0	2	0	0	0	7	0	3
K03522	1	6	0	20	0	0	2	2	0	7	0	3
K03523	0	40	10	104	0	2	0	0	226	24	0	29
K03524	0	54	15	126	2	0	2	0	416	54	0	34
K03525	0	7	0	7	0	0	0	0	0	0	0	3
K03526	0	7	2	15	2	0	0	0	2	2	0	2
K03527	0	6	0	18	3	2	0	5	5	5	0	3
K03529	7	214	78	676	7	1	6	0	1837	216	3	142
K03530	0	11	1	39	2	0	0	0	110	22	0	13
K03531	0	146	39	323	0	5	4	4	1005	98	0	47
K03534	1	15	12	48	0	0	0	0	75	10	0	1
K03536	2	17	7	51	0	0	0	2	104	7	0	5
K03543	0	25	2	46	2	0	0	0	2	19	1	6
K03544	5	90	26	206	4	1	1	2	724	81	0	57
K03545	3	79	22	247	6	3	0	4	835	96	0	44
K03546	0	77	21	226	0	0	0	0	742	95	0	58
K03547	1	97	24	225	0	0	2	1	902	71	2	69
K03549	14	9	1	54	1	1	2	0	0	12	0	12
K03550	0	43	5	99	0	0	0	0	253	42	4	18
K03551	0	100	29	222	0	2	0	2	659	94	0	57
K03553	4	100	26	224	1	0	2	0	746	96	2	56
K03554	0	0	0	0	1	0	0	0	0	0	0	0
K03555	7	235	42	516	0	0	4	1	2075	185	0	161
K03556	0	0	0	0	2	0	0	0	0	0	0	0
K03558	1	6	0	17	1	0	0	0	0	1	0	2
K03559	2	4	0	26	0	0	0	0	0	5	0	1
K03560	0	4	0	5	0	0	0	0	0	2	0	0
K03561	0	12	0	28	0	0	0	0	1	1	0	2
K03562	0	8	0	15	0	0	0	0	0	2	0	0
K03564	0	1	0	5	0	0	2	0	0	0	0	0
K03565	0	68	20	116	0	0	2	0	458	33	0	34
K03568	3	17	4	24	0	0	4	0	1	10	0	4
K03569	2	9	0	24	2	1	0	0	0	6	0	5
K03570	2	44	11	201	0	1	0	0	515	41	1	43
K03571	0	48	2	104	0	0	2	0	225	30	0	26
K03572	2	135	19	379	4	2	5	0	1169	133	0	90
K03574	3	42	4	67	2	0	0	0	40	51	0	5
K03575	0	69	12	208	0	0	0	0	495	58	0	50
K03576	0	0	0	0	4	0	0	0	0	0	0	0
K03577	0	0	0	0	0	2	0	0	0	0	0	0
K03578	1	0	1	1	0	0	0	0	0	0	0	2
K03579	0	21	0	48	0	0	0	0	8	22	0	4
K03581	3	160	50	408	4	0	2	2	1653	129	3	94
K03582	0	1	0	0	0	0	0	0	0	0	0	1
K03583	2	0	0	0	0	0	0	0	0	0	0	10
K03584	4	54	21	118	2	0	0	1	420	31	0	38
K03585	0	9	0	27	2	3	0	0	0	5	0	1
K03586	0	3	0	0	0	0	0	0	0	0	0	0
K03587	5	15	0	45	2	0	2	5	0	4	0	7
K03588	2	79	8	150	0	0	4	1	453	53	3	33
K03589	0	40	13	96	3	0	0	2	277	34	0	27
K03590	1	111	23	285	1	1	0	7	1135	117	1	101
K03592	0	10	2	36	0	2	0	0	0	7	0	4
K03593	0	10	0	18	2	0	0	3	3	8	0	3
K03594	4	4	0	5	0	0	0	0	1	0	0	0
K03595	3	56	18	181	0	0	6	0	625	48	0	57
K03596	11	172	45	385	7	2	4	2	1495	207	2	119
K03600	0	0	0	0	0	1	0	0	0	0	0	0
K03601	5	110	16	250	6	0	0	0	1075	102	0	86
K03602	0	21	3	47	0	0	0	0	181	25	0	24
K03604	2	4	3	39	0	2	0	0	142	13	0	8
K03606	0	0	0	1	0	0	0	0	5	0	0	0
K03608	0	2	0	2	0	0	0	0	0	1	0	0
K03609	0	1	0	12	2	0	0	0	2	8	0	3
K03610	0	10	0	13	0	2	0	0	0	3	0	0
K03613	0	0	0	0	0	0	0	2	0	0	0	0
K03614	1	0	0	0	0	0	0	1	0	0	0	0
K03615	0	23	4	36	1	0	0	7	171	16	0	18
K03617	0	0	0	0	2	0	0	0	0	0	0	0
K03621	1	107	20	199	0	0	2	2	774	78	6	66
K03624	2	28	14	114	1	0	0	1	175	9	0	37
K03625	0	26	6	107	0	0	0	3	329	41	0	28
K03628	0	98	30	273	2	0	0	2	953	112	0	74
K03629	4	92	36	232	3	1	3	1	747	101	4	64
K03630	1	62	12	111	1	0	2	2	305	43	0	21
K03631	1	108	16	247	0	4	0	5	870	122	0	107
K03635	0	0	0	2	0	0	0	0	0	0	0	2
K03637	0	0	0	0	0	0	0	0	0	0	0	2
K03638	0	2	0	0	0	0	0	0	0	0	0	0
K03640	0	6	0	16	0	0	0	0	0	4	0	1
K03641	0	12	0	45	0	0	0	0	0	9	0	1
K03642	0	0	0	3	0	1	0	0	0	4	0	0
K03643	0	7	0	14	0	0	0	0	2	5	0	0
K03644	2	14	0	10	4	1	0	0	0	0	0	3
K03647	0	28	4	40	0	0	0	0	184	15	0	8
K03648	1	53	12	109	1	2	0	0	389	51	0	25
K03649	0	0	0	0	1	0	0	0	0	0	0	0
K03650	5	130	40	361	2	1	0	1	1259	141	2	93
K03652	4	42	13	76	0	0	0	0	410	43	0	44
K03654	4	138	35	245	0	3	0	1	935	82	2	76
K03655	5	144	49	439	4	0	8	0	1303	148	0	108
K03656	0	6	3	12	0	0	0	1	106	11	0	8
K03657	12	164	40	370	13	1	5	9	1527	159	8	91
K03658	0	0	0	0	0	0	0	0	0	0	0	1
K03660	0	0	0	0	1	0	1	0	0	0	0	0
K03664	4	51	7	104	2	0	0	2	205	42	1	31
K03665	2	87	27	229	2	2	4	2	673	72	0	83
K03666	0	0	0	4	0	0	0	0	0	1	0	0
K03667	2	132	34	265	0	0	0	0	921	79	0	69
K03668	0	1	0	6	0	0	0	0	9	0	0	0
K03669	2	17	0	50	0	0	0	0	3	13	0	8
K03670	0	20	0	44	0	0	0	0	2	18	0	0
K03671	1	22	3	68	2	0	2	0	183	30	0	6
K03673	0	0	0	0	1	0	0	0	0	0	0	0
K03676	2	0	0	5	0	0	0	0	0	6	0	0
K03684	0	11	0	35	0	0	0	0	0	5	0	3
K03685	1	59	15	114	0	0	0	1	378	46	0	32
K03686	2	99	22	260	5	2	0	0	952	83	0	74
K03687	2	31	10	97	1	0	0	0	308	53	0	29
K03688	0	0	0	0	1	2	0	0	0	0	4	0
K03693	0	150	40	336	0	4	0	0	1462	158	2	125
K03694	2	24	1	36	0	0	0	0	0	10	0	7
K03695	2	229	67	551	10	4	2	6	2067	253	4	186
K03696	4	221	73	550	7	8	0	4	2121	228	4	166
K03697	8	174	34	355	3	0	2	0	1548	157	2	81
K03698	2	63	11	193	4	0	0	0	589	57	1	35
K03699	0	83	26	207	2	0	0	2	778	89	1	63
K03700	0	55	15	86	0	0	0	0	247	49	2	27
K03701	10	252	52	647	2	12	2	6	2104	242	3	149
K03702	8	164	42	454	6	2	6	8	1602	172	2	105
K03703	8	115	32	288	2	0	1	4	1023	135	4	75
K03704	1	24	15	83	2	0	0	0	182	26	2	20
K03705	1	79	3	152	2	0	0	0	744	55	0	37
K03706	0	44	9	121	0	0	0	0	468	46	0	36
K03707	0	39	1	80	0	0	1	0	291	13	0	23
K03708	0	38	3	87	0	0	2	0	288	31	0	22
K03709	0	41	6	97	0	0	0	0	351	22	0	14
K03710	4	109	29	189	3	8	4	0	901	85	3	56
K03711	1	44	24	150	1	0	0	0	324	54	0	28
K03713	0	27	3	71	0	0	0	0	216	23	0	12
K03719	0	1	0	0	0	0	0	1	0	0	0	1
K03722	0	170	29	364	3	0	4	3	1250	128	1	97
K03723	3	293	60	671	2	1	2	11	2547	305	6	167
K03724	0	0	0	0	0	0	0	2	0	0	0	0
K03727	0	2	0	0	0	0	0	0	1	0	0	0
K03732	0	0	0	0	0	0	0	1	0	0	0	0
K03733	4	41	26	155	2	0	1	2	631	65	4	42
K03734	3	2	2	0	5	0	6	0	0	0	0	0
K03735	1	0	0	0	0	0	0	0	0	0	0	0
K03736	1	0	0	0	0	0	0	0	0	0	0	0
K03737	1	237	48	596	2	0	6	5	2592	246	4	169
K03738	0	0	0	0	0	0	2	0	0	0	0	0
K03739	2	80	22	178	2	0	2	0	672	73	0	43
K03740	2	85	22	203	0	1	0	0	827	73	2	59
K03742	0	92	22	226	0	0	0	0	733	93	2	44
K03743	0	87	20	215	0	0	0	0	710	90	2	43
K03744	0	32	15	98	4	0	0	0	287	28	0	23
K03752	0	0	0	0	0	0	0	0	0	1	0	0
K03753	0	0	0	2	0	0	0	0	0	0	0	0
K03758	2	0	0	0	0	0	0	1	2	0	0	0
K03759	0	0	0	0	0	0	0	2	0	0	0	0
K03760	2	2	0	0	0	0	0	0	0	0	0	0
K03762	2	0	0	0	0	3	0	1	0	2	0	1
K03763	3	291	76	645	0	2	4	6	3280	318	5	197
K03767	0	42	7	116	1	0	3	0	385	39	0	33
K03768	0	45	5	128	1	0	4	1	430	44	0	36
K03769	0	13	1	15	0	0	0	1	0	4	0	1
K03770	0	24	0	27	0	3	0	1	0	1	1	7
K03771	0	18	0	12	0	1	2	0	0	4	0	2
K03772	0	0	0	1	0	0	1	0	0	0	0	1
K03773	0	1	0	10	0	0	1	0	0	0	0	0
K03775	1	0	0	0	0	0	0	2	0	0	0	0
K03776	1	0	1	0	0	1	0	0	0	0	0	0
K03777	2	13	1	36	0	0	0	0	1	2	0	4
K03778	4	61	15	177	0	4	4	0	618	57	1	34
K03779	0	0	0	0	0	0	0	2	0	0	0	0
K03781	2	16	0	76	0	0	2	0	0	12	0	11
K03782	0	13	1	55	0	0	0	0	0	16	0	3
K03783	0	51	23	179	0	0	0	0	628	67	2	52
K03784	0	49	5	106	0	2	0	3	472	44	0	30
K03785	0	29	14	136	0	0	0	0	282	19	0	30
K03786	0	2	0	9	0	0	0	0	2	0	0	0
K03787	0	0	0	0	1	0	0	0	0	0	0	0
K03789	1	47	8	135	2	0	0	1	532	38	0	31
K03790	0	43	15	106	1	0	0	0	276	30	0	27
K03797	0	94	25	234	0	3	0	4	727	116	0	68
K03798	5	216	41	463	12	3	4	7	1968	201	9	174
K03799	2	2	0	0	0	0	0	0	0	0	0	0
K03800	0	70	20	182	0	0	0	0	510	54	1	36
K03801	0	1	0	4	0	2	0	0	0	3	0	4
K03802	0	0	0	3	0	0	0	0	9	0	0	1
K03806	0	0	0	0	0	0	0	2	0	0	0	0
K03808	0	10	0	49	0	0	0	0	0	13	0	4
K03809	0	3	0	15	0	0	0	0	0	3	0	0
K03810	0	0	0	0	0	0	0	2	0	0	0	0
K03811	0	2	0	9	0	0	0	0	0	5	0	1
K03813	0	5	0	5	0	0	0	0	27	3	0	6
K03814	2	0	0	0	0	0	0	2	0	0	0	0
K03816	2	75	11	123	0	0	0	2	415	47	0	33
K03817	2	4	0	0	0	0	0	0	0	0	0	0
K03818	0	5	1	6	0	0	0	0	15	3	0	1
K03820	0	17	4	38	0	0	0	0	2	16	0	2
K03821	0	0	0	0	0	0	0	0	0	1	2	0
K03823	0	5	0	8	0	0	0	1	0	5	0	2
K03830	0	0	0	0	0	0	0	0	0	0	2	0
K03831	0	2	0	0	0	0	0	0	0	0	0	0
K03832	0	3	0	6	0	0	0	0	0	0	0	1
K03833	0	0	0	1	0	0	2	0	0	0	0	0
K03839	0	19	6	25	0	0	0	0	123	20	0	11
K03841	4	0	0	0	1	0	0	0	0	0	0	0
K03856	1	66	22	166	2	0	0	3	826	69	0	72
K03885	3	7	3	12	0	0	2	0	10	4	0	13
K03892	0	0	0	1	0	0	0	0	0	0	0	0
K03893	0	0	0	2	0	0	0	0	0	0	0	0
K03923	0	5	0	4	0	0	0	0	0	3	0	1
K03924	2	5	0	26	0	0	0	4	1	5	1	3
K03925	2	24	1	82	0	4	0	0	272	30	0	11
K03928	0	41	13	137	0	0	0	2	509	40	0	17
K03929	2	0	0	0	0	0	1	0	0	0	0	0
K03932	0	0	0	0	0	0	0	0	0	0	1	0
K03933	0	4	1	11	0	0	0	0	64	9	0	8
K03973	0	6	3	28	0	0	0	0	29	8	0	4
K03975	2	0	0	0	0	0	0	2	0	0	0	0
K03976	2	26	6	72	0	0	0	2	222	25	0	24
K03977	0	88	16	272	3	2	0	2	888	112	0	106
K03978	0	30	5	80	0	0	0	0	274	37	0	22
K03979	4	106	32	272	3	2	0	0	1104	91	0	56
K03980	1	13	4	30	0	1	0	0	0	8	0	4
K04016	0	0	0	0	0	2	0	0	0	1	0	0
K04017	0	0	0	0	0	0	0	0	0	1	0	0
K04018	0	0	0	0	0	0	0	0	0	1	0	0
K04023	0	0	0	0	1	0	0	1	0	0	0	0
K04034	0	0	0	2	0	0	0	0	0	0	0	0
K04042	4	149	26	344	3	5	4	4	1152	130	0	71
K04043	4	195	46	345	5	1	4	3	1510	125	2	109
K04047	0	34	15	116	0	0	0	0	166	20	0	36
K04063	0	0	0	1	0	0	0	0	4	2	0	0
K04066	0	197	47	491	2	1	4	8	1636	163	1	130
K04068	0	38	11	111	2	0	0	0	416	41	0	34
K04069	0	90	26	231	0	2	2	2	783	76	0	53
K04070	0	0	0	0	2	0	0	0	0	0	0	0
K04072	0	185	48	431	3	0	6	1	1984	225	0	112
K04074	0	21	9	82	0	0	2	0	279	42	0	25
K04075	5	59	8	234	2	0	2	3	698	66	2	68
K04077	0	121	36	285	1	0	0	6	1341	137	1	87
K04078	2	30	4	83	2	0	1	0	149	18	0	12
K04079	2	21	2	73	0	0	1	4	0	20	0	2
K04082	0	3	0	2	0	0	0	0	0	1	0	0
K04083	2	62	8	239	0	0	0	0	572	75	0	42
K04084	0	27	6	49	0	0	0	2	2	14	4	11
K04085	0	0	0	0	0	0	0	0	0	0	3	0
K04086	7	5	0	8	3	0	0	0	47	7	2	2
K04087	5	4	0	0	0	0	0	0	0	0	0	0
K04088	0	0	0	1	0	0	0	1	0	0	0	0
K04090	0	0	0	0	0	1	0	0	0	0	0	0
K04091	0	0	0	0	0	0	0	0	0	4	0	1
K04092	0	1	2	18	0	0	0	0	26	4	0	3
K04093	0	0	1	4	0	0	0	0	0	0	0	0
K04094	0	74	34	196	2	1	0	0	893	81	0	54
K04095	0	2	0	0	1	0	0	0	0	0	0	0
K04096	1	43	10	134	2	6	1	2	484	35	0	20
K04103	2	55	5	87	0	0	0	2	209	30	0	13
K04112	0	0	0	0	0	0	0	0	0	0	0	1
K04343	0	0	0	0	0	0	0	0	0	0	2	0
K04485	1	140	23	324	2	2	0	2	1189	134	0	84
K04486	0	1	0	0	0	0	0	2	0	0	0	0
K04487	6	252	45	588	3	0	0	9	2042	206	2	122
K04488	0	37	6	85	0	0	2	0	437	39	0	37
K04516	0	2	2	22	0	0	2	0	53	6	0	4
K04517	3	2	0	2	0	0	0	0	0	0	0	4
K04518	0	10	0	11	4	0	0	0	2	5	0	0
K04561	0	2	0	0	2	0	0	0	0	0	0	0
K04564	0	41	6	135	2	0	0	0	258	39	0	24
K04565	0	0	0	0	0	2	0	0	0	0	0	0
K04566	0	10	4	32	0	0	0	0	0	10	0	3
K04567	4	138	35	269	0	2	4	2	1125	113	2	105
K04568	0	20	1	16	0	0	0	0	0	6	0	2
K04569	0	0	0	0	0	0	0	0	1	0	0	0
K04651	0	0	0	0	0	0	0	0	0	0	0	2
K04652	0	0	0	1	0	0	0	0	0	0	0	0
K04653	0	0	0	0	0	0	0	0	1	0	0	0
K04656	0	0	0	0	0	0	0	2	2	0	0	0
K04720	0	0	0	0	0	0	0	4	0	0	0	0
K04744	0	25	2	37	0	0	1	2	0	13	0	4
K04750	0	0	0	0	0	1	0	0	0	0	0	0
K04751	2	0	0	2	0	0	1	0	0	1	0	0
K04752	1	3	0	10	0	0	0	0	0	4	0	0
K04754	0	1	0	16	1	0	0	0	0	7	0	1
K04755	1	3	0	18	0	0	0	0	0	7	0	0
K04758	0	18	9	79	0	1	0	1	274	30	0	9
K04759	0	178	59	395	7	1	2	6	1567	171	2	98
K04760	0	9	1	7	0	1	0	0	0	0	0	2
K04761	0	14	2	36	1	4	0	0	0	2	4	7
K04762	0	2	0	8	0	0	0	0	0	3	0	1
K04763	6	94	53	259	0	0	0	6	1211	126	0	109
K04764	0	2	0	5	0	0	0	0	0	1	0	0
K04771	5	138	27	305	0	0	0	0	682	106	4	80
K04773	3	0	0	0	0	0	0	1	0	0	0	2
K04775	0	1	0	0	0	0	0	0	0	0	0	0
K04844	0	45	13	131	0	0	2	0	433	49	0	35
K05245	0	2	0	0	0	0	0	0	0	0	0	0
K05275	2	2	0	0	0	0	0	2	2	0	0	0
K05297	0	0	0	0	0	0	0	1	0	0	0	0
K05298	0	0	0	1	0	0	0	0	0	0	0	0
K05301	0	0	0	0	0	0	0	0	0	0	4	0
K05303	0	0	0	0	0	0	0	1	0	0	0	0
K05306	0	0	0	0	0	0	0	2	0	0	0	0
K05311	1	45	16	175	0	0	0	0	770	86	2	40
K05337	0	6	1	18	0	0	0	0	32	8	0	4
K05338	2	0	0	0	0	0	0	0	0	0	0	0
K05339	0	0	0	0	0	2	0	0	0	0	0	0
K05342	0	105	34	225	2	0	2	0	852	100	0	60
K05343	0	1	1	2	0	0	0	0	14	0	0	0
K05346	0	61	21	187	0	4	0	0	767	61	0	41
K05349	2	1	0	2	6	2	0	10	0	0	8	4
K05350	0	283	78	782	0	2	1	4	3029	270	5	214
K05351	0	0	0	2	0	0	0	0	0	0	0	0
K05362	7	87	15	135	0	2	0	0	799	39	3	54
K05363	0	77	33	219	2	0	0	0	603	50	1	49
K05364	0	0	0	0	0	0	0	0	0	0	1	0
K05365	0	3	1	10	0	2	0	0	36	4	0	3
K05366	5	155	29	322	0	1	4	0	1350	145	7	96
K05367	0	2	0	2	0	0	0	0	0	0	0	0
K05499	0	0	0	1	0	0	0	0	3	0	0	2
K05515	0	37	5	72	3	3	1	2	54	23	0	12
K05516	0	3	0	3	0	0	0	2	1	1	0	2
K05524	0	3	0	7	0	0	0	0	0	0	0	0
K05527	0	0	0	8	0	0	0	0	0	3	0	0
K05539	2	0	0	0	0	0	0	0	0	0	0	0
K05540	3	101	19	265	0	4	0	0	796	102	0	94
K05541	0	0	0	0	0	0	0	0	0	0	1	0
K05548	0	3	0	8	0	0	0	0	0	1	0	0
K05551	0	1	0	9	0	0	0	0	28	0	0	1
K05568	0	0	0	0	0	0	0	2	0	0	2	0
K05592	4	226	55	533	6	2	0	2	1816	172	0	164
K05596	0	31	0	19	0	0	0	0	2	1	0	0
K05601	0	0	0	0	0	0	2	2	0	0	0	0
K05603	0	0	2	0	0	0	0	0	0	0	0	0
K05657	0	2	0	3	0	0	0	0	11	2	0	0
K05658	0	10	5	28	0	0	0	0	67	6	0	9
K05661	1	11	3	11	1	0	0	0	63	1	0	3
K05663	0	0	0	1	0	0	0	0	1	0	0	0
K05665	0	1	0	0	0	0	0	0	14	0	0	0
K05666	0	1	0	0	0	0	0	0	12	0	0	0
K05674	0	1	0	0	0	0	0	0	12	0	0	0
K05685	1	11	1	46	2	0	0	0	52	7	0	3
K05776	0	1	0	0	0	0	0	0	1	0	0	0
K05782	0	0	0	2	0	0	0	0	0	0	0	0
K05788	2	0	0	2	0	0	0	0	0	3	0	0
K05799	0	0	0	3	0	1	1	0	9	2	0	0
K05801	1	3	0	20	0	0	0	0	0	2	0	2
K05802	1	18	3	57	0	0	2	1	52	18	0	1
K05805	0	0	0	1	0	0	0	0	0	0	0	0
K05807	1	9	2	10	0	0	0	0	0	5	0	9
K05808	3	36	22	100	0	0	0	0	418	25	0	29
K05810	2	14	2	26	0	0	0	0	0	8	0	4
K05814	0	3	0	3	0	0	0	0	6	4	0	0
K05815	1	0	0	0	0	0	0	3	0	0	0	0
K05816	1	0	0	1	0	2	0	0	0	1	0	1
K05822	0	5	0	0	0	0	0	0	0	0	0	0
K05823	2	0	0	0	0	0	0	0	0	0	0	0
K05830	0	0	0	0	0	0	0	0	0	2	0	0
K05832	1	1	0	0	0	1	2	0	4	0	0	3
K05833	0	0	0	2	1	0	2	0	5	2	0	0
K05837	6	78	21	208	0	0	4	1	541	68	3	24
K05838	0	7	0	18	0	0	0	0	5	9	0	0
K05844	0	0	0	0	0	0	0	0	0	0	0	1
K05845	5	5	2	2	1	2	1	0	0	0	0	0
K05846	3	7	0	0	1	2	1	0	0	0	2	0
K05847	4	6	0	1	0	0	0	0	7	0	0	0
K05850	0	0	0	0	0	0	0	0	1	0	0	0
K05853	0	0	0	0	0	0	0	0	1	1	0	0
K05874	1	0	0	0	0	1	0	0	0	0	0	0
K05875	1	0	0	0	0	1	0	0	0	0	0	0
K05878	2	7	0	0	0	2	0	0	0	0	0	0
K05879	0	2	1	0	0	0	3	0	20	3	0	2
K05881	0	0	2	0	0	0	1	0	0	0	0	0
K05887	0	1	0	3	0	0	0	0	10	0	0	1
K05895	0	0	0	0	0	0	0	3	0	0	0	0
K05896	5	57	12	139	3	0	2	2	312	31	0	33
K05898	0	1	0	0	0	0	0	0	0	0	0	0
K05909	0	0	0	0	0	0	0	0	0	0	0	2
K05910	1	12	1	25	0	0	0	0	155	6	0	16
K05916	0	6	0	27	0	0	0	0	0	2	0	2
K05919	0	0	0	0	0	0	0	1	0	0	0	0
K05936	1	0	0	0	0	0	0	0	0	1	0	0
K05946	0	1	1	0	0	0	1	1	0	0	0	0
K05962	0	0	0	0	0	0	0	0	0	0	1	0
K05964	0	37	11	65	0	0	0	0	204	39	1	22
K05966	1	67	34	204	2	0	2	0	577	63	0	47
K05970	0	0	0	0	0	0	1	0	1	0	0	3
K05985	3	44	11	116	0	0	3	0	390	51	0	30
K05988	0	0	0	0	0	0	0	2	0	0	0	0
K05989	1	270	67	621	6	3	1	2	3073	220	0	191
K05995	2	0	1	0	0	0	0	0	0	0	0	0
K06001	0	0	0	0	0	0	0	0	0	0	0	6
K06006	0	0	2	0	0	0	0	0	0	0	0	0
K06012	0	0	0	0	0	0	0	2	0	0	0	0
K06013	0	0	0	0	1	0	0	0	0	0	0	0
K06015	0	0	0	0	0	0	0	0	0	1	0	0
K06020	0	0	0	2	0	0	1	0	1	1	0	0
K06021	0	0	0	0	0	0	0	0	1	0	0	0
K06023	2	58	27	182	2	0	1	0	688	49	0	32
K06024	4	25	15	70	6	0	0	0	209	33	0	26
K06041	1	11	1	24	0	0	0	1	0	6	0	2
K06045	2	20	1	52	0	1	0	0	0	5	0	6
K06048	0	0	0	0	0	0	0	2	0	0	0	0
K06074	0	1	0	1	0	0	0	0	8	1	0	0
K06076	3	0	0	0	0	0	0	2	0	0	0	0
K06113	0	185	37	354	1	0	0	0	1378	136	0	94
K06131	3	132	34	242	2	0	4	0	637	77	2	53
K06132	0	0	0	0	0	0	0	0	0	0	0	2
K06135	0	0	0	0	0	0	0	0	0	1	0	0
K06136	2	6	0	19	0	0	0	0	0	3	0	0
K06137	0	8	0	28	0	0	0	0	0	3	0	1
K06138	0	2	0	6	0	1	0	0	0	3	0	0
K06139	0	8	0	23	0	0	0	0	2	6	0	4
K06142	0	10	0	11	0	0	0	0	2	1	0	0
K06145	0	0	0	0	0	0	0	0	0	1	0	0
K06147	18	1010	238	2513	16	10	18	24	8934	882	13	601
K06148	17	113	34	238	6	7	4	2	888	88	1	52
K06149	0	1	2	10	0	0	0	0	20	4	0	2
K06151	0	33	0	42	0	0	0	0	1	6	0	0
K06152	0	18	0	11	0	0	0	0	0	8	0	1
K06153	0	4	0	14	0	0	0	5	0	5	0	2
K06155	0	0	0	0	2	0	0	0	0	0	0	0
K06156	0	0	0	0	2	0	0	0	0	0	0	0
K06157	0	0	0	0	2	0	0	0	0	0	0	0
K06158	7	107	45	305	7	0	0	4	1137	110	2	70
K06159	0	1	0	1	0	0	0	0	1	0	0	0
K06160	0	1	0	1	0	0	0	0	1	0	0	0
K06167	0	6	0	14	0	0	0	0	0	11	0	4
K06168	0	7	3	25	1	2	0	4	0	2	0	3
K06173	0	34	16	160	4	0	0	0	458	62	0	20
K06177	0	104	32	244	0	2	2	0	1041	69	4	60
K06178	6	56	18	108	1	0	0	0	344	42	0	31
K06179	1	4	0	24	0	0	0	2	0	5	0	1
K06180	0	177	63	436	0	8	4	7	1908	149	4	126
K06182	0	0	1	0	1	0	0	0	2	0	0	1
K06183	0	30	2	73	0	0	0	0	255	31	0	24
K06185	0	0	0	0	0	0	0	1	0	0	0	0
K06187	3	54	4	91	0	0	0	0	383	35	0	28
K06188	0	11	0	17	0	0	0	3	1	5	0	0
K06189	0	8	2	9	0	0	0	0	10	4	0	2
K06191	0	12	4	20	0	0	0	0	68	9	0	1
K06192	0	17	0	87	0	0	0	0	2	23	0	4
K06194	2	26	0	16	0	0	0	0	0	9	0	8
K06195	0	2	0	13	0	0	0	0	0	0	1	0
K06198	0	33	9	91	0	0	0	0	245	16	3	14
K06199	1	0	0	0	2	0	0	0	0	0	0	0
K06200	0	0	0	0	0	1	0	0	0	0	0	2
K06201	0	52	6	114	0	0	0	0	392	57	0	35
K06204	0	9	0	6	0	0	0	0	0	6	0	0
K06207	0	192	28	384	3	2	2	5	1312	130	2	100
K06212	0	8	1	17	0	0	0	0	35	20	0	0
K06213	0	0	0	0	0	0	4	0	0	0	0	2
K06217	1	37	9	105	0	0	0	0	478	56	1	58
K06221	1	8	0	21	1	0	0	1	17	5	0	1
K06223	0	37	4	65	0	0	0	2	0	26	0	5
K06269	0	0	0	0	0	0	0	0	0	1	1	0
K06283	0	0	0	0	0	0	1	0	0	0	0	0
K06286	0	94	33	342	0	0	2	0	1140	119	0	92
K06287	0	7	0	49	0	0	0	1	0	5	0	1
K06320	0	13	0	24	0	0	0	0	0	8	0	1
K06330	0	0	0	0	1	0	0	3	0	0	0	0
K06334	0	0	0	0	2	0	0	0	0	0	0	0
K06346	0	37	9	150	0	0	0	1	252	16	0	37
K06351	0	0	0	2	0	0	0	0	0	0	0	0
K06373	0	0	0	1	0	0	1	0	0	0	0	0
K06381	0	0	0	0	0	3	0	0	0	0	0	2
K06382	0	0	0	0	0	0	1	0	0	0	0	0
K06385	0	0	0	0	0	0	0	1	0	0	0	0
K06390	0	0	0	0	4	0	2	0	0	0	0	0
K06398	0	0	0	0	0	4	0	2	0	0	0	0
K06399	0	0	0	0	0	2	0	2	0	0	0	0
K06400	6	155	36	333	0	0	1	2	1385	181	3	104
K06402	0	0	0	0	0	0	0	1	0	0	0	0
K06403	0	0	0	0	2	0	0	0	0	0	0	0
K06405	0	0	0	0	2	0	0	0	0	0	0	0
K06407	0	0	0	0	0	0	0	2	0	0	0	0
K06409	0	0	0	0	0	0	4	3	0	0	0	0
K06410	0	0	0	0	2	0	0	0	0	0	0	0
K06411	4	0	0	0	0	0	0	0	0	0	0	2
K06442	4	58	22	159	0	0	0	0	550	33	0	44
K06445	0	0	0	0	0	0	0	0	0	0	2	0
K06446	0	0	0	0	0	0	0	0	0	0	0	6
K06596	0	0	0	1	0	0	0	0	1	0	0	0
K06606	0	0	2	0	0	0	0	0	0	0	0	0
K06607	2	74	14	101	0	0	0	1	405	49	0	38
K06609	0	2	0	2	0	0	0	0	15	4	0	0
K06610	1	1	0	0	0	0	0	0	0	0	0	1
K06857	0	0	0	0	0	0	0	0	0	1	0	0
K06861	1	17	3	38	0	1	1	0	65	14	0	5
K06867	0	3	2	13	0	0	0	0	0	4	0	0
K06871	0	0	0	0	1	2	0	1	0	0	0	0
K06872	3	37	13	115	0	3	1	6	299	36	0	14
K06876	0	0	0	1	0	0	0	0	0	0	0	0
K06877	0	0	0	1	0	0	2	0	8	5	0	1
K06878	1	49	11	124	0	0	0	0	378	47	0	46
K06881	2	70	29	107	5	14	1	0	523	25	0	39
K06882	0	2	3	10	0	0	0	0	56	5	0	0
K06884	0	5	3	12	0	0	0	2	29	5	0	12
K06885	1	84	23	225	2	4	0	0	983	105	0	49
K06888	0	0	0	0	0	0	0	0	4	0	0	0
K06889	6	54	13	86	4	3	4	3	514	61	2	49
K06890	0	61	13	126	2	0	3	0	317	48	0	29
K06891	0	4	0	9	0	0	0	0	0	0	0	0
K06894	1	0	0	0	0	3	0	0	0	0	0	0
K06895	0	4	0	9	0	0	0	0	1	7	0	2
K06901	6	122	22	250	3	3	0	6	1111	100	2	55
K06902	0	0	0	0	0	0	1	0	2	0	0	0
K06903	0	0	0	4	0	0	0	0	0	0	0	0
K06904	0	102	19	196	0	0	0	0	786	92	0	71
K06905	0	0	0	6	0	0	0	0	0	0	0	0
K06906	0	0	1	0	0	0	0	0	0	0	0	0
K06907	0	0	0	7	3	0	0	0	0	0	0	0
K06908	0	0	0	4	0	0	0	0	0	0	0	2
K06909	3	163	29	256	1	4	2	0	3676	153	1	253
K06910	2	0	0	1	0	0	0	0	0	1	0	0
K06911	0	7	0	15	2	0	0	0	0	2	0	1
K06915	1	11	2	18	0	0	0	0	0	11	0	6
K06919	4	85	30	731	6	0	2	2	2274	503	2	73
K06920	1	8	0	25	0	0	0	0	0	10	0	3
K06923	2	2	4	23	0	0	0	2	0	1	1	5
K06925	0	34	3	77	0	0	0	0	128	16	0	9
K06926	1	0	0	0	0	0	0	0	0	0	0	0
K06941	0	82	13	217	0	0	1	0	726	89	2	53
K06942	4	92	19	302	5	2	0	2	948	105	2	61
K06948	0	85	20	184	0	1	0	0	685	58	10	47
K06949	8	47	12	132	5	0	1	2	285	29	0	33
K06950	2	28	10	82	0	0	0	0	257	40	0	22
K06952	2	0	0	0	0	0	0	0	0	0	0	0
K06954	1	0	0	0	0	0	0	0	0	0	0	0
K06955	0	0	0	0	0	0	0	0	0	1	0	0
K06956	2	96	34	241	0	0	0	0	900	91	0	73
K06958	0	80	12	204	2	4	0	2	513	61	0	37
K06959	0	133	32	301	3	0	0	1	1472	110	1	81
K06960	0	13	8	20	0	0	0	2	114	9	0	3
K06962	0	39	10	111	1	0	0	0	320	55	0	19
K06966	0	53	14	171	0	0	2	0	433	38	0	36
K06967	2	36	8	71	0	0	0	0	313	28	2	16
K06969	0	70	14	193	1	1	0	3	644	96	0	41
K06972	0	21	4	39	2	0	1	6	177	18	0	14
K06973	0	42	11	80	0	0	0	2	396	60	0	12
K06975	0	13	4	81	0	0	0	0	175	19	0	26
K06977	0	41	12	97	0	0	0	0	272	21	0	17
K06980	0	10	0	13	0	0	0	1	0	2	0	2
K06987	0	1	0	0	0	0	0	0	0	0	0	0
K06993	0	0	0	0	1	0	0	0	0	0	0	0
K06994	2	5	6	0	0	1	0	0	0	0	0	0
K06997	1	7	0	21	0	1	0	0	0	6	0	0
K06999	0	18	8	44	2	0	0	0	160	19	0	10
K07000	2	0	0	0	0	0	0	0	0	0	0	0
K07001	0	0	0	0	0	0	1	0	5	0	2	4
K07002	0	0	0	0	1	0	0	0	0	0	1	0
K07003	0	47	3	56	0	3	2	0	0	16	0	4
K07004	1	7	1	4	0	0	0	0	0	0	0	0
K07005	0	0	0	1	0	0	0	1	0	1	0	0
K07007	2	29	4	69	0	6	1	0	0	14	0	5
K07009	0	41	9	110	0	0	0	0	296	32	2	26
K07010	0	6	0	0	0	0	0	0	0	0	0	0
K07011	0	56	8	132	1	0	0	1	307	45	0	23
K07012	0	190	34	384	0	0	0	0	1337	130	0	70
K07015	5	35	8	85	0	1	0	2	282	36	1	20
K07016	0	0	0	0	0	0	1	2	0	0	0	0
K07017	0	4	4	19	0	0	0	2	90	9	0	13
K07018	1	6	2	5	0	0	0	0	3	5	0	1
K07020	0	0	0	0	0	0	0	0	0	0	0	1
K07025	3	59	13	144	0	0	0	3	481	59	0	27
K07027	0	67	11	164	2	0	0	0	349	54	0	49
K07028	0	0	0	0	0	0	0	0	0	0	0	1
K07029	1	79	11	152	2	0	0	2	597	52	0	46
K07030	11	156	33	329	3	0	0	0	1458	144	0	95
K07032	0	0	0	0	0	0	1	0	0	0	0	0
K07033	2	206	50	390	2	0	0	1	2311	219	2	186
K07035	2	0	0	4	0	0	1	3	0	0	0	6
K07037	0	175	44	358	0	0	0	0	1349	129	2	76
K07039	0	5	7	11	0	0	0	0	54	5	0	2
K07040	2	32	7	68	0	1	1	0	239	34	0	15
K07042	1	47	17	79	0	0	0	0	271	27	0	27
K07043	0	13	0	49	0	2	1	0	0	9	0	0
K07045	0	2	0	0	0	0	0	0	0	0	0	0
K07048	2	0	0	0	0	0	0	0	0	0	0	0
K07050	2	0	0	0	0	0	0	0	0	0	0	1
K07052	1	60	21	130	2	3	2	2	340	48	4	32
K07053	0	0	0	0	0	0	0	0	0	2	0	0
K07056	2	53	15	164	1	0	2	0	572	45	2	37
K07058	3	56	9	128	4	5	4	0	458	46	2	22
K07059	0	3	0	2	0	0	0	0	0	1	0	0
K07062	0	11	0	13	0	0	0	0	0	0	0	0
K07068	0	0	0	1	0	0	0	0	0	0	0	0
K07074	0	16	2	21	1	0	0	0	0	7	0	0
K07077	0	2	0	0	0	0	0	0	0	0	0	0
K07079	0	0	0	0	0	0	0	2	0	0	0	6
K07080	0	0	0	0	0	0	2	0	0	0	0	0
K07082	1	45	16	145	0	0	0	0	441	24	0	20
K07085	0	136	45	319	0	3	0	0	1213	128	2	94
K07088	4	114	29	153	3	0	3	0	640	89	0	41
K07089	0	48	21	100	1	0	0	0	404	28	0	17
K07090	0	8	1	17	3	2	1	4	28	10	0	4
K07091	0	24	2	88	1	2	0	0	6	17	0	4
K07095	0	32	10	88	0	0	0	0	298	29	0	13
K07098	0	0	0	0	0	0	4	2	1	0	0	2
K07101	0	0	0	0	0	0	1	0	0	0	0	0
K07102	0	0	0	2	0	0	0	0	0	0	0	0
K07104	0	15	9	59	0	0	0	0	147	19	0	10
K07105	0	37	9	70	0	2	0	0	307	28	0	31
K07106	0	139	41	411	3	0	2	2	1151	143	0	79
K07107	0	2	0	12	0	0	0	2	0	4	0	1
K07112	0	0	0	0	0	0	0	2	0	0	0	0
K07113	1	0	0	0	0	0	0	0	0	0	0	0
K07114	0	0	0	0	0	2	0	3	2	0	0	0
K07118	0	27	4	98	0	0	0	0	326	58	0	29
K07119	2	0	0	0	0	0	0	0	0	0	0	0
K07120	0	7	0	27	0	0	0	0	2	7	0	9
K07124	1	59	11	125	0	0	0	0	593	57	0	53
K07126	6	43	5	112	4	1	0	5	0	14	0	4
K07132	0	0	0	2	0	0	1	0	0	2	0	0
K07133	0	0	0	0	4	1	0	2	3	0	0	0
K07137	0	12	1	33	2	0	1	2	0	7	2	5
K07138	2	0	0	0	0	0	2	0	0	0	0	0
K07139	0	74	21	184	0	0	3	0	875	77	0	27
K07146	0	7	0	16	0	0	0	0	0	7	0	4
K07148	0	0	0	0	0	0	0	0	0	0	2	0
K07149	0	35	5	86	0	0	0	1	77	18	0	22
K07150	0	38	32	112	0	0	0	0	405	50	0	17
K07152	0	6	1	7	0	0	0	0	0	8	1	2
K07154	2	0	0	0	0	0	0	2	0	0	1	0
K07157	0	10	1	11	0	0	0	0	3	12	0	0
K07161	2	0	0	0	0	0	0	0	0	0	0	0
K07162	0	0	0	0	0	0	1	0	0	0	0	0
K07164	0	0	0	0	0	0	0	1	0	0	0	0
K07165	0	0	0	0	0	0	0	0	2	0	0	0
K07171	0	29	5	62	0	0	0	0	234	31	4	30
K07172	1	1	0	8	0	0	0	0	0	1	0	0
K07173	0	34	13	72	0	0	0	0	229	43	0	7
K07175	0	1	0	0	0	0	0	3	0	0	0	0
K07177	1	34	14	158	0	0	0	0	450	66	0	57
K07192	0	0	0	0	0	0	1	0	0	0	0	0
K07213	0	0	0	1	1	0	0	0	5	1	0	0
K07214	0	0	0	0	0	0	0	0	0	0	0	2
K07217	0	0	0	1	0	0	0	0	0	0	0	0
K07220	1	0	0	0	0	0	0	0	0	0	0	0
K07221	2	1	0	0	0	0	0	1	0	0	0	0
K07223	0	0	0	0	0	0	0	0	0	0	0	1
K07224	0	0	0	0	0	0	0	2	0	0	0	1
K07230	0	0	0	0	0	1	0	0	0	0	0	0
K07233	0	12	0	19	0	0	0	0	0	5	0	0
K07234	0	0	0	0	0	2	0	0	0	0	0	0
K07238	0	0	0	2	0	0	0	0	0	0	0	0
K07239	0	0	0	0	0	2	0	0	0	0	0	0
K07240	0	0	0	0	0	2	2	0	0	0	0	4
K07241	0	1	0	0	0	0	0	0	0	0	0	0
K07243	0	2	0	0	0	3	2	0	0	0	2	0
K07245	0	3	1	2	0	0	0	0	19	0	0	3
K07246	0	1	0	1	0	0	0	0	0	2	2	0
K07258	2	24	2	14	2	0	1	2	0	3	2	0
K07259	0	2	0	4	0	0	0	2	0	0	2	0
K07262	0	0	0	0	0	0	0	0	0	0	0	1
K07263	0	16	0	65	1	2	0	0	3	12	0	8
K07264	2	0	0	0	0	0	0	0	0	0	0	0
K07265	0	7	0	7	0	0	0	0	0	5	0	4
K07266	0	7	0	14	0	0	0	0	0	5	0	4
K07267	2	40	2	97	0	0	0	1	4	13	0	6
K07271	0	0	0	0	0	0	0	0	0	0	2	0
K07272	0	0	0	0	2	0	0	0	0	0	0	0
K07273	4	162	22	198	0	0	0	0	774	173	3	90
K07275	0	7	0	17	0	0	0	0	0	4	0	3
K07276	0	12	0	12	0	0	0	0	2	2	0	3
K07277	1	28	3	65	0	1	0	0	1	9	0	11
K07278	0	11	3	24	2	0	0	0	0	11	0	3
K07282	0	0	0	0	2	4	0	0	0	0	0	0
K07284	0	33	5	116	2	2	2	3	217	23	0	12
K07287	0	0	0	0	0	0	0	0	2	0	0	0
K07289	1	35	1	51	0	0	0	1	0	14	0	9
K07290	0	0	0	0	0	0	0	0	0	0	0	1
K07301	2	0	0	0	0	0	2	1	0	0	0	0
K07302	0	0	0	0	0	0	2	0	0	0	0	0
K07303	0	0	0	0	1	0	4	0	0	0	0	0
K07304	1	21	10	121	0	0	4	2	247	44	4	28
K07305	1	35	10	109	0	0	1	0	313	41	1	30
K07307	0	0	0	0	0	0	2	0	0	0	0	0
K07313	0	0	0	0	0	0	0	2	0	0	0	0
K07316	2	0	0	0	2	0	0	6	0	0	0	0
K07320	0	0	0	0	0	0	0	0	1	0	0	0
K07323	0	20	1	11	1	0	0	0	0	9	0	3
K07326	0	0	0	6	0	0	0	0	0	3	0	0
K07335	2	91	24	221	0	0	0	2	749	65	0	48
K07336	0	7	0	15	0	0	0	0	1	11	1	2
K07339	0	2	0	0	0	0	0	0	0	0	0	0
K07341	0	11	0	16	0	0	0	0	0	4	0	0
K07344	1	0	0	0	0	0	0	0	0	0	0	0
K07375	0	1	0	0	0	0	0	0	0	0	0	0
K07386	7	24	2	26	1	2	0	2	0	11	1	4
K07390	2	3	0	7	0	0	0	0	0	0	0	0
K07391	0	12	0	54	0	0	0	0	2	13	0	4
K07402	2	0	0	0	0	0	0	2	0	0	0	2
K07403	0	0	0	0	0	0	0	0	0	0	0	2
K07404	0	79	31	189	2	2	0	0	780	78	0	50
K07407	2	131	29	322	3	4	2	4	1520	163	5	72
K07442	1	0	0	0	0	0	0	0	0	0	0	0
K07444	4	69	13	158	0	0	0	3	647	49	0	56
K07447	0	35	15	90	0	0	0	2	358	37	0	28
K07448	0	19	1	35	0	0	0	0	1	5	0	2
K07451	0	26	6	47	0	0	0	0	215	34	0	23
K07452	0	0	0	8	0	0	0	0	50	9	0	0
K07455	0	0	0	0	0	0	0	1	0	0	0	0
K07456	2	179	34	397	6	3	0	5	1520	208	0	120
K07458	0	10	0	8	0	0	0	0	0	5	0	0
K07459	1	0	0	0	0	0	0	0	0	0	2	0
K07460	0	0	2	5	0	0	0	0	0	1	0	2
K07461	0	69	11	158	0	0	0	1	646	66	0	39
K07462	8	153	44	331	4	0	2	1	1387	150	0	81
K07464	0	65	17	132	0	0	0	0	538	47	0	17
K07465	0	8	0	10	0	0	0	0	0	4	0	0
K07467	0	226	52	541	1	2	1	2	1661	234	2	145
K07473	3	0	0	0	0	0	0	0	0	0	0	0
K07474	0	57	6	5	0	0	0	0	593	7	0	80
K07475	0	0	0	0	0	0	0	0	4	0	0	0
K07478	17	87	11	227	0	0	0	0	952	77	3	66
K07481	0	0	0	0	0	0	0	2	0	0	0	0
K07483	6	2	0	0	4	1	2	1	0	0	0	0
K07484	2	0	0	0	0	0	0	0	0	2	0	0
K07485	0	3	0	12	0	0	0	1	2	0	0	1
K07486	0	0	0	0	1	0	0	0	0	0	0	0
K07487	0	1	1	0	0	0	0	0	5	1	0	0
K07491	0	2	0	0	2	0	4	2	0	0	0	0
K07493	17	0	0	0	0	0	0	1	0	0	0	0
K07496	0	0	0	0	2	1	2	0	0	0	0	0
K07497	9	55	5	148	6	1	1	3	1	28	4	9
K07503	0	1	0	0	0	0	0	0	0	0	0	0
K07505	0	0	9	0	0	0	0	0	0	2	0	53
K07506	0	0	0	1	0	0	0	0	5	0	0	0
K07507	2	36	11	155	0	0	0	0	424	54	0	39
K07516	0	0	0	0	0	0	0	0	0	1	0	0
K07533	0	48	16	148	2	0	2	2	321	45	0	46
K07535	0	0	0	0	0	0	0	0	1	0	0	0
K07540	0	0	0	1	0	0	0	0	0	0	0	0
K07552	4	25	0	55	0	2	0	0	3	15	0	8
K07560	0	28	13	47	0	0	0	0	192	28	0	19
K07566	2	94	15	193	2	0	11	0	741	66	0	40
K07568	0	79	21	206	0	2	2	2	637	90	0	66
K07570	0	28	1	54	0	0	0	0	108	24	0	9
K07571	0	32	12	102	1	0	0	0	212	45	0	9
K07574	0	39	2	52	0	0	0	0	235	29	6	17
K07576	0	0	0	0	0	1	0	0	0	0	0	1
K07584	0	24	6	33	0	0	0	0	249	27	0	14
K07586	0	35	4	100	0	0	0	0	356	32	0	24
K07590	0	0	0	0	0	0	0	0	1	0	0	0
K07636	2	20	3	49	1	1	1	4	79	22	0	10
K07642	0	0	0	0	0	0	1	0	0	0	0	2
K07644	0	0	0	0	0	0	0	0	1	0	6	0
K07645	0	0	0	0	0	2	0	0	0	0	0	0
K07646	0	0	0	0	0	4	0	2	0	0	0	0
K07651	0	0	0	0	0	0	0	0	1	0	0	0
K07652	1	111	25	261	0	0	6	0	1159	87	3	92
K07657	0	10	2	15	0	0	0	0	6	12	2	1
K07659	1	1	0	0	0	0	0	0	0	0	0	0
K07660	0	9	1	15	0	0	0	0	34	3	0	6
K07662	0	1	1	3	0	0	0	0	14	0	0	0
K07666	0	1	0	1	0	0	0	0	0	0	0	0
K07667	0	0	0	0	2	0	0	2	2	0	0	0
K07668	2	70	13	131	0	0	0	0	449	53	0	40
K07669	0	2	0	0	0	0	0	0	0	0	0	0
K07670	0	1	0	0	0	0	0	0	0	0	0	0
K07672	0	2	0	0	1	0	0	0	0	0	0	0
K07678	0	3	2	7	0	0	0	0	36	0	0	6
K07683	0	2	0	0	0	0	0	0	0	0	0	0
K07692	0	0	0	0	0	0	0	0	0	1	0	0
K07693	0	33	15	98	0	0	0	0	299	19	0	23
K07694	2	0	0	0	0	0	0	0	0	0	0	0
K07699	0	0	0	0	0	2	0	0	0	0	0	0
K07700	0	0	0	0	0	0	0	0	1	0	0	0
K07701	0	0	0	6	0	0	0	0	33	2	0	0
K07703	0	0	0	0	0	0	0	0	3	0	0	0
K07704	2	5	0	0	0	0	0	0	0	0	0	0
K07705	4	0	0	0	0	0	0	0	0	0	0	0
K07708	0	1	0	0	0	0	0	0	0	0	1	0
K07709	0	0	0	0	0	0	0	0	0	0	0	2
K07712	0	6	0	32	0	0	0	0	0	5	0	2
K07713	0	0	0	0	0	0	2	0	0	0	0	0
K07716	0	0	0	0	0	0	0	0	0	1	0	2
K07718	0	148	34	299	4	4	0	0	1182	100	0	70
K07720	0	128	40	332	2	0	2	6	1098	118	0	77
K07724	0	5	0	12	0	0	0	0	0	0	0	0
K07727	0	5	0	4	0	0	0	0	4	4	0	4
K07729	0	11	4	59	0	0	0	0	50	12	0	8
K07733	0	0	0	1	0	0	0	0	0	0	0	0
K07735	2	2	1	13	0	0	0	0	0	1	0	0
K07736	0	4	0	8	0	0	0	0	0	8	0	5
K07738	1	43	10	101	1	0	0	0	374	47	0	24
K07741	0	305	73	539	0	0	0	0	1868	314	0	158
K07742	4	15	6	57	0	0	2	1	201	27	0	12
K07749	1	0	2	0	0	4	0	0	0	0	0	0
K07750	0	2	0	0	0	0	0	0	0	0	0	0
K07757	1	0	2	0	0	0	0	0	0	0	0	0
K07768	0	0	0	0	2	0	1	0	0	0	0	0
K07771	0	0	0	0	0	0	0	0	1	0	0	0
K07774	0	1	0	0	0	0	0	0	0	0	0	0
K07776	0	0	0	0	0	0	3	0	0	0	0	0
K07777	0	2	0	0	0	0	0	0	0	0	0	0
K07778	0	61	17	189	0	0	0	0	633	58	0	49
K07785	0	0	0	0	0	0	0	0	0	2	0	0
K07788	0	26	4	82	0	2	0	0	1	23	0	11
K07789	1	52	2	121	0	2	2	0	5	20	0	8
K07799	0	12	1	22	0	0	0	0	4	1	0	0
K07814	0	0	0	0	0	2	0	0	0	0	0	0
K07816	0	39	14	83	2	1	0	1	338	56	0	24
K07823	0	1	0	0	0	0	0	0	1	0	0	0
K07862	0	0	0	0	0	0	0	2	0	0	0	2
K07943	0	0	0	0	0	0	0	0	0	0	1	0
K08068	0	1	1	7	0	0	0	0	29	0	0	1
K08137	0	23	2	79	0	0	0	2	4	35	0	4
K08138	0	0	0	0	0	0	0	2	0	0	0	0
K08139	0	2	0	2	0	0	0	0	15	4	0	0
K08145	0	0	0	0	0	0	0	0	1	0	0	0
K08151	0	0	0	4	0	0	0	0	0	2	0	3
K08152	0	0	0	3	0	0	0	0	1	0	0	0
K08153	0	0	0	1	0	0	0	0	0	0	0	0
K08156	0	0	0	0	0	0	0	0	0	0	0	1
K08161	0	64	21	183	0	0	2	0	782	89	0	50
K08168	0	0	0	0	4	2	0	0	0	0	0	0
K08169	0	2	0	31	0	0	0	0	0	8	0	3
K08173	0	0	0	0	0	0	0	0	0	0	0	2
K08174	0	0	0	0	1	0	0	0	0	0	0	0
K08177	0	0	0	0	1	0	0	0	0	0	0	0
K08178	0	8	5	25	0	0	0	0	0	8	0	5
K08191	2	0	0	0	0	0	0	0	0	0	0	0
K08194	0	0	0	0	0	2	0	0	0	0	0	0
K08196	0	0	0	2	0	0	0	1	0	0	0	0
K08217	0	0	0	0	0	0	0	2	0	0	0	0
K08218	0	0	0	0	0	1	0	0	0	0	0	2
K08223	0	0	0	0	0	0	0	0	2	0	0	0
K08224	1	0	0	2	0	0	0	0	6	2	2	4
K08252	0	1	2	10	0	0	0	0	30	0	0	7
K08258	0	0	0	3	0	0	0	0	0	0	0	0
K08279	0	0	0	0	0	0	0	0	0	0	0	4
K08281	0	2	0	6	0	0	0	0	0	1	0	2
K08282	0	2	0	3	0	3	0	0	4	0	0	0
K08289	0	0	0	0	0	0	0	0	0	0	4	0
K08295	0	0	0	0	0	0	4	0	0	0	0	0
K08296	1	0	1	0	0	0	0	0	0	0	2	0
K08300	1	14	1	38	0	0	0	1	0	7	0	6
K08301	0	12	1	30	0	0	0	1	0	5	0	8
K08302	0	0	0	0	0	0	0	0	0	0	1	0
K08303	2	172	35	454	4	3	5	5	1554	165	0	92
K08304	0	15	0	22	0	0	0	0	0	16	1	0
K08305	2	5	0	20	0	0	0	0	0	2	0	4
K08307	0	2	0	2	0	0	0	0	0	6	0	1
K08309	0	13	0	42	0	2	0	0	0	12	0	5
K08311	0	0	2	16	0	0	0	1	0	2	0	1
K08314	0	21	8	106	0	0	0	0	311	35	3	22
K08316	0	26	12	57	0	0	1	0	168	29	1	21
K08317	0	52	21	114	0	0	0	0	514	57	0	39
K08322	0	1	0	0	0	1	0	0	0	0	0	0
K08323	0	0	0	0	0	0	0	0	0	0	2	0
K08325	0	14	2	35	0	0	0	0	0	8	0	4
K08344	0	23	5	44	0	0	0	0	2	12	4	9
K08348	0	0	0	0	0	1	0	0	0	0	0	0
K08365	0	0	0	0	0	0	0	0	0	0	0	1
K08368	1	0	0	0	0	0	0	0	0	0	2	0
K08369	0	1	0	1	0	0	0	2	0	0	0	0
K08372	2	3	0	0	2	0	0	0	0	0	0	0
K08384	0	0	0	0	0	0	2	3	0	0	0	2
K08471	0	1	0	0	0	0	0	0	0	0	0	0
K08483	6	150	30	277	2	1	0	8	1445	82	0	80
K08591	9	53	9	85	0	0	0	0	227	44	2	26
K08600	0	0	0	0	1	0	0	0	0	0	0	0
K08602	2	97	14	325	0	1	0	2	960	103	2	70
K08640	0	0	0	0	0	0	0	1	0	0	0	0
K08651	0	0	0	0	0	0	0	0	1	0	0	0
K08659	6	93	24	240	0	3	0	3	1013	80	0	73
K08669	0	0	0	1	0	0	0	0	1	0	0	0
K08676	4	0	0	2	0	0	0	0	4	0	0	0
K08678	0	0	0	1	0	0	0	0	3	0	0	5
K08679	0	20	0	27	0	0	0	0	20	11	4	1
K08693	1	71	24	144	1	0	0	0	509	61	0	52
K08715	0	11	0	17	0	0	0	0	1	0	0	1
K08717	0	0	0	0	0	0	0	0	0	0	0	2
K08721	0	0	0	3	0	0	0	0	0	0	0	0
K08723	1	20	2	25	0	0	0	0	96	18	0	9
K08724	7	106	28	299	2	0	0	0	937	116	3	83
K08728	0	3	0	0	0	0	0	0	0	0	0	0
K08735	0	0	0	0	0	0	0	0	1	0	0	0
K08737	0	0	0	0	0	0	0	0	2	0	0	0
K08744	0	4	0	5	1	0	0	2	2	2	0	0
K08776	0	0	0	0	2	0	0	0	0	0	0	0
K08784	0	0	0	1	0	0	0	0	1	0	0	0
K08884	4	71	41	250	0	0	2	1	857	86	8	83
K08955	0	0	0	0	0	0	0	0	1	0	0	0
K08956	0	0	0	0	0	0	0	0	2	0	0	0
K08968	0	3	0	8	0	0	0	2	0	1	0	0
K08969	0	0	0	0	0	0	0	1	1	0	0	0
K08972	0	9	6	63	0	0	0	0	141	23	0	20
K08973	0	8	1	13	0	0	0	1	0	2	0	2
K08974	0	0	0	0	0	2	0	0	0	0	0	0
K08978	0	8	0	19	0	1	1	0	0	1	0	1
K08984	3	0	0	0	0	0	0	0	0	0	0	1
K08986	0	40	10	83	0	0	0	0	215	30	0	14
K08992	0	7	0	10	2	0	0	0	0	3	0	1
K08994	0	12	0	21	0	0	0	0	0	7	0	2
K08995	2	8	0	9	0	0	0	0	2	5	0	2
K08996	0	1	0	0	0	0	0	0	0	0	0	1
K08997	0	1	0	1	0	0	0	0	0	0	0	0
K08998	2	19	2	63	0	0	1	0	151	8	1	12
K08999	0	3	0	6	0	0	0	0	6	3	0	5
K09005	0	8	0	21	2	0	0	0	0	4	4	0
K09011	0	0	0	0	0	0	0	2	0	0	0	0
K09013	0	52	18	156	2	2	4	0	477	57	1	32
K09014	2	113	31	225	0	0	0	1	1357	137	2	83
K09015	3	118	26	223	2	0	0	0	1094	99	2	115
K09017	0	0	0	0	0	0	0	0	0	0	0	2
K09019	0	4	0	18	0	0	0	0	0	1	0	0
K09022	0	13	4	57	0	0	0	0	143	12	0	11
K09024	0	8	0	20	0	0	0	0	0	1	0	0
K09065	0	0	0	0	0	0	0	0	3	0	0	0
K09117	2	42	3	78	0	0	1	2	291	36	0	11
K09118	2	0	0	0	0	0	0	0	0	0	0	1
K09121	0	0	0	0	0	0	0	1	0	0	0	0
K09129	0	0	0	0	0	0	0	0	1	0	0	0
K09153	0	10	2	33	0	0	0	0	55	4	0	15
K09157	0	1	0	1	1	0	0	2	0	0	0	0
K09160	0	5	0	10	0	0	2	0	0	7	0	0
K09161	0	2	0	0	0	0	0	0	0	0	0	0
K09181	0	0	0	0	0	0	1	0	2	0	0	0
K09384	0	4	0	18	0	0	0	0	0	3	0	0
K09457	0	8	0	15	0	0	0	0	4	6	0	0
K09458	1	202	67	606	3	1	2	7	2307	241	0	145
K09471	1	0	0	0	0	0	0	0	0	2	0	0
K09474	0	2	1	3	0	0	0	0	0	0	0	0
K09477	0	0	0	0	0	0	0	1	0	0	0	0
K09482	0	0	0	0	2	0	0	0	0	0	0	0
K09487	0	0	0	2	0	0	0	0	0	0	0	0
K09490	0	1	0	4	0	0	0	0	0	2	0	0
K09494	1	0	0	0	0	0	0	0	0	0	0	0
K09499	0	1	0	0	0	0	0	0	0	2	0	0
K09565	0	1	0	0	0	0	0	0	0	0	0	0
K09685	2	66	17	158	0	0	1	0	478	82	0	38
K09688	0	6	0	12	0	0	0	0	0	0	0	3
K09689	0	1	0	12	0	0	0	0	1	1	0	0
K09690	0	0	0	2	0	0	0	2	3	0	0	0
K09691	0	88	28	198	1	0	2	4	785	82	0	33
K09692	0	17	12	98	0	0	2	0	331	32	0	39
K09693	0	84	27	184	1	0	2	2	754	79	0	31
K09694	0	71	14	158	0	0	0	0	495	45	0	33
K09695	0	98	23	168	2	0	0	0	699	63	0	57
K09697	0	1	2	1	0	0	0	0	4	1	0	0
K09698	1	101	33	279	3	0	0	0	1214	123	0	83
K09701	1	0	0	0	0	1	0	0	0	0	0	0
K09704	0	109	27	220	2	1	0	0	893	85	0	61
K09705	2	0	0	0	0	0	0	0	0	0	0	0
K09710	1	31	6	95	0	0	0	0	275	31	0	27
K09712	0	1	0	0	0	0	0	0	0	0	0	0
K09747	0	28	8	62	2	0	2	0	169	23	0	18
K09748	0	67	6	83	0	0	1	0	284	30	0	37
K09758	0	162	63	419	2	0	0	0	1736	137	2	96
K09759	0	0	0	0	2	0	0	0	0	0	0	0
K09760	0	5	0	13	1	0	0	1	0	2	0	0
K09761	0	32	11	119	0	0	0	0	370	38	0	36
K09762	4	77	24	151	0	1	3	2	563	45	0	51
K09765	0	58	17	128	0	0	0	0	534	61	0	40
K09766	1	0	0	0	1	0	0	0	0	0	0	0
K09768	0	31	6	53	0	0	0	0	295	23	0	16
K09769	0	61	6	153	0	0	4	3	364	44	0	39
K09771	0	4	1	10	0	0	0	0	0	3	0	0
K09772	2	18	7	50	0	0	0	0	173	26	0	12
K09773	1	58	5	100	0	3	0	2	360	20	1	23
K09774	0	9	3	19	0	0	0	0	0	5	0	1
K09777	0	0	0	0	1	0	0	0	0	0	0	0
K09779	0	13	2	16	0	0	0	0	25	3	0	5
K09787	0	28	4	50	0	0	0	0	182	17	1	10
K09789	0	0	0	0	0	0	0	2	0	0	0	0
K09790	0	0	0	0	0	0	0	1	0	0	0	0
K09791	0	2	0	4	0	0	0	0	0	2	0	1
K09795	0	0	0	1	0	0	0	0	0	0	0	2
K09796	0	1	0	7	0	0	0	0	0	3	0	0
K09799	0	11	2	13	0	0	0	0	0	5	0	0
K09800	0	47	5	75	0	0	0	0	0	9	0	2
K09805	0	2	0	0	0	0	0	0	0	0	0	0
K09806	0	5	0	5	0	0	0	0	0	0	0	0
K09808	0	8	0	12	0	0	0	0	0	6	0	5
K09809	0	42	11	107	0	0	0	1	268	41	0	53
K09810	0	10	2	23	0	0	0	0	56	10	0	7
K09811	0	47	14	141	0	0	0	2	463	52	0	29
K09812	2	30	8	124	0	0	0	0	471	52	0	21
K09814	0	0	5	17	0	0	0	0	46	3	0	1
K09815	0	42	8	120	0	0	0	2	344	49	0	52
K09816	0	89	23	222	1	0	0	0	612	85	0	28
K09817	1	67	18	146	1	0	2	0	498	45	1	49
K09818	0	0	1	1	0	0	0	0	4	0	0	0
K09820	0	26	7	43	1	0	0	0	321	18	0	11
K09823	2	1	0	12	0	0	0	1	0	6	0	0
K09825	0	38	8	45	0	0	0	0	135	29	0	18
K09857	0	16	0	16	0	0	0	0	0	9	0	4
K09858	0	0	0	0	0	0	0	0	2	0	0	0
K09861	0	3	0	1	2	1	0	0	0	0	2	0
K09862	0	2	0	4	0	0	0	0	0	4	0	0
K09882	2	6	0	14	0	0	0	0	1	3	0	2
K09883	0	7	0	21	0	0	0	0	2	4	2	4
K09888	0	20	9	132	0	0	0	2	199	15	0	20
K09903	0	54	18	157	4	0	0	2	521	55	1	36
K09914	0	5	0	9	0	0	0	0	1	2	0	0
K09915	0	0	0	0	0	0	0	0	0	0	2	0
K09919	0	0	0	0	0	2	0	0	0	0	0	0
K09922	0	0	0	0	1	0	0	0	0	0	0	0
K09925	0	0	0	0	0	0	0	0	0	0	0	3
K09936	1	1	0	0	0	0	0	0	0	0	0	0
K09945	0	9	0	8	0	0	0	0	0	5	0	3
K09949	0	7	0	28	0	0	0	0	0	7	0	0
K09951	0	11	6	47	2	0	0	0	115	17	0	9
K09952	15	2	0	2	2	1	1	0	0	0	1	0
K09955	0	124	22	272	0	2	2	1	1028	83	3	58
K09960	1	26	14	173	0	0	0	0	0	14	0	6
K09961	4	49	3	208	3	2	3	0	3	13	1	5
K09963	0	153	36	357	0	0	2	2	1258	144	0	62
K09971	0	0	0	1	0	0	0	0	0	0	0	0
K09972	1	2	0	10	0	0	0	0	14	4	0	3
K09975	2	0	0	0	0	0	0	0	0	0	0	0
K09976	0	12	2	23	0	0	0	0	60	6	0	7
K09977	0	1	0	0	0	1	0	0	0	0	0	0
K09985	0	10	0	9	0	0	0	0	0	2	0	4
K09986	0	1	0	17	0	0	0	0	0	3	0	0
K09987	0	12	0	16	0	0	0	0	0	3	0	0
K09990	0	0	0	0	0	0	0	0	0	0	0	2
K10004	0	1	1	13	0	0	0	0	26	2	0	0
K10007	0	0	2	0	0	0	0	0	0	0	0	0
K10008	0	8	1	18	0	0	0	0	50	20	0	10
K10010	0	4	0	8	0	0	0	0	48	7	0	3
K10012	0	0	0	0	0	0	0	0	1	0	0	0
K10017	0	5	1	5	1	0	0	0	24	2	0	2
K10019	0	0	0	0	0	1	0	0	0	0	0	0
K10021	0	0	0	0	0	1	0	1	0	0	0	0
K10025	0	6	1	6	1	1	0	0	24	2	0	2
K10026	0	4	1	12	0	0	2	0	0	2	0	0
K10036	0	101	26	173	1	0	0	0	554	76	0	70
K10038	0	2	0	6	0	0	0	0	16	3	0	3
K10039	6	2	1	4	0	0	0	0	6	2	0	0
K10040	4	8	3	5	2	0	0	0	16	1	0	0
K10041	10	2	0	5	0	0	0	0	2	1	0	0
K10107	0	20	1	40	0	0	0	0	1	8	2	5
K10110	0	0	0	0	1	0	0	0	2	0	0	0
K10111	1	0	0	0	0	2	0	0	0	0	0	0
K10112	1	75	22	221	0	3	1	4	994	108	1	76
K10117	0	3	0	0	1	1	1	4	0	2	0	0
K10118	0	7	1	10	1	1	0	2	44	3	0	2
K10119	0	0	0	2	0	1	0	2	0	0	0	0
K10125	0	12	1	32	0	0	0	0	0	12	0	2
K10126	0	0	0	2	0	0	0	0	0	0	0	0
K10188	2	93	20	168	0	0	0	0	627	45	0	38
K10189	0	52	10	126	0	0	0	0	284	63	0	32
K10190	0	42	15	107	2	0	0	0	386	42	0	14
K10194	0	1	0	0	2	0	0	0	1	0	0	0
K10206	0	94	15	196	0	0	1	4	738	60	0	42
K10213	0	2	2	14	0	0	0	0	31	6	0	6
K10231	0	0	0	1	2	0	0	0	1	0	0	1
K10232	2	0	0	0	0	0	0	0	0	0	0	0
K10234	0	0	0	0	0	0	0	0	1	0	0	0
K10241	0	41	10	109	0	0	0	0	257	51	0	25
K10242	0	0	0	0	0	0	0	0	0	0	0	1
K10254	0	141	24	277	0	2	0	0	1207	72	0	57
K10353	2	0	0	0	0	0	0	1	0	0	0	0
K10355	1	0	0	0	0	1	0	0	0	0	0	0
K10408	0	0	1	2	0	0	0	0	0	0	1	1
K10439	0	0	0	0	2	0	0	4	0	0	0	0
K10440	0	0	0	0	0	0	2	1	0	2	0	0
K10441	4	6	0	27	2	0	0	0	91	4	0	0
K10530	0	0	0	0	1	0	0	0	0	0	0	0
K10536	0	0	0	0	0	0	0	2	1	0	0	0
K10539	0	0	0	0	1	0	0	0	1	0	0	0
K10540	0	0	0	1	0	0	0	0	4	0	0	2
K10541	0	0	0	0	0	1	0	2	0	0	0	0
K10542	0	0	0	0	0	0	0	0	2	0	0	0
K10544	2	77	20	178	0	0	0	2	717	77	0	79
K10545	0	0	0	2	0	0	0	0	2	0	0	0
K10546	0	67	19	174	0	0	6	0	731	59	0	50
K10547	2	90	20	193	0	0	0	5	798	82	0	85
K10548	0	96	32	258	0	0	0	1	997	89	0	41
K10562	0	0	0	3	0	0	0	0	12	0	0	0
K10563	4	65	9	136	0	2	2	0	639	56	0	39
K10589	0	0	0	0	0	0	0	0	0	0	1	0
K10672	0	0	0	0	0	0	0	0	1	1	0	0
K10679	0	2	0	6	0	0	0	0	0	2	0	0
K10680	0	1	0	4	0	0	0	2	0	6	1	3
K10681	0	4	0	5	0	0	0	0	25	3	0	2
K10682	0	0	1	0	0	0	0	0	0	0	0	0
K10708	0	0	0	1	1	0	0	0	3	0	0	0
K10710	0	2	0	0	0	0	0	0	0	0	0	0
K10711	0	3	2	0	0	0	4	0	0	0	0	0
K10754	0	31	12	114	2	0	0	0	248	37	0	21
K10764	0	18	0	18	0	0	0	0	0	11	4	12
K10773	2	55	13	108	1	0	0	0	387	45	0	33
K10778	0	6	2	17	0	0	0	0	26	2	0	7
K10793	0	115	40	406	0	0	0	2	1341	195	2	106
K10794	0	72	12	162	0	0	0	0	590	48	0	48
K10795	0	12	5	53	0	0	0	0	141	20	0	15
K10810	1	4	0	24	0	0	0	0	0	2	0	0
K10819	0	0	0	1	0	0	0	0	0	0	0	0
K10823	0	70	21	214	0	0	0	2	695	70	4	41
K10830	0	26	7	43	1	0	0	0	319	17	0	11
K10831	0	2	0	4	0	0	0	0	12	2	0	0
K10844	0	0	0	1	0	0	0	0	0	0	0	0
K10851	0	0	0	0	0	0	0	0	0	0	1	0
K10899	0	11	0	9	0	0	0	0	59	17	2	8
K10907	0	1	0	0	0	1	0	1	0	0	0	0
K10918	0	0	0	0	0	0	0	0	1	0	0	0
K10947	0	83	14	214	0	0	1	0	768	101	0	63
K10953	0	0	0	8	0	0	0	0	50	9	0	0
K10974	0	2	0	0	0	0	0	0	0	0	0	0
K10984	2	1	0	0	0	0	0	0	0	0	0	0
K11004	0	1	0	1	0	0	0	0	0	0	0	2
K11021	0	2	0	9	0	0	0	0	0	2	0	0
K11050	1	90	12	118	3	0	0	0	533	43	0	40
K11051	1	48	11	137	1	0	0	0	467	56	0	32
K11065	2	0	0	0	0	0	0	0	0	0	0	0
K11068	6	0	0	0	0	0	0	0	0	0	0	0
K11069	5	59	18	180	3	0	0	2	543	49	2	49
K11070	0	69	18	135	0	0	0	1	375	36	0	28
K11071	0	32	5	128	0	0	0	1	523	68	0	61
K11072	1	65	28	204	0	1	0	2	822	65	0	59
K11073	3	0	0	0	1	0	0	0	0	0	0	0
K11076	1	5	2	19	0	0	0	0	50	2	0	1
K11085	0	95	15	259	2	0	0	2	680	75	0	74
K11089	0	0	0	0	0	0	0	0	2	0	0	0
K11104	0	1	0	0	1	0	0	0	1	0	0	0
K11105	0	0	0	0	0	0	0	0	0	0	1	4
K11144	2	55	9	145	0	2	0	0	518	52	0	18
K11145	2	26	7	91	2	0	0	0	359	45	0	27
K11175	0	26	13	84	0	0	0	4	349	17	1	22
K11183	0	1	0	2	0	0	0	0	3	0	0	0
K11189	2	21	6	60	0	0	0	0	198	26	0	11
K11194	0	3	0	2	0	0	0	0	10	0	0	0
K11195	0	3	0	5	0	0	0	0	26	2	0	2
K11196	0	0	0	0	0	0	0	0	0	0	0	1
K11201	1	0	0	0	0	0	0	0	0	0	0	0
K11202	0	0	0	0	3	0	0	0	1	0	0	0
K11206	0	1	0	0	0	0	0	0	0	0	0	0
K11216	0	4	0	12	0	0	0	0	20	2	0	4
K11231	0	0	0	1	0	0	0	0	0	1	0	0
K11250	1	0	0	0	0	0	0	0	0	0	0	0
K11262	0	0	0	0	0	0	0	0	1	0	0	0
K11263	0	0	0	1	0	0	0	0	2	0	0	0
K11294	0	1	0	0	0	0	0	0	0	0	0	0
K11358	0	0	0	0	2	0	2	0	0	0	0	2
K11381	0	0	0	1	0	0	0	0	1	0	0	0
K11473	0	0	0	0	0	0	0	1	0	0	0	0
K11517	1	0	0	0	0	0	0	0	0	0	0	0
K11527	0	0	0	0	0	0	0	0	0	0	1	0
K11528	0	10	0	9	0	0	0	0	11	3	0	0
K11529	0	2	0	0	0	0	0	0	0	0	0	2
K11532	0	4	1	30	0	0	0	0	0	1	0	2
K11533	0	0	0	0	6	0	0	2	0	0	0	0
K11535	2	155	44	469	0	4	0	3	1224	183	0	168
K11541	0	0	0	0	0	2	0	0	0	0	0	0
K11601	0	0	1	1	0	0	0	0	4	0	0	0
K11604	0	0	1	1	0	0	0	0	4	0	0	0
K11605	0	0	0	0	0	0	0	0	1	0	0	2
K11608	0	0	0	0	0	0	0	0	1	0	0	1
K11609	0	0	0	0	0	0	0	0	1	0	0	0
K11614	2	80	32	207	0	0	0	0	866	46	0	38
K11615	0	29	3	70	0	0	0	0	185	28	0	18
K11616	0	29	12	65	0	0	0	0	282	27	0	16
K11618	2	0	0	0	0	0	0	0	0	0	0	0
K11629	0	0	0	1	0	0	0	0	0	0	0	0
K11630	0	0	0	0	0	0	0	0	1	0	0	1
K11631	0	0	0	0	0	0	0	0	1	0	0	0
K11632	0	0	0	1	0	0	0	0	0	0	0	0
K11634	0	0	0	1	0	0	0	0	0	0	0	0
K11635	0	9	1	14	0	0	0	0	35	3	0	3
K11637	0	4	2	8	0	0	0	0	29	2	0	1
K11638	0	0	0	0	0	0	0	0	1	0	0	0
K11649	0	0	0	1	0	0	0	0	0	0	0	0
K11691	0	12	5	29	0	0	0	0	79	5	0	2
K11692	2	0	0	0	0	0	0	0	0	0	0	0
K11693	0	8	2	36	0	0	0	0	111	10	0	17
K11695	0	20	2	30	0	0	0	1	148	15	0	14
K11704	0	33	12	105	0	0	0	0	320	42	0	17
K11705	0	55	15	135	0	0	0	0	511	66	0	49
K11706	0	26	7	42	1	0	0	0	319	17	0	11
K11707	1	0	0	0	0	0	0	2	0	0	0	0
K11709	0	0	0	0	0	0	0	0	1	0	0	2
K11710	0	3	0	0	1	0	0	0	12	1	0	1
K11717	0	153	49	242	0	0	0	2	1189	101	2	99
K11719	0	5	0	15	0	0	0	0	0	10	0	0
K11720	1	16	0	39	1	0	0	0	6	8	0	0
K11732	0	2	0	3	0	0	0	0	0	2	0	0
K11733	0	0	0	1	0	0	0	0	0	0	0	0
K11734	0	2	0	3	0	0	0	0	0	2	0	0
K11735	2	0	1	35	0	0	0	0	2	10	0	3
K11737	1	15	2	32	0	0	0	0	1	12	1	1
K11738	0	13	2	40	0	0	0	0	0	13	0	1
K11741	1	2	0	13	0	0	0	0	2	1	0	4
K11742	0	1	1	0	0	0	0	0	4	0	0	0
K11745	2	0	0	0	0	0	0	0	0	0	0	0
K11747	2	0	0	0	0	0	0	0	0	0	0	1
K11748	0	0	0	0	0	0	0	0	0	0	0	1
K11749	2	83	13	207	0	0	2	0	665	93	0	53
K11750	0	0	0	0	0	3	0	0	0	0	0	0
K11751	1	3	1	2	0	0	0	2	20	0	0	5
K11752	10	4	0	33	0	0	4	0	0	2	0	4
K11753	1	42	13	138	1	1	3	0	467	45	0	42
K11754	2	86	25	291	3	3	0	4	873	98	1	65
K11755	1	2	0	6	1	0	3	0	2	0	0	2
K11783	0	0	0	0	0	0	0	1	0	0	0	0
K11788	0	3	3	14	0	0	0	0	39	2	0	0
K11808	0	1	0	1	0	0	0	0	2	1	0	0
K11814	0	5	3	27	0	0	0	0	72	15	0	3
K11815	0	5	3	26	0	0	0	0	72	15	0	3
K11894	0	0	0	0	0	0	0	1	0	0	0	0
K11896	2	0	0	0	1	0	0	0	0	0	0	0
K11900	0	0	0	0	0	0	0	0	0	0	0	2
K11904	0	4	2	25	0	0	0	1	88	10	0	5
K11907	0	0	0	0	2	0	0	0	0	0	0	0
K11912	0	0	0	0	0	0	0	4	0	0	0	0
K11916	0	0	0	0	0	3	0	0	0	0	0	0
K11922	0	1	0	1	0	0	0	0	2	0	0	0
K11927	0	34	3	39	0	0	1	0	42	10	0	8
K11928	0	0	0	0	0	0	2	4	0	0	0	0
K11936	1	3	0	0	0	0	0	0	0	1	0	0
K11939	0	0	0	0	0	2	0	0	0	0	0	0
K11953	0	0	0	4	0	0	0	0	15	0	0	1
K11956	0	0	0	0	1	0	0	0	0	0	0	0
K11957	0	5	3	2	0	0	0	0	27	2	0	2
K11959	0	0	0	0	0	0	0	0	0	2	0	0
K11961	0	0	0	0	0	0	0	0	2	0	0	0
K11962	0	0	2	3	0	0	0	0	5	1	0	0
K11991	2	50	9	78	2	0	1	2	237	49	4	37
K12055	0	0	0	0	0	2	0	0	0	0	0	0
K12062	0	0	0	0	0	0	0	0	0	0	0	2
K12072	0	0	0	0	0	0	0	0	0	0	0	4
K12088	0	8	1	3	0	0	0	0	26	3	0	7
K12132	7	79	42	271	4	5	2	2	917	99	9	91
K12143	0	0	0	0	1	0	0	0	0	0	0	0
K12237	0	0	0	0	1	0	0	0	0	0	0	0
K12240	0	0	0	0	1	0	0	0	0	0	0	0
K12256	0	0	0	0	0	0	0	4	0	0	0	0
K12257	3	8	0	30	0	0	1	4	2	3	0	6
K12262	0	7	0	32	0	0	0	0	2	2	0	0
K12267	0	27	11	123	0	0	2	2	259	44	5	34
K12287	0	0	0	4	0	0	0	0	46	3	0	0
K12292	0	0	1	3	0	0	2	0	10	1	0	0
K12296	0	28	7	63	2	0	0	0	233	20	0	12
K12308	2	313	80	706	0	0	2	2	2727	237	0	145
K12339	0	0	0	0	0	0	0	1	0	0	0	0
K12340	0	15	0	69	0	0	0	0	4	11	0	0
K12346	0	0	0	4	0	0	0	0	1	0	0	0
K12373	0	33	14	122	0	2	2	0	451	43	0	29
K12410	2	2	0	0	2	0	0	2	0	2	0	0
K12430	0	0	0	3	0	0	0	0	0	0	0	0
K12434	0	3	0	1	0	0	0	0	0	0	0	0
K12436	0	3	0	2	0	0	0	0	0	0	0	0
K12448	0	0	0	1	0	0	0	0	1	0	0	0
K12450	1	15	0	11	0	0	0	0	0	3	0	1
K12454	0	0	0	0	0	0	0	0	2	1	0	0
K12472	0	0	0	0	0	0	0	0	6	1	0	2
K12500	0	0	0	0	0	0	0	0	0	0	0	1
K12503	0	0	0	1	0	0	0	0	0	0	0	0
K12506	0	4	0	30	0	0	0	0	1	6	0	3
K12510	0	0	0	0	0	0	1	0	0	0	0	0
K12524	0	0	0	0	0	0	0	2	0	0	0	0
K12541	0	0	0	0	0	0	0	0	0	1	0	0
K12542	0	0	0	2	0	0	0	0	0	0	0	0
K12548	0	1	0	0	0	0	0	0	0	1	0	0
K12549	0	0	0	1	0	0	0	0	0	0	0	0
K12551	0	150	40	336	0	4	0	0	1462	158	2	125
K12552	7	106	28	299	2	0	0	0	937	116	3	83
K12553	6	133	45	339	0	0	0	0	1461	155	1	98
K12554	0	105	26	261	0	0	0	1	633	95	1	72
K12555	1	160	24	336	0	0	2	0	1700	173	0	101
K12556	7	106	28	299	2	0	0	0	937	116	3	83
K12573	9	159	60	400	0	2	3	5	1734	205	2	101
K12574	7	260	71	639	8	0	4	4	2333	208	3	116
K12585	0	0	0	1	0	2	1	0	1	0	0	2
K12600	1	0	0	0	0	0	0	0	0	2	0	0
K12604	0	0	0	0	0	0	0	0	0	2	0	0
K12658	0	0	0	1	0	0	0	0	1	0	0	0
K12678	0	0	0	0	0	0	0	0	0	0	0	1
K12684	0	0	0	8	0	0	0	0	50	9	0	0
K12685	0	1	0	1	0	0	0	0	0	1	0	0
K12700	0	6	3	13	0	0	0	0	94	8	0	3
K12736	0	0	0	0	0	0	0	0	1	0	0	0
K12823	0	3	0	0	0	0	0	0	2	0	0	0
K12828	0	0	0	0	0	0	0	0	0	1	0	0
K12856	0	0	0	0	0	1	0	0	0	0	0	0
K12874	0	0	0	0	0	1	0	0	0	0	0	0
K12941	1	1	0	0	0	2	0	0	0	0	0	0
K12943	0	26	0	16	0	0	0	0	0	9	0	8
K12951	0	0	0	0	0	0	0	0	1	0	0	0
K12952	0	369	80	791	0	1	0	5	3200	371	0	230
K12954	2	1	0	4	0	0	0	0	2	1	0	0
K12955	0	23	2	29	0	0	0	0	179	13	1	8
K12956	0	0	0	1	0	0	0	0	0	0	0	0
K12957	0	1	0	4	0	0	0	0	0	0	0	0
K12972	0	0	0	0	0	0	0	0	0	0	2	0
K12975	2	2	0	0	0	0	0	0	0	0	0	0
K12976	0	0	0	0	0	0	0	0	0	0	1	0
K12979	0	4	0	16	0	0	0	0	0	4	0	0
K12995	0	0	0	0	0	0	0	2	0	0	0	0
K12997	0	7	0	9	0	0	0	0	29	4	0	2
K12999	0	40	5	147	0	0	0	1	446	54	0	34
K13002	0	0	0	0	0	0	1	0	0	0	0	0
K13005	0	13	0	25	0	0	0	0	0	7	0	0
K13012	0	29	21	66	0	0	0	2	271	16	0	12
K13013	0	0	0	0	0	0	1	0	0	0	0	0
K13017	0	7	0	2	0	0	0	0	0	0	0	0
K13019	0	8	1	12	0	0	0	0	49	6	0	1
K13038	2	36	8	83	1	0	2	2	360	24	2	8
K13051	0	5	0	21	0	0	0	0	34	6	0	4
K13052	2	12	3	39	0	0	0	0	150	16	0	12
K13059	0	0	0	0	1	0	0	0	0	0	0	0
K13103	0	0	0	0	0	0	0	0	2	0	0	0
K13252	2	3	0	1	0	0	0	2	0	0	0	0
K13256	0	5	0	29	0	0	0	0	32	6	0	1
K13283	0	2	0	0	0	0	0	0	0	0	0	0
K13292	4	74	10	156	2	0	0	0	469	55	1	36
K13378	0	0	0	0	0	0	0	0	4	0	0	0
K13408	0	14	0	37	0	0	0	0	4	6	0	2
K13409	1	18	4	44	0	0	0	1	5	14	0	7
K13412	0	1	0	0	0	0	0	0	0	0	0	0
K13421	0	0	0	0	0	0	1	0	0	0	0	0
K13472	0	7	1	13	0	0	0	0	0	2	4	0
K13479	0	0	0	0	0	0	0	0	0	0	0	2
K13490	0	0	0	1	0	0	0	0	0	1	0	0
K13497	0	4	0	19	0	0	0	1	0	8	0	1
K13498	0	0	0	1	0	0	0	0	0	0	0	0
K13503	0	2	0	0	0	0	0	0	0	0	0	0
K13527	0	2	0	0	0	0	0	0	0	0	0	0
K13529	0	8	5	16	0	0	0	0	36	3	0	12
K13531	0	13	0	25	0	0	0	0	92	14	0	10
K13542	0	1	0	8	0	0	0	0	0	0	0	0
K13543	0	1	0	8	0	2	0	0	0	0	0	0
K13566	0	0	0	0	2	0	0	0	0	0	0	0
K13571	0	0	0	0	0	0	0	2	0	0	0	0
K13581	0	4	0	18	0	0	0	0	0	11	0	0
K13582	2	2	2	9	0	0	0	0	2	10	0	0
K13583	0	1	4	5	0	0	0	0	0	1	0	0
K13584	0	9	0	36	0	0	0	0	0	4	0	5
K13598	2	25	1	49	0	0	0	1	1	12	0	12
K13599	0	12	0	30	0	0	0	1	2	4	0	2
K13628	0	1	2	4	0	0	0	0	0	2	0	0
K13652	0	0	0	0	0	0	0	0	2	0	0	0
K13662	2	0	0	0	0	0	0	0	0	0	0	0
K13670	0	4	1	8	0	0	0	0	17	2	0	6
K13677	0	61	14	176	0	0	0	0	527	51	0	32
K13678	0	4	1	8	0	0	0	0	30	1	0	1
K13687	0	0	1	0	0	0	0	0	0	0	0	0
K13713	0	0	0	1	0	0	0	0	3	0	0	0
K13714	3	6	5	0	4	2	0	0	0	0	2	0
K13727	2	64	33	221	0	0	0	0	491	71	0	60
K13730	1	0	0	0	0	0	0	0	0	0	0	0
K13731	3	6	5	0	4	2	0	0	0	0	2	0
K13734	0	1	0	4	0	0	0	0	24	2	0	0
K13735	0	1	0	0	0	0	0	0	0	1	0	0
K13745	0	0	0	0	0	0	0	0	1	0	0	0
K13747	0	0	0	0	2	0	0	8	0	0	0	0
K13771	0	2	0	6	0	0	0	0	0	2	0	0
K13788	0	1	0	0	0	0	0	0	2	0	0	0
K13789	0	32	9	113	2	0	0	2	447	27	0	25
K13797	0	8	0	5	0	0	0	0	1	1	0	0
K13810	0	16	3	68	0	0	0	0	6	16	0	9
K13818	0	0	0	2	0	0	0	0	0	0	0	0
K13821	1	49	2	89	0	0	0	0	0	23	0	8
K13829	4	24	0	45	0	0	2	0	43	7	0	3
K13832	0	3	1	11	0	0	0	0	12	2	0	2
K13853	0	1	1	1	0	0	0	0	11	0	0	2
K13874	0	1	0	4	0	0	0	0	0	0	0	2
K13889	0	0	0	0	0	0	0	0	1	0	1	0
K13890	0	0	0	0	0	0	0	0	0	0	1	0
K13892	0	1	0	6	0	0	0	0	15	0	1	8
K13894	0	0	0	0	0	0	0	0	0	0	4	0
K13896	0	2	1	6	0	2	0	0	34	0	1	0
K13922	0	36	8	71	0	0	1	0	410	39	0	24
K13924	2	0	0	0	1	0	0	0	0	0	0	0
K13926	2	1	1	1	0	0	0	0	10	1	0	1
K13927	0	22	10	54	0	0	0	0	172	8	2	18
K13929	0	4	2	0	2	0	0	0	0	2	0	2
K13930	0	16	5	28	0	0	0	0	76	3	0	11
K13932	4	0	0	0	0	0	1	0	0	0	0	0
K13934	2	0	0	0	0	0	0	0	0	0	0	0
K13935	0	0	0	2	0	0	0	0	17	2	2	2
K13940	0	6	0	13	0	0	0	0	0	1	0	0
K13941	0	0	0	2	0	0	0	0	0	0	0	0
K13950	0	8	4	33	2	0	0	4	0	9	0	2
K13953	0	68	39	257	0	0	0	0	898	108	0	58
K13954	0	10	3	11	0	0	0	0	75	5	0	3
K13963	0	0	0	0	0	0	0	1	0	0	0	0
K13979	1	4	0	19	0	0	0	0	2	5	0	5
K13993	1	15	2	63	1	0	0	0	141	5	0	4
K13998	0	0	0	1	0	0	0	0	1	0	0	0
K14023	0	2	0	0	0	0	0	0	0	1	0	0
K14026	0	2	0	0	0	0	0	0	0	1	0	0
K14048	0	0	0	15	0	0	0	0	0	2	0	0
K14052	0	1	0	0	0	0	0	0	0	0	0	0
K14058	0	0	0	0	0	0	0	0	0	0	0	2
K14060	0	0	0	6	0	0	0	0	0	1	0	2
K14083	0	0	0	0	0	0	0	0	0	2	0	0
K14086	4	0	0	0	0	0	0	0	0	0	0	1
K14114	0	0	0	0	0	0	0	2	0	0	0	0
K14153	0	9	3	46	1	0	0	0	143	10	0	12
K14154	0	0	0	4	0	0	0	0	3	0	0	0
K14155	3	59	11	140	2	0	2	2	564	69	0	40
K14162	1	0	0	2	2	2	6	1	0	6	0	2
K14170	0	0	1	4	4	0	0	0	0	0	0	1
K14187	0	0	1	4	0	0	0	0	0	0	0	0
K14188	0	13	5	32	0	0	0	0	124	15	0	12
K14194	0	2	0	5	0	0	0	0	13	1	0	1
K14205	0	140	52	386	0	2	0	2	1153	134	0	141
K14210	1	0	0	0	0	0	0	0	0	0	0	0
K14215	0	1	0	0	0	0	0	0	0	1	0	0
K14260	0	100	20	174	2	0	0	4	800	66	0	49
K14261	0	24	5	50	0	0	0	0	95	11	0	11
K14267	0	1	1	1	0	0	0	0	3	0	0	0
K14274	2	3	0	15	0	0	0	0	0	7	0	4
K14287	0	0	0	0	1	0	0	0	0	0	0	0
K14347	0	4	1	35	0	1	2	0	0	3	0	4
K14393	2	0	0	0	0	0	0	0	1	0	0	0
K14394	0	0	0	0	0	0	0	0	1	0	0	0
K14414	1	0	0	0	0	0	0	0	0	0	0	1
K14415	0	0	0	0	2	0	0	0	0	0	0	0
K14429	0	0	0	2	0	0	0	0	0	0	0	0
K14441	0	0	0	0	1	1	0	0	0	0	0	0
K14469	0	0	0	0	0	0	0	0	2	0	0	1
K14540	0	64	16	153	2	0	2	0	552	57	0	35
K14548	0	0	0	0	0	0	0	0	0	1	0	0
K14571	0	0	0	0	0	0	0	0	0	0	0	1
K14623	0	0	0	0	0	0	4	0	0	0	0	0
K14645	0	1	0	3	0	0	0	0	0	0	0	1
K14652	0	9	1	28	0	0	2	0	0	8	0	5
K14660	0	21	5	43	0	0	0	0	160	4	0	7
K14663	0	0	0	0	0	0	0	0	0	0	0	2
K14667	0	0	0	0	0	0	0	0	1	0	0	0
K14681	0	0	0	0	0	1	0	0	0	0	0	0
K14698	0	0	1	0	0	0	0	0	0	0	0	0
K14731	0	0	0	0	0	0	0	0	0	0	0	2
K14742	4	69	14	146	1	0	1	1	505	65	0	47
K14761	3	10	6	30	0	0	0	1	99	9	0	10
K14799	0	0	0	0	0	0	0	0	0	1	0	2
K14805	0	0	0	1	0	0	0	0	0	0	0	0
K14980	1	20	0	56	0	0	0	0	4	5	0	5
K14981	2	8	0	20	0	0	0	0	0	3	0	1
K14986	0	0	0	0	0	0	0	0	0	0	0	2
K14987	1	0	0	0	0	0	0	0	0	0	0	0
K14998	0	0	0	0	0	1	0	0	0	0	0	0
K15022	0	0	0	0	1	0	0	0	0	0	0	0
K15051	0	61	13	116	6	0	0	0	339	49	2	56
K15125	4	39	0	52	0	0	0	0	0	17	2	4
K15201	0	0	2	0	0	0	0	0	0	0	0	0
K15264	1	0	0	0	0	0	0	0	0	0	0	0
K15269	0	0	1	0	0	0	0	0	0	0	0	0
K15270	0	3	5	22	0	0	0	0	1	5	0	0
K15311	0	2	0	4	0	0	0	0	18	5	0	2
K15327	0	70	12	138	0	0	0	0	654	58	0	47
K15329	0	63	12	122	0	0	0	0	654	51	0	45
K15342	1	78	15	187	0	0	1	0	654	58	0	61
K15355	0	0	0	2	0	0	0	0	17	2	0	1
K15460	0	48	7	110	0	0	2	1	483	46	0	29
K15461	0	0	0	0	0	0	0	0	0	0	0	1
K15482	0	0	0	8	0	0	0	0	50	9	0	0
K15509	0	1	0	0	0	0	0	0	0	0	0	0
K15515	0	17	0	28	0	0	0	0	156	15	0	4
K15523	0	0	0	0	0	0	0	0	1	0	0	0
K15524	8	21	5	45	1	0	1	2	116	17	0	20
K15526	0	0	0	0	0	0	0	0	1	0	0	0
K15527	0	0	0	0	0	0	0	0	0	0	0	4
K15532	0	165	58	355	2	0	0	2	1393	132	0	91
K15534	0	0	0	0	0	0	0	0	0	0	0	1
K15539	0	55	19	144	0	0	2	0	421	73	0	23
K15547	1	17	2	41	0	0	0	0	1	9	0	0
K15549	2	10	2	30	0	0	0	0	0	13	0	2
K15553	0	0	0	2	0	0	0	0	0	0	0	0
K15555	0	2	1	7	2	0	0	0	54	0	0	2
K15579	0	0	0	4	0	0	0	0	15	0	0	1
K15580	9	392	73	864	2	2	0	4	3105	321	0	259
K15581	1	62	23	179	0	1	0	2	741	67	2	30
K15582	3	75	12	160	0	1	0	0	730	73	2	58
K15583	2	49	14	138	0	0	0	0	575	69	1	57
K15587	0	0	0	0	0	0	0	0	1	0	0	3
K15598	2	2	0	0	0	0	0	0	0	0	0	0
K15599	2	0	0	0	0	0	0	0	0	0	0	0
K15600	0	1	1	11	1	0	0	0	5	2	0	2
K15633	0	0	0	0	2	0	0	2	0	0	0	2
K15634	0	0	0	2	0	0	0	0	0	0	0	0
K15640	0	45	8	74	0	0	0	0	242	42	0	14
K15669	0	0	0	0	0	0	0	2	0	0	0	0
K15724	0	4	1	6	0	0	0	0	2	0	0	0
K15725	0	0	0	2	0	0	0	0	0	0	0	0
K15726	0	20	2	99	0	2	0	0	1	22	0	6
K15727	0	12	1	31	0	0	0	0	0	3	0	2
K15738	7	109	26	325	2	3	0	0	1138	144	0	61
K15765	0	0	0	1	0	0	0	0	0	0	0	0
K15770	2	209	64	482	3	0	0	8	1696	175	0	118
K15771	2	187	51	396	2	0	4	0	1547	154	2	155
K15772	0	163	61	423	2	0	0	0	1432	125	0	90
K15773	0	4	1	3	0	0	0	0	19	5	0	0
K15778	0	101	18	241	0	0	0	0	969	61	1	44
K15780	0	83	11	301	0	0	0	0	943	110	0	74
K15792	0	2	1	2	0	0	0	0	3	0	0	2
K15894	0	0	0	1	0	0	0	0	0	0	0	0
K15898	0	0	0	0	0	0	0	2	0	0	0	0
K15915	0	3	1	1	0	0	0	0	26	2	0	3
K15922	0	0	0	0	0	0	0	4	0	0	0	0
K15923	0	0	0	0	0	0	0	0	0	0	0	2
K15924	0	0	0	0	0	0	0	0	0	1	0	0
K15986	2	71	13	85	1	0	0	4	580	51	0	48
K15987	0	0	0	0	0	2	0	0	0	0	0	0
K16011	0	13	0	33	0	1	0	2	0	3	0	1
K16012	3	24	0	16	0	1	0	1	1	5	0	3
K16013	2	19	1	31	0	0	0	0	6	6	0	4
K16014	0	2	1	1	0	0	0	0	6	0	0	0
K16019	0	2	0	2	0	0	0	0	0	1	0	0
K16052	4	48	8	122	0	0	2	0	340	44	0	30
K16053	2	1	0	0	0	0	0	0	0	0	0	0
K16055	2	0	1	0	0	0	0	0	0	0	0	0
K16066	0	9	1	16	0	0	0	0	0	2	0	1
K16074	0	4	0	20	0	0	0	0	0	5	0	4
K16080	0	0	0	2	0	0	0	0	0	0	0	0
K16089	3	2	0	2	0	0	0	0	0	0	0	6
K16090	0	41	4	96	0	0	0	0	8	26	0	6
K16091	0	0	0	0	0	1	0	0	0	0	0	0
K16137	4	8	0	14	0	0	0	2	0	1	0	1
K16139	2	0	0	0	0	0	0	0	0	0	0	0
K16140	0	0	0	0	0	0	0	0	0	0	0	2
K16147	0	0	0	0	0	0	0	4	0	0	0	0
K16150	0	16	0	8	0	0	0	0	1	13	0	3
K16153	0	0	0	0	0	4	0	0	4	0	2	0
K16169	1	78	26	207	0	0	0	0	665	84	0	61
K16170	0	4	2	6	0	0	0	0	27	1	0	0
K16193	0	4	0	12	0	0	0	0	37	3	0	3
K16202	0	0	0	1	0	0	0	0	0	0	0	0
K16209	0	0	0	0	7	0	0	0	0	0	0	0
K16210	1	521	146	1351	0	3	3	2	4347	497	2	365
K16212	0	0	0	0	0	0	2	0	0	0	0	0
K16235	0	1	0	0	0	0	0	0	0	0	0	0
K16264	2	17	0	20	2	0	1	0	4	13	0	6
K16291	0	1	0	0	0	0	0	0	0	0	0	0
K16323	0	12	9	45	0	0	0	0	109	10	0	16
K16363	0	1	0	2	0	0	0	0	0	0	0	0
K16370	0	9	0	11	0	0	0	0	77	3	0	2
K16396	0	0	0	1	0	0	0	0	0	0	0	0
K16397	0	0	0	1	0	0	0	0	0	0	0	0
K16509	0	35	14	102	0	0	0	0	186	27	1	16
K16511	0	14	7	51	0	0	0	1	126	18	0	10
K16554	0	1	2	7	0	0	0	0	29	0	0	7
K16570	0	0	0	0	0	0	0	0	1	0	0	0
K16647	0	0	0	1	0	0	0	0	0	0	0	0
K16692	0	0	0	1	0	0	0	0	0	0	0	0
K16702	0	4	0	10	0	0	0	0	8	3	0	2
K16784	0	0	0	0	0	0	0	0	1	0	0	1
K16785	0	158	47	324	8	0	5	2	1027	88	0	79
K16786	2	307	85	770	11	1	0	6	2923	270	0	182
K16787	2	301	71	706	10	1	2	6	2878	262	1	194
K16788	0	41	12	72	1	1	0	0	428	39	0	28
K16789	0	62	6	112	0	0	0	0	390	36	0	31
K16846	0	3	0	0	0	0	0	0	0	0	0	0
K16850	0	12	4	21	0	0	0	0	109	21	0	13
K16856	0	3	0	1	0	0	0	0	0	0	0	0
K16869	0	282	65	601	0	3	0	0	2525	206	0	134
K16877	0	0	0	4	0	0	0	0	0	0	0	0
K16881	0	0	0	0	0	0	0	1	0	0	0	0
K16898	5	285	74	586	1	6	2	4	1956	207	7	161
K16899	8	183	52	512	5	0	2	3	1865	217	0	119
K16905	0	0	0	0	0	0	0	0	1	0	0	0
K16916	0	14	5	48	0	0	0	0	51	15	0	7
K16917	0	16	8	71	0	0	0	0	94	17	0	14
K16918	0	1	0	1	0	0	0	0	10	0	0	0
K16920	0	0	0	0	0	0	0	0	1	0	0	0
K16921	0	1	0	2	0	0	0	0	7	0	0	0
K16923	0	50	15	77	0	0	0	0	317	43	0	26
K16924	0	38	12	85	0	0	0	0	341	44	0	52
K16925	4	0	0	0	1	0	0	0	0	0	0	0
K16926	0	0	0	0	0	0	0	2	0	0	0	0
K16927	3	1	0	0	0	0	0	0	0	0	0	0
K16958	0	0	0	2	0	0	0	0	9	0	0	2
K16959	0	0	0	2	0	0	0	0	9	0	0	2
K16960	0	0	0	7	0	0	0	0	16	1	0	0
K16961	0	0	0	0	0	0	1	0	0	0	0	0
K16963	0	0	0	7	0	0	0	0	6	1	0	0
K17062	0	0	0	1	0	0	0	0	0	0	0	0
K17063	0	0	0	1	0	0	0	0	1	0	0	0
K17067	0	9	3	11	0	0	0	0	67	5	0	4
K17069	0	0	0	1	0	0	0	0	0	0	0	0
K17073	0	100	32	272	0	0	1	2	972	115	0	61
K17074	0	93	24	233	0	0	1	2	829	98	0	50
K17076	0	35	10	81	2	0	2	0	272	27	0	22
K17103	0	2	0	14	0	0	0	0	0	2	0	1
K17204	0	0	0	0	0	0	0	0	1	0	0	0
K17206	0	0	0	2	0	0	0	0	5	0	0	0
K17209	0	0	0	0	0	0	1	0	0	0	0	0
K17215	1	0	0	0	0	0	0	1	1	0	0	0
K17218	0	0	0	0	0	0	0	0	0	0	4	0
K17235	0	37	9	97	0	0	0	0	235	47	0	24
K17236	0	0	0	0	0	0	0	0	0	0	0	1
K17237	0	82	15	161	0	0	0	0	517	51	0	36
K17240	0	2	0	1	0	0	0	0	8	0	0	3
K17242	0	0	0	5	0	0	0	0	5	2	0	0
K17245	0	6	4	19	1	0	0	0	66	6	0	5
K17316	0	0	0	0	0	0	0	0	0	0	1	4
K17318	0	309	76	752	2	1	4	1	2499	272	4	185
K17319	1	136	19	354	0	4	0	5	1077	135	0	78
K17320	0	123	36	338	0	6	1	0	1193	138	0	86
K17324	0	0	0	0	0	0	0	0	0	2	0	0
K17398	0	0	0	0	1	0	0	0	0	0	0	0
K17463	0	0	0	4	0	0	0	0	0	0	0	0
K17464	1	0	0	0	0	0	0	0	0	0	0	0
K17467	0	1	0	0	0	0	0	0	1	0	0	0
K17468	0	0	0	0	0	0	0	0	0	0	0	1
K17583	0	0	0	1	0	0	0	0	0	0	0	0
K17624	0	232	64	602	3	3	0	2	2487	249	4	190
K17640	0	0	0	0	2	0	0	0	0	0	0	0
K17675	0	52	1	96	0	0	0	0	5	21	0	14
K17680	2	0	0	0	0	0	0	0	0	0	0	0
K17686	9	231	78	547	6	2	5	5	1997	204	6	184
K17716	0	82	17	163	0	2	0	0	582	51	0	45
K17722	0	0	0	0	0	0	2	0	0	0	0	0
K17733	0	1	0	9	0	0	0	0	41	1	0	3
K17743	0	1	0	0	0	0	0	0	0	0	0	1
K17758	6	55	16	162	0	1	0	1	432	42	0	36
K17759	6	55	16	162	0	1	0	1	432	42	0	34
K17810	6	3	1	0	0	0	2	0	0	0	0	2
K17828	1	88	18	141	2	0	0	0	641	70	0	55
K17836	0	33	20	95	6	1	0	0	322	31	0	13
K17869	0	91	33	179	0	0	0	0	858	88	1	54
K17947	0	56	6	112	0	0	0	0	353	39	0	29
K17992	0	0	0	0	0	0	0	2	0	0	0	0
K18013	0	0	0	0	0	0	1	0	0	0	0	0
K18030	0	0	2	0	0	0	0	0	0	0	0	0
K18067	0	0	0	0	0	0	0	0	0	0	3	0
K18104	0	115	25	234	1	2	2	1	959	98	0	54
K18118	0	0	0	0	0	0	0	0	2	0	0	2
K18120	0	0	0	0	0	1	0	0	0	0	0	1
K18121	0	4	0	23	0	0	0	0	1	6	2	0
K18133	0	0	0	0	0	0	0	1	0	0	0	1
K18138	0	36	4	73	0	1	0	0	0	36	0	5
K18139	0	26	3	27	0	0	0	0	0	13	0	1
K18149	0	107	26	198	0	0	0	0	801	77	2	76
K18195	0	121	42	277	0	0	1	0	1109	117	3	74
K18197	0	1	0	3	0	0	0	2	10	0	0	1
K18205	0	0	0	2	0	0	0	0	0	0	0	0
K18206	0	1	0	2	0	0	0	0	13	0	0	1
K18217	0	0	0	2	0	0	0	0	2	0	0	0
K18220	0	1	0	0	0	0	0	2	0	0	0	0
K18231	3	3	2	1	0	0	0	0	0	0	0	0
K18234	0	31	12	105	0	1	1	0	257	16	1	10
K18275	1	0	0	0	0	0	0	0	0	0	0	0
K18299	0	0	0	0	0	1	0	0	0	0	0	2
K18303	0	0	0	0	0	0	0	2	0	0	0	1
K18321	0	0	0	1	0	0	0	0	0	0	0	0
K18322	0	0	0	2	0	0	0	0	0	0	0	0
K18331	0	0	0	0	0	0	1	2	0	0	0	0
K18332	0	0	0	0	0	0	1	2	0	0	0	0
K18333	0	4	0	0	0	0	0	0	0	0	0	0
K18336	0	3	0	4	0	0	0	0	0	0	0	2
K18345	0	2	1	8	0	0	0	0	37	1	0	5
K18347	2	7	3	5	0	0	2	0	27	0	1	1
K18349	0	34	4	73	0	0	0	0	185	37	0	8
K18350	0	32	5	92	1	0	0	0	334	31	0	24
K18367	0	0	0	1	0	0	0	0	1	0	0	0
K18430	0	0	0	0	1	0	0	2	0	0	0	0
K18471	0	2	0	0	0	0	0	2	2	0	0	0
K18475	0	0	0	0	0	0	2	0	0	0	0	0
K18581	0	73	14	223	2	0	0	0	768	45	4	35
K18588	0	3	0	11	0	0	0	0	0	1	0	3
K18649	0	4	0	8	0	0	0	0	2	5	0	1
K18650	0	7	0	16	0	0	0	0	38	3	0	1
K18653	0	7	0	2	0	0	0	0	0	0	0	0
K18672	2	60	12	142	0	0	0	0	572	60	2	45
K18675	0	0	0	0	0	0	0	0	0	0	0	2
K18682	9	126	32	376	6	2	0	2	1130	119	0	105
K18687	0	0	0	1	0	0	0	0	0	0	0	0
K18691	0	0	0	0	0	0	0	0	0	0	1	0
K18692	0	109	23	229	6	2	0	0	783	74	0	73
K18700	0	0	0	0	0	0	0	2	0	0	0	0
K18707	2	8	2	22	2	1	0	0	0	10	0	2
K18748	0	0	0	1	0	0	0	0	0	0	0	0
K18758	0	0	0	1	0	0	0	0	0	0	0	0
K18775	0	7	0	22	0	0	0	0	0	2	0	0
K18783	0	0	0	0	0	0	0	0	1	0	0	0
K18785	0	0	0	0	0	2	1	0	0	0	0	0
K18788	0	4	0	10	0	0	0	0	8	3	0	2
K18800	0	2	0	0	0	0	0	0	0	0	0	0
K18814	0	0	0	0	0	0	0	2	0	0	0	0
K18816	0	0	0	0	1	0	0	0	0	0	0	0
K18821	0	40	12	75	0	0	0	0	402	29	0	22
K18824	0	0	0	2	0	0	0	0	0	0	0	0
K18828	0	0	0	4	0	0	0	0	0	0	0	0
K18842	0	1	0	6	0	0	0	0	0	0	0	0
K18887	0	102	34	221	0	0	0	1	906	85	0	59
K18888	0	85	35	322	0	2	1	0	1049	96	0	54
K18889	5	6	0	1	2	2	0	0	1	0	0	1
K18890	6	0	2	8	0	0	2	0	5	0	0	0
K18891	0	2	0	8	0	0	0	0	11	1	0	1
K18893	2	2	3	25	0	1	0	0	69	1	2	3
K18901	0	2	0	1	0	0	0	0	0	0	0	0
K18909	0	2	2	3	0	0	0	0	17	0	0	2
K18910	0	0	0	0	1	0	0	0	0	0	0	0
K18923	0	14	6	24	0	0	0	0	93	9	0	11
K18926	0	3	1	1	1	4	0	0	0	3	1	0
K18928	0	9	0	16	0	0	0	1	0	1	0	0
K18929	0	10	1	26	1	0	0	0	1	5	0	2
K18935	0	137	23	220	0	0	0	2	878	121	0	79
K18940	0	84	20	141	3	2	4	0	569	78	0	56
K18979	2	0	0	0	0	0	0	0	0	0	0	0
K18986	0	0	0	1	0	0	0	0	0	0	0	0
K18989	0	2	0	0	0	0	0	0	0	0	0	0
K18990	0	6	0	17	0	0	0	0	0	1	0	0
K19002	2	79	25	222	0	0	2	0	764	58	0	29
K19003	0	0	0	1	0	0	0	0	2	0	0	1
K19005	2	116	42	292	0	0	0	0	1026	109	0	98
K19046	0	2	0	6	0	0	0	1	0	0	0	0
K19049	0	0	0	0	0	0	0	0	0	0	0	2
K19052	0	0	0	0	0	0	0	0	0	0	0	2
K19055	0	1	0	0	0	0	0	0	0	0	0	0
K19068	5	77	18	187	0	0	0	0	653	54	0	58
K19075	0	0	0	0	0	0	1	0	0	0	0	0
K19077	0	0	0	1	0	0	0	0	0	0	0	0
K19078	0	0	0	0	0	0	0	0	1	0	0	1
K19079	0	0	0	0	0	0	0	0	1	0	0	0
K19081	0	1	0	15	0	0	0	0	36	3	0	0
K19082	0	1	2	0	0	0	0	1	4	4	0	0
K19083	0	0	0	0	0	0	0	0	1	0	0	0
K19091	0	0	0	0	0	0	2	0	0	0	0	0
K19115	0	55	17	154	0	0	0	0	589	58	0	55
K19117	2	151	33	321	0	0	3	3	1310	161	0	87
K19118	0	59	18	159	0	0	0	0	607	60	0	57
K19119	0	48	8	130	0	0	1	1	510	52	0	42
K19123	0	4	2	26	0	0	0	0	0	4	0	2
K19124	0	15	2	35	0	0	0	2	0	6	0	3
K19125	0	5	0	12	0	0	0	0	0	1	0	0
K19126	2	11	0	18	0	0	0	0	2	1	0	2
K19157	0	1	0	0	3	0	0	1	0	0	1	0
K19168	0	1	0	7	0	0	0	0	13	2	0	2
K19181	0	0	1	0	0	0	0	0	0	0	0	0
K19220	0	81	22	206	0	0	0	0	913	124	0	72
K19221	0	0	0	0	0	0	0	0	1	0	0	0
K19223	0	83	22	210	0	0	0	0	917	126	0	73
K19224	1	7	3	18	0	0	0	0	63	11	0	7
K19225	0	48	8	87	0	0	0	0	135	43	0	26
K19231	0	5	0	4	0	0	0	0	0	1	0	2
K19235	0	1	0	0	0	0	0	0	0	0	0	0
K19236	0	1	0	0	0	0	0	0	0	0	0	0
K19265	0	0	1	0	0	0	0	1	0	2	0	0
K19268	0	0	0	0	2	0	0	0	0	0	0	0
K19271	0	0	0	0	0	0	0	0	0	0	0	2
K19285	3	0	0	0	0	0	2	0	0	0	0	0
K19292	0	0	0	3	0	0	0	0	0	0	0	0
K19294	0	0	0	0	0	0	0	0	0	0	0	1
K19302	0	28	3	84	1	0	0	4	364	49	0	15
K19309	0	0	0	0	0	0	0	0	4	0	0	0
K19333	1	29	5	93	0	0	0	0	308	55	0	22
K19339	0	0	0	0	0	0	0	0	0	0	0	2
K19340	0	2	2	14	0	0	0	0	26	6	0	4
K19349	3	3	2	1	0	0	0	0	0	0	0	0
K19353	2	2	0	0	0	0	0	2	0	0	0	2
K19421	0	5	0	12	0	0	0	0	66	6	0	4
K19423	0	5	1	8	0	0	0	0	42	3	0	9
K19425	0	3	5	10	0	0	0	0	24	6	0	4
K19427	0	3	5	10	0	0	0	0	23	7	0	4
K19428	0	0	0	1	0	0	0	0	0	0	0	0
K19476	0	0	0	0	0	0	0	0	1	0	0	0
K19504	0	36	27	108	0	0	0	0	516	64	0	22
K19505	8	120	24	284	0	0	4	2	940	114	0	56
K19506	0	7	1	40	0	0	0	0	126	15	0	5
K19507	0	26	6	65	2	0	0	0	284	34	0	33
K19508	5	51	27	105	0	0	0	0	497	39	0	42
K19509	4	52	12	131	0	1	5	0	525	60	0	23
K19510	1	87	22	190	0	0	0	0	834	52	0	37
K19515	0	0	0	0	0	0	2	0	0	0	0	0
K19540	0	0	0	0	2	0	0	0	0	0	0	0
K19577	0	16	0	22	0	0	0	0	0	1	0	0
K19585	0	0	0	0	0	0	0	0	0	0	0	2
K19594	0	0	0	0	0	1	0	0	0	0	0	0
K19597	0	3	0	7	0	0	0	0	2	3	0	0
K19615	0	2	0	9	0	0	0	0	0	2	0	0
K19633	0	17	3	29	0	0	0	0	0	19	0	9
K19668	0	15	6	44	0	0	0	0	101	10	0	15
K19689	0	16	0	12	2	0	0	0	2	3	0	2
K19690	0	0	1	1	0	0	0	0	0	1	0	0
K19692	0	0	0	1	0	0	0	0	0	1	0	0
K19713	0	3	0	2	0	0	0	0	0	1	0	0
K19745	0	4	0	6	0	0	0	0	10	0	0	0
K19765	0	4	0	4	0	0	0	0	70	15	0	3
K19784	2	41	20	72	2	0	2	0	249	18	0	17
K19788	0	0	0	0	0	0	0	0	1	0	0	0
K19789	0	0	0	0	0	0	0	2	0	0	0	0
K19804	0	0	0	0	0	0	0	0	0	0	0	3
K19813	0	0	0	4	0	0	0	0	0	0	0	0
K19954	0	0	0	0	0	1	0	0	0	0	0	1
K19955	0	0	0	1	0	0	0	4	0	0	1	1
K19956	0	0	0	1	0	0	0	0	0	0	0	0
K19971	0	33	12	105	0	0	0	0	320	42	0	17
K19972	0	55	15	135	0	0	0	0	511	66	0	49
K19973	0	26	7	43	1	0	0	0	321	18	0	11
K19975	0	33	12	105	0	0	0	0	320	42	0	17
K19976	0	88	27	240	0	0	0	0	831	108	0	66
K20000	0	0	0	0	0	0	0	0	1	0	0	0
K20038	0	51	18	164	0	1	4	2	616	62	3	29
K20073	0	50	14	87	0	0	0	0	314	34	0	31
K20074	6	46	18	163	0	0	0	0	557	67	0	42
K20107	0	55	15	95	0	1	0	0	410	51	0	32
K20108	0	55	15	95	0	1	0	0	410	51	0	32
K20112	0	4	0	0	0	0	0	0	0	0	0	0
K20113	1	1	0	0	0	0	0	1	0	0	0	0
K20114	1	0	0	0	0	0	0	0	0	0	0	0
K20116	2	118	28	242	0	2	0	0	1208	93	0	77
K20117	2	118	28	242	0	2	0	0	1208	93	0	77
K20118	2	118	28	242	0	2	0	0	1208	93	0	77
K20170	1	0	0	0	0	0	0	0	0	0	0	0
K20265	0	123	37	251	4	0	2	2	876	111	2	79
K20276	0	33	6	51	4	0	0	0	356	33	0	21
K20291	0	1	0	1	0	0	0	0	18	2	0	0
K20342	0	29	12	95	0	0	0	0	255	18	0	14
K20344	0	0	1	8	0	0	2	0	43	3	0	1
K20345	0	2	0	0	0	0	0	0	0	0	0	0
K20375	7	0	6	0	0	0	2	2	0	0	0	0
K20382	0	46	10	106	1	0	0	0	149	35	2	26
K20386	0	0	0	1	0	0	0	0	1	1	0	0
K20391	0	32	13	105	0	0	0	0	268	20	0	14
K20444	6	304	76	747	4	1	2	4	2337	269	0	172
K20457	0	0	0	0	0	0	0	1	0	0	0	0
K20459	0	0	0	0	0	0	2	0	3	0	0	0
K20460	0	0	0	0	2	0	0	0	0	0	0	0
K20483	0	2	0	0	0	0	0	0	0	0	0	0
K20484	0	0	0	0	0	0	0	0	1	0	0	0
K20485	0	2	0	1	0	0	0	0	13	0	0	0
K20487	0	19	5	66	2	0	0	0	223	22	0	4
K20488	0	14	11	55	0	0	0	0	183	30	0	10
K20490	0	0	0	1	0	0	0	0	5	0	0	0
K20491	0	2	0	0	0	0	0	0	6	0	0	0
K20492	0	2	0	2	0	0	0	2	0	0	0	0
K20530	0	0	0	2	0	0	0	0	0	0	0	0
K20534	0	16	2	27	2	0	2	2	57	6	0	8
K20541	0	6	1	16	0	0	0	0	55	6	0	4
K20609	0	0	0	0	0	0	0	1	0	0	0	0
K20707	0	53	18	171	0	0	0	0	634	53	2	49
K20793	0	0	0	2	0	0	0	0	1	0	0	0
K20810	0	0	0	0	0	0	0	1	0	0	0	0
K20811	1	0	0	0	0	0	0	0	0	0	0	0
K20844	0	0	0	0	0	0	0	1	0	0	0	0
K20850	0	15	6	44	0	0	0	0	101	10	0	15
K20861	1	0	2	0	0	0	0	0	4	0	0	0
K20862	0	0	0	2	0	0	0	0	1	0	0	0
K20866	0	0	0	0	0	0	0	1	0	0	0	0
K20895	0	0	0	1	0	0	0	0	0	0	0	0
K20945	0	0	1	1	0	0	0	0	6	2	0	0
K20956	0	0	0	0	0	0	1	0	0	0	0	0
K20975	0	0	0	0	0	0	0	0	1	0	0	0
K21002	0	10	0	21	0	0	0	0	0	1	0	1
K21023	0	0	0	1	0	0	0	0	4	0	0	2
K21029	2	0	0	0	2	0	0	0	0	0	0	1
K21053	0	0	2	0	0	0	0	0	0	0	0	1
K21064	0	11	4	30	0	1	0	0	61	5	0	5
K21071	0	3	1	6	0	2	0	4	19	0	0	1
K21134	0	0	0	0	0	0	0	0	0	0	0	1
K21219	0	5	3	28	0	0	0	0	62	11	0	8
K21220	0	0	1	1	0	0	0	0	8	0	0	0
K21270	0	0	0	0	0	0	0	0	0	1	1	0
K21273	0	1	0	0	0	0	0	0	0	1	0	0
K21275	1	0	0	0	0	0	0	0	0	0	0	0
K21303	0	0	0	0	2	0	0	0	0	0	0	0
K21355	0	0	0	0	0	0	0	0	1	0	0	0
K21366	0	4	0	10	0	0	0	0	8	3	0	2
K21397	0	0	0	0	0	0	0	0	3	1	0	1
K21405	2	5	2	13	0	0	0	0	53	8	0	3
K21416	4	0	0	2	0	0	0	0	3	0	0	0
K21417	0	0	0	2	0	0	0	0	0	0	0	0
K21431	0	8	0	9	0	0	0	0	44	5	0	4
K21449	4	2	0	0	1	2	0	1	0	0	0	9
K21464	0	3	0	8	0	0	0	0	50	1	0	5
K21465	6	140	45	369	0	0	0	0	1535	161	1	101
K21466	6	133	45	339	0	0	0	0	1461	155	1	98
K21467	0	161	40	309	0	0	0	0	1084	99	2	100
K21469	0	24	5	57	0	0	0	0	297	29	0	16
K21471	12	117	23	291	3	4	2	1	1011	105	0	58
K21472	0	26	0	16	0	0	2	0	0	9	0	8
K21480	0	1	0	1	0	0	0	0	8	1	0	0
K21493	0	2	1	12	0	0	0	0	39	2	0	1
K21495	0	3	0	17	0	0	0	0	0	0	0	0
K21498	0	0	0	0	0	0	0	0	0	0	0	4
K21512	0	0	0	1	0	0	0	0	0	0	0	0
K21567	0	57	14	144	0	0	0	0	705	57	0	31
K21571	0	0	0	0	0	0	0	0	4	0	0	0
K21572	2	0	0	6	0	14	0	4	0	0	10	21
K21573	0	0	0	0	0	0	0	2	2	0	0	0
K21574	0	0	0	0	0	0	0	0	0	0	0	1
K21576	0	0	0	0	0	0	0	0	0	0	2	0
K21577	0	0	0	0	0	0	0	0	0	0	2	0
K21594	0	0	0	9	0	0	0	0	20	4	0	2
K21600	0	0	0	0	0	0	1	1	0	0	0	0
K21619	0	1	0	0	0	0	0	0	0	0	0	0
K21636	0	146	41	287	2	2	4	2	1658	158	13	86
K21677	0	11	0	24	0	1	0	2	0	2	0	2
K21678	2	19	0	29	0	0	0	0	0	5	0	5
K21679	1	11	0	7	0	0	0	0	0	2	0	2
K21681	0	0	0	0	0	0	0	0	1	0	0	0
K21686	0	1	0	0	0	0	0	0	3	0	0	0
K21688	0	0	0	0	0	0	0	2	0	0	0	0
K21703	0	0	0	2	0	0	0	0	0	0	0	1
K21712	0	0	0	0	0	0	0	0	2	0	0	1
K21713	0	1	0	0	0	0	0	0	3	1	0	0
K21721	0	0	0	0	0	0	0	2	0	0	0	0
K21745	1	0	0	0	0	0	0	0	0	0	0	0
K21755	0	0	0	0	0	0	0	0	0	0	0	2
K21777	0	1	0	0	0	0	0	0	0	0	0	0
K21789	0	2	0	2	0	0	0	0	19	2	0	1
K21885	0	7	2	41	0	0	0	0	0	9	0	0
K21886	0	1	0	1	0	0	0	0	0	0	0	0
K21887	0	1	0	4	0	0	0	0	3	1	0	0
K21903	0	1	0	2	2	0	0	0	0	0	0	0
K21909	0	0	0	0	0	0	0	0	0	0	0	2
K21911	0	1	0	0	0	0	0	0	0	0	0	0
K21929	0	7	0	15	0	0	0	0	1	1	0	0
K21936	0	2	0	0	0	0	0	2	0	0	0	0
K21959	0	0	0	0	0	0	1	0	0	0	0	0
K21960	2	3	0	0	0	0	0	0	0	0	0	0
K21977	0	55	11	103	0	0	0	0	530	56	2	33
K21990	0	0	0	0	0	2	0	0	0	0	0	0
K21993	0	58	14	144	2	2	0	0	335	91	0	29
K22015	0	0	0	0	0	0	0	2	0	0	0	0
K22024	0	0	0	4	1	0	0	0	0	0	0	0
K22043	0	8	0	36	0	0	0	0	86	19	1	11
K22044	4	74	9	163	0	0	2	0	383	57	0	30
K22051	0	0	0	8	0	0	0	1	50	9	0	0
K22066	0	0	0	8	0	0	0	0	0	3	0	0
K22067	0	0	0	0	0	2	0	0	0	0	0	0
K22073	0	10	0	12	0	0	0	0	0	1	0	2
K22086	0	0	0	0	0	0	0	0	0	0	1	0
K22103	0	36	7	61	0	3	3	0	312	22	0	32
K22112	0	7	2	10	0	0	0	0	25	3	0	0
K22132	0	0	0	0	0	0	1	2	0	0	0	0
K22152	0	0	0	0	0	0	0	0	1	0	0	0
K22186	0	0	0	0	0	0	0	0	0	0	2	0
K22205	0	0	0	0	0	2	0	0	0	0	0	0
K22212	4	9	0	1	0	0	2	2	5	3	0	2
K22229	0	8	2	23	0	0	0	0	0	5	0	2
K22230	0	0	0	1	0	0	0	0	6	0	0	0
K22245	0	5	2	17	0	0	0	0	0	0	0	0
K22278	0	0	0	0	0	0	0	0	1	0	0	0
K22293	1	0	0	0	0	0	0	0	0	0	0	0
K22296	2	0	0	0	0	0	0	0	0	0	0	0
K22305	0	0	0	2	0	0	0	0	0	0	0	0
K22306	0	0	0	0	0	0	0	3	0	0	0	0
K22310	2	0	0	0	0	0	0	0	0	0	0	0
K22325	0	6	0	9	0	0	0	0	0	2	0	0
K22330	0	123	63	360	0	0	0	2	1413	127	0	94
K22393	2	3	0	0	2	0	2	0	0	0	0	0
K22394	0	1	0	0	0	0	0	0	0	0	0	0
K22432	0	0	0	0	0	0	0	2	0	0	0	0
K22445	0	0	0	0	0	0	1	0	0	0	0	0
K22452	0	0	0	0	1	0	0	0	0	0	1	0
K22457	1	0	0	0	0	0	0	0	0	0	0	0
K22468	2	0	0	0	0	0	0	0	0	0	0	0
K22486	0	0	0	0	0	0	0	0	0	0	0	2
